[rosmaster.main][INFO] 2026-08-30 00:03:39,412: initialization complete, waiting for shutdown
[rosmaster.main][INFO] 2026-08-30 00:03:39,417: Starting ROS Master Node
[xmlrpc][INFO] 2026-08-30 00:03:39,424: XML-RPC server binding to 127.0.0.1:11311
[xmlrpc][INFO] 2026-08-30 00:03:39,428: Started XML-RPC server [http://localhost:11311/]
[rosmaster.master][INFO] 2026-08-30 00:03:39,428: Master initialized: port[11311], uri[http://localhost:11311/]
[xmlrpc][INFO] 2026-08-30 00:03:39,429: xml rpc node: starting XML-RPC server
[rosmaster.master][INFO] 2026-08-30 00:03:39,489: +PARAM [/run_id] by /roslaunch
[rosmaster.master][INFO] 2026-08-30 00:03:39,492: +PARAM [/roslaunch/uris/host_localhost__33293] by /roslaunch
[rosmaster.master][INFO] 2026-08-30 00:03:39,603: +PARAM [/rosversion] by /roslaunch
[rosmaster.master][INFO] 2026-08-30 00:03:39,604: +PARAM [/rosdistro] by /roslaunch
[rosmaster.master][INFO] 2026-08-30 00:03:39,604: +PARAM [/target_params/detection/model/path] by /roslaunch
[rosmaster.master][INFO] 2026-08-30 00:03:39,604: +PARAM [/target_params/detection/model/device] by /roslaunch
[rosmaster.master][INFO] 2026-08-30 00:03:39,604: +PARAM [/target_params/detection/model/input_size] by /roslaunch
[rosmaster.master][INFO] 2026-08-30 00:03:39,605: +PARAM [/target_params/detection/model/batch_size] by /roslaunch
[rosmaster.master][INFO] 2026-08-30 00:03:39,605: +PARAM [/target_params/detection/confidence_threshold] by /roslaunch
[rosmaster.master][INFO] 2026-08-30 00:03:39,605: +PARAM [/target_params/detection/nms_threshold] by /roslaunch
[rosmaster.master][INFO] 2026-08-30 00:03:39,605: +PARAM [/target_params/detection/max_detections] by /roslaunch
[rosmaster.master][INFO] 2026-08-30 00:03:39,606: +PARAM [/target_params/detection/vehicle_classes] by /roslaunch
[rosmaster.master][INFO] 2026-08-30 00:03:39,606: +PARAM [/target_params/detection/class_thresholds/class_1] by /roslaunch
[rosmaster.master][INFO] 2026-08-30 00:03:39,606: +PARAM [/target_params/detection/class_thresholds/class_2] by /roslaunch
[rosmaster.master][INFO] 2026-08-30 00:03:39,606: +PARAM [/target_params/detection/class_thresholds/class_3] by /roslaunch
[rosmaster.master][INFO] 2026-08-30 00:03:39,606: +PARAM [/target_params/detection/class_thresholds/class_5] by /roslaunch
[rosmaster.master][INFO] 2026-08-30 00:03:39,607: +PARAM [/target_params/detection/class_thresholds/class_6] by /roslaunch
[rosmaster.master][INFO] 2026-08-30 00:03:39,607: +PARAM [/target_params/detection/class_thresholds/class_7] by /roslaunch
[rosmaster.master][INFO] 2026-08-30 00:03:39,607: +PARAM [/target_params/detection/class_thresholds/class_8] by /roslaunch
[rosmaster.master][INFO] 2026-08-30 00:03:39,607: +PARAM [/target_params/detection/performance/max_fps] by /roslaunch
[rosmaster.master][INFO] 2026-08-30 00:03:39,607: +PARAM [/target_params/detection/performance/frame_skip] by /roslaunch
[rosmaster.master][INFO] 2026-08-30 00:03:39,607: +PARAM [/target_params/detection/performance/parallel_inference] by /roslaunch
[rosmaster.master][INFO] 2026-08-30 00:03:39,608: +PARAM [/target_params/detection/performance/gpu_memory_limit] by /roslaunch
[rosmaster.master][INFO] 2026-08-30 00:03:39,608: +PARAM [/target_params/tracking/engagement_distance] by /roslaunch
[rosmaster.master][INFO] 2026-08-30 00:03:39,608: +PARAM [/target_params/tracking/attack_distance] by /roslaunch
[rosmaster.master][INFO] 2026-08-30 00:03:39,608: +PARAM [/target_params/tracking/disengagement_distance] by /roslaunch
[rosmaster.master][INFO] 2026-08-30 00:03:39,608: +PARAM [/target_params/tracking/max_tracks] by /roslaunch
[rosmaster.master][INFO] 2026-08-30 00:03:39,609: +PARAM [/target_params/tracking/max_lost_frames] by /roslaunch
[rosmaster.master][INFO] 2026-08-30 00:03:39,609: +PARAM [/target_params/tracking/min_track_length] by /roslaunch
[rosmaster.master][INFO] 2026-08-30 00:03:39,609: +PARAM [/target_params/tracking/track_confidence_threshold] by /roslaunch
[rosmaster.master][INFO] 2026-08-30 00:03:39,609: +PARAM [/target_params/tracking/association/iou_threshold] by /roslaunch
[rosmaster.master][INFO] 2026-08-30 00:03:39,609: +PARAM [/target_params/tracking/association/distance_threshold] by /roslaunch
[rosmaster.master][INFO] 2026-08-30 00:03:39,610: +PARAM [/target_params/tracking/association/appearance_weight] by /roslaunch
[rosmaster.master][INFO] 2026-08-30 00:03:39,610: +PARAM [/target_params/tracking/association/motion_weight] by /roslaunch
[rosmaster.master][INFO] 2026-08-30 00:03:39,610: +PARAM [/target_params/tracking/kalman/dt] by /roslaunch
[rosmaster.master][INFO] 2026-08-30 00:03:39,610: +PARAM [/target_params/tracking/kalman/process_noise] by /roslaunch
[rosmaster.master][INFO] 2026-08-30 00:03:39,610: +PARAM [/target_params/tracking/kalman/measurement_noise] by /roslaunch
[rosmaster.master][INFO] 2026-08-30 00:03:39,611: +PARAM [/target_params/tracking/kalman/initial_velocity] by /roslaunch
[rosmaster.master][INFO] 2026-08-30 00:03:39,611: +PARAM [/target_params/tracking/kalman/state_dim] by /roslaunch
[rosmaster.master][INFO] 2026-08-30 00:03:39,611: +PARAM [/target_params/tracking/kalman/measurement_dim] by /roslaunch
[rosmaster.master][INFO] 2026-08-30 00:03:39,611: +PARAM [/target_params/behavior/speed_classes/stationary] by /roslaunch
[rosmaster.master][INFO] 2026-08-30 00:03:39,611: +PARAM [/target_params/behavior/speed_classes/slow] by /roslaunch
[rosmaster.master][INFO] 2026-08-30 00:03:39,612: +PARAM [/target_params/behavior/speed_classes/medium] by /roslaunch
[rosmaster.master][INFO] 2026-08-30 00:03:39,612: +PARAM [/target_params/behavior/speed_classes/fast] by /roslaunch
[rosmaster.master][INFO] 2026-08-30 00:03:39,612: +PARAM [/target_params/behavior/speed_classes/extreme] by /roslaunch
[rosmaster.master][INFO] 2026-08-30 00:03:39,612: +PARAM [/target_params/behavior/models/random_walk/noise_scale] by /roslaunch
[rosmaster.master][INFO] 2026-08-30 00:03:39,612: +PARAM [/target_params/behavior/models/random_walk/persistence] by /roslaunch
[rosmaster.master][INFO] 2026-08-30 00:03:39,612: +PARAM [/target_params/behavior/models/pursuit/max_acceleration] by /roslaunch
[rosmaster.master][INFO] 2026-08-30 00:03:39,612: +PARAM [/target_params/behavior/models/pursuit/max_turn_rate] by /roslaunch
[rosmaster.master][INFO] 2026-08-30 00:03:39,613: +PARAM [/target_params/behavior/models/evasion/max_acceleration] by /roslaunch
[rosmaster.master][INFO] 2026-08-30 00:03:39,613: +PARAM [/target_params/behavior/models/evasion/max_turn_rate] by /roslaunch
[rosmaster.master][INFO] 2026-08-30 00:03:39,613: +PARAM [/target_params/behavior/threat/distance_weights] by /roslaunch
[rosmaster.master][INFO] 2026-08-30 00:03:39,613: +PARAM [/target_params/behavior/threat/speed_thresholds/low] by /roslaunch
[rosmaster.master][INFO] 2026-08-30 00:03:39,613: +PARAM [/target_params/behavior/threat/speed_thresholds/medium] by /roslaunch
[rosmaster.master][INFO] 2026-08-30 00:03:39,613: +PARAM [/target_params/behavior/threat/speed_thresholds/high] by /roslaunch
[rosmaster.master][INFO] 2026-08-30 00:03:39,613: +PARAM [/target_params/behavior/threat/priority_boost] by /roslaunch
[rosmaster.master][INFO] 2026-08-30 00:03:39,614: +PARAM [/target_params/performance/update_rates/detection] by /roslaunch
[rosmaster.master][INFO] 2026-08-30 00:03:39,614: +PARAM [/target_params/performance/update_rates/tracking] by /roslaunch
[rosmaster.master][INFO] 2026-08-30 00:03:39,614: +PARAM [/target_params/performance/update_rates/control] by /roslaunch
[rosmaster.master][INFO] 2026-08-30 00:03:39,615: +PARAM [/target_params/performance/update_rates/state] by /roslaunch
[rosmaster.master][INFO] 2026-08-30 00:03:39,615: +PARAM [/target_params/performance/latency/max_detection] by /roslaunch
[rosmaster.master][INFO] 2026-08-30 00:03:39,615: +PARAM [/target_params/performance/latency/max_tracking] by /roslaunch
[rosmaster.master][INFO] 2026-08-30 00:03:39,615: +PARAM [/target_params/performance/latency/max_control] by /roslaunch
[rosmaster.master][INFO] 2026-08-30 00:03:39,615: +PARAM [/target_params/performance/resources/max_memory_mb] by /roslaunch
[rosmaster.master][INFO] 2026-08-30 00:03:39,615: +PARAM [/target_params/performance/resources/max_cpu_percent] by /roslaunch
[rosmaster.master][INFO] 2026-08-30 00:03:39,616: +PARAM [/target_params/performance/resources/max_gpu_memory_mb] by /roslaunch
[rosmaster.master][INFO] 2026-08-30 00:03:39,616: +PARAM [/target_params/camera/fx] by /roslaunch
[rosmaster.master][INFO] 2026-08-30 00:03:39,616: +PARAM [/target_params/camera/fy] by /roslaunch
[rosmaster.master][INFO] 2026-08-30 00:03:39,616: +PARAM [/target_params/camera/cx] by /roslaunch
[rosmaster.master][INFO] 2026-08-30 00:03:39,616: +PARAM [/target_params/camera/cy] by /roslaunch
[rosmaster.master][INFO] 2026-08-30 00:03:39,617: +PARAM [/target_params/camera/width] by /roslaunch
[rosmaster.master][INFO] 2026-08-30 00:03:39,617: +PARAM [/target_params/camera/height] by /roslaunch
[rosmaster.master][INFO] 2026-08-30 00:03:39,617: +PARAM [/target_params/camera/fov] by /roslaunch
[rosmaster.master][INFO] 2026-08-30 00:03:39,617: +PARAM [/camera_calib/camera/id] by /roslaunch
[rosmaster.master][INFO] 2026-08-30 00:03:39,617: +PARAM [/camera_calib/camera/model] by /roslaunch
[rosmaster.master][INFO] 2026-08-30 00:03:39,617: +PARAM [/camera_calib/camera/width] by /roslaunch
[rosmaster.master][INFO] 2026-08-30 00:03:39,617: +PARAM [/camera_calib/camera/height] by /roslaunch
[rosmaster.master][INFO] 2026-08-30 00:03:39,618: +PARAM [/camera_calib/camera/intrinsic/fx] by /roslaunch
[rosmaster.master][INFO] 2026-08-30 00:03:39,618: +PARAM [/camera_calib/camera/intrinsic/fy] by /roslaunch
[rosmaster.master][INFO] 2026-08-30 00:03:39,618: +PARAM [/camera_calib/camera/intrinsic/cx] by /roslaunch
[rosmaster.master][INFO] 2026-08-30 00:03:39,618: +PARAM [/camera_calib/camera/intrinsic/cy] by /roslaunch
[rosmaster.master][INFO] 2026-08-30 00:03:39,618: +PARAM [/camera_calib/camera/intrinsic/fov] by /roslaunch
[rosmaster.master][INFO] 2026-08-30 00:03:39,618: +PARAM [/camera_calib/camera/distortion/model] by /roslaunch
[rosmaster.master][INFO] 2026-08-30 00:03:39,618: +PARAM [/camera_calib/camera/distortion/coefficients/k1] by /roslaunch
[rosmaster.master][INFO] 2026-08-30 00:03:39,619: +PARAM [/camera_calib/camera/distortion/coefficients/k2] by /roslaunch
[rosmaster.master][INFO] 2026-08-30 00:03:39,619: +PARAM [/camera_calib/camera/distortion/coefficients/p1] by /roslaunch
[rosmaster.master][INFO] 2026-08-30 00:03:39,619: +PARAM [/camera_calib/camera/distortion/coefficients/p2] by /roslaunch
[rosmaster.master][INFO] 2026-08-30 00:03:39,619: +PARAM [/camera_calib/camera/distortion/coefficients/k3] by /roslaunch
[rosmaster.master][INFO] 2026-08-30 00:03:39,619: +PARAM [/camera_calib/camera/projection/P] by /roslaunch
[rosmaster.master][INFO] 2026-08-30 00:03:39,619: +PARAM [/camera_calib/camera/rectification/R] by /roslaunch
[rosmaster.master][INFO] 2026-08-30 00:03:39,620: +PARAM [/camera_calib/camera/extrinsic/translation] by /roslaunch
[rosmaster.master][INFO] 2026-08-30 00:03:39,620: +PARAM [/camera_calib/camera/extrinsic/rotation] by /roslaunch
[rosmaster.master][INFO] 2026-08-30 00:03:39,620: +PARAM [/camera_calib/camera/extrinsic/rotation_matrix] by /roslaunch
[rosmaster.master][INFO] 2026-08-30 00:03:39,620: +PARAM [/camera_calib/camera/calibration/date] by /roslaunch
[rosmaster.master][INFO] 2026-08-30 00:03:39,620: +PARAM [/camera_calib/camera/calibration/method] by /roslaunch
[rosmaster.master][INFO] 2026-08-30 00:03:39,620: +PARAM [/camera_calib/camera/calibration/reprojection_error] by /roslaunch
[rosmaster.master][INFO] 2026-08-30 00:03:39,621: +PARAM [/camera_calib/camera/calibration/status] by /roslaunch
[rosmaster.master][INFO] 2026-08-30 00:03:39,621: +PARAM [/camera_calib/image_processing/preprocessing/resize] by /roslaunch
[rosmaster.master][INFO] 2026-08-30 00:03:39,621: +PARAM [/camera_calib/image_processing/preprocessing/normalize] by /roslaunch
[rosmaster.master][INFO] 2026-08-30 00:03:39,621: +PARAM [/camera_calib/image_processing/preprocessing/mean] by /roslaunch
[rosmaster.master][INFO] 2026-08-30 00:03:39,621: +PARAM [/camera_calib/image_processing/preprocessing/std] by /roslaunch
[rosmaster.master][INFO] 2026-08-30 00:03:39,621: +PARAM [/camera_calib/image_processing/color_space] by /roslaunch
[rosmaster.master][INFO] 2026-08-30 00:03:39,622: +PARAM [/camera_calib/image_processing/roi/enabled] by /roslaunch
[rosmaster.master][INFO] 2026-08-30 00:03:39,622: +PARAM [/camera_calib/image_processing/roi/x] by /roslaunch
[rosmaster.master][INFO] 2026-08-30 00:03:39,622: +PARAM [/camera_calib/image_processing/roi/y] by /roslaunch
[rosmaster.master][INFO] 2026-08-30 00:03:39,622: +PARAM [/camera_calib/image_processing/roi/width] by /roslaunch
[rosmaster.master][INFO] 2026-08-30 00:03:39,622: +PARAM [/camera_calib/image_processing/roi/height] by /roslaunch
[rosmaster.master][INFO] 2026-08-30 00:03:39,622: +PARAM [/camera_calib/image_processing/augmentation/horizontal_flip] by /roslaunch
[rosmaster.master][INFO] 2026-08-30 00:03:39,622: +PARAM [/camera_calib/image_processing/augmentation/rotation] by /roslaunch
[rosmaster.master][INFO] 2026-08-30 00:03:39,623: +PARAM [/camera_calib/image_processing/augmentation/scale] by /roslaunch
[rosmaster.master][INFO] 2026-08-30 00:03:39,623: +PARAM [/camera_calib/image_processing/augmentation/brightness] by /roslaunch
[rosmaster.master][INFO] 2026-08-30 00:03:39,623: +PARAM [/camera_calib/stereo/enabled] by /roslaunch
[rosmaster.master][INFO] 2026-08-30 00:03:39,623: +PARAM [/camera_calib/stereo/baseline] by /roslaunch
[rosmaster.master][INFO] 2026-08-30 00:03:39,623: +PARAM [/camera_calib/stereo/depth/min_distance] by /roslaunch
[rosmaster.master][INFO] 2026-08-30 00:03:39,623: +PARAM [/camera_calib/stereo/depth/max_distance] by /roslaunch
[rosmaster.master][INFO] 2026-08-30 00:03:39,623: +PARAM [/camera_calib/stereo/depth/disparity_range] by /roslaunch
[rosmaster.master][INFO] 2026-08-30 00:03:39,624: +PARAM [/camera_calib/stereo/matching/algorithm] by /roslaunch
[rosmaster.master][INFO] 2026-08-30 00:03:39,624: +PARAM [/camera_calib/stereo/matching/num_disparities] by /roslaunch
[rosmaster.master][INFO] 2026-08-30 00:03:39,624: +PARAM [/camera_calib/stereo/matching/block_size] by /roslaunch
[rosmaster.master][INFO] 2026-08-30 00:03:39,624: +PARAM [/camera_calib/stereo/matching/p1] by /roslaunch
[rosmaster.master][INFO] 2026-08-30 00:03:39,624: +PARAM [/camera_calib/stereo/matching/p2] by /roslaunch
[rosmaster.master][INFO] 2026-08-30 00:03:39,624: +PARAM [/flight_control/pid/position/x/p] by /roslaunch
[rosmaster.master][INFO] 2026-08-30 00:03:39,625: +PARAM [/flight_control/pid/position/x/i] by /roslaunch
[rosmaster.master][INFO] 2026-08-30 00:03:39,625: +PARAM [/flight_control/pid/position/x/d] by /roslaunch
[rosmaster.master][INFO] 2026-08-30 00:03:39,625: +PARAM [/flight_control/pid/position/x/integral_clamp] by /roslaunch
[rosmaster.master][INFO] 2026-08-30 00:03:39,626: +PARAM [/flight_control/pid/position/y/p] by /roslaunch
[rosmaster.master][INFO] 2026-08-30 00:03:39,626: +PARAM [/flight_control/pid/position/y/i] by /roslaunch
[rosmaster.master][INFO] 2026-08-30 00:03:39,626: +PARAM [/flight_control/pid/position/y/d] by /roslaunch
[rosmaster.master][INFO] 2026-08-30 00:03:39,626: +PARAM [/flight_control/pid/position/y/integral_clamp] by /roslaunch
[rosmaster.master][INFO] 2026-08-30 00:03:39,627: +PARAM [/flight_control/pid/position/z/p] by /roslaunch
[rosmaster.master][INFO] 2026-08-30 00:03:39,627: +PARAM [/flight_control/pid/position/z/i] by /roslaunch
[rosmaster.master][INFO] 2026-08-30 00:03:39,627: +PARAM [/flight_control/pid/position/z/d] by /roslaunch
[rosmaster.master][INFO] 2026-08-30 00:03:39,627: +PARAM [/flight_control/pid/position/z/integral_clamp] by /roslaunch
[rosmaster.master][INFO] 2026-08-30 00:03:39,627: +PARAM [/flight_control/pid/velocity/x/p] by /roslaunch
[rosmaster.master][INFO] 2026-08-30 00:03:39,628: +PARAM [/flight_control/pid/velocity/x/i] by /roslaunch
[rosmaster.master][INFO] 2026-08-30 00:03:39,628: +PARAM [/flight_control/pid/velocity/x/d] by /roslaunch
[rosmaster.master][INFO] 2026-08-30 00:03:39,628: +PARAM [/flight_control/pid/velocity/y/p] by /roslaunch
[rosmaster.master][INFO] 2026-08-30 00:03:39,628: +PARAM [/flight_control/pid/velocity/y/i] by /roslaunch
[rosmaster.master][INFO] 2026-08-30 00:03:39,628: +PARAM [/flight_control/pid/velocity/y/d] by /roslaunch
[rosmaster.master][INFO] 2026-08-30 00:03:39,629: +PARAM [/flight_control/pid/velocity/z/p] by /roslaunch
[rosmaster.master][INFO] 2026-08-30 00:03:39,629: +PARAM [/flight_control/pid/velocity/z/i] by /roslaunch
[rosmaster.master][INFO] 2026-08-30 00:03:39,629: +PARAM [/flight_control/pid/velocity/z/d] by /roslaunch
[rosmaster.master][INFO] 2026-08-30 00:03:39,629: +PARAM [/flight_control/pid/attitude/roll/p] by /roslaunch
[rosmaster.master][INFO] 2026-08-30 00:03:39,629: +PARAM [/flight_control/pid/attitude/roll/i] by /roslaunch
[rosmaster.master][INFO] 2026-08-30 00:03:39,630: +PARAM [/flight_control/pid/attitude/roll/d] by /roslaunch
[rosmaster.master][INFO] 2026-08-30 00:03:39,630: +PARAM [/flight_control/pid/attitude/pitch/p] by /roslaunch
[rosmaster.master][INFO] 2026-08-30 00:03:39,630: +PARAM [/flight_control/pid/attitude/pitch/i] by /roslaunch
[rosmaster.master][INFO] 2026-08-30 00:03:39,631: +PARAM [/flight_control/pid/attitude/pitch/d] by /roslaunch
[rosmaster.master][INFO] 2026-08-30 00:03:39,631: +PARAM [/flight_control/pid/attitude/yaw/p] by /roslaunch
[rosmaster.master][INFO] 2026-08-30 00:03:39,631: +PARAM [/flight_control/pid/attitude/yaw/i] by /roslaunch
[rosmaster.master][INFO] 2026-08-30 00:03:39,631: +PARAM [/flight_control/pid/attitude/yaw/d] by /roslaunch
[rosmaster.master][INFO] 2026-08-30 00:03:39,631: +PARAM [/flight_control/pid/rate/roll/p] by /roslaunch
[rosmaster.master][INFO] 2026-08-30 00:03:39,632: +PARAM [/flight_control/pid/rate/roll/i] by /roslaunch
[rosmaster.master][INFO] 2026-08-30 00:03:39,632: +PARAM [/flight_control/pid/rate/roll/d] by /roslaunch
[rosmaster.master][INFO] 2026-08-30 00:03:39,632: +PARAM [/flight_control/pid/rate/pitch/p] by /roslaunch
[rosmaster.master][INFO] 2026-08-30 00:03:39,632: +PARAM [/flight_control/pid/rate/pitch/i] by /roslaunch
[rosmaster.master][INFO] 2026-08-30 00:03:39,632: +PARAM [/flight_control/pid/rate/pitch/d] by /roslaunch
[rosmaster.master][INFO] 2026-08-30 00:03:39,632: +PARAM [/flight_control/pid/rate/yaw/p] by /roslaunch
[rosmaster.master][INFO] 2026-08-30 00:03:39,633: +PARAM [/flight_control/pid/rate/yaw/i] by /roslaunch
[rosmaster.master][INFO] 2026-08-30 00:03:39,633: +PARAM [/flight_control/pid/rate/yaw/d] by /roslaunch
[rosmaster.master][INFO] 2026-08-30 00:03:39,634: +PARAM [/flight_control/dynamics/constraints/max_velocity] by /roslaunch
[rosmaster.master][INFO] 2026-08-30 00:03:39,634: +PARAM [/flight_control/dynamics/constraints/max_acceleration] by /roslaunch
[rosmaster.master][INFO] 2026-08-30 00:03:39,634: +PARAM [/flight_control/dynamics/constraints/max_yaw_rate] by /roslaunch
[rosmaster.master][INFO] 2026-08-30 00:03:39,634: +PARAM [/flight_control/dynamics/safety_margins/min_altitude] by /roslaunch
[rosmaster.master][INFO] 2026-08-30 00:03:39,634: +PARAM [/flight_control/dynamics/safety_margins/max_altitude] by /roslaunch
[rosmaster.master][INFO] 2026-08-30 00:03:39,635: +PARAM [/flight_control/dynamics/safety_margins/max_tilt] by /roslaunch
[rosmaster.master][INFO] 2026-08-30 00:03:39,635: +PARAM [/flight_control/dynamics/safety_margins/max_rotation_rate] by /roslaunch
[rosmaster.master][INFO] 2026-08-30 00:03:39,635: +PARAM [/flight_control/dynamics/vehicle/mass] by /roslaunch
[rosmaster.master][INFO] 2026-08-30 00:03:39,635: +PARAM [/flight_control/dynamics/vehicle/moment_of_inertia] by /roslaunch
[rosmaster.master][INFO] 2026-08-30 00:03:39,635: +PARAM [/flight_control/dynamics/vehicle/thrust_to_weight] by /roslaunch
[rosmaster.master][INFO] 2026-08-30 00:03:39,635: +PARAM [/flight_control/dynamics/vehicle/max_thrust] by /roslaunch
[rosmaster.master][INFO] 2026-08-30 00:03:39,636: +PARAM [/flight_control/mission/search_patterns/type] by /roslaunch
[rosmaster.master][INFO] 2026-08-30 00:03:39,636: +PARAM [/flight_control/mission/search_patterns/params/radius] by /roslaunch
[rosmaster.master][INFO] 2026-08-30 00:03:39,636: +PARAM [/flight_control/mission/search_patterns/params/spacing] by /roslaunch
[rosmaster.master][INFO] 2026-08-30 00:03:39,636: +PARAM [/flight_control/mission/search_patterns/params/altitude] by /roslaunch
[rosmaster.master][INFO] 2026-08-30 00:03:39,636: +PARAM [/flight_control/mission/engagement/mode] by /roslaunch
[rosmaster.master][INFO] 2026-08-30 00:03:39,636: +PARAM [/flight_control/mission/engagement/priority_high] by /roslaunch
[rosmaster.master][INFO] 2026-08-30 00:03:39,637: +PARAM [/flight_control/mission/engagement/priority_low] by /roslaunch
[rosmaster.master][INFO] 2026-08-30 00:03:39,637: +PARAM [/flight_control/mission/collision_avoidance/enable] by /roslaunch
[rosmaster.master][INFO] 2026-08-30 00:03:39,637: +PARAM [/flight_control/mission/collision_avoidance/min_distance] by /roslaunch
[rosmaster.master][INFO] 2026-08-30 00:03:39,638: +PARAM [/flight_control/mission/collision_avoidance/safety_margin] by /roslaunch
[rosmaster.master][INFO] 2026-08-30 00:03:39,638: +PARAM [/flight_control/mission/collision_avoidance/avoidance_method] by /roslaunch
[rosmaster.master][INFO] 2026-08-30 00:03:39,638: +PARAM [/flight_control/mission/waypoints/tolerance] by /roslaunch
[rosmaster.master][INFO] 2026-08-30 00:03:39,639: +PARAM [/flight_control/mission/waypoints/loiter_time] by /roslaunch
[rosmaster.master][INFO] 2026-08-30 00:03:39,639: +PARAM [/flight_control/mission/waypoints/approach_speed] by /roslaunch
[rosmaster.master][INFO] 2026-08-30 00:03:39,639: +PARAM [/flight_control/simulation/physics/enable_gravity] by /roslaunch
[rosmaster.master][INFO] 2026-08-30 00:03:39,640: +PARAM [/flight_control/simulation/physics/enable_wind] by /roslaunch
[rosmaster.master][INFO] 2026-08-30 00:03:39,640: +PARAM [/flight_control/simulation/physics/enable_turbulence] by /roslaunch
[rosmaster.master][INFO] 2026-08-30 00:03:39,640: +PARAM [/flight_control/simulation/environment/wind_speed] by /roslaunch
[rosmaster.master][INFO] 2026-08-30 00:03:39,640: +PARAM [/flight_control/simulation/environment/wind_direction] by /roslaunch
[rosmaster.master][INFO] 2026-08-30 00:03:39,640: +PARAM [/flight_control/simulation/environment/turbulence_intensity] by /roslaunch
[rosmaster.master][INFO] 2026-08-30 00:03:39,641: +PARAM [/flight_control/simulation/noise/sensor_noise] by /roslaunch
[rosmaster.master][INFO] 2026-08-30 00:03:39,641: +PARAM [/flight_control/simulation/noise/actuator_noise] by /roslaunch
[rosmaster.master][INFO] 2026-08-30 00:03:39,641: +PARAM [/flight_control/simulation/noise/time_delay] by /roslaunch
[rosmaster.master][INFO] 2026-08-30 00:03:39,641: +PARAM [/flight_control/simulation/speed/simulation_speed] by /roslaunch
[rosmaster.master][INFO] 2026-08-30 00:03:39,641: +PARAM [/flight_control/simulation/speed/real_time_factor] by /roslaunch
[rosmaster.master][INFO] 2026-08-30 00:03:39,642: +PARAM [/kalman_filter/kalman_filter/type] by /roslaunch
[rosmaster.master][INFO] 2026-08-30 00:03:39,642: +PARAM [/kalman_filter/kalman_filter/state_dim] by /roslaunch
[rosmaster.master][INFO] 2026-08-30 00:03:39,642: +PARAM [/kalman_filter/kalman_filter/measurement_dim] by /roslaunch
[rosmaster.master][INFO] 2026-08-30 00:03:39,642: +PARAM [/kalman_filter/kalman_filter/noise/process/position] by /roslaunch
[rosmaster.master][INFO] 2026-08-30 00:03:39,642: +PARAM [/kalman_filter/kalman_filter/noise/process/velocity] by /roslaunch
[rosmaster.master][INFO] 2026-08-30 00:03:39,643: +PARAM [/kalman_filter/kalman_filter/noise/process/acceleration] by /roslaunch
[rosmaster.master][INFO] 2026-08-30 00:03:39,643: +PARAM [/kalman_filter/kalman_filter/noise/measurement/position] by /roslaunch
[rosmaster.master][INFO] 2026-08-30 00:03:39,643: +PARAM [/kalman_filter/kalman_filter/parameters/dt] by /roslaunch
[rosmaster.master][INFO] 2026-08-30 00:03:39,643: +PARAM [/kalman_filter/kalman_filter/parameters/adaptive/enabled] by /roslaunch
[rosmaster.master][INFO] 2026-08-30 00:03:39,643: +PARAM [/kalman_filter/kalman_filter/parameters/adaptive/update_rate] by /roslaunch
[rosmaster.master][INFO] 2026-08-30 00:03:39,643: +PARAM [/kalman_filter/kalman_filter/parameters/adaptive/innovation_threshold] by /roslaunch
[rosmaster.master][INFO] 2026-08-30 00:03:39,644: +PARAM [/kalman_filter/kalman_filter/parameters/outlier_rejection/enabled] by /roslaunch
[rosmaster.master][INFO] 2026-08-30 00:03:39,644: +PARAM [/kalman_filter/kalman_filter/parameters/outlier_rejection/mahalanobis_threshold] by /roslaunch
[rosmaster.master][INFO] 2026-08-30 00:03:39,644: +PARAM [/kalman_filter/kalman_filter/parameters/outlier_rejection/gating] by /roslaunch
[rosmaster.master][INFO] 2026-08-30 00:03:39,644: +PARAM [/kalman_filter/kalman_filter/parameters/initialization/max_measurements] by /roslaunch
[rosmaster.master][INFO] 2026-08-30 00:03:39,644: +PARAM [/kalman_filter/kalman_filter/parameters/initialization/min_velocity_samples] by /roslaunch
[rosmaster.master][INFO] 2026-08-30 00:03:39,645: +PARAM [/kalman_filter/kalman_filter/parameters/convergence/max_iterations] by /roslaunch
[rosmaster.master][INFO] 2026-08-30 00:03:39,645: +PARAM [/kalman_filter/kalman_filter/parameters/convergence/epsilon] by /roslaunch
[rosmaster.master][INFO] 2026-08-30 00:03:39,645: +PARAM [/kalman_filter/kalman_filter/multi_target/enabled] by /roslaunch
[rosmaster.master][INFO] 2026-08-30 00:03:39,645: +PARAM [/kalman_filter/kalman_filter/multi_target/max_targets] by /roslaunch
[rosmaster.master][INFO] 2026-08-30 00:03:39,646: +PARAM [/kalman_filter/kalman_filter/multi_target/association/method] by /roslaunch
[rosmaster.master][INFO] 2026-08-30 00:03:39,646: +PARAM [/kalman_filter/kalman_filter/multi_target/association/gating/enabled] by /roslaunch
[rosmaster.master][INFO] 2026-08-30 00:03:39,646: +PARAM [/kalman_filter/kalman_filter/multi_target/association/gating/gate_size] by /roslaunch
[rosmaster.master][INFO] 2026-08-30 00:03:39,646: +PARAM [/kalman_filter/kalman_filter/multi_target/association/gating/dynamic_gating] by /roslaunch
[rosmaster.master][INFO] 2026-08-30 00:03:39,646: +PARAM [/kalman_filter/kalman_filter/multi_target/association/track_management/birth_probability] by /roslaunch
[rosmaster.master][INFO] 2026-08-30 00:03:39,646: +PARAM [/kalman_filter/kalman_filter/multi_target/association/track_management/death_threshold] by /roslaunch
[rosmaster.master][INFO] 2026-08-30 00:03:39,646: +PARAM [/kalman_filter/kalman_filter/multi_target/association/track_management/merge_threshold] by /roslaunch
[rosmaster.master][INFO] 2026-08-30 00:03:39,647: +PARAM [/kalman_filter/kalman_filter/multi_target/scoring/position_weight] by /roslaunch
[rosmaster.master][INFO] 2026-08-30 00:03:39,647: +PARAM [/kalman_filter/kalman_filter/multi_target/scoring/velocity_weight] by /roslaunch
[rosmaster.master][INFO] 2026-08-30 00:03:39,647: +PARAM [/kalman_filter/kalman_filter/multi_target/scoring/appearance_weight] by /roslaunch
[rosmaster.master][INFO] 2026-08-30 00:03:39,647: +PARAM [/kalman_filter/kalman_filter/multi_target/scoring/history_length] by /roslaunch
[rosmaster.master][INFO] 2026-08-30 00:03:39,647: +PARAM [/kalman_filter/sensor_fusion/sensors] by /roslaunch
[rosmaster.master][INFO] 2026-08-30 00:03:39,647: +PARAM [/kalman_filter/sensor_fusion/algorithms/type] by /roslaunch
[rosmaster.master][INFO] 2026-08-30 00:03:39,648: +PARAM [/kalman_filter/sensor_fusion/algorithms/centralized/measurement_dim] by /roslaunch
[rosmaster.master][INFO] 2026-08-30 00:03:39,648: +PARAM [/kalman_filter/sensor_fusion/algorithms/track_to_track/covariance_intersection] by /roslaunch
[rosmaster.master][INFO] 2026-08-30 00:03:39,648: +PARAM [/kalman_filter/sensor_fusion/algorithms/track_to_track/gamma] by /roslaunch
[rosmaster.master][INFO] 2026-08-30 00:03:39,648: +PARAM [/system_params/ros/master/uri] by /roslaunch
[rosmaster.master][INFO] 2026-08-30 00:03:39,648: +PARAM [/system_params/ros/master/timeout] by /roslaunch
[rosmaster.master][INFO] 2026-08-30 00:03:39,648: +PARAM [/system_params/ros/node/name] by /roslaunch
[rosmaster.master][INFO] 2026-08-30 00:03:39,648: +PARAM [/system_params/ros/node/namespace] by /roslaunch
[rosmaster.master][INFO] 2026-08-30 00:03:39,649: +PARAM [/system_params/ros/topics/camera_image] by /roslaunch
[rosmaster.master][INFO] 2026-08-30 00:03:39,649: +PARAM [/system_params/ros/topics/camera_info] by /roslaunch
[rosmaster.master][INFO] 2026-08-30 00:03:39,649: +PARAM [/system_params/ros/topics/vehicle_state] by /roslaunch
[rosmaster.master][INFO] 2026-08-30 00:03:39,649: +PARAM [/system_params/ros/topics/vehicle_position] by /roslaunch
[rosmaster.master][INFO] 2026-08-30 00:03:39,649: +PARAM [/system_params/ros/topics/vehicle_velocity] by /roslaunch
[rosmaster.master][INFO] 2026-08-30 00:03:39,649: +PARAM [/system_params/ros/topics/vehicle_attitude] by /roslaunch
[rosmaster.master][INFO] 2026-08-30 00:03:39,649: +PARAM [/system_params/ros/topics/battery_status] by /roslaunch
[rosmaster.master][INFO] 2026-08-30 00:03:39,650: +PARAM [/system_params/ros/topics/detection_output] by /roslaunch
[rosmaster.master][INFO] 2026-08-30 00:03:39,650: +PARAM [/system_params/ros/topics/tracked_targets] by /roslaunch
[rosmaster.master][INFO] 2026-08-30 00:03:39,650: +PARAM [/system_params/ros/topics/control_command] by /roslaunch
[rosmaster.master][INFO] 2026-08-30 00:03:39,650: +PARAM [/system_params/ros/topics/safety_status] by /roslaunch
[rosmaster.master][INFO] 2026-08-30 00:03:39,650: +PARAM [/system_params/ros/topics/diagnostic_status] by /roslaunch
[rosmaster.master][INFO] 2026-08-30 00:03:39,650: +PARAM [/system_params/ros/topics/debug_info] by /roslaunch
[rosmaster.master][INFO] 2026-08-30 00:03:39,650: +PARAM [/system_params/ros/topics/performance_metrics] by /roslaunch
[rosmaster.master][INFO] 2026-08-30 00:03:39,651: +PARAM [/system_params/ros/topics/test_results] by /roslaunch
[rosmaster.master][INFO] 2026-08-30 00:03:39,651: +PARAM [/system_params/ros/topics/test_status] by /roslaunch
[rosmaster.master][INFO] 2026-08-30 00:03:39,651: +PARAM [/system_params/logging/level] by /roslaunch
[rosmaster.master][INFO] 2026-08-30 00:03:39,651: +PARAM [/system_params/logging/outputs/console] by /roslaunch
[rosmaster.master][INFO] 2026-08-30 00:03:39,651: +PARAM [/system_params/logging/outputs/file] by /roslaunch
[rosmaster.master][INFO] 2026-08-30 00:03:39,651: +PARAM [/system_params/logging/outputs/rosout] by /roslaunch
[rosmaster.master][INFO] 2026-08-30 00:03:39,651: +PARAM [/system_params/logging/file/directory] by /roslaunch
[rosmaster.master][INFO] 2026-08-30 00:03:39,652: +PARAM [/system_params/logging/file/max_size] by /roslaunch
[rosmaster.master][INFO] 2026-08-30 00:03:39,652: +PARAM [/system_params/logging/file/max_files] by /roslaunch
[rosmaster.master][INFO] 2026-08-30 00:03:39,652: +PARAM [/system_params/logging/file/format] by /roslaunch
[rosmaster.master][INFO] 2026-08-30 00:03:39,652: +PARAM [/system_params/logging/performance/enabled] by /roslaunch
[rosmaster.master][INFO] 2026-08-30 00:03:39,652: +PARAM [/system_params/logging/performance/interval] by /roslaunch
[rosmaster.master][INFO] 2026-08-30 00:03:39,652: +PARAM [/system_params/logging/performance/metrics] by /roslaunch
[rosmaster.master][INFO] 2026-08-30 00:03:39,652: +PARAM [/system_params/logging/performance/output_file] by /roslaunch
[rosmaster.master][INFO] 2026-08-30 00:03:39,653: +PARAM [/system_params/safety/geofence/enabled] by /roslaunch
[rosmaster.master][INFO] 2026-08-30 00:03:39,653: +PARAM [/system_params/safety/geofence/shape] by /roslaunch
[rosmaster.master][INFO] 2026-08-30 00:03:39,653: +PARAM [/system_params/safety/geofence/radius] by /roslaunch
[rosmaster.master][INFO] 2026-08-30 00:03:39,653: +PARAM [/system_params/safety/geofence/height] by /roslaunch
[rosmaster.master][INFO] 2026-08-30 00:03:39,653: +PARAM [/system_params/safety/emergency/action] by /roslaunch
[rosmaster.master][INFO] 2026-08-30 00:03:39,653: +PARAM [/system_params/safety/emergency/altitude_min] by /roslaunch
[rosmaster.master][INFO] 2026-08-30 00:03:39,653: +PARAM [/system_params/safety/emergency/altitude_max] by /roslaunch
[rosmaster.master][INFO] 2026-08-30 00:03:39,654: +PARAM [/system_params/safety/failsafe/battery_critical] by /roslaunch
[rosmaster.master][INFO] 2026-08-30 00:03:39,654: +PARAM [/system_params/safety/failsafe/lost_connection] by /roslaunch
[rosmaster.master][INFO] 2026-08-30 00:03:39,654: +PARAM [/system_params/safety/failsafe/gps_failure] by /roslaunch
[rosmaster.master][INFO] 2026-08-30 00:03:39,654: +PARAM [/system_params/safety/failsafe/sensor_failure] by /roslaunch
[rosmaster.master][INFO] 2026-08-30 00:03:39,654: +PARAM [/system_params/safety/failsafe/exceeded_geofence] by /roslaunch
[rosmaster.master][INFO] 2026-08-30 00:03:39,654: +PARAM [/system_params/safety/health/check_interval] by /roslaunch
[rosmaster.master][INFO] 2026-08-30 00:03:39,654: +PARAM [/system_params/safety/health/restart_on_failure] by /roslaunch
[rosmaster.master][INFO] 2026-08-30 00:03:39,655: +PARAM [/system_params/safety/health/max_restarts] by /roslaunch
[rosmaster.master][INFO] 2026-08-30 00:03:39,655: +PARAM [/system_params/safety/health/restart_delay] by /roslaunch
[rosmaster.master][INFO] 2026-08-30 00:03:39,655: +PARAM [/system_params/performance/threads/detection_pool] by /roslaunch
[rosmaster.master][INFO] 2026-08-30 00:03:39,655: +PARAM [/system_params/performance/threads/control_pool] by /roslaunch
[rosmaster.master][INFO] 2026-08-30 00:03:39,655: +PARAM [/system_params/performance/queues/input_queue_size] by /roslaunch
[rosmaster.master][INFO] 2026-08-30 00:03:39,655: +PARAM [/system_params/performance/queues/output_queue_size] by /roslaunch
[rosmaster.master][INFO] 2026-08-30 00:03:39,656: +PARAM [/system_params/performance/memory/cache_images] by /roslaunch
[rosmaster.master][INFO] 2026-08-30 00:03:39,656: +PARAM [/system_params/performance/memory/max_cache_size] by /roslaunch
[rosmaster.master][INFO] 2026-08-30 00:03:39,656: +PARAM [/system_params/performance/memory/max_cached_messages] by /roslaunch
[rosmaster.master][INFO] 2026-08-30 00:03:39,656: +PARAM [/system_params/performance/timing/use_sim_time] by /roslaunch
[rosmaster.master][INFO] 2026-08-30 00:03:39,656: +PARAM [/system_params/performance/timing/publish_rate] by /roslaunch
[rosmaster.master][INFO] 2026-08-30 00:03:39,656: +PARAM [/system_params/performance/timing/control_rate] by /roslaunch
[rosmaster.master][INFO] 2026-08-30 00:03:39,657: +PARAM [/system_params/network/px4/udp_port] by /roslaunch
[rosmaster.master][INFO] 2026-08-30 00:03:39,657: +PARAM [/system_params/network/px4/tcp_port] by /roslaunch
[rosmaster.master][INFO] 2026-08-30 00:03:39,657: +PARAM [/system_params/network/px4/heartbeat_rate] by /roslaunch
[rosmaster.master][INFO] 2026-08-30 00:03:39,658: +PARAM [/system_params/network/mavros/fcu_url] by /roslaunch
[rosmaster.master][INFO] 2026-08-30 00:03:39,658: +PARAM [/system_params/network/mavros/gcs_url] by /roslaunch
[rosmaster.master][INFO] 2026-08-30 00:03:39,658: +PARAM [/system_params/network/timeout] by /roslaunch
[rosmaster.master][INFO] 2026-08-30 00:03:39,658: +PARAM [/system_params/network/reconnect_attempts] by /roslaunch
[rosmaster.master][INFO] 2026-08-30 00:03:39,658: +PARAM [/system_params/network/reconnect_delay] by /roslaunch
[rosmaster.master][INFO] 2026-08-30 00:03:39,658: +PARAM [/system_params/performance/publish_rate] by /roslaunch
[rosmaster.master][INFO] 2026-08-30 00:03:39,658: +PARAM [/use_simulation] by /roslaunch
[rosmaster.master][INFO] 2026-08-30 00:03:39,659: +PARAM [/parameter_validator/config_dir] by /roslaunch
[rosmaster.master][INFO] 2026-08-30 00:03:39,659: +PARAM [/parameter_validator/validate_on_startup] by /roslaunch
[rosmaster.master][INFO] 2026-08-30 00:03:39,659: +PARAM [/mission_manager/mission_config] by /roslaunch
[rosmaster.master][INFO] 2026-08-30 00:03:39,659: +PARAM [/camera_calibration/simulation_mode] by /roslaunch
[rosmaster.master][INFO] 2026-08-30 00:03:39,660: +PARAM [/yolo_detector/model_path] by /roslaunch
[rosmaster.master][INFO] 2026-08-30 00:03:39,660: +PARAM [/yolo_detector/device] by /roslaunch
[rosmaster.master][INFO] 2026-08-30 00:03:39,660: +PARAM [/sensor_fusion/publish_rate] by /roslaunch
[rosmaster.master][INFO] 2026-08-30 00:03:39,660: +PARAM [/sensor_fusion/simulation_mode] by /roslaunch
[rosmaster.master][INFO] 2026-08-30 00:03:39,660: +PARAM [/target_tracking_controller/simulation_mode] by /roslaunch
[rosmaster.master][INFO] 2026-08-30 00:03:39,661: +PARAM [/vehicle_state_monitor/simulation_mode] by /roslaunch
[rosmaster.master][INFO] 2026-08-30 00:03:39,661: +PARAM [/safety_monitor/enable_geofence] by /roslaunch
[rosmaster.master][INFO] 2026-08-30 00:03:39,661: +PARAM [/safety_monitor/simulation_mode] by /roslaunch
[rosmaster.master][INFO] 2026-08-30 00:03:39,661: +PARAM [/system_health_monitor/monitoring_interval] by /roslaunch
[rosmaster.master][INFO] 2026-08-30 00:03:39,661: +PARAM [/system_health_monitor/critical_threshold_cpu] by /roslaunch
[rosmaster.master][INFO] 2026-08-30 00:03:39,661: +PARAM [/system_health_monitor/critical_threshold_memory] by /roslaunch
[rosmaster.master][INFO] 2026-08-30 00:03:39,661: +PARAM [/system_health_monitor/warning_threshold_cpu] by /roslaunch
[rosmaster.master][INFO] 2026-08-30 00:03:39,662: +PARAM [/system_health_monitor/warning_threshold_memory] by /roslaunch
[rosmaster.master][INFO] 2026-08-30 00:03:39,662: +PARAM [/system_health_monitor/enable_network_monitoring] by /roslaunch
[rosmaster.master][INFO] 2026-08-30 00:03:39,662: +PARAM [/system_health_monitor/enable_disk_monitoring] by /roslaunch
[rosmaster.master][INFO] 2026-08-30 00:03:39,662: +PARAM [/system_health_monitor/enable_process_monitoring] by /roslaunch
[rosmaster.master][INFO] 2026-08-30 00:03:39,662: +PARAM [/health_checker/monitored_nodes] by /roslaunch
[rosmaster.master][INFO] 2026-08-30 00:03:39,662: +PARAM [/health_checker/check_interval] by /roslaunch
[rosmaster.master][INFO] 2026-08-30 00:03:39,663: +PARAM [/health_checker/timeout_threshold] by /roslaunch
[rosmaster.master][INFO] 2026-08-30 00:03:39,663: +PARAM [/health_checker/restart_on_failure] by /roslaunch
[rosmaster.master][INFO] 2026-08-30 00:03:39,663: +PARAM [/health_checker/max_restarts] by /roslaunch
[rosmaster.master][INFO] 2026-08-30 00:03:39,761: +SERVICE [/rosout/get_loggers] /rosout http://localhost:38827/
[rosmaster.master][INFO] 2026-08-30 00:03:39,763: +SERVICE [/rosout/set_logger_level] /rosout http://localhost:38827/
[rosmaster.master][INFO] 2026-08-30 00:03:39,777: +PUB [/rosout_agg] /rosout http://localhost:38827/
[rosmaster.master][INFO] 2026-08-30 00:03:39,793: +SUB [/rosout] /rosout http://localhost:38827/
[rosmaster.master][INFO] 2026-08-30 00:03:43,352: +PUB [/rosout] /parameter_validator http://localhost:36869/
[rosmaster.master][INFO] 2026-08-30 00:03:43,353: publisherUpdate[/rosout] -> http://localhost:38827/ ['http://localhost:36869/']
[rosmaster.master][INFO] 2026-08-30 00:03:43,440: +SERVICE [/parameter_validator/get_loggers] /parameter_validator http://localhost:36869/
[rosmaster.master][INFO] 2026-08-30 00:03:43,452: +SERVICE [/parameter_validator/set_logger_level] /parameter_validator http://localhost:36869/
[rosmaster.master][INFO] 2026-08-30 00:03:43,521: publisherUpdate[/rosout] -> http://localhost:38827/ ['http://localhost:36869/']: sec=0.17, result=[1, '', 0]
[rosmaster.master][INFO] 2026-08-30 00:03:43,952: +CACHEDPARAM [/rosout_disable_topics_generation] by /parameter_validator
[rosmaster.master][INFO] 2026-08-30 00:03:43,961: +CACHEDPARAM [/rosout_disable_topics_generation] by /parameter_validator
[rosmaster.master][INFO] 2026-08-30 00:03:44,034: +CACHEDPARAM [/rosout/omit_topics] by /rosout
[rosmaster.master][INFO] 2026-08-30 00:03:44,258: +PUB [/rosout] /mission_manager http://localhost:38193/
[rosmaster.master][INFO] 2026-08-30 00:03:44,323: publisherUpdate[/rosout] -> http://localhost:38827/ ['http://localhost:36869/', 'http://localhost:38193/']
[rosmaster.master][INFO] 2026-08-30 00:03:44,328: publisherUpdate[/rosout] -> http://localhost:38827/ ['http://localhost:36869/', 'http://localhost:38193/']: sec=0.00, result=[1, '', 0]
[rosmaster.master][INFO] 2026-08-30 00:03:44,348: +SERVICE [/mission_manager/get_loggers] /mission_manager http://localhost:38193/
[rosmaster.master][INFO] 2026-08-30 00:03:44,354: +SERVICE [/mission_manager/set_logger_level] /mission_manager http://localhost:38193/
[rosmaster.master][INFO] 2026-08-30 00:03:44,377: +PUB [/mission_status] /mission_manager http://localhost:38193/
[rosmaster.master][INFO] 2026-08-30 00:03:44,379: +PUB [/mission_manager/node_health] /mission_manager http://localhost:38193/
[rosmaster.master][INFO] 2026-08-30 00:03:44,383: +SUB [/drone_control/command] /mission_manager http://localhost:38193/
[rosmaster.master][INFO] 2026-08-30 00:03:44,420: +PUB [/rosout] /health_checker http://localhost:34419/
[rosmaster.master][INFO] 2026-08-30 00:03:44,423: +SUB [/safety_status] /mission_manager http://localhost:38193/
[rosmaster.master][INFO] 2026-08-30 00:03:44,428: +PUB [/rosout] /camera_calibration http://localhost:37215/
[rosmaster.master][INFO] 2026-08-30 00:03:44,432: +SUB [/tracked_targets] /mission_manager http://localhost:38193/
[rosmaster.master][INFO] 2026-08-30 00:03:44,428: publisherUpdate[/rosout] -> http://localhost:38827/ ['http://localhost:36869/', 'http://localhost:38193/', 'http://localhost:34419/']
[rosmaster.master][INFO] 2026-08-30 00:03:44,434: +SERVICE [/health_checker/get_loggers] /health_checker http://localhost:34419/
[rosmaster.master][INFO] 2026-08-30 00:03:44,437: publisherUpdate[/rosout] -> http://localhost:38827/ ['http://localhost:36869/', 'http://localhost:38193/', 'http://localhost:34419/']: sec=0.00, result=[1, '', 0]
[rosmaster.master][INFO] 2026-08-30 00:03:44,438: publisherUpdate[/rosout] -> http://localhost:38827/ ['http://localhost:36869/', 'http://localhost:38193/', 'http://localhost:34419/', 'http://localhost:37215/']
[rosmaster.master][INFO] 2026-08-30 00:03:44,442: +SERVICE [/health_checker/set_logger_level] /health_checker http://localhost:34419/
[rosmaster.master][INFO] 2026-08-30 00:03:44,444: +CACHEDPARAM [/rosout_disable_topics_generation] by /mission_manager
[rosmaster.master][INFO] 2026-08-30 00:03:44,448: publisherUpdate[/rosout] -> http://localhost:38827/ ['http://localhost:36869/', 'http://localhost:38193/', 'http://localhost:34419/', 'http://localhost:37215/']: sec=0.01, result=[1, '', 0]
[rosmaster.master][INFO] 2026-08-30 00:03:44,458: +SERVICE [/camera_calibration/get_loggers] /camera_calibration http://localhost:37215/
[rosmaster.master][INFO] 2026-08-30 00:03:44,464: +SERVICE [/camera_calibration/set_logger_level] /camera_calibration http://localhost:37215/
[rosmaster.master][INFO] 2026-08-30 00:03:44,468: +SUB [/yolo_detector/node_health] /health_checker http://localhost:34419/
[rosmaster.master][INFO] 2026-08-30 00:03:44,470: +PUB [/camera/camera_info] /camera_calibration http://localhost:37215/
[rosmaster.master][INFO] 2026-08-30 00:03:44,471: +SUB [/target_tracking_controller/node_health] /health_checker http://localhost:34419/
[rosmaster.master][INFO] 2026-08-30 00:03:44,473: +PUB [/tf] /camera_calibration http://localhost:37215/
[rosmaster.master][INFO] 2026-08-30 00:03:44,520: +CACHEDPARAM [/rosout_disable_topics_generation] by /camera_calibration
[rosmaster.master][INFO] 2026-08-30 00:03:44,522: +PUB [/rosout] /sensor_fusion http://localhost:45143/
[rosmaster.master][INFO] 2026-08-30 00:03:44,529: publisherUpdate[/rosout] -> http://localhost:38827/ ['http://localhost:36869/', 'http://localhost:38193/', 'http://localhost:34419/', 'http://localhost:37215/', 'http://localhost:45143/']
[rosmaster.master][INFO] 2026-08-30 00:03:44,530: +SUB [/vehicle_state_monitor/node_health] /health_checker http://localhost:34419/
[rosmaster.master][INFO] 2026-08-30 00:03:44,534: publisherUpdate[/rosout] -> http://localhost:38827/ ['http://localhost:36869/', 'http://localhost:38193/', 'http://localhost:34419/', 'http://localhost:37215/', 'http://localhost:45143/']: sec=0.01, result=[1, '', 0]
[rosmaster.master][INFO] 2026-08-30 00:03:44,537: +SERVICE [/sensor_fusion/get_loggers] /sensor_fusion http://localhost:45143/
[rosmaster.master][INFO] 2026-08-30 00:03:44,539: +SERVICE [/sensor_fusion/set_logger_level] /sensor_fusion http://localhost:45143/
[rosmaster.master][INFO] 2026-08-30 00:03:44,539: +SUB [/mission_manager/node_health] /health_checker http://localhost:34419/
[rosmaster.master][INFO] 2026-08-30 00:03:44,545: +SUB [/safety_monitor/node_health] /health_checker http://localhost:34419/
[rosmaster.master][INFO] 2026-08-30 00:03:44,546: +SUB [/mavros/imu/data] /sensor_fusion http://localhost:45143/
[rosmaster.master][INFO] 2026-08-30 00:03:44,551: +PUB [/rosout] /system_health_monitor http://localhost:45079/
[rosmaster.master][INFO] 2026-08-30 00:03:44,552: +SUB [/mavros/global_position/global] /sensor_fusion http://localhost:45143/
[rosmaster.master][INFO] 2026-08-30 00:03:44,556: +SUB [/mavros/local_position/pose] /sensor_fusion http://localhost:45143/
[rosmaster.master][INFO] 2026-08-30 00:03:44,560: +PUB [/sensor_fusion/node_health] /sensor_fusion http://localhost:45143/
[rosmaster.master][INFO] 2026-08-30 00:03:44,564: +SUB [/command_interpreter/node_health] /health_checker http://localhost:34419/
[rosmaster.master][INFO] 2026-08-30 00:03:44,568: +CACHEDPARAM [/rosout_disable_topics_generation] by /sensor_fusion
[rosmaster.master][INFO] 2026-08-30 00:03:44,573: +PUB [/system_health] /health_checker http://localhost:34419/
[rosmaster.master][INFO] 2026-08-30 00:03:44,576: +SERVICE [/system_health_monitor/get_loggers] /system_health_monitor http://localhost:45079/
[rosmaster.master][INFO] 2026-08-30 00:03:44,578: +SERVICE [/system_health_monitor/set_logger_level] /system_health_monitor http://localhost:45079/
[rosmaster.master][INFO] 2026-08-30 00:03:44,635: publisherUpdate[/rosout] -> http://localhost:38827/ ['http://localhost:36869/', 'http://localhost:38193/', 'http://localhost:34419/', 'http://localhost:37215/', 'http://localhost:45143/', 'http://localhost:45079/']
[rosmaster.master][INFO] 2026-08-30 00:03:44,638: publisherUpdate[/rosout] -> http://localhost:38827/ ['http://localhost:36869/', 'http://localhost:38193/', 'http://localhost:34419/', 'http://localhost:37215/', 'http://localhost:45143/', 'http://localhost:45079/']: sec=0.00, result=[1, '', 0]
[rosmaster.master][INFO] 2026-08-30 00:03:44,648: +SERVICE [/health/check_all] /health_checker http://localhost:34419/
[rosmaster.master][INFO] 2026-08-30 00:03:44,652: +SERVICE [/health/restart_node] /health_checker http://localhost:34419/
[rosmaster.master][INFO] 2026-08-30 00:03:44,662: +SUB [/health/check_all] /system_health_monitor http://localhost:45079/
[rosmaster.master][INFO] 2026-08-30 00:03:44,668: +CACHEDPARAM [/rosout_disable_topics_generation] by /health_checker
[rosmaster.master][INFO] 2026-08-30 00:03:44,670: +PUB [/system_health] /system_health_monitor http://localhost:45079/
[rosmaster.master][INFO] 2026-08-30 00:03:44,724: +PUB [/diagnostic_status] /system_health_monitor http://localhost:45079/
[rosmaster.master][INFO] 2026-08-30 00:03:44,727: +PUB [/performance_metrics] /system_health_monitor http://localhost:45079/
[rosmaster.master][INFO] 2026-08-30 00:03:44,729: +PUB [/system_alert] /system_health_monitor http://localhost:45079/
[rosmaster.master][INFO] 2026-08-30 00:03:44,734: +CACHEDPARAM [/rosout_disable_topics_generation] by /system_health_monitor
[rosmaster.master][INFO] 2026-08-30 00:03:44,853: +PUB [/rosout] /command_interpreter http://localhost:40933/
[rosmaster.master][INFO] 2026-08-30 00:03:44,859: publisherUpdate[/rosout] -> http://localhost:38827/ ['http://localhost:36869/', 'http://localhost:38193/', 'http://localhost:34419/', 'http://localhost:37215/', 'http://localhost:45143/', 'http://localhost:45079/', 'http://localhost:40933/']
[rosmaster.master][INFO] 2026-08-30 00:03:44,863: publisherUpdate[/rosout] -> http://localhost:38827/ ['http://localhost:36869/', 'http://localhost:38193/', 'http://localhost:34419/', 'http://localhost:37215/', 'http://localhost:45143/', 'http://localhost:45079/', 'http://localhost:40933/']: sec=0.00, result=[1, '', 0]
[rosmaster.master][INFO] 2026-08-30 00:03:44,866: +SERVICE [/command_interpreter/get_loggers] /command_interpreter http://localhost:40933/
[rosmaster.master][INFO] 2026-08-30 00:03:44,870: +SERVICE [/command_interpreter/set_logger_level] /command_interpreter http://localhost:40933/
[rosmaster.master][INFO] 2026-08-30 00:03:44,875: +SUB [/drone_control/command] /command_interpreter http://localhost:40933/
[rosmaster.master][INFO] 2026-08-30 00:03:44,878: +PUB [/drone_control/command_response] /command_interpreter http://localhost:40933/
[rosmaster.master][INFO] 2026-08-30 00:03:44,880: +PUB [/command_interpreter/node_health] /command_interpreter http://localhost:40933/
[rosmaster.master][INFO] 2026-08-30 00:03:44,884: +PUB [/rosout] /vehicle_state_monitor http://localhost:35147/
[rosmaster.master][INFO] 2026-08-30 00:03:44,887: +CACHEDPARAM [/rosout_disable_topics_generation] by /command_interpreter
[rosmaster.master][INFO] 2026-08-30 00:03:44,899: +SERVICE [/vehicle_state_monitor/get_loggers] /vehicle_state_monitor http://localhost:35147/
[rosmaster.master][INFO] 2026-08-30 00:03:44,902: +SERVICE [/vehicle_state_monitor/set_logger_level] /vehicle_state_monitor http://localhost:35147/
[rosmaster.master][INFO] 2026-08-30 00:03:44,908: +SUB [/mavros/state] /vehicle_state_monitor http://localhost:35147/
[rosmaster.master][INFO] 2026-08-30 00:03:44,920: +SUB [/mavros/battery] /vehicle_state_monitor http://localhost:35147/
[rosmaster.master][INFO] 2026-08-30 00:03:44,926: +SUB [/mavros/local_position/velocity] /vehicle_state_monitor http://localhost:35147/
[rosmaster.master][INFO] 2026-08-30 00:03:44,928: +PUB [/drone_status] /vehicle_state_monitor http://localhost:35147/
[rosmaster.master][INFO] 2026-08-30 00:03:44,930: +PUB [/diagnostic_status] /vehicle_state_monitor http://localhost:35147/
[rosmaster.master][INFO] 2026-08-30 00:03:44,933: +PUB [/vehicle_state_monitor/node_health] /vehicle_state_monitor http://localhost:35147/
[rosmaster.master][INFO] 2026-08-30 00:03:44,935: +PUB [/battery_percentage] /vehicle_state_monitor http://localhost:35147/
[rosmaster.master][INFO] 2026-08-30 00:03:44,936: publisherUpdate[/command_interpreter/node_health] -> http://localhost:34419/ ['http://localhost:40933/']
[rosmaster.master][INFO] 2026-08-30 00:03:44,938: +SERVICE [/drone_emergency_stop] /vehicle_state_monitor http://localhost:35147/
[rosmaster.master][INFO] 2026-08-30 00:03:44,939: +SERVICE [/drone_arm] /vehicle_state_monitor http://localhost:35147/
[rosmaster.master][INFO] 2026-08-30 00:03:44,943: publisherUpdate[/command_interpreter/node_health] -> http://localhost:34419/ ['http://localhost:40933/']: sec=0.01, result=[1, '', 0]
[rosmaster.master][INFO] 2026-08-30 00:03:44,944: publisherUpdate[/vehicle_state_monitor/node_health] -> http://localhost:34419/ ['http://localhost:35147/']
[rosmaster.master][INFO] 2026-08-30 00:03:44,944: +SERVICE [/drone_disarm] /vehicle_state_monitor http://localhost:35147/
[rosmaster.master][INFO] 2026-08-30 00:03:44,943: publisherUpdate[/rosout] -> http://localhost:38827/ ['http://localhost:36869/', 'http://localhost:38193/', 'http://localhost:34419/', 'http://localhost:37215/', 'http://localhost:45143/', 'http://localhost:45079/', 'http://localhost:40933/', 'http://localhost:35147/']
[rosmaster.master][INFO] 2026-08-30 00:03:44,949: +SERVICE [/drone_get_status] /vehicle_state_monitor http://localhost:35147/
[rosmaster.master][INFO] 2026-08-30 00:03:44,950: publisherUpdate[/rosout] -> http://localhost:38827/ ['http://localhost:36869/', 'http://localhost:38193/', 'http://localhost:34419/', 'http://localhost:37215/', 'http://localhost:45143/', 'http://localhost:45079/', 'http://localhost:40933/', 'http://localhost:35147/']: sec=0.00, result=[1, '', 0]
[rosmaster.master][INFO] 2026-08-30 00:03:44,951: publisherUpdate[/vehicle_state_monitor/node_health] -> http://localhost:34419/ ['http://localhost:35147/']: sec=0.01, result=[1, '', 0]
[rosmaster.master][INFO] 2026-08-30 00:03:44,963: +CACHEDPARAM [/rosout_disable_topics_generation] by /vehicle_state_monitor
[rosmaster.master][INFO] 2026-08-30 00:03:45,054: +PUB [/rosout] /safety_monitor http://localhost:42543/
[rosmaster.master][INFO] 2026-08-30 00:03:45,055: publisherUpdate[/rosout] -> http://localhost:38827/ ['http://localhost:36869/', 'http://localhost:38193/', 'http://localhost:34419/', 'http://localhost:37215/', 'http://localhost:45143/', 'http://localhost:45079/', 'http://localhost:40933/', 'http://localhost:35147/', 'http://localhost:42543/']
[rosmaster.master][INFO] 2026-08-30 00:03:45,062: publisherUpdate[/rosout] -> http://localhost:38827/ ['http://localhost:36869/', 'http://localhost:38193/', 'http://localhost:34419/', 'http://localhost:37215/', 'http://localhost:45143/', 'http://localhost:45079/', 'http://localhost:40933/', 'http://localhost:35147/', 'http://localhost:42543/']: sec=0.01, result=[1, '', 0]
[rosmaster.master][INFO] 2026-08-30 00:03:45,067: +SERVICE [/safety_monitor/get_loggers] /safety_monitor http://localhost:42543/
[rosmaster.master][INFO] 2026-08-30 00:03:45,069: +SERVICE [/safety_monitor/set_logger_level] /safety_monitor http://localhost:42543/
[rosmaster.master][INFO] 2026-08-30 00:03:45,079: +SUB [/mavros/local_position/pose] /safety_monitor http://localhost:42543/
[rosmaster.master][INFO] 2026-08-30 00:03:45,083: +SUB [/mavros/local_position/velocity] /safety_monitor http://localhost:42543/
[rosmaster.master][INFO] 2026-08-30 00:03:45,087: +SUB [/mavros/state] /safety_monitor http://localhost:42543/
[rosmaster.master][INFO] 2026-08-30 00:03:45,090: +PUB [/safety_status] /safety_monitor http://localhost:42543/
[rosmaster.master][INFO] 2026-08-30 00:03:45,092: +PUB [/safety_monitor/node_health] /safety_monitor http://localhost:42543/
[rosmaster.master][INFO] 2026-08-30 00:03:45,094: +PUB [/emergency_triggered] /safety_monitor http://localhost:42543/
[rosmaster.master][INFO] 2026-08-30 00:03:45,095: +SERVICE [/safety/geofence_enable] /safety_monitor http://localhost:42543/
[rosmaster.master][INFO] 2026-08-30 00:03:45,096: +SERVICE [/safety/geofence_disable] /safety_monitor http://localhost:42543/
[rosmaster.master][INFO] 2026-08-30 00:03:45,098: +SERVICE [/safety/check] /safety_monitor http://localhost:42543/
[rosmaster.master][INFO] 2026-08-30 00:03:45,100: +SERVICE [/safety/status] /safety_monitor http://localhost:42543/
[rosmaster.master][INFO] 2026-08-30 00:03:45,103: +CACHEDPARAM [/rosout_disable_topics_generation] by /safety_monitor
[rosmaster.master][INFO] 2026-08-30 00:03:45,105: +CACHEDPARAM [/rosout_disable_topics_generation] by /safety_monitor
[rosmaster.master][INFO] 2026-08-30 00:03:45,159: publisherUpdate[/safety_status] -> http://localhost:38193/ ['http://localhost:42543/']
[rosmaster.master][INFO] 2026-08-30 00:03:45,164: publisherUpdate[/safety_monitor/node_health] -> http://localhost:34419/ ['http://localhost:42543/']
[rosmaster.master][INFO] 2026-08-30 00:03:45,166: publisherUpdate[/safety_status] -> http://localhost:38193/ ['http://localhost:42543/']: sec=0.01, result=[1, '', 0]
[rosmaster.master][INFO] 2026-08-30 00:03:45,169: publisherUpdate[/safety_monitor/node_health] -> http://localhost:34419/ ['http://localhost:42543/']: sec=0.00, result=[1, '', 0]
[rosmaster.master][INFO] 2026-08-30 00:03:45,890: +PUB [/rosout] /target_tracking_controller http://localhost:44175/
[rosmaster.master][INFO] 2026-08-30 00:03:45,909: +SERVICE [/target_tracking_controller/get_loggers] /target_tracking_controller http://localhost:44175/
[rosmaster.master][INFO] 2026-08-30 00:03:45,913: +SERVICE [/target_tracking_controller/set_logger_level] /target_tracking_controller http://localhost:44175/
[rosmaster.master][INFO] 2026-08-30 00:03:45,944: +SUB [/mavros/local_position/odom] /target_tracking_controller http://localhost:44175/
[rosmaster.master][INFO] 2026-08-30 00:03:45,952: +SUB [/detected_objects] /target_tracking_controller http://localhost:44175/
[rosmaster.master][INFO] 2026-08-30 00:03:45,958: +SUB [/mavros/state] /target_tracking_controller http://localhost:44175/
[rosmaster.master][INFO] 2026-08-30 00:03:45,967: +SUB [/mission_status] /target_tracking_controller http://localhost:44175/
[rosmaster.master][INFO] 2026-08-30 00:03:45,971: +PUB [/tracked_targets] /target_tracking_controller http://localhost:44175/
[rosmaster.master][INFO] 2026-08-30 00:03:45,974: +PUB [/mavros/setpoint_velocity/cmd_vel_unstamped] /target_tracking_controller http://localhost:44175/
[rosmaster.master][INFO] 2026-08-30 00:03:45,978: +PUB [/mavros/setpoint_raw/local] /target_tracking_controller http://localhost:44175/
[rosmaster.master][INFO] 2026-08-30 00:03:45,979: publisherUpdate[/rosout] -> http://localhost:38827/ ['http://localhost:36869/', 'http://localhost:38193/', 'http://localhost:34419/', 'http://localhost:37215/', 'http://localhost:45143/', 'http://localhost:45079/', 'http://localhost:40933/', 'http://localhost:35147/', 'http://localhost:42543/', 'http://localhost:44175/']
[rosmaster.master][INFO] 2026-08-30 00:03:45,979: publisherUpdate[/tracked_targets] -> http://localhost:38193/ ['http://localhost:44175/']
[rosmaster.master][INFO] 2026-08-30 00:03:45,984: +PUB [/target_tracking_controller/node_health] /target_tracking_controller http://localhost:44175/
[rosmaster.master][INFO] 2026-08-30 00:03:45,987: publisherUpdate[/rosout] -> http://localhost:38827/ ['http://localhost:36869/', 'http://localhost:38193/', 'http://localhost:34419/', 'http://localhost:37215/', 'http://localhost:45143/', 'http://localhost:45079/', 'http://localhost:40933/', 'http://localhost:35147/', 'http://localhost:42543/', 'http://localhost:44175/']: sec=0.01, result=[1, '', 0]
[rosmaster.master][INFO] 2026-08-30 00:03:45,991: publisherUpdate[/target_tracking_controller/node_health] -> http://localhost:34419/ ['http://localhost:44175/']
[rosmaster.master][INFO] 2026-08-30 00:03:45,991: publisherUpdate[/tracked_targets] -> http://localhost:38193/ ['http://localhost:44175/']: sec=0.01, result=[1, '', 0]
[rosmaster.master][INFO] 2026-08-30 00:03:46,003: publisherUpdate[/target_tracking_controller/node_health] -> http://localhost:34419/ ['http://localhost:44175/']: sec=0.01, result=[1, '', 0]
[rosmaster.master][INFO] 2026-08-30 00:03:48,133: +CACHEDPARAM [/rosout_disable_topics_generation] by /target_tracking_controller
[rosmaster.master][INFO] 2026-08-30 00:03:49,206: +PUB [/rosout] /yolo_detector http://localhost:41029/
[rosmaster.master][INFO] 2026-08-30 00:03:49,213: +SERVICE [/yolo_detector/get_loggers] /yolo_detector http://localhost:41029/
[rosmaster.master][INFO] 2026-08-30 00:03:49,214: +SERVICE [/yolo_detector/set_logger_level] /yolo_detector http://localhost:41029/
[rosmaster.master][INFO] 2026-08-30 00:03:49,223: +PUB [/yolo_detector/node_health] /yolo_detector http://localhost:41029/
[rosmaster.master][INFO] 2026-08-30 00:03:49,225: +SUB [/drone_control/command] /yolo_detector http://localhost:41029/
[rosmaster.master][INFO] 2026-08-30 00:03:49,227: +PUB [/command_response] /yolo_detector http://localhost:41029/
[rosmaster.master][INFO] 2026-08-30 00:03:49,229: +SUB [/mission_status] /yolo_detector http://localhost:41029/
[rosmaster.master][INFO] 2026-08-30 00:03:49,230: +CACHEDPARAM [/rosout_disable_topics_generation] by /yolo_detector
[rosmaster.master][INFO] 2026-08-30 00:03:49,238: publisherUpdate[/rosout] -> http://localhost:38827/ ['http://localhost:36869/', 'http://localhost:38193/', 'http://localhost:34419/', 'http://localhost:37215/', 'http://localhost:45143/', 'http://localhost:45079/', 'http://localhost:40933/', 'http://localhost:35147/', 'http://localhost:42543/', 'http://localhost:44175/', 'http://localhost:41029/']
[rosmaster.master][INFO] 2026-08-30 00:03:49,240: publisherUpdate[/rosout] -> http://localhost:38827/ ['http://localhost:36869/', 'http://localhost:38193/', 'http://localhost:34419/', 'http://localhost:37215/', 'http://localhost:45143/', 'http://localhost:45079/', 'http://localhost:40933/', 'http://localhost:35147/', 'http://localhost:42543/', 'http://localhost:44175/', 'http://localhost:41029/']: sec=0.00, result=[1, '', 0]
[rosmaster.master][INFO] 2026-08-30 00:03:49,240: publisherUpdate[/yolo_detector/node_health] -> http://localhost:34419/ ['http://localhost:41029/']
[rosmaster.master][INFO] 2026-08-30 00:03:49,242: publisherUpdate[/yolo_detector/node_health] -> http://localhost:34419/ ['http://localhost:41029/']: sec=0.00, result=[1, '', 0]
[rosmaster.master][INFO] 2026-08-30 00:03:49,416: +CACHEDPARAM [/rosout_disable_topics_generation] by /yolo_detector
[rosmaster.master][INFO] 2026-08-30 00:03:49,420: +SUB [/camera/color/image_raw] /yolo_detector http://localhost:41029/
[rosmaster.master][INFO] 2026-08-30 00:03:49,421: +PUB [/detected_objects] /yolo_detector http://localhost:41029/
[rosmaster.master][INFO] 2026-08-30 00:03:49,424: +CACHEDPARAM [/rosout_disable_topics_generation] by /yolo_detector
[rosmaster.master][INFO] 2026-08-30 00:03:49,426: +CACHEDPARAM [/rosout_disable_topics_generation] by /yolo_detector
[rosmaster.master][INFO] 2026-08-30 00:03:49,444: publisherUpdate[/detected_objects] -> http://localhost:44175/ ['http://localhost:41029/']
[rosmaster.master][INFO] 2026-08-30 00:03:49,446: publisherUpdate[/detected_objects] -> http://localhost:44175/ ['http://localhost:41029/']: sec=0.00, result=[1, '', 0]
[rosmaster.master][INFO] 2026-08-30 00:03:49,662: +CACHEDPARAM [/rosout_disable_topics_generation] by /health_checker
[rosmaster.master][INFO] 2026-08-30 00:03:49,665: +CACHEDPARAM [/rosout_disable_topics_generation] by /health_checker
[rosmaster.master][INFO] 2026-08-30 00:03:49,668: +CACHEDPARAM [/rosout_disable_topics_generation] by /health_checker
[rosmaster.master][INFO] 2026-08-30 00:03:50,263: +CACHEDPARAM [/rosout_disable_topics_generation] by /target_tracking_controller
[rosmaster.master][INFO] 2026-08-30 00:03:50,265: +CACHEDPARAM [/rosout_disable_topics_generation] by /target_tracking_controller
[rosmaster.master][INFO] 2026-08-30 00:05:08,690: +PUB [/rosout] /trajectory_planner http://localhost:34863/
[rosmaster.master][INFO] 2026-08-30 00:05:08,696: +SERVICE [/trajectory_planner/get_loggers] /trajectory_planner http://localhost:34863/
[rosmaster.master][INFO] 2026-08-30 00:05:08,698: +SERVICE [/trajectory_planner/set_logger_level] /trajectory_planner http://localhost:34863/
[rosmaster.master][INFO] 2026-08-30 00:05:08,703: +SUB [/mavros/local_position/odom] /trajectory_planner http://localhost:34863/
[rosmaster.master][INFO] 2026-08-30 00:05:08,707: -SUB [/mavros/local_position/odom] /trajectory_planner http://localhost:34863/
[rosmaster.master][INFO] 2026-08-30 00:05:08,708: -PUB [/rosout] /trajectory_planner http://localhost:34863/
[rosmaster.master][INFO] 2026-08-30 00:05:08,708: -SERVICE [/trajectory_planner/get_loggers] /trajectory_planner rosrpc://localhost:33891
[rosmaster.master][INFO] 2026-08-30 00:05:08,708: -SERVICE [/trajectory_planner/set_logger_level] /trajectory_planner rosrpc://localhost:33891
[rosmaster.master][INFO] 2026-08-30 00:05:08,741: publisherUpdate[/rosout] -> http://localhost:38827/ ['http://localhost:36869/', 'http://localhost:38193/', 'http://localhost:34419/', 'http://localhost:37215/', 'http://localhost:45143/', 'http://localhost:45079/', 'http://localhost:40933/', 'http://localhost:35147/', 'http://localhost:42543/', 'http://localhost:44175/', 'http://localhost:41029/', 'http://localhost:34863/']
[rosmaster.master][INFO] 2026-08-30 00:05:08,743: publisherUpdate[/rosout] -> http://localhost:38827/ ['http://localhost:36869/', 'http://localhost:38193/', 'http://localhost:34419/', 'http://localhost:37215/', 'http://localhost:45143/', 'http://localhost:45079/', 'http://localhost:40933/', 'http://localhost:35147/', 'http://localhost:42543/', 'http://localhost:44175/', 'http://localhost:41029/', 'http://localhost:34863/']: sec=0.00, result=[1, '', 0]
[rosmaster.master][INFO] 2026-08-30 00:05:08,743: publisherUpdate[/rosout] -> http://localhost:38827/ ['http://localhost:36869/', 'http://localhost:38193/', 'http://localhost:34419/', 'http://localhost:37215/', 'http://localhost:45143/', 'http://localhost:45079/', 'http://localhost:40933/', 'http://localhost:35147/', 'http://localhost:42543/', 'http://localhost:44175/', 'http://localhost:41029/']
[rosmaster.master][INFO] 2026-08-30 00:05:08,744: publisherUpdate[/rosout] -> http://localhost:38827/ ['http://localhost:36869/', 'http://localhost:38193/', 'http://localhost:34419/', 'http://localhost:37215/', 'http://localhost:45143/', 'http://localhost:45079/', 'http://localhost:40933/', 'http://localhost:35147/', 'http://localhost:42543/', 'http://localhost:44175/', 'http://localhost:41029/']: sec=0.00, result=[1, '', 0]
[rosmaster.master][INFO] 2026-08-30 00:05:14,139: +PUB [/rosout] /trajectory_planner http://localhost:45227/
[rosmaster.master][INFO] 2026-08-30 00:05:14,144: +SERVICE [/trajectory_planner/get_loggers] /trajectory_planner http://localhost:45227/
[rosmaster.master][INFO] 2026-08-30 00:05:14,145: +SERVICE [/trajectory_planner/set_logger_level] /trajectory_planner http://localhost:45227/
[rosmaster.master][INFO] 2026-08-30 00:05:14,150: +SUB [/mavros/local_position/odom] /trajectory_planner http://localhost:45227/
[rosmaster.master][INFO] 2026-08-30 00:05:14,154: -SUB [/mavros/local_position/odom] /trajectory_planner http://localhost:45227/
[rosmaster.master][INFO] 2026-08-30 00:05:14,154: -PUB [/rosout] /trajectory_planner http://localhost:45227/
[rosmaster.master][INFO] 2026-08-30 00:05:14,154: -SERVICE [/trajectory_planner/get_loggers] /trajectory_planner rosrpc://localhost:37703
[rosmaster.master][INFO] 2026-08-30 00:05:14,154: -SERVICE [/trajectory_planner/set_logger_level] /trajectory_planner rosrpc://localhost:37703
[rosmaster.master][INFO] 2026-08-30 00:05:14,159: publisherUpdate[/rosout] -> http://localhost:38827/ ['http://localhost:36869/', 'http://localhost:38193/', 'http://localhost:34419/', 'http://localhost:37215/', 'http://localhost:45143/', 'http://localhost:45079/', 'http://localhost:40933/', 'http://localhost:35147/', 'http://localhost:42543/', 'http://localhost:44175/', 'http://localhost:41029/', 'http://localhost:45227/']
[rosmaster.master][INFO] 2026-08-30 00:05:14,161: publisherUpdate[/rosout] -> http://localhost:38827/ ['http://localhost:36869/', 'http://localhost:38193/', 'http://localhost:34419/', 'http://localhost:37215/', 'http://localhost:45143/', 'http://localhost:45079/', 'http://localhost:40933/', 'http://localhost:35147/', 'http://localhost:42543/', 'http://localhost:44175/', 'http://localhost:41029/', 'http://localhost:45227/']: sec=0.00, result=[1, '', 0]
[rosmaster.master][INFO] 2026-08-30 00:05:14,161: publisherUpdate[/rosout] -> http://localhost:38827/ ['http://localhost:36869/', 'http://localhost:38193/', 'http://localhost:34419/', 'http://localhost:37215/', 'http://localhost:45143/', 'http://localhost:45079/', 'http://localhost:40933/', 'http://localhost:35147/', 'http://localhost:42543/', 'http://localhost:44175/', 'http://localhost:41029/']
[rosmaster.master][INFO] 2026-08-30 00:05:14,161: publisherUpdate[/rosout] -> http://localhost:38827/ ['http://localhost:36869/', 'http://localhost:38193/', 'http://localhost:34419/', 'http://localhost:37215/', 'http://localhost:45143/', 'http://localhost:45079/', 'http://localhost:40933/', 'http://localhost:35147/', 'http://localhost:42543/', 'http://localhost:44175/', 'http://localhost:41029/']: sec=0.00, result=[1, '', 0]
[rosmaster.master][INFO] 2026-08-30 00:05:19,063: +PUB [/rosout] /trajectory_planner http://localhost:35453/
[rosmaster.master][INFO] 2026-08-30 00:05:19,068: +SERVICE [/trajectory_planner/get_loggers] /trajectory_planner http://localhost:35453/
[rosmaster.master][INFO] 2026-08-30 00:05:19,069: +SERVICE [/trajectory_planner/set_logger_level] /trajectory_planner http://localhost:35453/
[rosmaster.master][INFO] 2026-08-30 00:05:19,070: publisherUpdate[/rosout] -> http://localhost:38827/ ['http://localhost:36869/', 'http://localhost:38193/', 'http://localhost:34419/', 'http://localhost:37215/', 'http://localhost:45143/', 'http://localhost:45079/', 'http://localhost:40933/', 'http://localhost:35147/', 'http://localhost:42543/', 'http://localhost:44175/', 'http://localhost:41029/', 'http://localhost:35453/']
[rosmaster.master][INFO] 2026-08-30 00:05:19,071: publisherUpdate[/rosout] -> http://localhost:38827/ ['http://localhost:36869/', 'http://localhost:38193/', 'http://localhost:34419/', 'http://localhost:37215/', 'http://localhost:45143/', 'http://localhost:45079/', 'http://localhost:40933/', 'http://localhost:35147/', 'http://localhost:42543/', 'http://localhost:44175/', 'http://localhost:41029/', 'http://localhost:35453/']: sec=0.00, result=[1, '', 0]
[rosmaster.master][INFO] 2026-08-30 00:05:19,076: +SUB [/mavros/local_position/odom] /trajectory_planner http://localhost:35453/
[rosmaster.master][INFO] 2026-08-30 00:05:19,080: -SUB [/mavros/local_position/odom] /trajectory_planner http://localhost:35453/
[rosmaster.master][INFO] 2026-08-30 00:05:19,081: -PUB [/rosout] /trajectory_planner http://localhost:35453/
[rosmaster.master][INFO] 2026-08-30 00:05:19,081: -SERVICE [/trajectory_planner/get_loggers] /trajectory_planner rosrpc://localhost:41963
[rosmaster.master][INFO] 2026-08-30 00:05:19,081: -SERVICE [/trajectory_planner/set_logger_level] /trajectory_planner rosrpc://localhost:41963
[rosmaster.master][INFO] 2026-08-30 00:05:19,137: publisherUpdate[/rosout] -> http://localhost:38827/ ['http://localhost:36869/', 'http://localhost:38193/', 'http://localhost:34419/', 'http://localhost:37215/', 'http://localhost:45143/', 'http://localhost:45079/', 'http://localhost:40933/', 'http://localhost:35147/', 'http://localhost:42543/', 'http://localhost:44175/', 'http://localhost:41029/']
[rosmaster.master][INFO] 2026-08-30 00:05:19,138: publisherUpdate[/rosout] -> http://localhost:38827/ ['http://localhost:36869/', 'http://localhost:38193/', 'http://localhost:34419/', 'http://localhost:37215/', 'http://localhost:45143/', 'http://localhost:45079/', 'http://localhost:40933/', 'http://localhost:35147/', 'http://localhost:42543/', 'http://localhost:44175/', 'http://localhost:41029/']: sec=0.00, result=[1, '', 0]
[rosmaster.master][INFO] 2026-08-30 00:05:24,239: +PUB [/rosout] /trajectory_planner http://localhost:43163/
[rosmaster.master][INFO] 2026-08-30 00:05:24,244: +SERVICE [/trajectory_planner/get_loggers] /trajectory_planner http://localhost:43163/
[rosmaster.master][INFO] 2026-08-30 00:05:24,245: +SERVICE [/trajectory_planner/set_logger_level] /trajectory_planner http://localhost:43163/
[rosmaster.master][INFO] 2026-08-30 00:05:24,249: publisherUpdate[/rosout] -> http://localhost:38827/ ['http://localhost:36869/', 'http://localhost:38193/', 'http://localhost:34419/', 'http://localhost:37215/', 'http://localhost:45143/', 'http://localhost:45079/', 'http://localhost:40933/', 'http://localhost:35147/', 'http://localhost:42543/', 'http://localhost:44175/', 'http://localhost:41029/', 'http://localhost:43163/']
[rosmaster.master][INFO] 2026-08-30 00:05:24,251: +SUB [/mavros/local_position/odom] /trajectory_planner http://localhost:43163/
[rosmaster.master][INFO] 2026-08-30 00:05:24,251: publisherUpdate[/rosout] -> http://localhost:38827/ ['http://localhost:36869/', 'http://localhost:38193/', 'http://localhost:34419/', 'http://localhost:37215/', 'http://localhost:45143/', 'http://localhost:45079/', 'http://localhost:40933/', 'http://localhost:35147/', 'http://localhost:42543/', 'http://localhost:44175/', 'http://localhost:41029/', 'http://localhost:43163/']: sec=0.00, result=[1, '', 0]
[rosmaster.master][INFO] 2026-08-30 00:05:24,255: -SUB [/mavros/local_position/odom] /trajectory_planner http://localhost:43163/
[rosmaster.master][INFO] 2026-08-30 00:05:24,255: -PUB [/rosout] /trajectory_planner http://localhost:43163/
[rosmaster.master][INFO] 2026-08-30 00:05:24,255: -SERVICE [/trajectory_planner/get_loggers] /trajectory_planner rosrpc://localhost:38143
[rosmaster.master][INFO] 2026-08-30 00:05:24,255: -SERVICE [/trajectory_planner/set_logger_level] /trajectory_planner rosrpc://localhost:38143
[rosmaster.master][INFO] 2026-08-30 00:05:24,298: publisherUpdate[/rosout] -> http://localhost:38827/ ['http://localhost:36869/', 'http://localhost:38193/', 'http://localhost:34419/', 'http://localhost:37215/', 'http://localhost:45143/', 'http://localhost:45079/', 'http://localhost:40933/', 'http://localhost:35147/', 'http://localhost:42543/', 'http://localhost:44175/', 'http://localhost:41029/']
[rosmaster.master][INFO] 2026-08-30 00:05:24,299: publisherUpdate[/rosout] -> http://localhost:38827/ ['http://localhost:36869/', 'http://localhost:38193/', 'http://localhost:34419/', 'http://localhost:37215/', 'http://localhost:45143/', 'http://localhost:45079/', 'http://localhost:40933/', 'http://localhost:35147/', 'http://localhost:42543/', 'http://localhost:44175/', 'http://localhost:41029/']: sec=0.00, result=[1, '', 0]
[rosmaster.master][INFO] 2026-08-30 00:05:32,007: +PUB [/rosout] /trajectory_planner http://localhost:35055/
[rosmaster.master][INFO] 2026-08-30 00:05:32,013: +SERVICE [/trajectory_planner/get_loggers] /trajectory_planner http://localhost:35055/
[rosmaster.master][INFO] 2026-08-30 00:05:32,013: +SERVICE [/trajectory_planner/set_logger_level] /trajectory_planner http://localhost:35055/
[rosmaster.master][INFO] 2026-08-30 00:05:32,018: +SUB [/mavros/local_position/odom] /trajectory_planner http://localhost:35055/
[rosmaster.master][INFO] 2026-08-30 00:05:32,023: -SUB [/mavros/local_position/odom] /trajectory_planner http://localhost:35055/
[rosmaster.master][INFO] 2026-08-30 00:05:32,024: -PUB [/rosout] /trajectory_planner http://localhost:35055/
[rosmaster.master][INFO] 2026-08-30 00:05:32,024: -SERVICE [/trajectory_planner/get_loggers] /trajectory_planner rosrpc://localhost:44317
[rosmaster.master][INFO] 2026-08-30 00:05:32,024: -SERVICE [/trajectory_planner/set_logger_level] /trajectory_planner rosrpc://localhost:44317
[rosmaster.master][INFO] 2026-08-30 00:05:32,036: publisherUpdate[/rosout] -> http://localhost:38827/ ['http://localhost:36869/', 'http://localhost:38193/', 'http://localhost:34419/', 'http://localhost:37215/', 'http://localhost:45143/', 'http://localhost:45079/', 'http://localhost:40933/', 'http://localhost:35147/', 'http://localhost:42543/', 'http://localhost:44175/', 'http://localhost:41029/', 'http://localhost:35055/']
[rosmaster.master][INFO] 2026-08-30 00:05:32,041: publisherUpdate[/rosout] -> http://localhost:38827/ ['http://localhost:36869/', 'http://localhost:38193/', 'http://localhost:34419/', 'http://localhost:37215/', 'http://localhost:45143/', 'http://localhost:45079/', 'http://localhost:40933/', 'http://localhost:35147/', 'http://localhost:42543/', 'http://localhost:44175/', 'http://localhost:41029/', 'http://localhost:35055/']: sec=0.00, result=[1, '', 0]
[rosmaster.master][INFO] 2026-08-30 00:05:32,041: publisherUpdate[/rosout] -> http://localhost:38827/ ['http://localhost:36869/', 'http://localhost:38193/', 'http://localhost:34419/', 'http://localhost:37215/', 'http://localhost:45143/', 'http://localhost:45079/', 'http://localhost:40933/', 'http://localhost:35147/', 'http://localhost:42543/', 'http://localhost:44175/', 'http://localhost:41029/']
[rosmaster.master][INFO] 2026-08-30 00:05:32,042: publisherUpdate[/rosout] -> http://localhost:38827/ ['http://localhost:36869/', 'http://localhost:38193/', 'http://localhost:34419/', 'http://localhost:37215/', 'http://localhost:45143/', 'http://localhost:45079/', 'http://localhost:40933/', 'http://localhost:35147/', 'http://localhost:42543/', 'http://localhost:44175/', 'http://localhost:41029/']: sec=0.00, result=[1, '', 0]
[rosmaster.master][INFO] 2026-08-30 00:05:38,383: +PUB [/rosout] /trajectory_planner http://localhost:39045/
[rosmaster.master][INFO] 2026-08-30 00:05:38,389: +SERVICE [/trajectory_planner/get_loggers] /trajectory_planner http://localhost:39045/
[rosmaster.master][INFO] 2026-08-30 00:05:38,390: +SERVICE [/trajectory_planner/set_logger_level] /trajectory_planner http://localhost:39045/
[rosmaster.master][INFO] 2026-08-30 00:05:38,394: +SUB [/mavros/local_position/odom] /trajectory_planner http://localhost:39045/
[rosmaster.master][INFO] 2026-08-30 00:05:38,398: -SUB [/mavros/local_position/odom] /trajectory_planner http://localhost:39045/
[rosmaster.master][INFO] 2026-08-30 00:05:38,399: -PUB [/rosout] /trajectory_planner http://localhost:39045/
[rosmaster.master][INFO] 2026-08-30 00:05:38,399: -SERVICE [/trajectory_planner/get_loggers] /trajectory_planner rosrpc://localhost:40119
[rosmaster.master][INFO] 2026-08-30 00:05:38,399: -SERVICE [/trajectory_planner/set_logger_level] /trajectory_planner rosrpc://localhost:40119
[rosmaster.master][INFO] 2026-08-30 00:05:38,433: publisherUpdate[/rosout] -> http://localhost:38827/ ['http://localhost:36869/', 'http://localhost:38193/', 'http://localhost:34419/', 'http://localhost:37215/', 'http://localhost:45143/', 'http://localhost:45079/', 'http://localhost:40933/', 'http://localhost:35147/', 'http://localhost:42543/', 'http://localhost:44175/', 'http://localhost:41029/', 'http://localhost:39045/']
[rosmaster.master][INFO] 2026-08-30 00:05:38,438: publisherUpdate[/rosout] -> http://localhost:38827/ ['http://localhost:36869/', 'http://localhost:38193/', 'http://localhost:34419/', 'http://localhost:37215/', 'http://localhost:45143/', 'http://localhost:45079/', 'http://localhost:40933/', 'http://localhost:35147/', 'http://localhost:42543/', 'http://localhost:44175/', 'http://localhost:41029/', 'http://localhost:39045/']: sec=0.01, result=[1, '', 0]
[rosmaster.master][INFO] 2026-08-30 00:05:38,439: publisherUpdate[/rosout] -> http://localhost:38827/ ['http://localhost:36869/', 'http://localhost:38193/', 'http://localhost:34419/', 'http://localhost:37215/', 'http://localhost:45143/', 'http://localhost:45079/', 'http://localhost:40933/', 'http://localhost:35147/', 'http://localhost:42543/', 'http://localhost:44175/', 'http://localhost:41029/']
[rosmaster.master][INFO] 2026-08-30 00:05:38,440: publisherUpdate[/rosout] -> http://localhost:38827/ ['http://localhost:36869/', 'http://localhost:38193/', 'http://localhost:34419/', 'http://localhost:37215/', 'http://localhost:45143/', 'http://localhost:45079/', 'http://localhost:40933/', 'http://localhost:35147/', 'http://localhost:42543/', 'http://localhost:44175/', 'http://localhost:41029/']: sec=0.00, result=[1, '', 0]
[rosmaster.master][INFO] 2026-08-30 00:05:46,296: +PUB [/rosout] /trajectory_planner http://localhost:45081/
[rosmaster.master][INFO] 2026-08-30 00:05:46,302: +SERVICE [/trajectory_planner/get_loggers] /trajectory_planner http://localhost:45081/
[rosmaster.master][INFO] 2026-08-30 00:05:46,303: +SERVICE [/trajectory_planner/set_logger_level] /trajectory_planner http://localhost:45081/
[rosmaster.master][INFO] 2026-08-30 00:05:46,309: +SUB [/mavros/local_position/odom] /trajectory_planner http://localhost:45081/
[rosmaster.master][INFO] 2026-08-30 00:05:46,312: -SUB [/mavros/local_position/odom] /trajectory_planner http://localhost:45081/
[rosmaster.master][INFO] 2026-08-30 00:05:46,313: -PUB [/rosout] /trajectory_planner http://localhost:45081/
[rosmaster.master][INFO] 2026-08-30 00:05:46,313: -SERVICE [/trajectory_planner/get_loggers] /trajectory_planner rosrpc://localhost:44121
[rosmaster.master][INFO] 2026-08-30 00:05:46,313: -SERVICE [/trajectory_planner/set_logger_level] /trajectory_planner rosrpc://localhost:44121
[rosmaster.master][INFO] 2026-08-30 00:05:46,323: publisherUpdate[/rosout] -> http://localhost:38827/ ['http://localhost:36869/', 'http://localhost:38193/', 'http://localhost:34419/', 'http://localhost:37215/', 'http://localhost:45143/', 'http://localhost:45079/', 'http://localhost:40933/', 'http://localhost:35147/', 'http://localhost:42543/', 'http://localhost:44175/', 'http://localhost:41029/', 'http://localhost:45081/']
[rosmaster.master][INFO] 2026-08-30 00:05:46,326: publisherUpdate[/rosout] -> http://localhost:38827/ ['http://localhost:36869/', 'http://localhost:38193/', 'http://localhost:34419/', 'http://localhost:37215/', 'http://localhost:45143/', 'http://localhost:45079/', 'http://localhost:40933/', 'http://localhost:35147/', 'http://localhost:42543/', 'http://localhost:44175/', 'http://localhost:41029/', 'http://localhost:45081/']: sec=0.00, result=[1, '', 0]
[rosmaster.master][INFO] 2026-08-30 00:05:46,326: publisherUpdate[/rosout] -> http://localhost:38827/ ['http://localhost:36869/', 'http://localhost:38193/', 'http://localhost:34419/', 'http://localhost:37215/', 'http://localhost:45143/', 'http://localhost:45079/', 'http://localhost:40933/', 'http://localhost:35147/', 'http://localhost:42543/', 'http://localhost:44175/', 'http://localhost:41029/']
[rosmaster.master][INFO] 2026-08-30 00:05:46,327: publisherUpdate[/rosout] -> http://localhost:38827/ ['http://localhost:36869/', 'http://localhost:38193/', 'http://localhost:34419/', 'http://localhost:37215/', 'http://localhost:45143/', 'http://localhost:45079/', 'http://localhost:40933/', 'http://localhost:35147/', 'http://localhost:42543/', 'http://localhost:44175/', 'http://localhost:41029/']: sec=0.00, result=[1, '', 0]
[rosmaster.master][INFO] 2026-08-30 00:05:57,635: +PUB [/rosout] /trajectory_planner http://localhost:42129/
[rosmaster.master][INFO] 2026-08-30 00:05:57,642: +SERVICE [/trajectory_planner/get_loggers] /trajectory_planner http://localhost:42129/
[rosmaster.master][INFO] 2026-08-30 00:05:57,643: +SERVICE [/trajectory_planner/set_logger_level] /trajectory_planner http://localhost:42129/
[rosmaster.master][INFO] 2026-08-30 00:05:57,643: publisherUpdate[/rosout] -> http://localhost:38827/ ['http://localhost:36869/', 'http://localhost:38193/', 'http://localhost:34419/', 'http://localhost:37215/', 'http://localhost:45143/', 'http://localhost:45079/', 'http://localhost:40933/', 'http://localhost:35147/', 'http://localhost:42543/', 'http://localhost:44175/', 'http://localhost:41029/', 'http://localhost:42129/']
[rosmaster.master][INFO] 2026-08-30 00:05:57,645: publisherUpdate[/rosout] -> http://localhost:38827/ ['http://localhost:36869/', 'http://localhost:38193/', 'http://localhost:34419/', 'http://localhost:37215/', 'http://localhost:45143/', 'http://localhost:45079/', 'http://localhost:40933/', 'http://localhost:35147/', 'http://localhost:42543/', 'http://localhost:44175/', 'http://localhost:41029/', 'http://localhost:42129/']: sec=0.00, result=[1, '', 0]
[rosmaster.master][INFO] 2026-08-30 00:05:57,650: +SUB [/mavros/local_position/odom] /trajectory_planner http://localhost:42129/
[rosmaster.master][INFO] 2026-08-30 00:05:57,654: -SUB [/mavros/local_position/odom] /trajectory_planner http://localhost:42129/
[rosmaster.master][INFO] 2026-08-30 00:05:57,654: -PUB [/rosout] /trajectory_planner http://localhost:42129/
[rosmaster.master][INFO] 2026-08-30 00:05:57,654: -SERVICE [/trajectory_planner/get_loggers] /trajectory_planner rosrpc://localhost:33777
[rosmaster.master][INFO] 2026-08-30 00:05:57,654: -SERVICE [/trajectory_planner/set_logger_level] /trajectory_planner rosrpc://localhost:33777
[rosmaster.master][INFO] 2026-08-30 00:05:57,673: publisherUpdate[/rosout] -> http://localhost:38827/ ['http://localhost:36869/', 'http://localhost:38193/', 'http://localhost:34419/', 'http://localhost:37215/', 'http://localhost:45143/', 'http://localhost:45079/', 'http://localhost:40933/', 'http://localhost:35147/', 'http://localhost:42543/', 'http://localhost:44175/', 'http://localhost:41029/']
[rosmaster.master][INFO] 2026-08-30 00:05:57,674: publisherUpdate[/rosout] -> http://localhost:38827/ ['http://localhost:36869/', 'http://localhost:38193/', 'http://localhost:34419/', 'http://localhost:37215/', 'http://localhost:45143/', 'http://localhost:45079/', 'http://localhost:40933/', 'http://localhost:35147/', 'http://localhost:42543/', 'http://localhost:44175/', 'http://localhost:41029/']: sec=0.00, result=[1, '', 0]
[rosmaster.master][INFO] 2026-08-30 00:06:15,992: +PUB [/rosout] /trajectory_planner http://localhost:41353/
[rosmaster.master][INFO] 2026-08-30 00:06:15,998: +SERVICE [/trajectory_planner/get_loggers] /trajectory_planner http://localhost:41353/
[rosmaster.master][INFO] 2026-08-30 00:06:15,999: +SERVICE [/trajectory_planner/set_logger_level] /trajectory_planner http://localhost:41353/
[rosmaster.master][INFO] 2026-08-30 00:06:16,003: publisherUpdate[/rosout] -> http://localhost:38827/ ['http://localhost:36869/', 'http://localhost:38193/', 'http://localhost:34419/', 'http://localhost:37215/', 'http://localhost:45143/', 'http://localhost:45079/', 'http://localhost:40933/', 'http://localhost:35147/', 'http://localhost:42543/', 'http://localhost:44175/', 'http://localhost:41029/', 'http://localhost:41353/']
[rosmaster.master][INFO] 2026-08-30 00:06:16,008: +SUB [/mavros/local_position/odom] /trajectory_planner http://localhost:41353/
[rosmaster.master][INFO] 2026-08-30 00:06:16,009: publisherUpdate[/rosout] -> http://localhost:38827/ ['http://localhost:36869/', 'http://localhost:38193/', 'http://localhost:34419/', 'http://localhost:37215/', 'http://localhost:45143/', 'http://localhost:45079/', 'http://localhost:40933/', 'http://localhost:35147/', 'http://localhost:42543/', 'http://localhost:44175/', 'http://localhost:41029/', 'http://localhost:41353/']: sec=0.01, result=[1, '', 0]
[rosmaster.master][INFO] 2026-08-30 00:06:16,013: -SUB [/mavros/local_position/odom] /trajectory_planner http://localhost:41353/
[rosmaster.master][INFO] 2026-08-30 00:06:16,013: -PUB [/rosout] /trajectory_planner http://localhost:41353/
[rosmaster.master][INFO] 2026-08-30 00:06:16,013: -SERVICE [/trajectory_planner/get_loggers] /trajectory_planner rosrpc://localhost:45977
[rosmaster.master][INFO] 2026-08-30 00:06:16,013: -SERVICE [/trajectory_planner/set_logger_level] /trajectory_planner rosrpc://localhost:45977
[rosmaster.master][INFO] 2026-08-30 00:06:16,067: publisherUpdate[/rosout] -> http://localhost:38827/ ['http://localhost:36869/', 'http://localhost:38193/', 'http://localhost:34419/', 'http://localhost:37215/', 'http://localhost:45143/', 'http://localhost:45079/', 'http://localhost:40933/', 'http://localhost:35147/', 'http://localhost:42543/', 'http://localhost:44175/', 'http://localhost:41029/']
[rosmaster.master][INFO] 2026-08-30 00:06:16,068: publisherUpdate[/rosout] -> http://localhost:38827/ ['http://localhost:36869/', 'http://localhost:38193/', 'http://localhost:34419/', 'http://localhost:37215/', 'http://localhost:45143/', 'http://localhost:45079/', 'http://localhost:40933/', 'http://localhost:35147/', 'http://localhost:42543/', 'http://localhost:44175/', 'http://localhost:41029/']: sec=0.00, result=[1, '', 0]
[rosmaster.master][INFO] 2026-08-30 00:06:48,754: +PUB [/rosout] /trajectory_planner http://localhost:39373/
[rosmaster.master][INFO] 2026-08-30 00:06:48,760: +SERVICE [/trajectory_planner/get_loggers] /trajectory_planner http://localhost:39373/
[rosmaster.master][INFO] 2026-08-30 00:06:48,761: +SERVICE [/trajectory_planner/set_logger_level] /trajectory_planner http://localhost:39373/
[rosmaster.master][INFO] 2026-08-30 00:06:48,769: +SUB [/mavros/local_position/odom] /trajectory_planner http://localhost:39373/
[rosmaster.master][INFO] 2026-08-30 00:06:48,774: -SUB [/mavros/local_position/odom] /trajectory_planner http://localhost:39373/
[rosmaster.master][INFO] 2026-08-30 00:06:48,774: -PUB [/rosout] /trajectory_planner http://localhost:39373/
[rosmaster.master][INFO] 2026-08-30 00:06:48,774: -SERVICE [/trajectory_planner/get_loggers] /trajectory_planner rosrpc://localhost:40043
[rosmaster.master][INFO] 2026-08-30 00:06:48,774: -SERVICE [/trajectory_planner/set_logger_level] /trajectory_planner rosrpc://localhost:40043
[rosmaster.master][INFO] 2026-08-30 00:06:48,847: publisherUpdate[/rosout] -> http://localhost:38827/ ['http://localhost:36869/', 'http://localhost:38193/', 'http://localhost:34419/', 'http://localhost:37215/', 'http://localhost:45143/', 'http://localhost:45079/', 'http://localhost:40933/', 'http://localhost:35147/', 'http://localhost:42543/', 'http://localhost:44175/', 'http://localhost:41029/', 'http://localhost:39373/']
[rosmaster.master][INFO] 2026-08-30 00:06:48,852: publisherUpdate[/rosout] -> http://localhost:38827/ ['http://localhost:36869/', 'http://localhost:38193/', 'http://localhost:34419/', 'http://localhost:37215/', 'http://localhost:45143/', 'http://localhost:45079/', 'http://localhost:40933/', 'http://localhost:35147/', 'http://localhost:42543/', 'http://localhost:44175/', 'http://localhost:41029/', 'http://localhost:39373/']: sec=0.00, result=[1, '', 0]
[rosmaster.master][INFO] 2026-08-30 00:06:48,852: publisherUpdate[/rosout] -> http://localhost:38827/ ['http://localhost:36869/', 'http://localhost:38193/', 'http://localhost:34419/', 'http://localhost:37215/', 'http://localhost:45143/', 'http://localhost:45079/', 'http://localhost:40933/', 'http://localhost:35147/', 'http://localhost:42543/', 'http://localhost:44175/', 'http://localhost:41029/']
[rosmaster.master][INFO] 2026-08-30 00:06:48,853: publisherUpdate[/rosout] -> http://localhost:38827/ ['http://localhost:36869/', 'http://localhost:38193/', 'http://localhost:34419/', 'http://localhost:37215/', 'http://localhost:45143/', 'http://localhost:45079/', 'http://localhost:40933/', 'http://localhost:35147/', 'http://localhost:42543/', 'http://localhost:44175/', 'http://localhost:41029/']: sec=0.00, result=[1, '', 0]
[rosmaster.master][INFO] 2026-08-30 00:07:44,988: +PUB [/rosout] /trajectory_planner http://localhost:43509/
[rosmaster.master][INFO] 2026-08-30 00:07:44,995: +SERVICE [/trajectory_planner/get_loggers] /trajectory_planner http://localhost:43509/
[rosmaster.master][INFO] 2026-08-30 00:07:44,997: +SERVICE [/trajectory_planner/set_logger_level] /trajectory_planner http://localhost:43509/
[rosmaster.master][INFO] 2026-08-30 00:07:45,003: +SUB [/mavros/local_position/odom] /trajectory_planner http://localhost:43509/
[rosmaster.master][INFO] 2026-08-30 00:07:45,009: -SUB [/mavros/local_position/odom] /trajectory_planner http://localhost:43509/
[rosmaster.master][INFO] 2026-08-30 00:07:45,009: -PUB [/rosout] /trajectory_planner http://localhost:43509/
[rosmaster.master][INFO] 2026-08-30 00:07:45,009: -SERVICE [/trajectory_planner/get_loggers] /trajectory_planner rosrpc://localhost:34337
[rosmaster.master][INFO] 2026-08-30 00:07:45,010: -SERVICE [/trajectory_planner/set_logger_level] /trajectory_planner rosrpc://localhost:34337
[rosmaster.master][INFO] 2026-08-30 00:07:45,025: publisherUpdate[/rosout] -> http://localhost:38827/ ['http://localhost:36869/', 'http://localhost:38193/', 'http://localhost:34419/', 'http://localhost:37215/', 'http://localhost:45143/', 'http://localhost:45079/', 'http://localhost:40933/', 'http://localhost:35147/', 'http://localhost:42543/', 'http://localhost:44175/', 'http://localhost:41029/', 'http://localhost:43509/']
[rosmaster.master][INFO] 2026-08-30 00:07:45,028: publisherUpdate[/rosout] -> http://localhost:38827/ ['http://localhost:36869/', 'http://localhost:38193/', 'http://localhost:34419/', 'http://localhost:37215/', 'http://localhost:45143/', 'http://localhost:45079/', 'http://localhost:40933/', 'http://localhost:35147/', 'http://localhost:42543/', 'http://localhost:44175/', 'http://localhost:41029/', 'http://localhost:43509/']: sec=0.00, result=[1, '', 0]
[rosmaster.master][INFO] 2026-08-30 00:07:45,028: publisherUpdate[/rosout] -> http://localhost:38827/ ['http://localhost:36869/', 'http://localhost:38193/', 'http://localhost:34419/', 'http://localhost:37215/', 'http://localhost:45143/', 'http://localhost:45079/', 'http://localhost:40933/', 'http://localhost:35147/', 'http://localhost:42543/', 'http://localhost:44175/', 'http://localhost:41029/']
[rosmaster.master][INFO] 2026-08-30 00:07:45,029: publisherUpdate[/rosout] -> http://localhost:38827/ ['http://localhost:36869/', 'http://localhost:38193/', 'http://localhost:34419/', 'http://localhost:37215/', 'http://localhost:45143/', 'http://localhost:45079/', 'http://localhost:40933/', 'http://localhost:35147/', 'http://localhost:42543/', 'http://localhost:44175/', 'http://localhost:41029/']: sec=0.00, result=[1, '', 0]
[rosmaster.master][INFO] 2026-08-30 00:08:49,897: +PUB [/rosout] /trajectory_planner http://localhost:38195/
[rosmaster.master][INFO] 2026-08-30 00:08:49,903: +SERVICE [/trajectory_planner/get_loggers] /trajectory_planner http://localhost:38195/
[rosmaster.master][INFO] 2026-08-30 00:08:49,904: +SERVICE [/trajectory_planner/set_logger_level] /trajectory_planner http://localhost:38195/
[rosmaster.master][INFO] 2026-08-30 00:08:49,909: +SUB [/mavros/local_position/odom] /trajectory_planner http://localhost:38195/
[rosmaster.master][INFO] 2026-08-30 00:08:49,912: -SUB [/mavros/local_position/odom] /trajectory_planner http://localhost:38195/
[rosmaster.master][INFO] 2026-08-30 00:08:49,913: -PUB [/rosout] /trajectory_planner http://localhost:38195/
[rosmaster.master][INFO] 2026-08-30 00:08:49,913: -SERVICE [/trajectory_planner/get_loggers] /trajectory_planner rosrpc://localhost:38909
[rosmaster.master][INFO] 2026-08-30 00:08:49,913: -SERVICE [/trajectory_planner/set_logger_level] /trajectory_planner rosrpc://localhost:38909
[rosmaster.master][INFO] 2026-08-30 00:08:49,935: publisherUpdate[/rosout] -> http://localhost:38827/ ['http://localhost:36869/', 'http://localhost:38193/', 'http://localhost:34419/', 'http://localhost:37215/', 'http://localhost:45143/', 'http://localhost:45079/', 'http://localhost:40933/', 'http://localhost:35147/', 'http://localhost:42543/', 'http://localhost:44175/', 'http://localhost:41029/', 'http://localhost:38195/']
[rosmaster.master][INFO] 2026-08-30 00:08:49,939: publisherUpdate[/rosout] -> http://localhost:38827/ ['http://localhost:36869/', 'http://localhost:38193/', 'http://localhost:34419/', 'http://localhost:37215/', 'http://localhost:45143/', 'http://localhost:45079/', 'http://localhost:40933/', 'http://localhost:35147/', 'http://localhost:42543/', 'http://localhost:44175/', 'http://localhost:41029/', 'http://localhost:38195/']: sec=0.00, result=[1, '', 0]
[rosmaster.master][INFO] 2026-08-30 00:08:49,939: publisherUpdate[/rosout] -> http://localhost:38827/ ['http://localhost:36869/', 'http://localhost:38193/', 'http://localhost:34419/', 'http://localhost:37215/', 'http://localhost:45143/', 'http://localhost:45079/', 'http://localhost:40933/', 'http://localhost:35147/', 'http://localhost:42543/', 'http://localhost:44175/', 'http://localhost:41029/']
[rosmaster.master][INFO] 2026-08-30 00:08:49,940: publisherUpdate[/rosout] -> http://localhost:38827/ ['http://localhost:36869/', 'http://localhost:38193/', 'http://localhost:34419/', 'http://localhost:37215/', 'http://localhost:45143/', 'http://localhost:45079/', 'http://localhost:40933/', 'http://localhost:35147/', 'http://localhost:42543/', 'http://localhost:44175/', 'http://localhost:41029/']: sec=0.00, result=[1, '', 0]
[rosmaster.master][INFO] 2026-08-30 00:09:54,726: +PUB [/rosout] /trajectory_planner http://localhost:36037/
[rosmaster.master][INFO] 2026-08-30 00:09:54,732: +SERVICE [/trajectory_planner/get_loggers] /trajectory_planner http://localhost:36037/
[rosmaster.master][INFO] 2026-08-30 00:09:54,733: +SERVICE [/trajectory_planner/set_logger_level] /trajectory_planner http://localhost:36037/
[rosmaster.master][INFO] 2026-08-30 00:09:54,738: +SUB [/mavros/local_position/odom] /trajectory_planner http://localhost:36037/
[rosmaster.master][INFO] 2026-08-30 00:09:54,742: -SUB [/mavros/local_position/odom] /trajectory_planner http://localhost:36037/
[rosmaster.master][INFO] 2026-08-30 00:09:54,743: -PUB [/rosout] /trajectory_planner http://localhost:36037/
[rosmaster.master][INFO] 2026-08-30 00:09:54,743: -SERVICE [/trajectory_planner/get_loggers] /trajectory_planner rosrpc://localhost:43735
[rosmaster.master][INFO] 2026-08-30 00:09:54,743: -SERVICE [/trajectory_planner/set_logger_level] /trajectory_planner rosrpc://localhost:43735
[rosmaster.master][INFO] 2026-08-30 00:09:54,769: publisherUpdate[/rosout] -> http://localhost:38827/ ['http://localhost:36869/', 'http://localhost:38193/', 'http://localhost:34419/', 'http://localhost:37215/', 'http://localhost:45143/', 'http://localhost:45079/', 'http://localhost:40933/', 'http://localhost:35147/', 'http://localhost:42543/', 'http://localhost:44175/', 'http://localhost:41029/', 'http://localhost:36037/']
[rosmaster.master][INFO] 2026-08-30 00:09:54,774: publisherUpdate[/rosout] -> http://localhost:38827/ ['http://localhost:36869/', 'http://localhost:38193/', 'http://localhost:34419/', 'http://localhost:37215/', 'http://localhost:45143/', 'http://localhost:45079/', 'http://localhost:40933/', 'http://localhost:35147/', 'http://localhost:42543/', 'http://localhost:44175/', 'http://localhost:41029/', 'http://localhost:36037/']: sec=0.00, result=[1, '', 0]
[rosmaster.master][INFO] 2026-08-30 00:09:54,774: publisherUpdate[/rosout] -> http://localhost:38827/ ['http://localhost:36869/', 'http://localhost:38193/', 'http://localhost:34419/', 'http://localhost:37215/', 'http://localhost:45143/', 'http://localhost:45079/', 'http://localhost:40933/', 'http://localhost:35147/', 'http://localhost:42543/', 'http://localhost:44175/', 'http://localhost:41029/']
[rosmaster.master][INFO] 2026-08-30 00:09:54,775: publisherUpdate[/rosout] -> http://localhost:38827/ ['http://localhost:36869/', 'http://localhost:38193/', 'http://localhost:34419/', 'http://localhost:37215/', 'http://localhost:45143/', 'http://localhost:45079/', 'http://localhost:40933/', 'http://localhost:35147/', 'http://localhost:42543/', 'http://localhost:44175/', 'http://localhost:41029/']: sec=0.00, result=[1, '', 0]
[rosmaster.master][INFO] 2026-08-30 00:10:59,768: +PUB [/rosout] /trajectory_planner http://localhost:41081/
[rosmaster.master][INFO] 2026-08-30 00:10:59,774: +SERVICE [/trajectory_planner/get_loggers] /trajectory_planner http://localhost:41081/
[rosmaster.master][INFO] 2026-08-30 00:10:59,775: +SERVICE [/trajectory_planner/set_logger_level] /trajectory_planner http://localhost:41081/
[rosmaster.master][INFO] 2026-08-30 00:10:59,780: +SUB [/mavros/local_position/odom] /trajectory_planner http://localhost:41081/
[rosmaster.master][INFO] 2026-08-30 00:10:59,783: -SUB [/mavros/local_position/odom] /trajectory_planner http://localhost:41081/
[rosmaster.master][INFO] 2026-08-30 00:10:59,784: -PUB [/rosout] /trajectory_planner http://localhost:41081/
[rosmaster.master][INFO] 2026-08-30 00:10:59,784: -SERVICE [/trajectory_planner/get_loggers] /trajectory_planner rosrpc://localhost:33581
[rosmaster.master][INFO] 2026-08-30 00:10:59,784: -SERVICE [/trajectory_planner/set_logger_level] /trajectory_planner rosrpc://localhost:33581
[rosmaster.master][INFO] 2026-08-30 00:10:59,833: publisherUpdate[/rosout] -> http://localhost:38827/ ['http://localhost:36869/', 'http://localhost:38193/', 'http://localhost:34419/', 'http://localhost:37215/', 'http://localhost:45143/', 'http://localhost:45079/', 'http://localhost:40933/', 'http://localhost:35147/', 'http://localhost:42543/', 'http://localhost:44175/', 'http://localhost:41029/', 'http://localhost:41081/']
[rosmaster.master][INFO] 2026-08-30 00:10:59,839: publisherUpdate[/rosout] -> http://localhost:38827/ ['http://localhost:36869/', 'http://localhost:38193/', 'http://localhost:34419/', 'http://localhost:37215/', 'http://localhost:45143/', 'http://localhost:45079/', 'http://localhost:40933/', 'http://localhost:35147/', 'http://localhost:42543/', 'http://localhost:44175/', 'http://localhost:41029/', 'http://localhost:41081/']: sec=0.01, result=[1, '', 0]
[rosmaster.master][INFO] 2026-08-30 00:10:59,839: publisherUpdate[/rosout] -> http://localhost:38827/ ['http://localhost:36869/', 'http://localhost:38193/', 'http://localhost:34419/', 'http://localhost:37215/', 'http://localhost:45143/', 'http://localhost:45079/', 'http://localhost:40933/', 'http://localhost:35147/', 'http://localhost:42543/', 'http://localhost:44175/', 'http://localhost:41029/']
[rosmaster.master][INFO] 2026-08-30 00:10:59,840: publisherUpdate[/rosout] -> http://localhost:38827/ ['http://localhost:36869/', 'http://localhost:38193/', 'http://localhost:34419/', 'http://localhost:37215/', 'http://localhost:45143/', 'http://localhost:45079/', 'http://localhost:40933/', 'http://localhost:35147/', 'http://localhost:42543/', 'http://localhost:44175/', 'http://localhost:41029/']: sec=0.00, result=[1, '', 0]
[rosmaster.master][INFO] 2026-08-30 00:12:06,407: +PUB [/rosout] /trajectory_planner http://localhost:38693/
[rosmaster.master][INFO] 2026-08-30 00:12:06,412: +SERVICE [/trajectory_planner/get_loggers] /trajectory_planner http://localhost:38693/
[rosmaster.master][INFO] 2026-08-30 00:12:06,413: +SERVICE [/trajectory_planner/set_logger_level] /trajectory_planner http://localhost:38693/
[rosmaster.master][INFO] 2026-08-30 00:12:06,419: +SUB [/mavros/local_position/odom] /trajectory_planner http://localhost:38693/
[rosmaster.master][INFO] 2026-08-30 00:12:06,419: publisherUpdate[/rosout] -> http://localhost:38827/ ['http://localhost:36869/', 'http://localhost:38193/', 'http://localhost:34419/', 'http://localhost:37215/', 'http://localhost:45143/', 'http://localhost:45079/', 'http://localhost:40933/', 'http://localhost:35147/', 'http://localhost:42543/', 'http://localhost:44175/', 'http://localhost:41029/', 'http://localhost:38693/']
[rosmaster.master][INFO] 2026-08-30 00:12:06,420: publisherUpdate[/rosout] -> http://localhost:38827/ ['http://localhost:36869/', 'http://localhost:38193/', 'http://localhost:34419/', 'http://localhost:37215/', 'http://localhost:45143/', 'http://localhost:45079/', 'http://localhost:40933/', 'http://localhost:35147/', 'http://localhost:42543/', 'http://localhost:44175/', 'http://localhost:41029/', 'http://localhost:38693/']: sec=0.00, result=[1, '', 0]
[rosmaster.master][INFO] 2026-08-30 00:12:06,424: -SUB [/mavros/local_position/odom] /trajectory_planner http://localhost:38693/
[rosmaster.master][INFO] 2026-08-30 00:12:06,425: -PUB [/rosout] /trajectory_planner http://localhost:38693/
[rosmaster.master][INFO] 2026-08-30 00:12:06,425: -SERVICE [/trajectory_planner/get_loggers] /trajectory_planner rosrpc://localhost:34919
[rosmaster.master][INFO] 2026-08-30 00:12:06,425: -SERVICE [/trajectory_planner/set_logger_level] /trajectory_planner rosrpc://localhost:34919
[rosmaster.master][INFO] 2026-08-30 00:12:06,520: publisherUpdate[/rosout] -> http://localhost:38827/ ['http://localhost:36869/', 'http://localhost:38193/', 'http://localhost:34419/', 'http://localhost:37215/', 'http://localhost:45143/', 'http://localhost:45079/', 'http://localhost:40933/', 'http://localhost:35147/', 'http://localhost:42543/', 'http://localhost:44175/', 'http://localhost:41029/']
[rosmaster.master][INFO] 2026-08-30 00:12:06,522: publisherUpdate[/rosout] -> http://localhost:38827/ ['http://localhost:36869/', 'http://localhost:38193/', 'http://localhost:34419/', 'http://localhost:37215/', 'http://localhost:45143/', 'http://localhost:45079/', 'http://localhost:40933/', 'http://localhost:35147/', 'http://localhost:42543/', 'http://localhost:44175/', 'http://localhost:41029/']: sec=0.00, result=[1, '', 0]
[rosmaster.master][INFO] 2026-08-30 00:13:11,132: +PUB [/rosout] /trajectory_planner http://localhost:35137/
[rosmaster.master][INFO] 2026-08-30 00:13:11,135: publisherUpdate[/rosout] -> http://localhost:38827/ ['http://localhost:36869/', 'http://localhost:38193/', 'http://localhost:34419/', 'http://localhost:37215/', 'http://localhost:45143/', 'http://localhost:45079/', 'http://localhost:40933/', 'http://localhost:35147/', 'http://localhost:42543/', 'http://localhost:44175/', 'http://localhost:41029/', 'http://localhost:35137/']
[rosmaster.master][INFO] 2026-08-30 00:13:11,137: publisherUpdate[/rosout] -> http://localhost:38827/ ['http://localhost:36869/', 'http://localhost:38193/', 'http://localhost:34419/', 'http://localhost:37215/', 'http://localhost:45143/', 'http://localhost:45079/', 'http://localhost:40933/', 'http://localhost:35147/', 'http://localhost:42543/', 'http://localhost:44175/', 'http://localhost:41029/', 'http://localhost:35137/']: sec=0.00, result=[1, '', 0]
[rosmaster.master][INFO] 2026-08-30 00:13:11,138: +SERVICE [/trajectory_planner/get_loggers] /trajectory_planner http://localhost:35137/
[rosmaster.master][INFO] 2026-08-30 00:13:11,139: +SERVICE [/trajectory_planner/set_logger_level] /trajectory_planner http://localhost:35137/
[rosmaster.master][INFO] 2026-08-30 00:13:11,146: +SUB [/mavros/local_position/odom] /trajectory_planner http://localhost:35137/
[rosmaster.master][INFO] 2026-08-30 00:13:11,149: -SUB [/mavros/local_position/odom] /trajectory_planner http://localhost:35137/
[rosmaster.master][INFO] 2026-08-30 00:13:11,150: -PUB [/rosout] /trajectory_planner http://localhost:35137/
[rosmaster.master][INFO] 2026-08-30 00:13:11,150: -SERVICE [/trajectory_planner/get_loggers] /trajectory_planner rosrpc://localhost:33439
[rosmaster.master][INFO] 2026-08-30 00:13:11,150: -SERVICE [/trajectory_planner/set_logger_level] /trajectory_planner rosrpc://localhost:33439
[rosmaster.master][INFO] 2026-08-30 00:13:11,159: publisherUpdate[/rosout] -> http://localhost:38827/ ['http://localhost:36869/', 'http://localhost:38193/', 'http://localhost:34419/', 'http://localhost:37215/', 'http://localhost:45143/', 'http://localhost:45079/', 'http://localhost:40933/', 'http://localhost:35147/', 'http://localhost:42543/', 'http://localhost:44175/', 'http://localhost:41029/']
[rosmaster.master][INFO] 2026-08-30 00:13:11,160: publisherUpdate[/rosout] -> http://localhost:38827/ ['http://localhost:36869/', 'http://localhost:38193/', 'http://localhost:34419/', 'http://localhost:37215/', 'http://localhost:45143/', 'http://localhost:45079/', 'http://localhost:40933/', 'http://localhost:35147/', 'http://localhost:42543/', 'http://localhost:44175/', 'http://localhost:41029/']: sec=0.00, result=[1, '', 0]
[rosmaster.master][INFO] 2026-08-30 00:14:15,783: +PUB [/rosout] /trajectory_planner http://localhost:45337/
[rosmaster.master][INFO] 2026-08-30 00:14:15,789: +SERVICE [/trajectory_planner/get_loggers] /trajectory_planner http://localhost:45337/
[rosmaster.master][INFO] 2026-08-30 00:14:15,790: +SERVICE [/trajectory_planner/set_logger_level] /trajectory_planner http://localhost:45337/
[rosmaster.master][INFO] 2026-08-30 00:14:15,796: +SUB [/mavros/local_position/odom] /trajectory_planner http://localhost:45337/
[rosmaster.master][INFO] 2026-08-30 00:14:15,799: publisherUpdate[/rosout] -> http://localhost:38827/ ['http://localhost:36869/', 'http://localhost:38193/', 'http://localhost:34419/', 'http://localhost:37215/', 'http://localhost:45143/', 'http://localhost:45079/', 'http://localhost:40933/', 'http://localhost:35147/', 'http://localhost:42543/', 'http://localhost:44175/', 'http://localhost:41029/', 'http://localhost:45337/']
[rosmaster.master][INFO] 2026-08-30 00:14:15,800: -SUB [/mavros/local_position/odom] /trajectory_planner http://localhost:45337/
[rosmaster.master][INFO] 2026-08-30 00:14:15,800: -PUB [/rosout] /trajectory_planner http://localhost:45337/
[rosmaster.master][INFO] 2026-08-30 00:14:15,800: -SERVICE [/trajectory_planner/get_loggers] /trajectory_planner rosrpc://localhost:41735
[rosmaster.master][INFO] 2026-08-30 00:14:15,801: -SERVICE [/trajectory_planner/set_logger_level] /trajectory_planner rosrpc://localhost:41735
[rosmaster.master][INFO] 2026-08-30 00:14:15,802: publisherUpdate[/rosout] -> http://localhost:38827/ ['http://localhost:36869/', 'http://localhost:38193/', 'http://localhost:34419/', 'http://localhost:37215/', 'http://localhost:45143/', 'http://localhost:45079/', 'http://localhost:40933/', 'http://localhost:35147/', 'http://localhost:42543/', 'http://localhost:44175/', 'http://localhost:41029/', 'http://localhost:45337/']: sec=0.00, result=[1, '', 0]
[rosmaster.master][INFO] 2026-08-30 00:14:15,802: publisherUpdate[/rosout] -> http://localhost:38827/ ['http://localhost:36869/', 'http://localhost:38193/', 'http://localhost:34419/', 'http://localhost:37215/', 'http://localhost:45143/', 'http://localhost:45079/', 'http://localhost:40933/', 'http://localhost:35147/', 'http://localhost:42543/', 'http://localhost:44175/', 'http://localhost:41029/']
[rosmaster.master][INFO] 2026-08-30 00:14:15,802: publisherUpdate[/rosout] -> http://localhost:38827/ ['http://localhost:36869/', 'http://localhost:38193/', 'http://localhost:34419/', 'http://localhost:37215/', 'http://localhost:45143/', 'http://localhost:45079/', 'http://localhost:40933/', 'http://localhost:35147/', 'http://localhost:42543/', 'http://localhost:44175/', 'http://localhost:41029/']: sec=0.00, result=[1, '', 0]
[rosmaster.master][INFO] 2026-08-30 00:15:20,641: +PUB [/rosout] /trajectory_planner http://localhost:36423/
[rosmaster.master][INFO] 2026-08-30 00:15:20,646: +SERVICE [/trajectory_planner/get_loggers] /trajectory_planner http://localhost:36423/
[rosmaster.master][INFO] 2026-08-30 00:15:20,647: +SERVICE [/trajectory_planner/set_logger_level] /trajectory_planner http://localhost:36423/
[rosmaster.master][INFO] 2026-08-30 00:15:20,652: +SUB [/mavros/local_position/odom] /trajectory_planner http://localhost:36423/
[rosmaster.master][INFO] 2026-08-30 00:15:20,656: -SUB [/mavros/local_position/odom] /trajectory_planner http://localhost:36423/
[rosmaster.master][INFO] 2026-08-30 00:15:20,656: -PUB [/rosout] /trajectory_planner http://localhost:36423/
[rosmaster.master][INFO] 2026-08-30 00:15:20,656: -SERVICE [/trajectory_planner/get_loggers] /trajectory_planner rosrpc://localhost:43763
[rosmaster.master][INFO] 2026-08-30 00:15:20,656: -SERVICE [/trajectory_planner/set_logger_level] /trajectory_planner rosrpc://localhost:43763
[rosmaster.master][INFO] 2026-08-30 00:15:20,663: publisherUpdate[/rosout] -> http://localhost:38827/ ['http://localhost:36869/', 'http://localhost:38193/', 'http://localhost:34419/', 'http://localhost:37215/', 'http://localhost:45143/', 'http://localhost:45079/', 'http://localhost:40933/', 'http://localhost:35147/', 'http://localhost:42543/', 'http://localhost:44175/', 'http://localhost:41029/', 'http://localhost:36423/']
[rosmaster.master][INFO] 2026-08-30 00:15:20,668: publisherUpdate[/rosout] -> http://localhost:38827/ ['http://localhost:36869/', 'http://localhost:38193/', 'http://localhost:34419/', 'http://localhost:37215/', 'http://localhost:45143/', 'http://localhost:45079/', 'http://localhost:40933/', 'http://localhost:35147/', 'http://localhost:42543/', 'http://localhost:44175/', 'http://localhost:41029/', 'http://localhost:36423/']: sec=0.00, result=[1, '', 0]
[rosmaster.master][INFO] 2026-08-30 00:15:20,668: publisherUpdate[/rosout] -> http://localhost:38827/ ['http://localhost:36869/', 'http://localhost:38193/', 'http://localhost:34419/', 'http://localhost:37215/', 'http://localhost:45143/', 'http://localhost:45079/', 'http://localhost:40933/', 'http://localhost:35147/', 'http://localhost:42543/', 'http://localhost:44175/', 'http://localhost:41029/']
[rosmaster.master][INFO] 2026-08-30 00:15:20,669: publisherUpdate[/rosout] -> http://localhost:38827/ ['http://localhost:36869/', 'http://localhost:38193/', 'http://localhost:34419/', 'http://localhost:37215/', 'http://localhost:45143/', 'http://localhost:45079/', 'http://localhost:40933/', 'http://localhost:35147/', 'http://localhost:42543/', 'http://localhost:44175/', 'http://localhost:41029/']: sec=0.00, result=[1, '', 0]
[rosmaster.master][INFO] 2026-08-30 00:16:25,507: +PUB [/rosout] /trajectory_planner http://localhost:46639/
[rosmaster.master][INFO] 2026-08-30 00:16:25,513: +SERVICE [/trajectory_planner/get_loggers] /trajectory_planner http://localhost:46639/
[rosmaster.master][INFO] 2026-08-30 00:16:25,513: +SERVICE [/trajectory_planner/set_logger_level] /trajectory_planner http://localhost:46639/
[rosmaster.master][INFO] 2026-08-30 00:16:25,515: publisherUpdate[/rosout] -> http://localhost:38827/ ['http://localhost:36869/', 'http://localhost:38193/', 'http://localhost:34419/', 'http://localhost:37215/', 'http://localhost:45143/', 'http://localhost:45079/', 'http://localhost:40933/', 'http://localhost:35147/', 'http://localhost:42543/', 'http://localhost:44175/', 'http://localhost:41029/', 'http://localhost:46639/']
[rosmaster.master][INFO] 2026-08-30 00:16:25,516: publisherUpdate[/rosout] -> http://localhost:38827/ ['http://localhost:36869/', 'http://localhost:38193/', 'http://localhost:34419/', 'http://localhost:37215/', 'http://localhost:45143/', 'http://localhost:45079/', 'http://localhost:40933/', 'http://localhost:35147/', 'http://localhost:42543/', 'http://localhost:44175/', 'http://localhost:41029/', 'http://localhost:46639/']: sec=0.00, result=[1, '', 0]
[rosmaster.master][INFO] 2026-08-30 00:16:25,520: +SUB [/mavros/local_position/odom] /trajectory_planner http://localhost:46639/
[rosmaster.master][INFO] 2026-08-30 00:16:25,523: -SUB [/mavros/local_position/odom] /trajectory_planner http://localhost:46639/
[rosmaster.master][INFO] 2026-08-30 00:16:25,524: -PUB [/rosout] /trajectory_planner http://localhost:46639/
[rosmaster.master][INFO] 2026-08-30 00:16:25,524: -SERVICE [/trajectory_planner/get_loggers] /trajectory_planner rosrpc://localhost:38525
[rosmaster.master][INFO] 2026-08-30 00:16:25,524: -SERVICE [/trajectory_planner/set_logger_level] /trajectory_planner rosrpc://localhost:38525
[rosmaster.master][INFO] 2026-08-30 00:16:25,598: publisherUpdate[/rosout] -> http://localhost:38827/ ['http://localhost:36869/', 'http://localhost:38193/', 'http://localhost:34419/', 'http://localhost:37215/', 'http://localhost:45143/', 'http://localhost:45079/', 'http://localhost:40933/', 'http://localhost:35147/', 'http://localhost:42543/', 'http://localhost:44175/', 'http://localhost:41029/']
[rosmaster.master][INFO] 2026-08-30 00:16:25,599: publisherUpdate[/rosout] -> http://localhost:38827/ ['http://localhost:36869/', 'http://localhost:38193/', 'http://localhost:34419/', 'http://localhost:37215/', 'http://localhost:45143/', 'http://localhost:45079/', 'http://localhost:40933/', 'http://localhost:35147/', 'http://localhost:42543/', 'http://localhost:44175/', 'http://localhost:41029/']: sec=0.00, result=[1, '', 0]
[rosmaster.master][INFO] 2026-08-30 00:17:18,360: -SUB [/yolo_detector/node_health] /health_checker http://localhost:34419/
[rosmaster.master][INFO] 2026-08-30 00:17:18,361: -SUB [/target_tracking_controller/node_health] /health_checker http://localhost:34419/
[rosmaster.master][INFO] 2026-08-30 00:17:18,362: -SUB [/vehicle_state_monitor/node_health] /health_checker http://localhost:34419/
[rosmaster.master][INFO] 2026-08-30 00:17:18,363: -SUB [/mission_manager/node_health] /health_checker http://localhost:34419/
[rosmaster.master][INFO] 2026-08-30 00:17:18,363: -SUB [/mavros/local_position/pose] /safety_monitor http://localhost:42543/
[rosmaster.master][INFO] 2026-08-30 00:17:18,363: -SUB [/mavros/local_position/velocity] /safety_monitor http://localhost:42543/
[rosmaster.master][INFO] 2026-08-30 00:17:18,363: -SUB [/mavros/state] /safety_monitor http://localhost:42543/
[rosmaster.master][INFO] 2026-08-30 00:17:18,363: -PUB [/rosout] /safety_monitor http://localhost:42543/
[rosmaster.master][INFO] 2026-08-30 00:17:18,363: -PUB [/safety_status] /safety_monitor http://localhost:42543/
[rosmaster.master][INFO] 2026-08-30 00:17:18,364: -PUB [/safety_monitor/node_health] /safety_monitor http://localhost:42543/
[rosmaster.master][INFO] 2026-08-30 00:17:18,364: -PUB [/emergency_triggered] /safety_monitor http://localhost:42543/
[rosmaster.master][INFO] 2026-08-30 00:17:18,364: -SERVICE [/safety_monitor/get_loggers] /safety_monitor rosrpc://localhost:37247
[rosmaster.master][INFO] 2026-08-30 00:17:18,364: -SERVICE [/safety_monitor/set_logger_level] /safety_monitor rosrpc://localhost:37247
[rosmaster.master][INFO] 2026-08-30 00:17:18,364: -SERVICE [/safety/geofence_enable] /safety_monitor rosrpc://localhost:37247
[rosmaster.master][INFO] 2026-08-30 00:17:18,364: -SERVICE [/safety/geofence_disable] /safety_monitor rosrpc://localhost:37247
[rosmaster.master][INFO] 2026-08-30 00:17:18,365: -SERVICE [/safety/check] /safety_monitor rosrpc://localhost:37247
[rosmaster.master][INFO] 2026-08-30 00:17:18,365: -SERVICE [/safety/status] /safety_monitor rosrpc://localhost:37247
[rosmaster.master][INFO] 2026-08-30 00:17:18,366: -SUB [/safety_monitor/node_health] /health_checker http://localhost:34419/
[rosmaster.master][INFO] 2026-08-30 00:17:18,366: -SUB [/command_interpreter/node_health] /health_checker http://localhost:34419/
[rosmaster.master][INFO] 2026-08-30 00:17:18,366: -PUB [/rosout] /health_checker http://localhost:34419/
[rosmaster.master][INFO] 2026-08-30 00:17:18,366: -PUB [/system_health] /health_checker http://localhost:34419/
[rosmaster.master][INFO] 2026-08-30 00:17:18,367: -SERVICE [/health_checker/get_loggers] /health_checker rosrpc://localhost:45665
[rosmaster.master][INFO] 2026-08-30 00:17:18,367: -SERVICE [/health_checker/set_logger_level] /health_checker rosrpc://localhost:45665
[rosmaster.master][INFO] 2026-08-30 00:17:18,367: -SERVICE [/health/check_all] /health_checker rosrpc://localhost:45665
[rosmaster.master][INFO] 2026-08-30 00:17:18,367: -SERVICE [/health/restart_node] /health_checker rosrpc://localhost:45665
[rosmaster.master][INFO] 2026-08-30 00:17:18,370: -PUB [/rosout] /camera_calibration http://localhost:37215/
[rosmaster.master][INFO] 2026-08-30 00:17:18,378: -PUB [/camera/camera_info] /camera_calibration http://localhost:37215/
[rosmaster.master][INFO] 2026-08-30 00:17:18,379: -PUB [/tf] /camera_calibration http://localhost:37215/
[rosmaster.master][INFO] 2026-08-30 00:17:18,379: -SERVICE [/camera_calibration/get_loggers] /camera_calibration rosrpc://localhost:34711
[rosmaster.master][INFO] 2026-08-30 00:17:18,380: -SERVICE [/camera_calibration/set_logger_level] /camera_calibration rosrpc://localhost:34711
[rosmaster.master][INFO] 2026-08-30 00:17:18,389: -SUB [/mavros/local_position/odom] /target_tracking_controller http://localhost:44175/
[rosmaster.master][INFO] 2026-08-30 00:17:18,389: -SUB [/detected_objects] /target_tracking_controller http://localhost:44175/
[rosmaster.master][INFO] 2026-08-30 00:17:18,389: -SUB [/mavros/state] /target_tracking_controller http://localhost:44175/
[rosmaster.master][INFO] 2026-08-30 00:17:18,390: -SUB [/mission_status] /target_tracking_controller http://localhost:44175/
[rosmaster.master][INFO] 2026-08-30 00:17:18,402: -PUB [/rosout] /target_tracking_controller http://localhost:44175/
[rosmaster.master][INFO] 2026-08-30 00:17:18,403: -SUB [/drone_control/command] /mission_manager http://localhost:38193/
[rosmaster.master][INFO] 2026-08-30 00:17:18,403: -SUB [/safety_status] /mission_manager http://localhost:38193/
[rosmaster.master][INFO] 2026-08-30 00:17:18,403: -SUB [/tracked_targets] /mission_manager http://localhost:38193/
[rosmaster.master][INFO] 2026-08-30 00:17:18,403: -PUB [/rosout] /mission_manager http://localhost:38193/
[rosmaster.master][INFO] 2026-08-30 00:17:18,403: -PUB [/mission_status] /mission_manager http://localhost:38193/
[rosmaster.master][INFO] 2026-08-30 00:17:18,403: -PUB [/mission_manager/node_health] /mission_manager http://localhost:38193/
[rosmaster.master][INFO] 2026-08-30 00:17:18,404: -SERVICE [/mission_manager/get_loggers] /mission_manager rosrpc://localhost:42647
[rosmaster.master][INFO] 2026-08-30 00:17:18,404: -SERVICE [/mission_manager/set_logger_level] /mission_manager rosrpc://localhost:42647
[rosmaster.master][INFO] 2026-08-30 00:17:18,404: -SUB [/mavros/state] /vehicle_state_monitor http://localhost:35147/
[rosmaster.master][INFO] 2026-08-30 00:17:18,404: -SUB [/mavros/battery] /vehicle_state_monitor http://localhost:35147/
[rosmaster.master][INFO] 2026-08-30 00:17:18,404: -SUB [/mavros/local_position/velocity] /vehicle_state_monitor http://localhost:35147/
[rosmaster.master][INFO] 2026-08-30 00:17:18,405: -PUB [/rosout] /vehicle_state_monitor http://localhost:35147/
[rosmaster.master][INFO] 2026-08-30 00:17:18,405: -PUB [/drone_status] /vehicle_state_monitor http://localhost:35147/
[rosmaster.master][INFO] 2026-08-30 00:17:18,405: -PUB [/diagnostic_status] /vehicle_state_monitor http://localhost:35147/
[rosmaster.master][INFO] 2026-08-30 00:17:18,405: -PUB [/vehicle_state_monitor/node_health] /vehicle_state_monitor http://localhost:35147/
[rosmaster.master][INFO] 2026-08-30 00:17:18,405: -PUB [/battery_percentage] /vehicle_state_monitor http://localhost:35147/
[rosmaster.master][INFO] 2026-08-30 00:17:18,405: -SERVICE [/vehicle_state_monitor/get_loggers] /vehicle_state_monitor rosrpc://localhost:37913
[rosmaster.master][INFO] 2026-08-30 00:17:18,406: -SERVICE [/vehicle_state_monitor/set_logger_level] /vehicle_state_monitor rosrpc://localhost:37913
[rosmaster.master][INFO] 2026-08-30 00:17:18,406: -SERVICE [/drone_emergency_stop] /vehicle_state_monitor rosrpc://localhost:37913
[rosmaster.master][INFO] 2026-08-30 00:17:18,406: -SERVICE [/drone_arm] /vehicle_state_monitor rosrpc://localhost:37913
[rosmaster.master][INFO] 2026-08-30 00:17:18,406: -SERVICE [/drone_disarm] /vehicle_state_monitor rosrpc://localhost:37913
[rosmaster.master][INFO] 2026-08-30 00:17:18,406: -SERVICE [/drone_get_status] /vehicle_state_monitor rosrpc://localhost:37913
[rosmaster.master][INFO] 2026-08-30 00:17:18,406: -SUB [/health/check_all] /system_health_monitor http://localhost:45079/
[rosmaster.master][INFO] 2026-08-30 00:17:18,406: -PUB [/rosout] /system_health_monitor http://localhost:45079/
[rosmaster.master][INFO] 2026-08-30 00:17:18,407: -PUB [/system_health] /system_health_monitor http://localhost:45079/
[rosmaster.master][INFO] 2026-08-30 00:17:18,407: -PUB [/diagnostic_status] /system_health_monitor http://localhost:45079/
[rosmaster.master][INFO] 2026-08-30 00:17:18,407: -PUB [/performance_metrics] /system_health_monitor http://localhost:45079/
[rosmaster.master][INFO] 2026-08-30 00:17:18,407: -PUB [/system_alert] /system_health_monitor http://localhost:45079/
[rosmaster.master][INFO] 2026-08-30 00:17:18,407: -SERVICE [/system_health_monitor/get_loggers] /system_health_monitor rosrpc://localhost:45375
[rosmaster.master][INFO] 2026-08-30 00:17:18,407: -SERVICE [/system_health_monitor/set_logger_level] /system_health_monitor rosrpc://localhost:45375
[rosmaster.master][INFO] 2026-08-30 00:17:18,407: -SUB [/drone_control/command] /command_interpreter http://localhost:40933/
[rosmaster.master][INFO] 2026-08-30 00:17:18,408: -PUB [/rosout] /command_interpreter http://localhost:40933/
[rosmaster.master][INFO] 2026-08-30 00:17:18,408: -PUB [/drone_control/command_response] /command_interpreter http://localhost:40933/
[rosmaster.master][INFO] 2026-08-30 00:17:18,408: -PUB [/command_interpreter/node_health] /command_interpreter http://localhost:40933/
[rosmaster.master][INFO] 2026-08-30 00:17:18,408: -SERVICE [/command_interpreter/get_loggers] /command_interpreter rosrpc://localhost:41541
[rosmaster.master][INFO] 2026-08-30 00:17:18,408: -SERVICE [/command_interpreter/set_logger_level] /command_interpreter rosrpc://localhost:41541
[rosmaster.master][INFO] 2026-08-30 00:17:18,409: -SUB [/drone_control/command] /yolo_detector http://localhost:41029/
[rosmaster.master][INFO] 2026-08-30 00:17:18,409: -SUB [/mission_status] /yolo_detector http://localhost:41029/
[rosmaster.master][INFO] 2026-08-30 00:17:18,409: -SUB [/camera/color/image_raw] /yolo_detector http://localhost:41029/
[rosmaster.master][INFO] 2026-08-30 00:17:18,409: -PUB [/rosout] /yolo_detector http://localhost:41029/
[rosmaster.master][INFO] 2026-08-30 00:17:18,409: -PUB [/yolo_detector/node_health] /yolo_detector http://localhost:41029/
[rosmaster.master][INFO] 2026-08-30 00:17:18,409: -PUB [/command_response] /yolo_detector http://localhost:41029/
[rosmaster.master][INFO] 2026-08-30 00:17:18,409: -PUB [/detected_objects] /yolo_detector http://localhost:41029/
[rosmaster.master][INFO] 2026-08-30 00:17:18,409: -SERVICE [/yolo_detector/get_loggers] /yolo_detector rosrpc://localhost:38055
[rosmaster.master][INFO] 2026-08-30 00:17:18,409: -SERVICE [/yolo_detector/set_logger_level] /yolo_detector rosrpc://localhost:38055
[rosmaster.master][INFO] 2026-08-30 00:17:18,415: -SUB [/mavros/imu/data] /sensor_fusion http://localhost:45143/
[rosmaster.master][INFO] 2026-08-30 00:17:18,415: -SUB [/mavros/global_position/global] /sensor_fusion http://localhost:45143/
[rosmaster.master][INFO] 2026-08-30 00:17:18,415: -SUB [/mavros/local_position/pose] /sensor_fusion http://localhost:45143/
[rosmaster.master][INFO] 2026-08-30 00:17:18,415: -PUB [/rosout] /sensor_fusion http://localhost:45143/
[rosmaster.master][INFO] 2026-08-30 00:17:18,416: -PUB [/sensor_fusion/node_health] /sensor_fusion http://localhost:45143/
[rosmaster.master][INFO] 2026-08-30 00:17:18,416: -SERVICE [/sensor_fusion/get_loggers] /sensor_fusion rosrpc://localhost:41965
[rosmaster.master][INFO] 2026-08-30 00:17:18,416: -SERVICE [/sensor_fusion/set_logger_level] /sensor_fusion rosrpc://localhost:41965
[rosmaster.master][INFO] 2026-08-30 00:17:18,418: -PUB [/tracked_targets] /target_tracking_controller http://localhost:44175/
[rosmaster.master][INFO] 2026-08-30 00:17:18,419: -PUB [/mavros/setpoint_velocity/cmd_vel_unstamped] /target_tracking_controller http://localhost:44175/
[rosmaster.master][INFO] 2026-08-30 00:17:18,419: -PUB [/mavros/setpoint_raw/local] /target_tracking_controller http://localhost:44175/
[rosmaster.master][INFO] 2026-08-30 00:17:18,420: -PUB [/target_tracking_controller/node_health] /target_tracking_controller http://localhost:44175/
[rosmaster.master][INFO] 2026-08-30 00:17:18,420: -SERVICE [/target_tracking_controller/get_loggers] /target_tracking_controller rosrpc://localhost:39479
[rosmaster.master][INFO] 2026-08-30 00:17:18,421: -SERVICE [/target_tracking_controller/set_logger_level] /target_tracking_controller rosrpc://localhost:39479
[rosmaster.master][INFO] 2026-08-30 00:17:18,427: publisherUpdate[/rosout] -> http://localhost:38827/ ['http://localhost:36869/', 'http://localhost:38193/', 'http://localhost:34419/', 'http://localhost:37215/', 'http://localhost:45143/', 'http://localhost:45079/', 'http://localhost:40933/', 'http://localhost:35147/', 'http://localhost:44175/', 'http://localhost:41029/']
[rosmaster.master][INFO] 2026-08-30 00:17:18,430: publisherUpdate[/rosout] -> http://localhost:38827/ ['http://localhost:36869/', 'http://localhost:38193/', 'http://localhost:34419/', 'http://localhost:37215/', 'http://localhost:45143/', 'http://localhost:45079/', 'http://localhost:40933/', 'http://localhost:35147/', 'http://localhost:44175/', 'http://localhost:41029/']: sec=0.00, result=[1, '', 0]
[rosmaster.master][INFO] 2026-08-30 00:17:18,430: publisherUpdate[/safety_status] -> http://localhost:38193/ []
[rosmaster.master][INFO] 2026-08-30 00:17:18,431: publisherUpdate[/safety_monitor/node_health] -> http://localhost:34419/ []
[rosmaster.master][INFO] 2026-08-30 00:17:18,435: publisherUpdate[/rosout] -> http://localhost:38827/ ['http://localhost:36869/', 'http://localhost:38193/', 'http://localhost:37215/', 'http://localhost:45143/', 'http://localhost:45079/', 'http://localhost:40933/', 'http://localhost:35147/', 'http://localhost:44175/', 'http://localhost:41029/']
[rosmaster.master][INFO] 2026-08-30 00:17:18,442: publisherUpdate[/rosout] -> http://localhost:38827/ ['http://localhost:36869/', 'http://localhost:38193/', 'http://localhost:37215/', 'http://localhost:45143/', 'http://localhost:45079/', 'http://localhost:40933/', 'http://localhost:35147/', 'http://localhost:44175/', 'http://localhost:41029/']: sec=0.01, result=[1, '', 0]
[rosmaster.master][INFO] 2026-08-30 00:17:18,443: publisherUpdate[/rosout] -> http://localhost:38827/ ['http://localhost:36869/', 'http://localhost:38193/', 'http://localhost:45143/', 'http://localhost:45079/', 'http://localhost:40933/', 'http://localhost:35147/', 'http://localhost:44175/', 'http://localhost:41029/']
[rosmaster.master][INFO] 2026-08-30 00:17:18,445: publisherUpdate[/safety_monitor/node_health] -> http://localhost:34419/ []: sec=0.01, exception=[Errno 111] Connection refused
[rosmaster.master][INFO] 2026-08-30 00:17:18,455: publisherUpdate[/rosout] -> http://localhost:38827/ ['http://localhost:36869/', 'http://localhost:38193/', 'http://localhost:45143/', 'http://localhost:45079/', 'http://localhost:40933/', 'http://localhost:35147/', 'http://localhost:44175/', 'http://localhost:41029/']: sec=0.00, result=[1, '', 0]
[rosmaster.master][INFO] 2026-08-30 00:17:18,456: publisherUpdate[/rosout] -> http://localhost:38827/ ['http://localhost:36869/', 'http://localhost:38193/', 'http://localhost:45143/', 'http://localhost:45079/', 'http://localhost:40933/', 'http://localhost:35147/', 'http://localhost:41029/']
[rosmaster.master][INFO] 2026-08-30 00:17:18,451: publisherUpdate[/safety_status] -> http://localhost:38193/ []: sec=0.02, result=[1, '', 0]
[rosmaster.master][INFO] 2026-08-30 00:17:18,457: publisherUpdate[/mission_status] -> http://localhost:41029/ []
[rosmaster.master][INFO] 2026-08-30 00:17:18,464: publisherUpdate[/mission_status] -> http://localhost:41029/ []: sec=0.01, exception=[Errno 111] Connection refused
[rosmaster.threadpool][ERROR] 2026-08-30 00:17:18,466: Traceback (most recent call last):
  File "/opt/ros/noetic/lib/python3/dist-packages/rosmaster/threadpool.py", line 218, in run
    result = cmd(*args)
  File "/opt/ros/noetic/lib/python3/dist-packages/rosmaster/master_api.py", line 210, in publisher_update_task
    ret = xmlrpcapi(api).publisherUpdate('/master', topic, pub_uris)
  File "/usr/lib/python3.8/xmlrpc/client.py", line 1109, in __call__
    return self.__send(self.__name, args)
  File "/usr/lib/python3.8/xmlrpc/client.py", line 1450, in __request
    response = self.__transport.request(
  File "/usr/lib/python3.8/xmlrpc/client.py", line 1153, in request
    return self.single_request(host, handler, request_body, verbose)
  File "/usr/lib/python3.8/xmlrpc/client.py", line 1165, in single_request
    http_conn = self.send_request(host, handler, request_body, verbose)
  File "/usr/lib/python3.8/xmlrpc/client.py", line 1278, in send_request
    self.send_content(connection, request_body)
  File "/usr/lib/python3.8/xmlrpc/client.py", line 1308, in send_content
    connection.endheaders(request_body)
  File "/usr/lib/python3.8/http/client.py", line 1251, in endheaders
    self._send_output(message_body, encode_chunked=encode_chunked)
  File "/usr/lib/python3.8/http/client.py", line 1011, in _send_output
    self.send(msg)
  File "/usr/lib/python3.8/http/client.py", line 951, in send
    self.connect()
  File "/usr/lib/python3.8/http/client.py", line 922, in connect
    self.sock = self._create_connection(
  File "/usr/lib/python3.8/socket.py", line 808, in create_connection
    raise err
  File "/usr/lib/python3.8/socket.py", line 796, in create_connection
    sock.connect(sa)
ConnectionRefusedError: [Errno 111] Connection refused

[rosmaster.threadpool][ERROR] 2026-08-30 00:17:18,470: Traceback (most recent call last):
  File "/opt/ros/noetic/lib/python3/dist-packages/rosmaster/threadpool.py", line 218, in run
    result = cmd(*args)
  File "/opt/ros/noetic/lib/python3/dist-packages/rosmaster/master_api.py", line 210, in publisher_update_task
    ret = xmlrpcapi(api).publisherUpdate('/master', topic, pub_uris)
  File "/usr/lib/python3.8/xmlrpc/client.py", line 1109, in __call__
    return self.__send(self.__name, args)
  File "/usr/lib/python3.8/xmlrpc/client.py", line 1450, in __request
    response = self.__transport.request(
  File "/usr/lib/python3.8/xmlrpc/client.py", line 1153, in request
    return self.single_request(host, handler, request_body, verbose)
  File "/usr/lib/python3.8/xmlrpc/client.py", line 1165, in single_request
    http_conn = self.send_request(host, handler, request_body, verbose)
  File "/usr/lib/python3.8/xmlrpc/client.py", line 1278, in send_request
    self.send_content(connection, request_body)
  File "/usr/lib/python3.8/xmlrpc/client.py", line 1308, in send_content
    connection.endheaders(request_body)
  File "/usr/lib/python3.8/http/client.py", line 1251, in endheaders
    self._send_output(message_body, encode_chunked=encode_chunked)
  File "/usr/lib/python3.8/http/client.py", line 1011, in _send_output
    self.send(msg)
  File "/usr/lib/python3.8/http/client.py", line 951, in send
    self.connect()
  File "/usr/lib/python3.8/http/client.py", line 922, in connect
    self.sock = self._create_connection(
  File "/usr/lib/python3.8/socket.py", line 808, in create_connection
    raise err
  File "/usr/lib/python3.8/socket.py", line 796, in create_connection
    sock.connect(sa)
ConnectionRefusedError: [Errno 111] Connection refused

[rosmaster.master][INFO] 2026-08-30 00:17:18,471: publisherUpdate[/rosout] -> http://localhost:38827/ ['http://localhost:36869/', 'http://localhost:38193/', 'http://localhost:45143/', 'http://localhost:45079/', 'http://localhost:40933/', 'http://localhost:35147/', 'http://localhost:41029/']: sec=0.01, result=[1, '', 0]
[rosmaster.master][INFO] 2026-08-30 00:17:18,471: publisherUpdate[/rosout] -> http://localhost:38827/ ['http://localhost:36869/', 'http://localhost:45143/', 'http://localhost:45079/', 'http://localhost:40933/', 'http://localhost:35147/', 'http://localhost:41029/']
[rosmaster.master][INFO] 2026-08-30 00:17:18,472: publisherUpdate[/rosout] -> http://localhost:38827/ ['http://localhost:36869/', 'http://localhost:45143/', 'http://localhost:45079/', 'http://localhost:40933/', 'http://localhost:35147/', 'http://localhost:41029/']: sec=0.00, result=[1, '', 0]
[rosmaster.master][INFO] 2026-08-30 00:17:18,473: publisherUpdate[/rosout] -> http://localhost:38827/ ['http://localhost:36869/', 'http://localhost:45143/', 'http://localhost:45079/', 'http://localhost:40933/', 'http://localhost:41029/']
[rosmaster.master][INFO] 2026-08-30 00:17:18,477: publisherUpdate[/rosout] -> http://localhost:38827/ ['http://localhost:36869/', 'http://localhost:45143/', 'http://localhost:45079/', 'http://localhost:40933/', 'http://localhost:41029/']: sec=0.00, result=[1, '', 0]
[rosmaster.master][INFO] 2026-08-30 00:17:18,478: publisherUpdate[/rosout] -> http://localhost:38827/ ['http://localhost:36869/', 'http://localhost:45143/', 'http://localhost:40933/', 'http://localhost:41029/']
[rosmaster.master][INFO] 2026-08-30 00:17:18,484: publisherUpdate[/rosout] -> http://localhost:38827/ ['http://localhost:36869/', 'http://localhost:45143/', 'http://localhost:40933/', 'http://localhost:41029/']: sec=0.01, result=[1, '', 0]
[rosmaster.master][INFO] 2026-08-30 00:17:18,484: publisherUpdate[/rosout] -> http://localhost:38827/ ['http://localhost:36869/', 'http://localhost:45143/', 'http://localhost:41029/']
[rosmaster.master][INFO] 2026-08-30 00:17:18,486: publisherUpdate[/rosout] -> http://localhost:38827/ ['http://localhost:36869/', 'http://localhost:45143/', 'http://localhost:41029/']: sec=0.00, result=[1, '', 0]
[rosmaster.master][INFO] 2026-08-30 00:17:18,486: publisherUpdate[/rosout] -> http://localhost:38827/ ['http://localhost:36869/', 'http://localhost:45143/']
[rosmaster.master][INFO] 2026-08-30 00:17:18,488: publisherUpdate[/rosout] -> http://localhost:38827/ ['http://localhost:36869/', 'http://localhost:45143/']: sec=0.00, result=[1, '', 0]
[rosmaster.master][INFO] 2026-08-30 00:17:18,489: publisherUpdate[/rosout] -> http://localhost:38827/ ['http://localhost:36869/']
[rosmaster.master][INFO] 2026-08-30 00:17:18,492: publisherUpdate[/rosout] -> http://localhost:38827/ ['http://localhost:36869/']: sec=0.00, result=[1, '', 0]
[rosmaster.master][INFO] 2026-08-30 00:17:19,331: -PUB [/rosout] /parameter_validator http://localhost:36869/
[rosmaster.master][INFO] 2026-08-30 00:17:19,332: -SERVICE [/parameter_validator/get_loggers] /parameter_validator rosrpc://localhost:33505
[rosmaster.master][INFO] 2026-08-30 00:17:19,332: -SERVICE [/parameter_validator/set_logger_level] /parameter_validator rosrpc://localhost:33505
[rosmaster.master][INFO] 2026-08-30 00:17:19,332: publisherUpdate[/rosout] -> http://localhost:38827/ []
[rosmaster.master][INFO] 2026-08-30 00:17:19,334: publisherUpdate[/rosout] -> http://localhost:38827/ []: sec=0.00, result=[1, '', 0]
[rosmaster.master][INFO] 2026-08-30 00:17:20,152: -PUB [/rosout_agg] /rosout http://localhost:38827/
[rosmaster.master][INFO] 2026-08-30 00:17:20,153: -SUB [/rosout] /rosout http://localhost:38827/
[rosmaster.master][INFO] 2026-08-30 00:17:20,154: -SERVICE [/rosout/get_loggers] /rosout rosrpc://localhost:39051
[rosmaster.master][INFO] 2026-08-30 00:17:20,155: -SERVICE [/rosout/set_logger_level] /rosout rosrpc://localhost:39051
[rosmaster.master][INFO] 2026-08-30 00:17:20,156: -CACHEDPARAM [/rosout/omit_topics] by /rosout
[rosmaster.main][INFO] 2026-08-30 00:17:20,187: keyboard interrupt, will exit
[rosmaster.main][INFO] 2026-08-30 00:17:20,187: stopping master...
[rospy.core][INFO] 2026-08-30 00:17:20,187: signal_shutdown [atexit]
