

1788082964.165483398  Node Startup
1788082967.575349092 INFO /camera_calibration [camera_calibration.py:29(CameraCalibration.__init__)] [topics: /camera/camera_info, /rosout, /tf] Camera calibration node started
1788082967.767464399 INFO /sensor_fusion [sensor_fusion.py:40(SensorFusion.__init__)] [topics: /mavros/local_position/pose, /mavros/global_position/global, /mavros/imu/data, /rosout, /sensor_fusion/node_health] Sensor Fusion initialized
1788082968.050133705 INFO /mission_manager [mission_manager.py:115(MissionManager.__init__)] [topics: /mission_status, /tracked_targets, /mission_manager/node_health, /safety_status, /drone_control/command, /rosout] Mission Manager initialized
1788082968.131547451 INFO /safety_monitor [safety_monitor.py:78(SafetyMonitor.__init__)] [topics: /mavros/state, /mavros/local_position/pose, /safety_status, /rosout, /emergency_triggered, /mavros/local_position/velocity, /safety_monitor/node_health] Health publisher: /safety_monitor/node_health
1788082968.259445428 INFO /parameter_validator [parameter_validator.py:65(ParameterValidator.__init__)] [topics: /rosout] Parameter validator initialized successfully
1788082968.256808280 INFO /system_health_monitor [system_health_monitor.py:77(SystemHealthMonitor.__init__)] [topics: /diagnostic_status, /system_alert, /health/check_all, /system_health, /rosout, /performance_metrics] System Health Monitor initialized
1788082968.334622621 INFO /command_interpreter [command_interpreter.py:65(CommandInterpreter.__init__)] [topics: /command_interpreter/node_health, /drone_control/command_response, /drone_control/command, /rosout] Command Interpreter initialized
1788082968.483884096 INFO /vehicle_state_monitor [vehicle_state_monitor.py:83(VehicleStateMonitor.__init__)] [topics: /drone_status, /battery_percentage, /vehicle_state_monitor/node_health, /mavros/state, /rosout, /mavros/local_position/velocity, /mavros/battery, /diagnostic_status] Vehicle State Monitor started
1788082968.648971319 INFO /health_checker [health_checker.py:58(HealthChecker.__init__)] [topics: /system_health, /target_tracking_controller/node_health, /yolo_detector/node_health, /command_interpreter/node_health, /vehicle_state_monitor/node_health, /rosout, /mission_manager/node_health, /safety_monitor/node_health] Health Checker initialized
1788082971.045445442 WARN /target_tracking_controller [target_tracking_controller.py:103(TargetTrackingController.__init__)] [topics: /rosout, /mavros/setpoint_velocity/cmd_vel_unstamped, /detected_objects, /mavros/local_position/odom, /tracked_targets, /target_tracking_controller/node_health, /mission_status, /mavros/setpoint_raw/local, /mavros/state] MAVROS set_mode service not available: timeout exceeded while waiting for service /mavros/set_mode
1788082971.648983478 INFO /yolo_detector [yolo_detector.py:97(YOLODetector.__init__)] [topics: /mission_status, /command_response, /yolo_detector/node_health, /camera/color/image_raw, /drone_control/command, /detected_objects, /rosout] Vehicle classes: [2, 3, 5, 6, 7]
1788082973.188632488 WARN /target_tracking_controller [target_tracking_controller.py:110(TargetTrackingController.__init__)] [topics: /rosout, /mavros/setpoint_velocity/cmd_vel_unstamped, /detected_objects, /mavros/local_position/odom, /tracked_targets, /target_tracking_controller/node_health, /mission_status, /mavros/setpoint_raw/local, /mavros/state] MAVROS arming service not available: timeout exceeded while waiting for service /mavros/cmd/arming
1788082973.193337678 INFO /target_tracking_controller [target_tracking_controller.py:126(TargetTrackingController.__init__)] [topics: /rosout, /mavros/setpoint_velocity/cmd_vel_unstamped, /detected_objects, /mavros/local_position/odom, /tracked_targets, /target_tracking_controller/node_health, /mission_status, /mavros/setpoint_raw/local, /mavros/state] Target Tracking Controller started in SEARCHING mode
1788082973.657927989 WARN /health_checker [health_checker.py:90(HealthChecker._check_health)] [topics: /system_health, /target_tracking_controller/node_health, /yolo_detector/node_health, /command_interpreter/node_health, /vehicle_state_monitor/node_health, /rosout, /mission_manager/node_health, /safety_monitor/node_health] Unhealthy nodes: 1
1788082973.661889076 WARN /health_checker [health_checker.py:92(HealthChecker._check_health)] [topics: /system_health, /target_tracking_controller/node_health, /yolo_detector/node_health, /command_interpreter/node_health, /vehicle_state_monitor/node_health, /rosout, /mission_manager/node_health, /safety_monitor/node_health]   target_tracking_controller: No health report
1788082985.039067506 INFO /performance_monitor [performance_monitor.py:100(PerformanceMonitor.__init__)] [topics: /performance/alert, /diagnostic_status, /rosout, /performance/command, /performance/metrics, /performance/benchmark, /performance/benchmark_results] Performance Monitor initialized
1788082987.049671649 INFO /performance_monitor [performance_monitor.py:113(PerformanceMonitor.start_monitoring)] [topics: /performance/alert, /diagnostic_status, /rosout, /performance/command, /performance/metrics, /performance/benchmark, /performance/benchmark_results] Performance monitoring started
1788082989.044732093 INFO /performance_monitor [performance_monitor.py:113(PerformanceMonitor.start_monitoring)] [topics: /performance/alert, /diagnostic_status, /rosout, /performance/command, /performance/metrics, /performance/benchmark, /performance/benchmark_results] Performance monitoring started
1788082991.049295425 INFO /performance_monitor [performance_monitor.py:113(PerformanceMonitor.start_monitoring)] [topics: /performance/alert, /diagnostic_status, /rosout, /performance/command, /performance/metrics, /performance/benchmark, /performance/benchmark_results] Performance monitoring started
1788082992.054177284 INFO /performance_monitor [performance_monitor.py:368(PerformanceMonitor.benchmark_fps)] [topics: /performance/alert, /diagnostic_status, /rosout, /performance/command, /performance/metrics, /performance/benchmark, /performance/benchmark_results] Running FPS benchmark...
1788082993.050030946 INFO /performance_monitor [performance_monitor.py:113(PerformanceMonitor.start_monitoring)] [topics: /performance/alert, /diagnostic_status, /rosout, /performance/command, /performance/metrics, /performance/benchmark, /performance/benchmark_results] Performance monitoring started
1788082994.053694725 INFO /performance_monitor [performance_monitor.py:368(PerformanceMonitor.benchmark_fps)] [topics: /performance/alert, /diagnostic_status, /rosout, /performance/command, /performance/metrics, /performance/benchmark, /performance/benchmark_results] Running FPS benchmark...
1788082995.049744844 INFO /performance_monitor [performance_monitor.py:113(PerformanceMonitor.start_monitoring)] [topics: /performance/alert, /diagnostic_status, /rosout, /performance/command, /performance/metrics, /performance/benchmark, /performance/benchmark_results] Performance monitoring started
1788082996.054320096 INFO /performance_monitor [performance_monitor.py:368(PerformanceMonitor.benchmark_fps)] [topics: /performance/alert, /diagnostic_status, /rosout, /performance/command, /performance/metrics, /performance/benchmark, /performance/benchmark_results] Running FPS benchmark...
1788082997.044775009 INFO /performance_monitor [performance_monitor.py:113(PerformanceMonitor.start_monitoring)] [topics: /performance/alert, /diagnostic_status, /rosout, /performance/command, /performance/metrics, /performance/benchmark, /performance/benchmark_results] Performance monitoring started
1788082997.057856082 INFO /performance_monitor [performance_monitor.py:401(PerformanceMonitor.benchmark_cpu)] [topics: /performance/alert, /diagnostic_status, /rosout, /performance/command, /performance/metrics, /performance/benchmark, /performance/benchmark_results] Running CPU benchmark...
1788082998.061024427 INFO /performance_monitor [performance_monitor.py:368(PerformanceMonitor.benchmark_fps)] [topics: /performance/alert, /diagnostic_status, /rosout, /performance/command, /performance/metrics, /performance/benchmark, /performance/benchmark_results] Running FPS benchmark...
1788082998.355710268 INFO /performance_monitor [performance_monitor.py:425(PerformanceMonitor.benchmark_memory)] [topics: /performance/alert, /diagnostic_status, /rosout, /performance/command, /performance/metrics, /performance/benchmark, /performance/benchmark_results] Running memory benchmark...
1788082999.057735443 INFO /performance_monitor [performance_monitor.py:401(PerformanceMonitor.benchmark_cpu)] [topics: /performance/alert, /diagnostic_status, /rosout, /performance/command, /performance/metrics, /performance/benchmark, /performance/benchmark_results] Running CPU benchmark...
1788082999.113813161 INFO /performance_monitor [performance_monitor.py:113(PerformanceMonitor.start_monitoring)] [topics: /performance/alert, /diagnostic_status, /rosout, /performance/command, /performance/metrics, /performance/benchmark, /performance/benchmark_results] Performance monitoring started
1788082999.168967485 INFO /performance_monitor [performance_monitor.py:461(PerformanceMonitor.benchmark_network)] [topics: /performance/alert, /diagnostic_status, /rosout, /performance/command, /performance/metrics, /performance/benchmark, /performance/benchmark_results] Running network benchmark...
1788083000.058600187 INFO /performance_monitor [performance_monitor.py:368(PerformanceMonitor.benchmark_fps)] [topics: /performance/alert, /diagnostic_status, /rosout, /performance/command, /performance/metrics, /performance/benchmark, /performance/benchmark_results] Running FPS benchmark...
1788083000.411180973 INFO /performance_monitor [performance_monitor.py:425(PerformanceMonitor.benchmark_memory)] [topics: /performance/alert, /diagnostic_status, /rosout, /performance/command, /performance/metrics, /performance/benchmark, /performance/benchmark_results] Running memory benchmark...
1788083001.065469026 INFO /performance_monitor [performance_monitor.py:401(PerformanceMonitor.benchmark_cpu)] [topics: /performance/alert, /diagnostic_status, /rosout, /performance/command, /performance/metrics, /performance/benchmark, /performance/benchmark_results] Running CPU benchmark...
1788083001.106623172 INFO /performance_monitor [performance_monitor.py:113(PerformanceMonitor.start_monitoring)] [topics: /performance/alert, /diagnostic_status, /rosout, /performance/command, /performance/metrics, /performance/benchmark, /performance/benchmark_results] Performance monitoring started
1788083001.326859712 INFO /performance_monitor [performance_monitor.py:461(PerformanceMonitor.benchmark_network)] [topics: /performance/alert, /diagnostic_status, /rosout, /performance/command, /performance/metrics, /performance/benchmark, /performance/benchmark_results] Running network benchmark...
1788083001.800386190 INFO /performance_monitor [performance_monitor.py:507(PerformanceMonitor.benchmark_application)] [topics: /performance/alert, /diagnostic_status, /rosout, /performance/command, /performance/metrics, /performance/benchmark, /performance/benchmark_results] Running application benchmark...
1788083001.915451288 INFO /performance_monitor [performance_monitor.py:360(PerformanceMonitor.run_benchmark)] [topics: /performance/alert, /diagnostic_status, /rosout, /performance/command, /performance/metrics, /performance/benchmark, /performance/benchmark_results] Benchmark completed with overall score: 0.62
1788083001.950527191 INFO /performance_monitor [performance_monitor.py:368(PerformanceMonitor.benchmark_fps)] [topics: /performance/alert, /diagnostic_status, /rosout, /performance/command, /performance/metrics, /performance/benchmark, /performance/benchmark_results] Running FPS benchmark...
1788083002.073956251 INFO /performance_monitor [performance_monitor.py:368(PerformanceMonitor.benchmark_fps)] [topics: /performance/alert, /diagnostic_status, /rosout, /performance/command, /performance/metrics, /performance/benchmark, /performance/benchmark_results] Running FPS benchmark...
1788083002.586967468 INFO /performance_monitor [performance_monitor.py:425(PerformanceMonitor.benchmark_memory)] [topics: /performance/alert, /diagnostic_status, /rosout, /performance/command, /performance/metrics, /performance/benchmark, /performance/benchmark_results] Running memory benchmark...
1788083003.079750299 INFO /performance_monitor [performance_monitor.py:401(PerformanceMonitor.benchmark_cpu)] [topics: /performance/alert, /diagnostic_status, /rosout, /performance/command, /performance/metrics, /performance/benchmark, /performance/benchmark_results] Running CPU benchmark...
1788083003.103365898 INFO /performance_monitor [performance_monitor.py:113(PerformanceMonitor.start_monitoring)] [topics: /performance/alert, /diagnostic_status, /rosout, /performance/command, /performance/metrics, /performance/benchmark, /performance/benchmark_results] Performance monitoring started
1788083003.608087301 INFO /performance_monitor [performance_monitor.py:461(PerformanceMonitor.benchmark_network)] [topics: /performance/alert, /diagnostic_status, /rosout, /performance/command, /performance/metrics, /performance/benchmark, /performance/benchmark_results] Running network benchmark...
1788083003.814199924 INFO /performance_monitor [performance_monitor.py:507(PerformanceMonitor.benchmark_application)] [topics: /performance/alert, /diagnostic_status, /rosout, /performance/command, /performance/metrics, /performance/benchmark, /performance/benchmark_results] Running application benchmark...
1788083003.907053232 INFO /performance_monitor [performance_monitor.py:360(PerformanceMonitor.run_benchmark)] [topics: /performance/alert, /diagnostic_status, /rosout, /performance/command, /performance/metrics, /performance/benchmark, /performance/benchmark_results] Benchmark completed with overall score: 0.62
1788083003.908801317 INFO /performance_monitor [performance_monitor.py:368(PerformanceMonitor.benchmark_fps)] [topics: /performance/alert, /diagnostic_status, /rosout, /performance/command, /performance/metrics, /performance/benchmark, /performance/benchmark_results] Running FPS benchmark...
1788083004.077414751 INFO /performance_monitor [performance_monitor.py:368(PerformanceMonitor.benchmark_fps)] [topics: /performance/alert, /diagnostic_status, /rosout, /performance/command, /performance/metrics, /performance/benchmark, /performance/benchmark_results] Running FPS benchmark...
1788083004.689030408 INFO /performance_monitor [performance_monitor.py:425(PerformanceMonitor.benchmark_memory)] [topics: /performance/alert, /diagnostic_status, /rosout, /performance/command, /performance/metrics, /performance/benchmark, /performance/benchmark_results] Running memory benchmark...
1788083005.092048645 INFO /performance_monitor [performance_monitor.py:401(PerformanceMonitor.benchmark_cpu)] [topics: /performance/alert, /diagnostic_status, /rosout, /performance/command, /performance/metrics, /performance/benchmark, /performance/benchmark_results] Running CPU benchmark...
1788083005.128282070 INFO /performance_monitor [performance_monitor.py:113(PerformanceMonitor.start_monitoring)] [topics: /performance/alert, /diagnostic_status, /rosout, /performance/command, /performance/metrics, /performance/benchmark, /performance/benchmark_results] Performance monitoring started
1788083005.695210933 INFO /performance_monitor [performance_monitor.py:461(PerformanceMonitor.benchmark_network)] [topics: /performance/alert, /diagnostic_status, /rosout, /performance/command, /performance/metrics, /performance/benchmark, /performance/benchmark_results] Running network benchmark...
1788083006.074919223 INFO /performance_monitor [performance_monitor.py:368(PerformanceMonitor.benchmark_fps)] [topics: /performance/alert, /diagnostic_status, /rosout, /performance/command, /performance/metrics, /performance/benchmark, /performance/benchmark_results] Running FPS benchmark...
1788083006.251871347 INFO /performance_monitor [performance_monitor.py:507(PerformanceMonitor.benchmark_application)] [topics: /performance/alert, /diagnostic_status, /rosout, /performance/command, /performance/metrics, /performance/benchmark, /performance/benchmark_results] Running application benchmark...
1788083006.366585254 INFO /performance_monitor [performance_monitor.py:360(PerformanceMonitor.run_benchmark)] [topics: /performance/alert, /diagnostic_status, /rosout, /performance/command, /performance/metrics, /performance/benchmark, /performance/benchmark_results] Benchmark completed with overall score: 0.62
1788083006.386810064 INFO /performance_monitor [performance_monitor.py:368(PerformanceMonitor.benchmark_fps)] [topics: /performance/alert, /diagnostic_status, /rosout, /performance/command, /performance/metrics, /performance/benchmark, /performance/benchmark_results] Running FPS benchmark...
1788083006.828993797 INFO /performance_monitor [performance_monitor.py:425(PerformanceMonitor.benchmark_memory)] [topics: /performance/alert, /diagnostic_status, /rosout, /performance/command, /performance/metrics, /performance/benchmark, /performance/benchmark_results] Running memory benchmark...
1788083006.961075305 INFO /performance_monitor [performance_monitor.py:401(PerformanceMonitor.benchmark_cpu)] [topics: /performance/alert, /diagnostic_status, /rosout, /performance/command, /performance/metrics, /performance/benchmark, /performance/benchmark_results] Running CPU benchmark...
1788083007.107773065 INFO /performance_monitor [performance_monitor.py:401(PerformanceMonitor.benchmark_cpu)] [topics: /performance/alert, /diagnostic_status, /rosout, /performance/command, /performance/metrics, /performance/benchmark, /performance/benchmark_results] Running CPU benchmark...
1788083007.119104623 INFO /performance_monitor [performance_monitor.py:113(PerformanceMonitor.start_monitoring)] [topics: /performance/alert, /diagnostic_status, /rosout, /performance/command, /performance/metrics, /performance/benchmark, /performance/benchmark_results] Performance monitoring started
1788083008.137448549 INFO /performance_monitor [performance_monitor.py:368(PerformanceMonitor.benchmark_fps)] [topics: /performance/alert, /diagnostic_status, /rosout, /performance/command, /performance/metrics, /performance/benchmark, /performance/benchmark_results] Running FPS benchmark...
1788083008.275271892 INFO /performance_monitor [performance_monitor.py:461(PerformanceMonitor.benchmark_network)] [topics: /performance/alert, /diagnostic_status, /rosout, /performance/command, /performance/metrics, /performance/benchmark, /performance/benchmark_results] Running network benchmark...
1788083008.922898530 INFO /performance_monitor [performance_monitor.py:401(PerformanceMonitor.benchmark_cpu)] [topics: /performance/alert, /diagnostic_status, /rosout, /performance/command, /performance/metrics, /performance/benchmark, /performance/benchmark_results] Running CPU benchmark...
1788083009.190451145 INFO /performance_monitor [performance_monitor.py:401(PerformanceMonitor.benchmark_cpu)] [topics: /performance/alert, /diagnostic_status, /rosout, /performance/command, /performance/metrics, /performance/benchmark, /performance/benchmark_results] Running CPU benchmark...
1788083009.309091567 INFO /performance_monitor [performance_monitor.py:113(PerformanceMonitor.start_monitoring)] [topics: /performance/alert, /diagnostic_status, /rosout, /performance/command, /performance/metrics, /performance/benchmark, /performance/benchmark_results] Performance monitoring started
1788083009.490097999 INFO /performance_monitor [performance_monitor.py:507(PerformanceMonitor.benchmark_application)] [topics: /performance/alert, /diagnostic_status, /rosout, /performance/command, /performance/metrics, /performance/benchmark, /performance/benchmark_results] Running application benchmark...
1788083010.159351348 INFO /performance_monitor [performance_monitor.py:368(PerformanceMonitor.benchmark_fps)] [topics: /performance/alert, /diagnostic_status, /rosout, /performance/command, /performance/metrics, /performance/benchmark, /performance/benchmark_results] Running FPS benchmark...
1788083010.405821084 WARN /mission_manager [tcpros_base.py:356(TCPROSServer._tcp_server_callback)] [topics: /mission_status, /tracked_targets, /mission_manager/node_health, /safety_status, /drone_control/command, /rosout] Could not process inbound connection: topic types do not match: [std_msgs/String] vs. [drone_control/MissionStatus]{'callerid': '/trajectory_planner', 'md5sum': '992ce8a1687cec8c8bd883ec73ca41d1', 'message_definition': 'string data\n', 'tcp_nodelay': '0', 'topic': '/mission_status', 'type': 'std_msgs/String'}
1788083010.409624099 INFO /trajectory_planner [trajectory_planner.py:90(TrajectoryPlanner.__init__)] [topics: /tracked_targets, /waypoints, /rosout, /path, /mission_status, /planner_status, /mavros/local_position/odom, /planned_trajectory] Trajectory Planner initialized
1788083011.131413698 INFO /performance_monitor [performance_monitor.py:401(PerformanceMonitor.benchmark_cpu)] [topics: /performance/alert, /diagnostic_status, /rosout, /performance/command, /performance/metrics, /performance/benchmark, /performance/benchmark_results] Running CPU benchmark...
1788083011.357039928 INFO /performance_monitor [performance_monitor.py:360(PerformanceMonitor.run_benchmark)] [topics: /performance/alert, /diagnostic_status, /rosout, /performance/command, /performance/metrics, /performance/benchmark, /performance/benchmark_results] Benchmark completed with overall score: 0.53
1788083011.397320032 INFO /performance_monitor [performance_monitor.py:113(PerformanceMonitor.start_monitoring)] [topics: /performance/alert, /diagnostic_status, /rosout, /performance/command, /performance/metrics, /performance/benchmark, /performance/benchmark_results] Performance monitoring started
1788083011.467238903 INFO /performance_monitor [performance_monitor.py:368(PerformanceMonitor.benchmark_fps)] [topics: /performance/alert, /diagnostic_status, /rosout, /performance/command, /performance/metrics, /performance/benchmark, /performance/benchmark_results] Running FPS benchmark...
1788083011.528452873 INFO /performance_monitor [performance_monitor.py:401(PerformanceMonitor.benchmark_cpu)] [topics: /performance/alert, /diagnostic_status, /rosout, /performance/command, /performance/metrics, /performance/benchmark, /performance/benchmark_results] Running CPU benchmark...
1788083011.557985544 INFO /performance_monitor [performance_monitor.py:425(PerformanceMonitor.benchmark_memory)] [topics: /performance/alert, /diagnostic_status, /rosout, /performance/command, /performance/metrics, /performance/benchmark, /performance/benchmark_results] Running memory benchmark...
1788083012.074153184 INFO /performance_monitor [performance_monitor.py:425(PerformanceMonitor.benchmark_memory)] [topics: /performance/alert, /diagnostic_status, /rosout, /performance/command, /performance/metrics, /performance/benchmark, /performance/benchmark_results] Running memory benchmark...
1788083012.133620738 INFO /performance_monitor [performance_monitor.py:368(PerformanceMonitor.benchmark_fps)] [topics: /performance/alert, /diagnostic_status, /rosout, /performance/command, /performance/metrics, /performance/benchmark, /performance/benchmark_results] Running FPS benchmark...
1788083013.248928785 INFO /performance_monitor [performance_monitor.py:401(PerformanceMonitor.benchmark_cpu)] [topics: /performance/alert, /diagnostic_status, /rosout, /performance/command, /performance/metrics, /performance/benchmark, /performance/benchmark_results] Running CPU benchmark...
1788083013.350756406 INFO /performance_monitor [performance_monitor.py:113(PerformanceMonitor.start_monitoring)] [topics: /performance/alert, /diagnostic_status, /rosout, /performance/command, /performance/metrics, /performance/benchmark, /performance/benchmark_results] Performance monitoring started
1788083014.127780199 INFO /performance_monitor [performance_monitor.py:368(PerformanceMonitor.benchmark_fps)] [topics: /performance/alert, /diagnostic_status, /rosout, /performance/command, /performance/metrics, /performance/benchmark, /performance/benchmark_results] Running FPS benchmark...
1788083015.209139108 INFO /performance_monitor [performance_monitor.py:461(PerformanceMonitor.benchmark_network)] [topics: /performance/alert, /diagnostic_status, /rosout, /performance/command, /performance/metrics, /performance/benchmark, /performance/benchmark_results] Running network benchmark...
1788083015.300234556 INFO /performance_monitor [performance_monitor.py:401(PerformanceMonitor.benchmark_cpu)] [topics: /performance/alert, /diagnostic_status, /rosout, /performance/command, /performance/metrics, /performance/benchmark, /performance/benchmark_results] Running CPU benchmark...
1788083015.424095392 INFO /performance_monitor [performance_monitor.py:113(PerformanceMonitor.start_monitoring)] [topics: /performance/alert, /diagnostic_status, /rosout, /performance/command, /performance/metrics, /performance/benchmark, /performance/benchmark_results] Performance monitoring started
1788083015.916568517 INFO /performance_monitor [performance_monitor.py:461(PerformanceMonitor.benchmark_network)] [topics: /performance/alert, /diagnostic_status, /rosout, /performance/command, /performance/metrics, /performance/benchmark, /performance/benchmark_results] Running network benchmark...
1788083016.285037040 INFO /performance_monitor [performance_monitor.py:425(PerformanceMonitor.benchmark_memory)] [topics: /performance/alert, /diagnostic_status, /rosout, /performance/command, /performance/metrics, /performance/benchmark, /performance/benchmark_results] Running memory benchmark...
1788083016.495417118 INFO /performance_monitor [performance_monitor.py:368(PerformanceMonitor.benchmark_fps)] [topics: /performance/alert, /diagnostic_status, /rosout, /performance/command, /performance/metrics, /performance/benchmark, /performance/benchmark_results] Running FPS benchmark...
1788083016.592174291 INFO /performance_monitor [performance_monitor.py:425(PerformanceMonitor.benchmark_memory)] [topics: /performance/alert, /diagnostic_status, /rosout, /performance/command, /performance/metrics, /performance/benchmark, /performance/benchmark_results] Running memory benchmark...
1788083016.736777544 INFO /performance_monitor [performance_monitor.py:401(PerformanceMonitor.benchmark_cpu)] [topics: /performance/alert, /diagnostic_status, /rosout, /performance/command, /performance/metrics, /performance/benchmark, /performance/benchmark_results] Running CPU benchmark...
1788083017.390949487 INFO /performance_monitor [performance_monitor.py:401(PerformanceMonitor.benchmark_cpu)] [topics: /performance/alert, /diagnostic_status, /rosout, /performance/command, /performance/metrics, /performance/benchmark, /performance/benchmark_results] Running CPU benchmark...
1788083017.818249464 INFO /performance_monitor [performance_monitor.py:113(PerformanceMonitor.start_monitoring)] [topics: /performance/alert, /diagnostic_status, /rosout, /performance/command, /performance/metrics, /performance/benchmark, /performance/benchmark_results] Performance monitoring started
1788083018.443482398 INFO /performance_monitor [performance_monitor.py:368(PerformanceMonitor.benchmark_fps)] [topics: /performance/alert, /diagnostic_status, /rosout, /performance/command, /performance/metrics, /performance/benchmark, /performance/benchmark_results] Running FPS benchmark...
1788083019.142877101 INFO /performance_monitor [performance_monitor.py:507(PerformanceMonitor.benchmark_application)] [topics: /performance/alert, /diagnostic_status, /rosout, /performance/command, /performance/metrics, /performance/benchmark, /performance/benchmark_results] Running application benchmark...
1788083019.242251157 INFO /performance_monitor [performance_monitor.py:401(PerformanceMonitor.benchmark_cpu)] [topics: /performance/alert, /diagnostic_status, /rosout, /performance/command, /performance/metrics, /performance/benchmark, /performance/benchmark_results] Running CPU benchmark...
1788083019.522503376 INFO /performance_monitor [performance_monitor.py:113(PerformanceMonitor.start_monitoring)] [topics: /performance/alert, /diagnostic_status, /rosout, /performance/command, /performance/metrics, /performance/benchmark, /performance/benchmark_results] Performance monitoring started
1788083020.674436330 INFO /performance_monitor [performance_monitor.py:368(PerformanceMonitor.benchmark_fps)] [topics: /performance/alert, /diagnostic_status, /rosout, /performance/command, /performance/metrics, /performance/benchmark, /performance/benchmark_results] Running FPS benchmark...
1788083021.557773351 INFO /performance_monitor [performance_monitor.py:113(PerformanceMonitor.start_monitoring)] [topics: /performance/alert, /diagnostic_status, /rosout, /performance/command, /performance/metrics, /performance/benchmark, /performance/benchmark_results] Performance monitoring started
1788083021.669888496 INFO /performance_monitor [performance_monitor.py:401(PerformanceMonitor.benchmark_cpu)] [topics: /performance/alert, /diagnostic_status, /rosout, /performance/command, /performance/metrics, /performance/benchmark, /performance/benchmark_results] Running CPU benchmark...
1788083022.031741380 INFO /performance_monitor [performance_monitor.py:425(PerformanceMonitor.benchmark_memory)] [topics: /performance/alert, /diagnostic_status, /rosout, /performance/command, /performance/metrics, /performance/benchmark, /performance/benchmark_results] Running memory benchmark...
1788083022.828661918 INFO /performance_monitor [performance_monitor.py:368(PerformanceMonitor.benchmark_fps)] [topics: /performance/alert, /diagnostic_status, /rosout, /performance/command, /performance/metrics, /performance/benchmark, /performance/benchmark_results] Running FPS benchmark...
1788083023.026429653 INFO /performance_monitor [performance_monitor.py:461(PerformanceMonitor.benchmark_network)] [topics: /performance/alert, /diagnostic_status, /rosout, /performance/command, /performance/metrics, /performance/benchmark, /performance/benchmark_results] Running network benchmark...
1788083023.812030792 INFO /performance_monitor [performance_monitor.py:113(PerformanceMonitor.start_monitoring)] [topics: /performance/alert, /diagnostic_status, /rosout, /performance/command, /performance/metrics, /performance/benchmark, /performance/benchmark_results] Performance monitoring started
1788083024.201470375 INFO /performance_monitor [performance_monitor.py:401(PerformanceMonitor.benchmark_cpu)] [topics: /performance/alert, /diagnostic_status, /rosout, /performance/command, /performance/metrics, /performance/benchmark, /performance/benchmark_results] Running CPU benchmark...
1788083024.398380041 INFO /performance_monitor [performance_monitor.py:461(PerformanceMonitor.benchmark_network)] [topics: /performance/alert, /diagnostic_status, /rosout, /performance/command, /performance/metrics, /performance/benchmark, /performance/benchmark_results] Running network benchmark...
1788083024.832719802 INFO /performance_monitor [performance_monitor.py:425(PerformanceMonitor.benchmark_memory)] [topics: /performance/alert, /diagnostic_status, /rosout, /performance/command, /performance/metrics, /performance/benchmark, /performance/benchmark_results] Running memory benchmark...
1788083025.409263849 INFO /performance_monitor [performance_monitor.py:368(PerformanceMonitor.benchmark_fps)] [topics: /performance/alert, /diagnostic_status, /rosout, /performance/command, /performance/metrics, /performance/benchmark, /performance/benchmark_results] Running FPS benchmark...
1788083025.997235536 INFO /performance_monitor [performance_monitor.py:401(PerformanceMonitor.benchmark_cpu)] [topics: /performance/alert, /diagnostic_status, /rosout, /performance/command, /performance/metrics, /performance/benchmark, /performance/benchmark_results] Running CPU benchmark...
1788083026.153781175 INFO /performance_monitor [performance_monitor.py:113(PerformanceMonitor.start_monitoring)] [topics: /performance/alert, /diagnostic_status, /rosout, /performance/command, /performance/metrics, /performance/benchmark, /performance/benchmark_results] Performance monitoring started
1788083026.320864439 INFO /performance_monitor [performance_monitor.py:360(PerformanceMonitor.run_benchmark)] [topics: /performance/alert, /diagnostic_status, /rosout, /performance/command, /performance/metrics, /performance/benchmark, /performance/benchmark_results] Benchmark completed with overall score: 0.44
1788083026.593795061 INFO /performance_monitor [performance_monitor.py:368(PerformanceMonitor.benchmark_fps)] [topics: /performance/alert, /diagnostic_status, /rosout, /performance/command, /performance/metrics, /performance/benchmark, /performance/benchmark_results] Running FPS benchmark...
1788083027.098775148 INFO /performance_monitor [performance_monitor.py:368(PerformanceMonitor.benchmark_fps)] [topics: /performance/alert, /diagnostic_status, /rosout, /performance/command, /performance/metrics, /performance/benchmark, /performance/benchmark_results] Running FPS benchmark...
1788083027.127445936 INFO /performance_monitor [performance_monitor.py:425(PerformanceMonitor.benchmark_memory)] [topics: /performance/alert, /diagnostic_status, /rosout, /performance/command, /performance/metrics, /performance/benchmark, /performance/benchmark_results] Running memory benchmark...
1788083027.743607521 INFO /performance_monitor [performance_monitor.py:113(PerformanceMonitor.start_monitoring)] [topics: /performance/alert, /diagnostic_status, /rosout, /performance/command, /performance/metrics, /performance/benchmark, /performance/benchmark_results] Performance monitoring started
1788083027.750723838 INFO /performance_monitor [performance_monitor.py:461(PerformanceMonitor.benchmark_network)] [topics: /performance/alert, /diagnostic_status, /rosout, /performance/command, /performance/metrics, /performance/benchmark, /performance/benchmark_results] Running network benchmark...
1788083028.047183275 INFO /performance_monitor [performance_monitor.py:401(PerformanceMonitor.benchmark_cpu)] [topics: /performance/alert, /diagnostic_status, /rosout, /performance/command, /performance/metrics, /performance/benchmark, /performance/benchmark_results] Running CPU benchmark...
1788083028.201413631 INFO /performance_monitor [performance_monitor.py:368(PerformanceMonitor.benchmark_fps)] [topics: /performance/alert, /diagnostic_status, /rosout, /performance/command, /performance/metrics, /performance/benchmark, /performance/benchmark_results] Running FPS benchmark...
1788083029.653905630 INFO /performance_monitor [performance_monitor.py:113(PerformanceMonitor.start_monitoring)] [topics: /performance/alert, /diagnostic_status, /rosout, /performance/command, /performance/metrics, /performance/benchmark, /performance/benchmark_results] Performance monitoring started
1788083030.069297075 INFO /performance_monitor [performance_monitor.py:425(PerformanceMonitor.benchmark_memory)] [topics: /performance/alert, /diagnostic_status, /rosout, /performance/command, /performance/metrics, /performance/benchmark, /performance/benchmark_results] Running memory benchmark...
1788083030.379717826 INFO /performance_monitor [performance_monitor.py:461(PerformanceMonitor.benchmark_network)] [topics: /performance/alert, /diagnostic_status, /rosout, /performance/command, /performance/metrics, /performance/benchmark, /performance/benchmark_results] Running network benchmark...
1788083030.573999881 INFO /performance_monitor [performance_monitor.py:368(PerformanceMonitor.benchmark_fps)] [topics: /performance/alert, /diagnostic_status, /rosout, /performance/command, /performance/metrics, /performance/benchmark, /performance/benchmark_results] Running FPS benchmark...
1788083030.639043092 INFO /performance_monitor [performance_monitor.py:401(PerformanceMonitor.benchmark_cpu)] [topics: /performance/alert, /diagnostic_status, /rosout, /performance/command, /performance/metrics, /performance/benchmark, /performance/benchmark_results] Running CPU benchmark...
1788083031.579651832 INFO /performance_monitor [performance_monitor.py:113(PerformanceMonitor.start_monitoring)] [topics: /performance/alert, /diagnostic_status, /rosout, /performance/command, /performance/metrics, /performance/benchmark, /performance/benchmark_results] Performance monitoring started
1788083032.016966104 INFO /performance_monitor [performance_monitor.py:401(PerformanceMonitor.benchmark_cpu)] [topics: /performance/alert, /diagnostic_status, /rosout, /performance/command, /performance/metrics, /performance/benchmark, /performance/benchmark_results] Running CPU benchmark...
1788083032.365943670 INFO /performance_monitor [performance_monitor.py:401(PerformanceMonitor.benchmark_cpu)] [topics: /performance/alert, /diagnostic_status, /rosout, /performance/command, /performance/metrics, /performance/benchmark, /performance/benchmark_results] Running CPU benchmark...
1788083032.443086385 INFO /performance_monitor [performance_monitor.py:368(PerformanceMonitor.benchmark_fps)] [topics: /performance/alert, /diagnostic_status, /rosout, /performance/command, /performance/metrics, /performance/benchmark, /performance/benchmark_results] Running FPS benchmark...
1788083033.150702953 INFO /performance_monitor [performance_monitor.py:425(PerformanceMonitor.benchmark_memory)] [topics: /performance/alert, /diagnostic_status, /rosout, /performance/command, /performance/metrics, /performance/benchmark, /performance/benchmark_results] Running memory benchmark...
1788083033.393930435 INFO /performance_monitor [performance_monitor.py:113(PerformanceMonitor.start_monitoring)] [topics: /performance/alert, /diagnostic_status, /rosout, /performance/command, /performance/metrics, /performance/benchmark, /performance/benchmark_results] Performance monitoring started
1788083033.614950180 INFO /performance_monitor [performance_monitor.py:401(PerformanceMonitor.benchmark_cpu)] [topics: /performance/alert, /diagnostic_status, /rosout, /performance/command, /performance/metrics, /performance/benchmark, /performance/benchmark_results] Running CPU benchmark...
1788083033.790680170 INFO /performance_monitor [performance_monitor.py:425(PerformanceMonitor.benchmark_memory)] [topics: /performance/alert, /diagnostic_status, /rosout, /performance/command, /performance/metrics, /performance/benchmark, /performance/benchmark_results] Running memory benchmark...
1788083034.064068794 INFO /performance_monitor [performance_monitor.py:461(PerformanceMonitor.benchmark_network)] [topics: /performance/alert, /diagnostic_status, /rosout, /performance/command, /performance/metrics, /performance/benchmark, /performance/benchmark_results] Running network benchmark...
1788083034.118768930 INFO /performance_monitor [performance_monitor.py:507(PerformanceMonitor.benchmark_application)] [topics: /performance/alert, /diagnostic_status, /rosout, /performance/command, /performance/metrics, /performance/benchmark, /performance/benchmark_results] Running application benchmark...
1788083034.675055027 INFO /performance_monitor [performance_monitor.py:368(PerformanceMonitor.benchmark_fps)] [topics: /performance/alert, /diagnostic_status, /rosout, /performance/command, /performance/metrics, /performance/benchmark, /performance/benchmark_results] Running FPS benchmark...
1788083035.712078094 INFO /performance_monitor [performance_monitor.py:507(PerformanceMonitor.benchmark_application)] [topics: /performance/alert, /diagnostic_status, /rosout, /performance/command, /performance/metrics, /performance/benchmark, /performance/benchmark_results] Running application benchmark...
1788083035.839058637 INFO /performance_monitor [performance_monitor.py:113(PerformanceMonitor.start_monitoring)] [topics: /performance/alert, /diagnostic_status, /rosout, /performance/command, /performance/metrics, /performance/benchmark, /performance/benchmark_results] Performance monitoring started
1788083036.331539392 INFO /performance_monitor [performance_monitor.py:401(PerformanceMonitor.benchmark_cpu)] [topics: /performance/alert, /diagnostic_status, /rosout, /performance/command, /performance/metrics, /performance/benchmark, /performance/benchmark_results] Running CPU benchmark...
1788083037.170847415 INFO /performance_monitor [performance_monitor.py:368(PerformanceMonitor.benchmark_fps)] [topics: /performance/alert, /diagnostic_status, /rosout, /performance/command, /performance/metrics, /performance/benchmark, /performance/benchmark_results] Running FPS benchmark...
1788083037.343595266 INFO /performance_monitor [performance_monitor.py:425(PerformanceMonitor.benchmark_memory)] [topics: /performance/alert, /diagnostic_status, /rosout, /performance/command, /performance/metrics, /performance/benchmark, /performance/benchmark_results] Running memory benchmark...
1788083037.744753360 INFO /performance_monitor [performance_monitor.py:113(PerformanceMonitor.start_monitoring)] [topics: /performance/alert, /diagnostic_status, /rosout, /performance/command, /performance/metrics, /performance/benchmark, /performance/benchmark_results] Performance monitoring started
1788083038.114550828 INFO /performance_monitor [performance_monitor.py:461(PerformanceMonitor.benchmark_network)] [topics: /performance/alert, /diagnostic_status, /rosout, /performance/command, /performance/metrics, /performance/benchmark, /performance/benchmark_results] Running network benchmark...
1788083038.612573862 INFO /performance_monitor [performance_monitor.py:368(PerformanceMonitor.benchmark_fps)] [topics: /performance/alert, /diagnostic_status, /rosout, /performance/command, /performance/metrics, /performance/benchmark, /performance/benchmark_results] Running FPS benchmark...
1788083038.819069385 INFO /performance_monitor [performance_monitor.py:401(PerformanceMonitor.benchmark_cpu)] [topics: /performance/alert, /diagnostic_status, /rosout, /performance/command, /performance/metrics, /performance/benchmark, /performance/benchmark_results] Running CPU benchmark...
1788083039.651690006 INFO /performance_monitor [performance_monitor.py:113(PerformanceMonitor.start_monitoring)] [topics: /performance/alert, /diagnostic_status, /rosout, /performance/command, /performance/metrics, /performance/benchmark, /performance/benchmark_results] Performance monitoring started
1788083040.373215913 INFO /performance_monitor [performance_monitor.py:401(PerformanceMonitor.benchmark_cpu)] [topics: /performance/alert, /diagnostic_status, /rosout, /performance/command, /performance/metrics, /performance/benchmark, /performance/benchmark_results] Running CPU benchmark...
1788083040.377617359 INFO /performance_monitor [performance_monitor.py:425(PerformanceMonitor.benchmark_memory)] [topics: /performance/alert, /diagnostic_status, /rosout, /performance/command, /performance/metrics, /performance/benchmark, /performance/benchmark_results] Running memory benchmark...
1788083040.614581584 INFO /performance_monitor [performance_monitor.py:368(PerformanceMonitor.benchmark_fps)] [topics: /performance/alert, /diagnostic_status, /rosout, /performance/command, /performance/metrics, /performance/benchmark, /performance/benchmark_results] Running FPS benchmark...
1788083041.171291828 INFO /performance_monitor [performance_monitor.py:461(PerformanceMonitor.benchmark_network)] [topics: /performance/alert, /diagnostic_status, /rosout, /performance/command, /performance/metrics, /performance/benchmark, /performance/benchmark_results] Running network benchmark...
1788083041.214428424 INFO /performance_monitor [performance_monitor.py:461(PerformanceMonitor.benchmark_network)] [topics: /performance/alert, /diagnostic_status, /rosout, /performance/command, /performance/metrics, /performance/benchmark, /performance/benchmark_results] Running network benchmark...
1788083041.399806976 INFO /performance_monitor [performance_monitor.py:425(PerformanceMonitor.benchmark_memory)] [topics: /performance/alert, /diagnostic_status, /rosout, /performance/command, /performance/metrics, /performance/benchmark, /performance/benchmark_results] Running memory benchmark...
1788083041.544903278 INFO /performance_monitor [performance_monitor.py:113(PerformanceMonitor.start_monitoring)] [topics: /performance/alert, /diagnostic_status, /rosout, /performance/command, /performance/metrics, /performance/benchmark, /performance/benchmark_results] Performance monitoring started
1788083042.438761949 INFO /performance_monitor [performance_monitor.py:401(PerformanceMonitor.benchmark_cpu)] [topics: /performance/alert, /diagnostic_status, /rosout, /performance/command, /performance/metrics, /performance/benchmark, /performance/benchmark_results] Running CPU benchmark...
1788083042.554656982 INFO /performance_monitor [performance_monitor.py:368(PerformanceMonitor.benchmark_fps)] [topics: /performance/alert, /diagnostic_status, /rosout, /performance/command, /performance/metrics, /performance/benchmark, /performance/benchmark_results] Running FPS benchmark...
1788083043.704977035 INFO /performance_monitor [performance_monitor.py:461(PerformanceMonitor.benchmark_network)] [topics: /performance/alert, /diagnostic_status, /rosout, /performance/command, /performance/metrics, /performance/benchmark, /performance/benchmark_results] Running network benchmark...
1788083044.104564428 INFO /performance_monitor [performance_monitor.py:113(PerformanceMonitor.start_monitoring)] [topics: /performance/alert, /diagnostic_status, /rosout, /performance/command, /performance/metrics, /performance/benchmark, /performance/benchmark_results] Performance monitoring started
1788083044.664773225 INFO /performance_monitor [performance_monitor.py:401(PerformanceMonitor.benchmark_cpu)] [topics: /performance/alert, /diagnostic_status, /rosout, /performance/command, /performance/metrics, /performance/benchmark, /performance/benchmark_results] Running CPU benchmark...
1788083044.786669492 INFO /performance_monitor [performance_monitor.py:425(PerformanceMonitor.benchmark_memory)] [topics: /performance/alert, /diagnostic_status, /rosout, /performance/command, /performance/metrics, /performance/benchmark, /performance/benchmark_results] Running memory benchmark...
1788083045.247955560 INFO /performance_monitor [performance_monitor.py:368(PerformanceMonitor.benchmark_fps)] [topics: /performance/alert, /diagnostic_status, /rosout, /performance/command, /performance/metrics, /performance/benchmark, /performance/benchmark_results] Running FPS benchmark...
1788083045.288778543 INFO /performance_monitor [performance_monitor.py:425(PerformanceMonitor.benchmark_memory)] [topics: /performance/alert, /diagnostic_status, /rosout, /performance/command, /performance/metrics, /performance/benchmark, /performance/benchmark_results] Running memory benchmark...
1788083045.314945697 INFO /performance_monitor [performance_monitor.py:113(PerformanceMonitor.start_monitoring)] [topics: /performance/alert, /diagnostic_status, /rosout, /performance/command, /performance/metrics, /performance/benchmark, /performance/benchmark_results] Performance monitoring started
1788083045.764430761 INFO /performance_monitor [performance_monitor.py:401(PerformanceMonitor.benchmark_cpu)] [topics: /performance/alert, /diagnostic_status, /rosout, /performance/command, /performance/metrics, /performance/benchmark, /performance/benchmark_results] Running CPU benchmark...
1788083046.265869855 INFO /performance_monitor [performance_monitor.py:368(PerformanceMonitor.benchmark_fps)] [topics: /performance/alert, /diagnostic_status, /rosout, /performance/command, /performance/metrics, /performance/benchmark, /performance/benchmark_results] Running FPS benchmark...
1788083046.840234518 INFO /performance_monitor [performance_monitor.py:507(PerformanceMonitor.benchmark_application)] [topics: /performance/alert, /diagnostic_status, /rosout, /performance/command, /performance/metrics, /performance/benchmark, /performance/benchmark_results] Running application benchmark...
1788083047.603975057 INFO /performance_monitor [performance_monitor.py:461(PerformanceMonitor.benchmark_network)] [topics: /performance/alert, /diagnostic_status, /rosout, /performance/command, /performance/metrics, /performance/benchmark, /performance/benchmark_results] Running network benchmark...
1788083048.864615917 INFO /performance_monitor [performance_monitor.py:461(PerformanceMonitor.benchmark_network)] [topics: /performance/alert, /diagnostic_status, /rosout, /performance/command, /performance/metrics, /performance/benchmark, /performance/benchmark_results] Running network benchmark...
1788083049.177540540 INFO /performance_monitor [performance_monitor.py:113(PerformanceMonitor.start_monitoring)] [topics: /performance/alert, /diagnostic_status, /rosout, /performance/command, /performance/metrics, /performance/benchmark, /performance/benchmark_results] Performance monitoring started
1788083049.466126918 INFO /performance_monitor [performance_monitor.py:401(PerformanceMonitor.benchmark_cpu)] [topics: /performance/alert, /diagnostic_status, /rosout, /performance/command, /performance/metrics, /performance/benchmark, /performance/benchmark_results] Running CPU benchmark...
1788083049.861941099 INFO /performance_monitor [performance_monitor.py:368(PerformanceMonitor.benchmark_fps)] [topics: /performance/alert, /diagnostic_status, /rosout, /performance/command, /performance/metrics, /performance/benchmark, /performance/benchmark_results] Running FPS benchmark...
1788083050.131546974 INFO /performance_monitor [performance_monitor.py:507(PerformanceMonitor.benchmark_application)] [topics: /performance/alert, /diagnostic_status, /rosout, /performance/command, /performance/metrics, /performance/benchmark, /performance/benchmark_results] Running application benchmark...
1788083050.316486835 INFO /performance_monitor [performance_monitor.py:113(PerformanceMonitor.start_monitoring)] [topics: /performance/alert, /diagnostic_status, /rosout, /performance/command, /performance/metrics, /performance/benchmark, /performance/benchmark_results] Performance monitoring started
1788083050.871853828 INFO /performance_monitor [performance_monitor.py:368(PerformanceMonitor.benchmark_fps)] [topics: /performance/alert, /diagnostic_status, /rosout, /performance/command, /performance/metrics, /performance/benchmark, /performance/benchmark_results] Running FPS benchmark...
1788083051.037040710 INFO /performance_monitor [performance_monitor.py:425(PerformanceMonitor.benchmark_memory)] [topics: /performance/alert, /diagnostic_status, /rosout, /performance/command, /performance/metrics, /performance/benchmark, /performance/benchmark_results] Running memory benchmark...
1788083051.333503007 INFO /performance_monitor [performance_monitor.py:401(PerformanceMonitor.benchmark_cpu)] [topics: /performance/alert, /diagnostic_status, /rosout, /performance/command, /performance/metrics, /performance/benchmark, /performance/benchmark_results] Running CPU benchmark...
1788083051.380662441 INFO /performance_monitor [performance_monitor.py:425(PerformanceMonitor.benchmark_memory)] [topics: /performance/alert, /diagnostic_status, /rosout, /performance/command, /performance/metrics, /performance/benchmark, /performance/benchmark_results] Running memory benchmark...
1788083051.467067956 INFO /performance_monitor [performance_monitor.py:425(PerformanceMonitor.benchmark_memory)] [topics: /performance/alert, /diagnostic_status, /rosout, /performance/command, /performance/metrics, /performance/benchmark, /performance/benchmark_results] Running memory benchmark...
1788083051.720992326 INFO /performance_monitor [performance_monitor.py:507(PerformanceMonitor.benchmark_application)] [topics: /performance/alert, /diagnostic_status, /rosout, /performance/command, /performance/metrics, /performance/benchmark, /performance/benchmark_results] Running application benchmark...
1788083051.773434877 INFO /performance_monitor [performance_monitor.py:113(PerformanceMonitor.start_monitoring)] [topics: /performance/alert, /diagnostic_status, /rosout, /performance/command, /performance/metrics, /performance/benchmark, /performance/benchmark_results] Performance monitoring started
1788083051.844335317 INFO /performance_monitor [performance_monitor.py:461(PerformanceMonitor.benchmark_network)] [topics: /performance/alert, /diagnostic_status, /rosout, /performance/command, /performance/metrics, /performance/benchmark, /performance/benchmark_results] Running network benchmark...
1788083051.926570415 INFO /performance_monitor [performance_monitor.py:401(PerformanceMonitor.benchmark_cpu)] [topics: /performance/alert, /diagnostic_status, /rosout, /performance/command, /performance/metrics, /performance/benchmark, /performance/benchmark_results] Running CPU benchmark...
1788083052.032165527 INFO /performance_monitor [performance_monitor.py:461(PerformanceMonitor.benchmark_network)] [topics: /performance/alert, /diagnostic_status, /rosout, /performance/command, /performance/metrics, /performance/benchmark, /performance/benchmark_results] Running network benchmark...
1788083052.405456304 INFO /performance_monitor [performance_monitor.py:425(PerformanceMonitor.benchmark_memory)] [topics: /performance/alert, /diagnostic_status, /rosout, /performance/command, /performance/metrics, /performance/benchmark, /performance/benchmark_results] Running memory benchmark...
1788083052.892687320 INFO /performance_monitor [performance_monitor.py:425(PerformanceMonitor.benchmark_memory)] [topics: /performance/alert, /diagnostic_status, /rosout, /performance/command, /performance/metrics, /performance/benchmark, /performance/benchmark_results] Running memory benchmark...
1788083053.333658218 INFO /performance_monitor [performance_monitor.py:368(PerformanceMonitor.benchmark_fps)] [topics: /performance/alert, /diagnostic_status, /rosout, /performance/command, /performance/metrics, /performance/benchmark, /performance/benchmark_results] Running FPS benchmark...
1788083054.310503005 INFO /performance_monitor [performance_monitor.py:113(PerformanceMonitor.start_monitoring)] [topics: /performance/alert, /diagnostic_status, /rosout, /performance/command, /performance/metrics, /performance/benchmark, /performance/benchmark_results] Performance monitoring started
1788083054.442766666 INFO /performance_monitor [performance_monitor.py:368(PerformanceMonitor.benchmark_fps)] [topics: /performance/alert, /diagnostic_status, /rosout, /performance/command, /performance/metrics, /performance/benchmark, /performance/benchmark_results] Running FPS benchmark...
1788083055.007610321 INFO /performance_monitor [performance_monitor.py:401(PerformanceMonitor.benchmark_cpu)] [topics: /performance/alert, /diagnostic_status, /rosout, /performance/command, /performance/metrics, /performance/benchmark, /performance/benchmark_results] Running CPU benchmark...
1788083055.302817106 INFO /performance_monitor [performance_monitor.py:425(PerformanceMonitor.benchmark_memory)] [topics: /performance/alert, /diagnostic_status, /rosout, /performance/command, /performance/metrics, /performance/benchmark, /performance/benchmark_results] Running memory benchmark...
1788083055.637843370 INFO /performance_monitor [performance_monitor.py:113(PerformanceMonitor.start_monitoring)] [topics: /performance/alert, /diagnostic_status, /rosout, /performance/command, /performance/metrics, /performance/benchmark, /performance/benchmark_results] Performance monitoring started
1788083056.094634294 INFO /performance_monitor [performance_monitor.py:401(PerformanceMonitor.benchmark_cpu)] [topics: /performance/alert, /diagnostic_status, /rosout, /performance/command, /performance/metrics, /performance/benchmark, /performance/benchmark_results] Running CPU benchmark...
1788083056.437623500 INFO /performance_monitor [performance_monitor.py:368(PerformanceMonitor.benchmark_fps)] [topics: /performance/alert, /diagnostic_status, /rosout, /performance/command, /performance/metrics, /performance/benchmark, /performance/benchmark_results] Running FPS benchmark...
1788083058.004354953 INFO /performance_monitor [performance_monitor.py:461(PerformanceMonitor.benchmark_network)] [topics: /performance/alert, /diagnostic_status, /rosout, /performance/command, /performance/metrics, /performance/benchmark, /performance/benchmark_results] Running network benchmark...
1788083058.091265678 INFO /performance_monitor [performance_monitor.py:507(PerformanceMonitor.benchmark_application)] [topics: /performance/alert, /diagnostic_status, /rosout, /performance/command, /performance/metrics, /performance/benchmark, /performance/benchmark_results] Running application benchmark...
1788083058.265318632 INFO /performance_monitor [performance_monitor.py:113(PerformanceMonitor.start_monitoring)] [topics: /performance/alert, /diagnostic_status, /rosout, /performance/command, /performance/metrics, /performance/benchmark, /performance/benchmark_results] Performance monitoring started
1788083058.682753562 INFO /performance_monitor [performance_monitor.py:368(PerformanceMonitor.benchmark_fps)] [topics: /performance/alert, /diagnostic_status, /rosout, /performance/command, /performance/metrics, /performance/benchmark, /performance/benchmark_results] Running FPS benchmark...
1788083058.827074527 INFO /performance_monitor [performance_monitor.py:401(PerformanceMonitor.benchmark_cpu)] [topics: /performance/alert, /diagnostic_status, /rosout, /performance/command, /performance/metrics, /performance/benchmark, /performance/benchmark_results] Running CPU benchmark...
1788083059.378876447 INFO /performance_monitor [performance_monitor.py:507(PerformanceMonitor.benchmark_application)] [topics: /performance/alert, /diagnostic_status, /rosout, /performance/command, /performance/metrics, /performance/benchmark, /performance/benchmark_results] Running application benchmark...
1788083059.522038459 INFO /performance_monitor [performance_monitor.py:401(PerformanceMonitor.benchmark_cpu)] [topics: /performance/alert, /diagnostic_status, /rosout, /performance/command, /performance/metrics, /performance/benchmark, /performance/benchmark_results] Running CPU benchmark...
1788083059.925427198 INFO /performance_monitor [performance_monitor.py:113(PerformanceMonitor.start_monitoring)] [topics: /performance/alert, /diagnostic_status, /rosout, /performance/command, /performance/metrics, /performance/benchmark, /performance/benchmark_results] Performance monitoring started
1788083060.213053703 INFO /performance_monitor [performance_monitor.py:461(PerformanceMonitor.benchmark_network)] [topics: /performance/alert, /diagnostic_status, /rosout, /performance/command, /performance/metrics, /performance/benchmark, /performance/benchmark_results] Running network benchmark...
1788083060.355566740 INFO /performance_monitor [performance_monitor.py:425(PerformanceMonitor.benchmark_memory)] [topics: /performance/alert, /diagnostic_status, /rosout, /performance/command, /performance/metrics, /performance/benchmark, /performance/benchmark_results] Running memory benchmark...
1788083060.523997068 INFO /performance_monitor [performance_monitor.py:461(PerformanceMonitor.benchmark_network)] [topics: /performance/alert, /diagnostic_status, /rosout, /performance/command, /performance/metrics, /performance/benchmark, /performance/benchmark_results] Running network benchmark...
1788083060.664155483 INFO /performance_monitor [performance_monitor.py:368(PerformanceMonitor.benchmark_fps)] [topics: /performance/alert, /diagnostic_status, /rosout, /performance/command, /performance/metrics, /performance/benchmark, /performance/benchmark_results] Running FPS benchmark...
1788083060.937114000 INFO /performance_monitor [performance_monitor.py:461(PerformanceMonitor.benchmark_network)] [topics: /performance/alert, /diagnostic_status, /rosout, /performance/command, /performance/metrics, /performance/benchmark, /performance/benchmark_results] Running network benchmark...
1788083061.529455661 INFO /performance_monitor [performance_monitor.py:113(PerformanceMonitor.start_monitoring)] [topics: /performance/alert, /diagnostic_status, /rosout, /performance/command, /performance/metrics, /performance/benchmark, /performance/benchmark_results] Performance monitoring started
1788083061.993880748 INFO /performance_monitor [performance_monitor.py:425(PerformanceMonitor.benchmark_memory)] [topics: /performance/alert, /diagnostic_status, /rosout, /performance/command, /performance/metrics, /performance/benchmark, /performance/benchmark_results] Running memory benchmark...
1788083062.017309665 INFO /performance_monitor [performance_monitor.py:401(PerformanceMonitor.benchmark_cpu)] [topics: /performance/alert, /diagnostic_status, /rosout, /performance/command, /performance/metrics, /performance/benchmark, /performance/benchmark_results] Running CPU benchmark...
1788083062.576164722 INFO /performance_monitor [performance_monitor.py:461(PerformanceMonitor.benchmark_network)] [topics: /performance/alert, /diagnostic_status, /rosout, /performance/command, /performance/metrics, /performance/benchmark, /performance/benchmark_results] Running network benchmark...
1788083063.061502218 INFO /performance_monitor [performance_monitor.py:368(PerformanceMonitor.benchmark_fps)] [topics: /performance/alert, /diagnostic_status, /rosout, /performance/command, /performance/metrics, /performance/benchmark, /performance/benchmark_results] Running FPS benchmark...
1788083063.515897512 INFO /performance_monitor [performance_monitor.py:113(PerformanceMonitor.start_monitoring)] [topics: /performance/alert, /diagnostic_status, /rosout, /performance/command, /performance/metrics, /performance/benchmark, /performance/benchmark_results] Performance monitoring started
1788083063.946769475 INFO /performance_monitor [performance_monitor.py:401(PerformanceMonitor.benchmark_cpu)] [topics: /performance/alert, /diagnostic_status, /rosout, /performance/command, /performance/metrics, /performance/benchmark, /performance/benchmark_results] Running CPU benchmark...
1788083064.458520889 INFO /performance_monitor [performance_monitor.py:461(PerformanceMonitor.benchmark_network)] [topics: /performance/alert, /diagnostic_status, /rosout, /performance/command, /performance/metrics, /performance/benchmark, /performance/benchmark_results] Running network benchmark...
1788083064.481574296 INFO /performance_monitor [performance_monitor.py:368(PerformanceMonitor.benchmark_fps)] [topics: /performance/alert, /diagnostic_status, /rosout, /performance/command, /performance/metrics, /performance/benchmark, /performance/benchmark_results] Running FPS benchmark...
1788083065.680552721 INFO /performance_monitor [performance_monitor.py:425(PerformanceMonitor.benchmark_memory)] [topics: /performance/alert, /diagnostic_status, /rosout, /performance/command, /performance/metrics, /performance/benchmark, /performance/benchmark_results] Running memory benchmark...
1788083065.733877420 INFO /performance_monitor [performance_monitor.py:113(PerformanceMonitor.start_monitoring)] [topics: /performance/alert, /diagnostic_status, /rosout, /performance/command, /performance/metrics, /performance/benchmark, /performance/benchmark_results] Performance monitoring started
1788083066.008724451 INFO /performance_monitor [performance_monitor.py:425(PerformanceMonitor.benchmark_memory)] [topics: /performance/alert, /diagnostic_status, /rosout, /performance/command, /performance/metrics, /performance/benchmark, /performance/benchmark_results] Running memory benchmark...
1788083066.098169565 INFO /performance_monitor [performance_monitor.py:401(PerformanceMonitor.benchmark_cpu)] [topics: /performance/alert, /diagnostic_status, /rosout, /performance/command, /performance/metrics, /performance/benchmark, /performance/benchmark_results] Running CPU benchmark...
1788083067.044617652 INFO /performance_monitor [performance_monitor.py:368(PerformanceMonitor.benchmark_fps)] [topics: /performance/alert, /diagnostic_status, /rosout, /performance/command, /performance/metrics, /performance/benchmark, /performance/benchmark_results] Running FPS benchmark...
1788083067.099724054 INFO /performance_monitor [performance_monitor.py:507(PerformanceMonitor.benchmark_application)] [topics: /performance/alert, /diagnostic_status, /rosout, /performance/command, /performance/metrics, /performance/benchmark, /performance/benchmark_results] Running application benchmark...
1788083067.243924379 INFO /performance_monitor [performance_monitor.py:461(PerformanceMonitor.benchmark_network)] [topics: /performance/alert, /diagnostic_status, /rosout, /performance/command, /performance/metrics, /performance/benchmark, /performance/benchmark_results] Running network benchmark...
1788083067.831318616 INFO /performance_monitor [performance_monitor.py:113(PerformanceMonitor.start_monitoring)] [topics: /performance/alert, /diagnostic_status, /rosout, /performance/command, /performance/metrics, /performance/benchmark, /performance/benchmark_results] Performance monitoring started
1788083067.918001651 INFO /performance_monitor [performance_monitor.py:461(PerformanceMonitor.benchmark_network)] [topics: /performance/alert, /diagnostic_status, /rosout, /performance/command, /performance/metrics, /performance/benchmark, /performance/benchmark_results] Running network benchmark...
1788083068.042498826 INFO /performance_monitor [performance_monitor.py:507(PerformanceMonitor.benchmark_application)] [topics: /performance/alert, /diagnostic_status, /rosout, /performance/command, /performance/metrics, /performance/benchmark, /performance/benchmark_results] Running application benchmark...
1788083068.089446544 INFO /performance_monitor [performance_monitor.py:368(PerformanceMonitor.benchmark_fps)] [topics: /performance/alert, /diagnostic_status, /rosout, /performance/command, /performance/metrics, /performance/benchmark, /performance/benchmark_results] Running FPS benchmark...
1788083068.602640628 INFO /performance_monitor [performance_monitor.py:401(PerformanceMonitor.benchmark_cpu)] [topics: /performance/alert, /diagnostic_status, /rosout, /performance/command, /performance/metrics, /performance/benchmark, /performance/benchmark_results] Running CPU benchmark...
1788083069.745378017 INFO /performance_monitor [performance_monitor.py:507(PerformanceMonitor.benchmark_application)] [topics: /performance/alert, /diagnostic_status, /rosout, /performance/command, /performance/metrics, /performance/benchmark, /performance/benchmark_results] Running application benchmark...
1788083070.039661884 INFO /performance_monitor [performance_monitor.py:113(PerformanceMonitor.start_monitoring)] [topics: /performance/alert, /diagnostic_status, /rosout, /performance/command, /performance/metrics, /performance/benchmark, /performance/benchmark_results] Performance monitoring started
1788083070.114989042 INFO /performance_monitor [performance_monitor.py:425(PerformanceMonitor.benchmark_memory)] [topics: /performance/alert, /diagnostic_status, /rosout, /performance/command, /performance/metrics, /performance/benchmark, /performance/benchmark_results] Running memory benchmark...
1788083070.351267814 INFO /performance_monitor [performance_monitor.py:401(PerformanceMonitor.benchmark_cpu)] [topics: /performance/alert, /diagnostic_status, /rosout, /performance/command, /performance/metrics, /performance/benchmark, /performance/benchmark_results] Running CPU benchmark...
1788083070.526961088 INFO /performance_monitor [performance_monitor.py:368(PerformanceMonitor.benchmark_fps)] [topics: /performance/alert, /diagnostic_status, /rosout, /performance/command, /performance/metrics, /performance/benchmark, /performance/benchmark_results] Running FPS benchmark...
1788083071.573219299 INFO /performance_monitor [performance_monitor.py:113(PerformanceMonitor.start_monitoring)] [topics: /performance/alert, /diagnostic_status, /rosout, /performance/command, /performance/metrics, /performance/benchmark, /performance/benchmark_results] Performance monitoring started
1788083071.997803449 INFO /performance_monitor [performance_monitor.py:425(PerformanceMonitor.benchmark_memory)] [topics: /performance/alert, /diagnostic_status, /rosout, /performance/command, /performance/metrics, /performance/benchmark, /performance/benchmark_results] Running memory benchmark...
1788083072.220749616 INFO /performance_monitor [performance_monitor.py:507(PerformanceMonitor.benchmark_application)] [topics: /performance/alert, /diagnostic_status, /rosout, /performance/command, /performance/metrics, /performance/benchmark, /performance/benchmark_results] Running application benchmark...
1788083072.370101451 INFO /performance_monitor [performance_monitor.py:461(PerformanceMonitor.benchmark_network)] [topics: /performance/alert, /diagnostic_status, /rosout, /performance/command, /performance/metrics, /performance/benchmark, /performance/benchmark_results] Running network benchmark...
1788083072.649259567 INFO /performance_monitor [performance_monitor.py:401(PerformanceMonitor.benchmark_cpu)] [topics: /performance/alert, /diagnostic_status, /rosout, /performance/command, /performance/metrics, /performance/benchmark, /performance/benchmark_results] Running CPU benchmark...
1788083072.666688203 INFO /performance_monitor [performance_monitor.py:368(PerformanceMonitor.benchmark_fps)] [topics: /performance/alert, /diagnostic_status, /rosout, /performance/command, /performance/metrics, /performance/benchmark, /performance/benchmark_results] Running FPS benchmark...
1788083073.158493757 INFO /performance_monitor [performance_monitor.py:461(PerformanceMonitor.benchmark_network)] [topics: /performance/alert, /diagnostic_status, /rosout, /performance/command, /performance/metrics, /performance/benchmark, /performance/benchmark_results] Running network benchmark...
1788083073.204351186 INFO /performance_monitor [performance_monitor.py:113(PerformanceMonitor.start_monitoring)] [topics: /performance/alert, /diagnostic_status, /rosout, /performance/command, /performance/metrics, /performance/benchmark, /performance/benchmark_results] Performance monitoring started
1788083073.283799648 INFO /performance_monitor [performance_monitor.py:425(PerformanceMonitor.benchmark_memory)] [topics: /performance/alert, /diagnostic_status, /rosout, /performance/command, /performance/metrics, /performance/benchmark, /performance/benchmark_results] Running memory benchmark...
1788083073.531831026 INFO /performance_monitor [performance_monitor.py:401(PerformanceMonitor.benchmark_cpu)] [topics: /performance/alert, /diagnostic_status, /rosout, /performance/command, /performance/metrics, /performance/benchmark, /performance/benchmark_results] Running CPU benchmark...
1788083073.936911821 INFO /performance_monitor [performance_monitor.py:425(PerformanceMonitor.benchmark_memory)] [topics: /performance/alert, /diagnostic_status, /rosout, /performance/command, /performance/metrics, /performance/benchmark, /performance/benchmark_results] Running memory benchmark...
1788083074.767167091 INFO /performance_monitor [performance_monitor.py:425(PerformanceMonitor.benchmark_memory)] [topics: /performance/alert, /diagnostic_status, /rosout, /performance/command, /performance/metrics, /performance/benchmark, /performance/benchmark_results] Running memory benchmark...
1788083075.145272493 INFO /performance_monitor [performance_monitor.py:368(PerformanceMonitor.benchmark_fps)] [topics: /performance/alert, /diagnostic_status, /rosout, /performance/command, /performance/metrics, /performance/benchmark, /performance/benchmark_results] Running FPS benchmark...
1788083075.330962419 INFO /performance_monitor [performance_monitor.py:507(PerformanceMonitor.benchmark_application)] [topics: /performance/alert, /diagnostic_status, /rosout, /performance/command, /performance/metrics, /performance/benchmark, /performance/benchmark_results] Running application benchmark...
1788083075.496339559 INFO /performance_monitor [performance_monitor.py:113(PerformanceMonitor.start_monitoring)] [topics: /performance/alert, /diagnostic_status, /rosout, /performance/command, /performance/metrics, /performance/benchmark, /performance/benchmark_results] Performance monitoring started
1788083075.919363498 INFO /performance_monitor [performance_monitor.py:507(PerformanceMonitor.benchmark_application)] [topics: /performance/alert, /diagnostic_status, /rosout, /performance/command, /performance/metrics, /performance/benchmark, /performance/benchmark_results] Running application benchmark...
1788083076.184352159 INFO /performance_monitor [performance_monitor.py:401(PerformanceMonitor.benchmark_cpu)] [topics: /performance/alert, /diagnostic_status, /rosout, /performance/command, /performance/metrics, /performance/benchmark, /performance/benchmark_results] Running CPU benchmark...
1788083076.379499673 INFO /performance_monitor [performance_monitor.py:425(PerformanceMonitor.benchmark_memory)] [topics: /performance/alert, /diagnostic_status, /rosout, /performance/command, /performance/metrics, /performance/benchmark, /performance/benchmark_results] Running memory benchmark...
1788083076.543281316 INFO /performance_monitor [performance_monitor.py:368(PerformanceMonitor.benchmark_fps)] [topics: /performance/alert, /diagnostic_status, /rosout, /performance/command, /performance/metrics, /performance/benchmark, /performance/benchmark_results] Running FPS benchmark...
1788083077.161829471 INFO /performance_monitor [performance_monitor.py:425(PerformanceMonitor.benchmark_memory)] [topics: /performance/alert, /diagnostic_status, /rosout, /performance/command, /performance/metrics, /performance/benchmark, /performance/benchmark_results] Running memory benchmark...
1788083077.726456403 INFO /performance_monitor [performance_monitor.py:113(PerformanceMonitor.start_monitoring)] [topics: /performance/alert, /diagnostic_status, /rosout, /performance/command, /performance/metrics, /performance/benchmark, /performance/benchmark_results] Performance monitoring started
1788083078.523113250 INFO /performance_monitor [performance_monitor.py:507(PerformanceMonitor.benchmark_application)] [topics: /performance/alert, /diagnostic_status, /rosout, /performance/command, /performance/metrics, /performance/benchmark, /performance/benchmark_results] Running application benchmark...
1788083079.103719472 INFO /performance_monitor [performance_monitor.py:401(PerformanceMonitor.benchmark_cpu)] [topics: /performance/alert, /diagnostic_status, /rosout, /performance/command, /performance/metrics, /performance/benchmark, /performance/benchmark_results] Running CPU benchmark...
1788083079.379976987 INFO /performance_monitor [performance_monitor.py:461(PerformanceMonitor.benchmark_network)] [topics: /performance/alert, /diagnostic_status, /rosout, /performance/command, /performance/metrics, /performance/benchmark, /performance/benchmark_results] Running network benchmark...
1788083079.397577047 INFO /performance_monitor [performance_monitor.py:368(PerformanceMonitor.benchmark_fps)] [topics: /performance/alert, /diagnostic_status, /rosout, /performance/command, /performance/metrics, /performance/benchmark, /performance/benchmark_results] Running FPS benchmark...
1788083080.015563964 INFO /performance_monitor [performance_monitor.py:461(PerformanceMonitor.benchmark_network)] [topics: /performance/alert, /diagnostic_status, /rosout, /performance/command, /performance/metrics, /performance/benchmark, /performance/benchmark_results] Running network benchmark...
1788083080.253758430 INFO /performance_monitor [performance_monitor.py:507(PerformanceMonitor.benchmark_application)] [topics: /performance/alert, /diagnostic_status, /rosout, /performance/command, /performance/metrics, /performance/benchmark, /performance/benchmark_results] Running application benchmark...
1788083080.532975196 INFO /performance_monitor [performance_monitor.py:113(PerformanceMonitor.start_monitoring)] [topics: /performance/alert, /diagnostic_status, /rosout, /performance/command, /performance/metrics, /performance/benchmark, /performance/benchmark_results] Performance monitoring started
1788083081.199852228 INFO /performance_monitor [performance_monitor.py:368(PerformanceMonitor.benchmark_fps)] [topics: /performance/alert, /diagnostic_status, /rosout, /performance/command, /performance/metrics, /performance/benchmark, /performance/benchmark_results] Running FPS benchmark...
1788083081.422986268 INFO /performance_monitor [performance_monitor.py:401(PerformanceMonitor.benchmark_cpu)] [topics: /performance/alert, /diagnostic_status, /rosout, /performance/command, /performance/metrics, /performance/benchmark, /performance/benchmark_results] Running CPU benchmark...
1788083081.976724147 INFO /performance_monitor [performance_monitor.py:401(PerformanceMonitor.benchmark_cpu)] [topics: /performance/alert, /diagnostic_status, /rosout, /performance/command, /performance/metrics, /performance/benchmark, /performance/benchmark_results] Running CPU benchmark...
1788083082.042901039 INFO /performance_monitor [performance_monitor.py:461(PerformanceMonitor.benchmark_network)] [topics: /performance/alert, /diagnostic_status, /rosout, /performance/command, /performance/metrics, /performance/benchmark, /performance/benchmark_results] Running network benchmark...
1788083082.236723423 INFO /performance_monitor [performance_monitor.py:113(PerformanceMonitor.start_monitoring)] [topics: /performance/alert, /diagnostic_status, /rosout, /performance/command, /performance/metrics, /performance/benchmark, /performance/benchmark_results] Performance monitoring started
1788083082.536944866 INFO /performance_monitor [performance_monitor.py:461(PerformanceMonitor.benchmark_network)] [topics: /performance/alert, /diagnostic_status, /rosout, /performance/command, /performance/metrics, /performance/benchmark, /performance/benchmark_results] Running network benchmark...
1788083082.587888240 INFO /performance_monitor [performance_monitor.py:368(PerformanceMonitor.benchmark_fps)] [topics: /performance/alert, /diagnostic_status, /rosout, /performance/command, /performance/metrics, /performance/benchmark, /performance/benchmark_results] Running FPS benchmark...
1788083082.670419216 INFO /performance_monitor [performance_monitor.py:461(PerformanceMonitor.benchmark_network)] [topics: /performance/alert, /diagnostic_status, /rosout, /performance/command, /performance/metrics, /performance/benchmark, /performance/benchmark_results] Running network benchmark...
1788083082.964541196 INFO /performance_monitor [performance_monitor.py:425(PerformanceMonitor.benchmark_memory)] [topics: /performance/alert, /diagnostic_status, /rosout, /performance/command, /performance/metrics, /performance/benchmark, /performance/benchmark_results] Running memory benchmark...
1788083083.556693553 INFO /performance_monitor [performance_monitor.py:113(PerformanceMonitor.start_monitoring)] [topics: /performance/alert, /diagnostic_status, /rosout, /performance/command, /performance/metrics, /performance/benchmark, /performance/benchmark_results] Performance monitoring started
1788083084.727227449 INFO /performance_monitor [performance_monitor.py:368(PerformanceMonitor.benchmark_fps)] [topics: /performance/alert, /diagnostic_status, /rosout, /performance/command, /performance/metrics, /performance/benchmark, /performance/benchmark_results] Running FPS benchmark...
1788083084.972777366 INFO /performance_monitor [performance_monitor.py:425(PerformanceMonitor.benchmark_memory)] [topics: /performance/alert, /diagnostic_status, /rosout, /performance/command, /performance/metrics, /performance/benchmark, /performance/benchmark_results] Running memory benchmark...
1788083085.167207241 INFO /performance_monitor [performance_monitor.py:461(PerformanceMonitor.benchmark_network)] [topics: /performance/alert, /diagnostic_status, /rosout, /performance/command, /performance/metrics, /performance/benchmark, /performance/benchmark_results] Running network benchmark...
1788083085.353925943 INFO /performance_monitor [performance_monitor.py:401(PerformanceMonitor.benchmark_cpu)] [topics: /performance/alert, /diagnostic_status, /rosout, /performance/command, /performance/metrics, /performance/benchmark, /performance/benchmark_results] Running CPU benchmark...
1788083085.593741655 INFO /performance_monitor [performance_monitor.py:461(PerformanceMonitor.benchmark_network)] [topics: /performance/alert, /diagnostic_status, /rosout, /performance/command, /performance/metrics, /performance/benchmark, /performance/benchmark_results] Running network benchmark...
1788083085.644158363 INFO /performance_monitor [performance_monitor.py:113(PerformanceMonitor.start_monitoring)] [topics: /performance/alert, /diagnostic_status, /rosout, /performance/command, /performance/metrics, /performance/benchmark, /performance/benchmark_results] Performance monitoring started
1788083086.095763683 INFO /performance_monitor [performance_monitor.py:507(PerformanceMonitor.benchmark_application)] [topics: /performance/alert, /diagnostic_status, /rosout, /performance/command, /performance/metrics, /performance/benchmark, /performance/benchmark_results] Running application benchmark...
1788083086.430633068 INFO /performance_monitor [performance_monitor.py:507(PerformanceMonitor.benchmark_application)] [topics: /performance/alert, /diagnostic_status, /rosout, /performance/command, /performance/metrics, /performance/benchmark, /performance/benchmark_results] Running application benchmark...
1788083086.624938488 INFO /performance_monitor [performance_monitor.py:425(PerformanceMonitor.benchmark_memory)] [topics: /performance/alert, /diagnostic_status, /rosout, /performance/command, /performance/metrics, /performance/benchmark, /performance/benchmark_results] Running memory benchmark...
1788083086.743016719 INFO /performance_monitor [performance_monitor.py:507(PerformanceMonitor.benchmark_application)] [topics: /performance/alert, /diagnostic_status, /rosout, /performance/command, /performance/metrics, /performance/benchmark, /performance/benchmark_results] Running application benchmark...
1788083086.802949428 INFO /performance_monitor [performance_monitor.py:368(PerformanceMonitor.benchmark_fps)] [topics: /performance/alert, /diagnostic_status, /rosout, /performance/command, /performance/metrics, /performance/benchmark, /performance/benchmark_results] Running FPS benchmark...
1788083087.047446489 INFO /performance_monitor [performance_monitor.py:401(PerformanceMonitor.benchmark_cpu)] [topics: /performance/alert, /diagnostic_status, /rosout, /performance/command, /performance/metrics, /performance/benchmark, /performance/benchmark_results] Running CPU benchmark...
1788083087.133706331 INFO /performance_monitor [performance_monitor.py:507(PerformanceMonitor.benchmark_application)] [topics: /performance/alert, /diagnostic_status, /rosout, /performance/command, /performance/metrics, /performance/benchmark, /performance/benchmark_results] Running application benchmark...
1788083087.243777036 INFO /performance_monitor [performance_monitor.py:461(PerformanceMonitor.benchmark_network)] [topics: /performance/alert, /diagnostic_status, /rosout, /performance/command, /performance/metrics, /performance/benchmark, /performance/benchmark_results] Running network benchmark...
1788083087.622445106 INFO /performance_monitor [performance_monitor.py:401(PerformanceMonitor.benchmark_cpu)] [topics: /performance/alert, /diagnostic_status, /rosout, /performance/command, /performance/metrics, /performance/benchmark, /performance/benchmark_results] Running CPU benchmark...
1788083087.970528602 INFO /performance_monitor [performance_monitor.py:113(PerformanceMonitor.start_monitoring)] [topics: /performance/alert, /diagnostic_status, /rosout, /performance/command, /performance/metrics, /performance/benchmark, /performance/benchmark_results] Performance monitoring started
1788083088.512305974 INFO /performance_monitor [performance_monitor.py:368(PerformanceMonitor.benchmark_fps)] [topics: /performance/alert, /diagnostic_status, /rosout, /performance/command, /performance/metrics, /performance/benchmark, /performance/benchmark_results] Running FPS benchmark...
1788083089.250582218 INFO /performance_monitor [performance_monitor.py:425(PerformanceMonitor.benchmark_memory)] [topics: /performance/alert, /diagnostic_status, /rosout, /performance/command, /performance/metrics, /performance/benchmark, /performance/benchmark_results] Running memory benchmark...
1788083089.635668516 INFO /performance_monitor [performance_monitor.py:507(PerformanceMonitor.benchmark_application)] [topics: /performance/alert, /diagnostic_status, /rosout, /performance/command, /performance/metrics, /performance/benchmark, /performance/benchmark_results] Running application benchmark...
1788083089.903322935 INFO /performance_monitor [performance_monitor.py:113(PerformanceMonitor.start_monitoring)] [topics: /performance/alert, /diagnostic_status, /rosout, /performance/command, /performance/metrics, /performance/benchmark, /performance/benchmark_results] Performance monitoring started
1788083090.383009433 INFO /performance_monitor [performance_monitor.py:401(PerformanceMonitor.benchmark_cpu)] [topics: /performance/alert, /diagnostic_status, /rosout, /performance/command, /performance/metrics, /performance/benchmark, /performance/benchmark_results] Running CPU benchmark...
1788083091.055580854 INFO /performance_monitor [performance_monitor.py:368(PerformanceMonitor.benchmark_fps)] [topics: /performance/alert, /diagnostic_status, /rosout, /performance/command, /performance/metrics, /performance/benchmark, /performance/benchmark_results] Running FPS benchmark...
1788083091.155609846 INFO /performance_monitor [performance_monitor.py:461(PerformanceMonitor.benchmark_network)] [topics: /performance/alert, /diagnostic_status, /rosout, /performance/command, /performance/metrics, /performance/benchmark, /performance/benchmark_results] Running network benchmark...
1788083091.592104434 INFO /performance_monitor [performance_monitor.py:113(PerformanceMonitor.start_monitoring)] [topics: /performance/alert, /diagnostic_status, /rosout, /performance/command, /performance/metrics, /performance/benchmark, /performance/benchmark_results] Performance monitoring started
1788083092.042551994 INFO /performance_monitor [performance_monitor.py:401(PerformanceMonitor.benchmark_cpu)] [topics: /performance/alert, /diagnostic_status, /rosout, /performance/command, /performance/metrics, /performance/benchmark, /performance/benchmark_results] Running CPU benchmark...
1788083092.480326175 INFO /performance_monitor [performance_monitor.py:368(PerformanceMonitor.benchmark_fps)] [topics: /performance/alert, /diagnostic_status, /rosout, /performance/command, /performance/metrics, /performance/benchmark, /performance/benchmark_results] Running FPS benchmark...
1788083092.643095970 INFO /performance_monitor [performance_monitor.py:425(PerformanceMonitor.benchmark_memory)] [topics: /performance/alert, /diagnostic_status, /rosout, /performance/command, /performance/metrics, /performance/benchmark, /performance/benchmark_results] Running memory benchmark...
1788083092.671475887 INFO /performance_monitor [performance_monitor.py:425(PerformanceMonitor.benchmark_memory)] [topics: /performance/alert, /diagnostic_status, /rosout, /performance/command, /performance/metrics, /performance/benchmark, /performance/benchmark_results] Running memory benchmark...
1788083093.046858310 INFO /performance_monitor [performance_monitor.py:507(PerformanceMonitor.benchmark_application)] [topics: /performance/alert, /diagnostic_status, /rosout, /performance/command, /performance/metrics, /performance/benchmark, /performance/benchmark_results] Running application benchmark...
1788083093.286982059 INFO /performance_monitor [performance_monitor.py:425(PerformanceMonitor.benchmark_memory)] [topics: /performance/alert, /diagnostic_status, /rosout, /performance/command, /performance/metrics, /performance/benchmark, /performance/benchmark_results] Running memory benchmark...
1788083093.675144433 INFO /performance_monitor [performance_monitor.py:461(PerformanceMonitor.benchmark_network)] [topics: /performance/alert, /diagnostic_status, /rosout, /performance/command, /performance/metrics, /performance/benchmark, /performance/benchmark_results] Running network benchmark...
1788083093.859607458 INFO /performance_monitor [performance_monitor.py:401(PerformanceMonitor.benchmark_cpu)] [topics: /performance/alert, /diagnostic_status, /rosout, /performance/command, /performance/metrics, /performance/benchmark, /performance/benchmark_results] Running CPU benchmark...
1788083093.943590402 INFO /performance_monitor [performance_monitor.py:507(PerformanceMonitor.benchmark_application)] [topics: /performance/alert, /diagnostic_status, /rosout, /performance/command, /performance/metrics, /performance/benchmark, /performance/benchmark_results] Running application benchmark...
1788083094.058475732 INFO /performance_monitor [performance_monitor.py:113(PerformanceMonitor.start_monitoring)] [topics: /performance/alert, /diagnostic_status, /rosout, /performance/command, /performance/metrics, /performance/benchmark, /performance/benchmark_results] Performance monitoring started
1788083094.152206897 INFO /performance_monitor [performance_monitor.py:368(PerformanceMonitor.benchmark_fps)] [topics: /performance/alert, /diagnostic_status, /rosout, /performance/command, /performance/metrics, /performance/benchmark, /performance/benchmark_results] Running FPS benchmark...
1788083094.547847747 INFO /performance_monitor [performance_monitor.py:425(PerformanceMonitor.benchmark_memory)] [topics: /performance/alert, /diagnostic_status, /rosout, /performance/command, /performance/metrics, /performance/benchmark, /performance/benchmark_results] Running memory benchmark...
1788083095.390635728 INFO /performance_monitor [performance_monitor.py:507(PerformanceMonitor.benchmark_application)] [topics: /performance/alert, /diagnostic_status, /rosout, /performance/command, /performance/metrics, /performance/benchmark, /performance/benchmark_results] Running application benchmark...
1788083096.226873874 INFO /performance_monitor [performance_monitor.py:113(PerformanceMonitor.start_monitoring)] [topics: /performance/alert, /diagnostic_status, /rosout, /performance/command, /performance/metrics, /performance/benchmark, /performance/benchmark_results] Performance monitoring started
1788083096.503727674 INFO /performance_monitor [performance_monitor.py:401(PerformanceMonitor.benchmark_cpu)] [topics: /performance/alert, /diagnostic_status, /rosout, /performance/command, /performance/metrics, /performance/benchmark, /performance/benchmark_results] Running CPU benchmark...
1788083096.710677385 INFO /performance_monitor [performance_monitor.py:368(PerformanceMonitor.benchmark_fps)] [topics: /performance/alert, /diagnostic_status, /rosout, /performance/command, /performance/metrics, /performance/benchmark, /performance/benchmark_results] Running FPS benchmark...
1788083097.990729808 INFO /performance_monitor [performance_monitor.py:461(PerformanceMonitor.benchmark_network)] [topics: /performance/alert, /diagnostic_status, /rosout, /performance/command, /performance/metrics, /performance/benchmark, /performance/benchmark_results] Running network benchmark...
1788083098.086848735 INFO /performance_monitor [performance_monitor.py:401(PerformanceMonitor.benchmark_cpu)] [topics: /performance/alert, /diagnostic_status, /rosout, /performance/command, /performance/metrics, /performance/benchmark, /performance/benchmark_results] Running CPU benchmark...
1788083098.516102313 INFO /performance_monitor [performance_monitor.py:113(PerformanceMonitor.start_monitoring)] [topics: /performance/alert, /diagnostic_status, /rosout, /performance/command, /performance/metrics, /performance/benchmark, /performance/benchmark_results] Performance monitoring started
1788083098.523353576 INFO /performance_monitor [performance_monitor.py:507(PerformanceMonitor.benchmark_application)] [topics: /performance/alert, /diagnostic_status, /rosout, /performance/command, /performance/metrics, /performance/benchmark, /performance/benchmark_results] Running application benchmark...
1788083098.814778804 INFO /performance_monitor [performance_monitor.py:368(PerformanceMonitor.benchmark_fps)] [topics: /performance/alert, /diagnostic_status, /rosout, /performance/command, /performance/metrics, /performance/benchmark, /performance/benchmark_results] Running FPS benchmark...
1788083099.518331050 INFO /performance_monitor [performance_monitor.py:401(PerformanceMonitor.benchmark_cpu)] [topics: /performance/alert, /diagnostic_status, /rosout, /performance/command, /performance/metrics, /performance/benchmark, /performance/benchmark_results] Running CPU benchmark...
1788083099.871330022 INFO /performance_monitor [performance_monitor.py:113(PerformanceMonitor.start_monitoring)] [topics: /performance/alert, /diagnostic_status, /rosout, /performance/command, /performance/metrics, /performance/benchmark, /performance/benchmark_results] Performance monitoring started
1788083100.160709619 INFO /performance_monitor [performance_monitor.py:425(PerformanceMonitor.benchmark_memory)] [topics: /performance/alert, /diagnostic_status, /rosout, /performance/command, /performance/metrics, /performance/benchmark, /performance/benchmark_results] Running memory benchmark...
1788083100.173603534 INFO /performance_monitor [performance_monitor.py:461(PerformanceMonitor.benchmark_network)] [topics: /performance/alert, /diagnostic_status, /rosout, /performance/command, /performance/metrics, /performance/benchmark, /performance/benchmark_results] Running network benchmark...
1788083100.317518949 INFO /performance_monitor [performance_monitor.py:461(PerformanceMonitor.benchmark_network)] [topics: /performance/alert, /diagnostic_status, /rosout, /performance/command, /performance/metrics, /performance/benchmark, /performance/benchmark_results] Running network benchmark...
1788083100.520425558 INFO /performance_monitor [performance_monitor.py:368(PerformanceMonitor.benchmark_fps)] [topics: /performance/alert, /diagnostic_status, /rosout, /performance/command, /performance/metrics, /performance/benchmark, /performance/benchmark_results] Running FPS benchmark...
1788083101.245655775 INFO /performance_monitor [performance_monitor.py:113(PerformanceMonitor.start_monitoring)] [topics: /performance/alert, /diagnostic_status, /rosout, /performance/command, /performance/metrics, /performance/benchmark, /performance/benchmark_results] Performance monitoring started
1788083102.103866577 INFO /performance_monitor [performance_monitor.py:461(PerformanceMonitor.benchmark_network)] [topics: /performance/alert, /diagnostic_status, /rosout, /performance/command, /performance/metrics, /performance/benchmark, /performance/benchmark_results] Running network benchmark...
1788083102.400144577 INFO /performance_monitor [performance_monitor.py:401(PerformanceMonitor.benchmark_cpu)] [topics: /performance/alert, /diagnostic_status, /rosout, /performance/command, /performance/metrics, /performance/benchmark, /performance/benchmark_results] Running CPU benchmark...
1788083102.489978790 INFO /performance_monitor [performance_monitor.py:461(PerformanceMonitor.benchmark_network)] [topics: /performance/alert, /diagnostic_status, /rosout, /performance/command, /performance/metrics, /performance/benchmark, /performance/benchmark_results] Running network benchmark...
1788083102.809390783 INFO /performance_monitor [performance_monitor.py:507(PerformanceMonitor.benchmark_application)] [topics: /performance/alert, /diagnostic_status, /rosout, /performance/command, /performance/metrics, /performance/benchmark, /performance/benchmark_results] Running application benchmark...
1788083102.888594388 INFO /performance_monitor [performance_monitor.py:425(PerformanceMonitor.benchmark_memory)] [topics: /performance/alert, /diagnostic_status, /rosout, /performance/command, /performance/metrics, /performance/benchmark, /performance/benchmark_results] Running memory benchmark...
1788083103.073086977 INFO /performance_monitor [performance_monitor.py:368(PerformanceMonitor.benchmark_fps)] [topics: /performance/alert, /diagnostic_status, /rosout, /performance/command, /performance/metrics, /performance/benchmark, /performance/benchmark_results] Running FPS benchmark...
1788083103.943381786 INFO /performance_monitor [performance_monitor.py:113(PerformanceMonitor.start_monitoring)] [topics: /performance/alert, /diagnostic_status, /rosout, /performance/command, /performance/metrics, /performance/benchmark, /performance/benchmark_results] Performance monitoring started
1788083104.091728210 INFO /performance_monitor [performance_monitor.py:425(PerformanceMonitor.benchmark_memory)] [topics: /performance/alert, /diagnostic_status, /rosout, /performance/command, /performance/metrics, /performance/benchmark, /performance/benchmark_results] Running memory benchmark...
1788083104.125549793 INFO /performance_monitor [performance_monitor.py:401(PerformanceMonitor.benchmark_cpu)] [topics: /performance/alert, /diagnostic_status, /rosout, /performance/command, /performance/metrics, /performance/benchmark, /performance/benchmark_results] Running CPU benchmark...
1788083104.310490608 INFO /performance_monitor [performance_monitor.py:368(PerformanceMonitor.benchmark_fps)] [topics: /performance/alert, /diagnostic_status, /rosout, /performance/command, /performance/metrics, /performance/benchmark, /performance/benchmark_results] Running FPS benchmark...
1788083105.030955314 INFO /performance_monitor [performance_monitor.py:507(PerformanceMonitor.benchmark_application)] [topics: /performance/alert, /diagnostic_status, /rosout, /performance/command, /performance/metrics, /performance/benchmark, /performance/benchmark_results] Running application benchmark...
1788083105.905110836 INFO /performance_monitor [performance_monitor.py:425(PerformanceMonitor.benchmark_memory)] [topics: /performance/alert, /diagnostic_status, /rosout, /performance/command, /performance/metrics, /performance/benchmark, /performance/benchmark_results] Running memory benchmark...
1788083106.342972517 INFO /performance_monitor [performance_monitor.py:113(PerformanceMonitor.start_monitoring)] [topics: /performance/alert, /diagnostic_status, /rosout, /performance/command, /performance/metrics, /performance/benchmark, /performance/benchmark_results] Performance monitoring started
1788083106.554838895 INFO /performance_monitor [performance_monitor.py:401(PerformanceMonitor.benchmark_cpu)] [topics: /performance/alert, /diagnostic_status, /rosout, /performance/command, /performance/metrics, /performance/benchmark, /performance/benchmark_results] Running CPU benchmark...
1788083106.960107088 INFO /performance_monitor [performance_monitor.py:507(PerformanceMonitor.benchmark_application)] [topics: /performance/alert, /diagnostic_status, /rosout, /performance/command, /performance/metrics, /performance/benchmark, /performance/benchmark_results] Running application benchmark...
1788083107.491700887 INFO /performance_monitor [performance_monitor.py:368(PerformanceMonitor.benchmark_fps)] [topics: /performance/alert, /diagnostic_status, /rosout, /performance/command, /performance/metrics, /performance/benchmark, /performance/benchmark_results] Running FPS benchmark...
1788083107.820338010 INFO /performance_monitor [performance_monitor.py:425(PerformanceMonitor.benchmark_memory)] [topics: /performance/alert, /diagnostic_status, /rosout, /performance/command, /performance/metrics, /performance/benchmark, /performance/benchmark_results] Running memory benchmark...
1788083108.283961534 INFO /performance_monitor [performance_monitor.py:461(PerformanceMonitor.benchmark_network)] [topics: /performance/alert, /diagnostic_status, /rosout, /performance/command, /performance/metrics, /performance/benchmark, /performance/benchmark_results] Running network benchmark...
1788083108.984874486 INFO /performance_monitor [performance_monitor.py:113(PerformanceMonitor.start_monitoring)] [topics: /performance/alert, /diagnostic_status, /rosout, /performance/command, /performance/metrics, /performance/benchmark, /performance/benchmark_results] Performance monitoring started
1788083109.183061838 INFO /performance_monitor [performance_monitor.py:401(PerformanceMonitor.benchmark_cpu)] [topics: /performance/alert, /diagnostic_status, /rosout, /performance/command, /performance/metrics, /performance/benchmark, /performance/benchmark_results] Running CPU benchmark...
1788083109.398962497 INFO /performance_monitor [performance_monitor.py:368(PerformanceMonitor.benchmark_fps)] [topics: /performance/alert, /diagnostic_status, /rosout, /performance/command, /performance/metrics, /performance/benchmark, /performance/benchmark_results] Running FPS benchmark...
1788083109.859932422 INFO /performance_monitor [performance_monitor.py:401(PerformanceMonitor.benchmark_cpu)] [topics: /performance/alert, /diagnostic_status, /rosout, /performance/command, /performance/metrics, /performance/benchmark, /performance/benchmark_results] Running CPU benchmark...
1788083109.930547952 INFO /performance_monitor [performance_monitor.py:113(PerformanceMonitor.start_monitoring)] [topics: /performance/alert, /diagnostic_status, /rosout, /performance/command, /performance/metrics, /performance/benchmark, /performance/benchmark_results] Performance monitoring started
1788083109.967703342 INFO /performance_monitor [performance_monitor.py:507(PerformanceMonitor.benchmark_application)] [topics: /performance/alert, /diagnostic_status, /rosout, /performance/command, /performance/metrics, /performance/benchmark, /performance/benchmark_results] Running application benchmark...
1788083110.703275680 INFO /performance_monitor [performance_monitor.py:507(PerformanceMonitor.benchmark_application)] [topics: /performance/alert, /diagnostic_status, /rosout, /performance/command, /performance/metrics, /performance/benchmark, /performance/benchmark_results] Running application benchmark...
1788083110.902178525 INFO /performance_monitor [performance_monitor.py:368(PerformanceMonitor.benchmark_fps)] [topics: /performance/alert, /diagnostic_status, /rosout, /performance/command, /performance/metrics, /performance/benchmark, /performance/benchmark_results] Running FPS benchmark...
1788083111.231623411 INFO /performance_monitor [performance_monitor.py:461(PerformanceMonitor.benchmark_network)] [topics: /performance/alert, /diagnostic_status, /rosout, /performance/command, /performance/metrics, /performance/benchmark, /performance/benchmark_results] Running network benchmark...
1788083111.417267799 INFO /performance_monitor [performance_monitor.py:507(PerformanceMonitor.benchmark_application)] [topics: /performance/alert, /diagnostic_status, /rosout, /performance/command, /performance/metrics, /performance/benchmark, /performance/benchmark_results] Running application benchmark...
1788083111.537130832 INFO /performance_monitor [performance_monitor.py:425(PerformanceMonitor.benchmark_memory)] [topics: /performance/alert, /diagnostic_status, /rosout, /performance/command, /performance/metrics, /performance/benchmark, /performance/benchmark_results] Running memory benchmark...
1788083111.740062713 INFO /performance_monitor [performance_monitor.py:507(PerformanceMonitor.benchmark_application)] [topics: /performance/alert, /diagnostic_status, /rosout, /performance/command, /performance/metrics, /performance/benchmark, /performance/benchmark_results] Running application benchmark...
1788083111.774398803 INFO /performance_monitor [performance_monitor.py:461(PerformanceMonitor.benchmark_network)] [topics: /performance/alert, /diagnostic_status, /rosout, /performance/command, /performance/metrics, /performance/benchmark, /performance/benchmark_results] Running network benchmark...
1788083112.101653814 INFO /performance_monitor [performance_monitor.py:113(PerformanceMonitor.start_monitoring)] [topics: /performance/alert, /diagnostic_status, /rosout, /performance/command, /performance/metrics, /performance/benchmark, /performance/benchmark_results] Performance monitoring started
1788083112.222599029 INFO /performance_monitor [performance_monitor.py:425(PerformanceMonitor.benchmark_memory)] [topics: /performance/alert, /diagnostic_status, /rosout, /performance/command, /performance/metrics, /performance/benchmark, /performance/benchmark_results] Running memory benchmark...
1788083112.378968238 INFO /performance_monitor [performance_monitor.py:368(PerformanceMonitor.benchmark_fps)] [topics: /performance/alert, /diagnostic_status, /rosout, /performance/command, /performance/metrics, /performance/benchmark, /performance/benchmark_results] Running FPS benchmark...
1788083113.125117540 INFO /performance_monitor [performance_monitor.py:401(PerformanceMonitor.benchmark_cpu)] [topics: /performance/alert, /diagnostic_status, /rosout, /performance/command, /performance/metrics, /performance/benchmark, /performance/benchmark_results] Running CPU benchmark...
1788083113.170986413 INFO /performance_monitor [performance_monitor.py:425(PerformanceMonitor.benchmark_memory)] [topics: /performance/alert, /diagnostic_status, /rosout, /performance/command, /performance/metrics, /performance/benchmark, /performance/benchmark_results] Running memory benchmark...
1788083113.767200469 INFO /performance_monitor [performance_monitor.py:507(PerformanceMonitor.benchmark_application)] [topics: /performance/alert, /diagnostic_status, /rosout, /performance/command, /performance/metrics, /performance/benchmark, /performance/benchmark_results] Running application benchmark...
1788083114.096870660 INFO /performance_monitor [performance_monitor.py:461(PerformanceMonitor.benchmark_network)] [topics: /performance/alert, /diagnostic_status, /rosout, /performance/command, /performance/metrics, /performance/benchmark, /performance/benchmark_results] Running network benchmark...
1788083114.395034074 INFO /performance_monitor [performance_monitor.py:113(PerformanceMonitor.start_monitoring)] [topics: /performance/alert, /diagnostic_status, /rosout, /performance/command, /performance/metrics, /performance/benchmark, /performance/benchmark_results] Performance monitoring started
1788083115.141972064 INFO /performance_monitor [performance_monitor.py:368(PerformanceMonitor.benchmark_fps)] [topics: /performance/alert, /diagnostic_status, /rosout, /performance/command, /performance/metrics, /performance/benchmark, /performance/benchmark_results] Running FPS benchmark...
1788083116.182651996 INFO /performance_monitor [performance_monitor.py:401(PerformanceMonitor.benchmark_cpu)] [topics: /performance/alert, /diagnostic_status, /rosout, /performance/command, /performance/metrics, /performance/benchmark, /performance/benchmark_results] Running CPU benchmark...
1788083116.509745836 INFO /performance_monitor [performance_monitor.py:113(PerformanceMonitor.start_monitoring)] [topics: /performance/alert, /diagnostic_status, /rosout, /performance/command, /performance/metrics, /performance/benchmark, /performance/benchmark_results] Performance monitoring started
1788083116.892913579 INFO /performance_monitor [performance_monitor.py:425(PerformanceMonitor.benchmark_memory)] [topics: /performance/alert, /diagnostic_status, /rosout, /performance/command, /performance/metrics, /performance/benchmark, /performance/benchmark_results] Running memory benchmark...
1788083116.994177579 INFO /performance_monitor [performance_monitor.py:461(PerformanceMonitor.benchmark_network)] [topics: /performance/alert, /diagnostic_status, /rosout, /performance/command, /performance/metrics, /performance/benchmark, /performance/benchmark_results] Running network benchmark...
1788083117.190968751 INFO /performance_monitor [performance_monitor.py:425(PerformanceMonitor.benchmark_memory)] [topics: /performance/alert, /diagnostic_status, /rosout, /performance/command, /performance/metrics, /performance/benchmark, /performance/benchmark_results] Running memory benchmark...
1788083117.674503326 INFO /performance_monitor [performance_monitor.py:401(PerformanceMonitor.benchmark_cpu)] [topics: /performance/alert, /diagnostic_status, /rosout, /performance/command, /performance/metrics, /performance/benchmark, /performance/benchmark_results] Running CPU benchmark...
1788083118.043872833 INFO /performance_monitor [performance_monitor.py:368(PerformanceMonitor.benchmark_fps)] [topics: /performance/alert, /diagnostic_status, /rosout, /performance/command, /performance/metrics, /performance/benchmark, /performance/benchmark_results] Running FPS benchmark...
1788083118.394174814 INFO /performance_monitor [performance_monitor.py:113(PerformanceMonitor.start_monitoring)] [topics: /performance/alert, /diagnostic_status, /rosout, /performance/command, /performance/metrics, /performance/benchmark, /performance/benchmark_results] Performance monitoring started
1788083118.428544521 INFO /performance_monitor [performance_monitor.py:401(PerformanceMonitor.benchmark_cpu)] [topics: /performance/alert, /diagnostic_status, /rosout, /performance/command, /performance/metrics, /performance/benchmark, /performance/benchmark_results] Running CPU benchmark...
1788083118.637397050 INFO /performance_monitor [performance_monitor.py:368(PerformanceMonitor.benchmark_fps)] [topics: /performance/alert, /diagnostic_status, /rosout, /performance/command, /performance/metrics, /performance/benchmark, /performance/benchmark_results] Running FPS benchmark...
1788083119.405548572 INFO /performance_monitor [performance_monitor.py:507(PerformanceMonitor.benchmark_application)] [topics: /performance/alert, /diagnostic_status, /rosout, /performance/command, /performance/metrics, /performance/benchmark, /performance/benchmark_results] Running application benchmark...
1788083119.607380390 INFO /performance_monitor [performance_monitor.py:461(PerformanceMonitor.benchmark_network)] [topics: /performance/alert, /diagnostic_status, /rosout, /performance/command, /performance/metrics, /performance/benchmark, /performance/benchmark_results] Running network benchmark...
1788083119.797811269 INFO /performance_monitor [performance_monitor.py:113(PerformanceMonitor.start_monitoring)] [topics: /performance/alert, /diagnostic_status, /rosout, /performance/command, /performance/metrics, /performance/benchmark, /performance/benchmark_results] Performance monitoring started
1788083119.963270425 INFO /performance_monitor [performance_monitor.py:425(PerformanceMonitor.benchmark_memory)] [topics: /performance/alert, /diagnostic_status, /rosout, /performance/command, /performance/metrics, /performance/benchmark, /performance/benchmark_results] Running memory benchmark...
1788083120.243781089 INFO /performance_monitor [performance_monitor.py:461(PerformanceMonitor.benchmark_network)] [topics: /performance/alert, /diagnostic_status, /rosout, /performance/command, /performance/metrics, /performance/benchmark, /performance/benchmark_results] Running network benchmark...
1788083120.451906204 INFO /performance_monitor [performance_monitor.py:368(PerformanceMonitor.benchmark_fps)] [topics: /performance/alert, /diagnostic_status, /rosout, /performance/command, /performance/metrics, /performance/benchmark, /performance/benchmark_results] Running FPS benchmark...
1788083120.547753572 INFO /performance_monitor [performance_monitor.py:401(PerformanceMonitor.benchmark_cpu)] [topics: /performance/alert, /diagnostic_status, /rosout, /performance/command, /performance/metrics, /performance/benchmark, /performance/benchmark_results] Running CPU benchmark...
1788083121.169968128 INFO /performance_monitor [performance_monitor.py:425(PerformanceMonitor.benchmark_memory)] [topics: /performance/alert, /diagnostic_status, /rosout, /performance/command, /performance/metrics, /performance/benchmark, /performance/benchmark_results] Running memory benchmark...
1788083121.728038311 INFO /performance_monitor [performance_monitor.py:507(PerformanceMonitor.benchmark_application)] [topics: /performance/alert, /diagnostic_status, /rosout, /performance/command, /performance/metrics, /performance/benchmark, /performance/benchmark_results] Running application benchmark...
1788083121.901661872 INFO /performance_monitor [performance_monitor.py:113(PerformanceMonitor.start_monitoring)] [topics: /performance/alert, /diagnostic_status, /rosout, /performance/command, /performance/metrics, /performance/benchmark, /performance/benchmark_results] Performance monitoring started
1788083122.094086647 INFO /performance_monitor [performance_monitor.py:461(PerformanceMonitor.benchmark_network)] [topics: /performance/alert, /diagnostic_status, /rosout, /performance/command, /performance/metrics, /performance/benchmark, /performance/benchmark_results] Running network benchmark...
1788083122.236099481 INFO /performance_monitor [performance_monitor.py:425(PerformanceMonitor.benchmark_memory)] [topics: /performance/alert, /diagnostic_status, /rosout, /performance/command, /performance/metrics, /performance/benchmark, /performance/benchmark_results] Running memory benchmark...
1788083122.781587600 INFO /performance_monitor [performance_monitor.py:368(PerformanceMonitor.benchmark_fps)] [topics: /performance/alert, /diagnostic_status, /rosout, /performance/command, /performance/metrics, /performance/benchmark, /performance/benchmark_results] Running FPS benchmark...
1788083123.493628740 INFO /performance_monitor [performance_monitor.py:113(PerformanceMonitor.start_monitoring)] [topics: /performance/alert, /diagnostic_status, /rosout, /performance/command, /performance/metrics, /performance/benchmark, /performance/benchmark_results] Performance monitoring started
1788083123.672165393 INFO /performance_monitor [performance_monitor.py:401(PerformanceMonitor.benchmark_cpu)] [topics: /performance/alert, /diagnostic_status, /rosout, /performance/command, /performance/metrics, /performance/benchmark, /performance/benchmark_results] Running CPU benchmark...
1788083123.782393455 INFO /performance_monitor [performance_monitor.py:401(PerformanceMonitor.benchmark_cpu)] [topics: /performance/alert, /diagnostic_status, /rosout, /performance/command, /performance/metrics, /performance/benchmark, /performance/benchmark_results] Running CPU benchmark...
1788083124.806567668 INFO /performance_monitor [performance_monitor.py:368(PerformanceMonitor.benchmark_fps)] [topics: /performance/alert, /diagnostic_status, /rosout, /performance/command, /performance/metrics, /performance/benchmark, /performance/benchmark_results] Running FPS benchmark...
1788083124.936630010 INFO /performance_monitor [performance_monitor.py:461(PerformanceMonitor.benchmark_network)] [topics: /performance/alert, /diagnostic_status, /rosout, /performance/command, /performance/metrics, /performance/benchmark, /performance/benchmark_results] Running network benchmark...
1788083125.415802955 INFO /performance_monitor [performance_monitor.py:461(PerformanceMonitor.benchmark_network)] [topics: /performance/alert, /diagnostic_status, /rosout, /performance/command, /performance/metrics, /performance/benchmark, /performance/benchmark_results] Running network benchmark...
1788083125.989643573 INFO /performance_monitor [performance_monitor.py:425(PerformanceMonitor.benchmark_memory)] [topics: /performance/alert, /diagnostic_status, /rosout, /performance/command, /performance/metrics, /performance/benchmark, /performance/benchmark_results] Running memory benchmark...
1788083127.325411558 INFO /performance_monitor [performance_monitor.py:113(PerformanceMonitor.start_monitoring)] [topics: /performance/alert, /diagnostic_status, /rosout, /performance/command, /performance/metrics, /performance/benchmark, /performance/benchmark_results] Performance monitoring started
1788083127.534526109 INFO /performance_monitor [performance_monitor.py:401(PerformanceMonitor.benchmark_cpu)] [topics: /performance/alert, /diagnostic_status, /rosout, /performance/command, /performance/metrics, /performance/benchmark, /performance/benchmark_results] Running CPU benchmark...
1788083127.837408781 INFO /performance_monitor [performance_monitor.py:507(PerformanceMonitor.benchmark_application)] [topics: /performance/alert, /diagnostic_status, /rosout, /performance/command, /performance/metrics, /performance/benchmark, /performance/benchmark_results] Running application benchmark...
1788083128.282000541 INFO /performance_monitor [performance_monitor.py:507(PerformanceMonitor.benchmark_application)] [topics: /performance/alert, /diagnostic_status, /rosout, /performance/command, /performance/metrics, /performance/benchmark, /performance/benchmark_results] Running application benchmark...
1788083128.567357540 INFO /performance_monitor [performance_monitor.py:368(PerformanceMonitor.benchmark_fps)] [topics: /performance/alert, /diagnostic_status, /rosout, /performance/command, /performance/metrics, /performance/benchmark, /performance/benchmark_results] Running FPS benchmark...
1788083128.654440164 INFO /performance_monitor [performance_monitor.py:401(PerformanceMonitor.benchmark_cpu)] [topics: /performance/alert, /diagnostic_status, /rosout, /performance/command, /performance/metrics, /performance/benchmark, /performance/benchmark_results] Running CPU benchmark...
1788083129.008394718 INFO /performance_monitor [performance_monitor.py:425(PerformanceMonitor.benchmark_memory)] [topics: /performance/alert, /diagnostic_status, /rosout, /performance/command, /performance/metrics, /performance/benchmark, /performance/benchmark_results] Running memory benchmark...
1788083129.043390989 INFO /performance_monitor [performance_monitor.py:368(PerformanceMonitor.benchmark_fps)] [topics: /performance/alert, /diagnostic_status, /rosout, /performance/command, /performance/metrics, /performance/benchmark, /performance/benchmark_results] Running FPS benchmark...
1788083129.478710174 INFO /performance_monitor [performance_monitor.py:113(PerformanceMonitor.start_monitoring)] [topics: /performance/alert, /diagnostic_status, /rosout, /performance/command, /performance/metrics, /performance/benchmark, /performance/benchmark_results] Performance monitoring started
1788083129.830973386 INFO /performance_monitor [performance_monitor.py:461(PerformanceMonitor.benchmark_network)] [topics: /performance/alert, /diagnostic_status, /rosout, /performance/command, /performance/metrics, /performance/benchmark, /performance/benchmark_results] Running network benchmark...
1788083129.995411157 INFO /performance_monitor [performance_monitor.py:425(PerformanceMonitor.benchmark_memory)] [topics: /performance/alert, /diagnostic_status, /rosout, /performance/command, /performance/metrics, /performance/benchmark, /performance/benchmark_results] Running memory benchmark...
1788083130.282960176 INFO /performance_monitor [performance_monitor.py:461(PerformanceMonitor.benchmark_network)] [topics: /performance/alert, /diagnostic_status, /rosout, /performance/command, /performance/metrics, /performance/benchmark, /performance/benchmark_results] Running network benchmark...
1788083130.525732040 INFO /performance_monitor [performance_monitor.py:507(PerformanceMonitor.benchmark_application)] [topics: /performance/alert, /diagnostic_status, /rosout, /performance/command, /performance/metrics, /performance/benchmark, /performance/benchmark_results] Running application benchmark...
1788083131.113243103 INFO /performance_monitor [performance_monitor.py:425(PerformanceMonitor.benchmark_memory)] [topics: /performance/alert, /diagnostic_status, /rosout, /performance/command, /performance/metrics, /performance/benchmark, /performance/benchmark_results] Running memory benchmark...
1788083131.260063171 INFO /performance_monitor [performance_monitor.py:401(PerformanceMonitor.benchmark_cpu)] [topics: /performance/alert, /diagnostic_status, /rosout, /performance/command, /performance/metrics, /performance/benchmark, /performance/benchmark_results] Running CPU benchmark...
1788083131.621619939 INFO /performance_monitor [performance_monitor.py:113(PerformanceMonitor.start_monitoring)] [topics: /performance/alert, /diagnostic_status, /rosout, /performance/command, /performance/metrics, /performance/benchmark, /performance/benchmark_results] Performance monitoring started
1788083132.000825405 INFO /performance_monitor [performance_monitor.py:507(PerformanceMonitor.benchmark_application)] [topics: /performance/alert, /diagnostic_status, /rosout, /performance/command, /performance/metrics, /performance/benchmark, /performance/benchmark_results] Running application benchmark...
1788083132.160633563 INFO /performance_monitor [performance_monitor.py:507(PerformanceMonitor.benchmark_application)] [topics: /performance/alert, /diagnostic_status, /rosout, /performance/command, /performance/metrics, /performance/benchmark, /performance/benchmark_results] Running application benchmark...
1788083132.515014410 INFO /performance_monitor [performance_monitor.py:368(PerformanceMonitor.benchmark_fps)] [topics: /performance/alert, /diagnostic_status, /rosout, /performance/command, /performance/metrics, /performance/benchmark, /performance/benchmark_results] Running FPS benchmark...
1788083132.623474836 INFO /performance_monitor [performance_monitor.py:461(PerformanceMonitor.benchmark_network)] [topics: /performance/alert, /diagnostic_status, /rosout, /performance/command, /performance/metrics, /performance/benchmark, /performance/benchmark_results] Running network benchmark...
1788083133.454747676 INFO /performance_monitor [performance_monitor.py:507(PerformanceMonitor.benchmark_application)] [topics: /performance/alert, /diagnostic_status, /rosout, /performance/command, /performance/metrics, /performance/benchmark, /performance/benchmark_results] Running application benchmark...
1788083133.587173700 INFO /performance_monitor [performance_monitor.py:113(PerformanceMonitor.start_monitoring)] [topics: /performance/alert, /diagnostic_status, /rosout, /performance/command, /performance/metrics, /performance/benchmark, /performance/benchmark_results] Performance monitoring started
1788083133.748697519 INFO /performance_monitor [performance_monitor.py:368(PerformanceMonitor.benchmark_fps)] [topics: /performance/alert, /diagnostic_status, /rosout, /performance/command, /performance/metrics, /performance/benchmark, /performance/benchmark_results] Running FPS benchmark...
1788083133.790719270 INFO /performance_monitor [performance_monitor.py:461(PerformanceMonitor.benchmark_network)] [topics: /performance/alert, /diagnostic_status, /rosout, /performance/command, /performance/metrics, /performance/benchmark, /performance/benchmark_results] Running network benchmark...
1788083133.954951524 INFO /performance_monitor [performance_monitor.py:401(PerformanceMonitor.benchmark_cpu)] [topics: /performance/alert, /diagnostic_status, /rosout, /performance/command, /performance/metrics, /performance/benchmark, /performance/benchmark_results] Running CPU benchmark...
1788083134.231173515 INFO /performance_monitor [performance_monitor.py:113(PerformanceMonitor.start_monitoring)] [topics: /performance/alert, /diagnostic_status, /rosout, /performance/command, /performance/metrics, /performance/benchmark, /performance/benchmark_results] Performance monitoring started
1788083134.752173900 INFO /performance_monitor [performance_monitor.py:425(PerformanceMonitor.benchmark_memory)] [topics: /performance/alert, /diagnostic_status, /rosout, /performance/command, /performance/metrics, /performance/benchmark, /performance/benchmark_results] Running memory benchmark...
1788083134.794434547 INFO /performance_monitor [performance_monitor.py:401(PerformanceMonitor.benchmark_cpu)] [topics: /performance/alert, /diagnostic_status, /rosout, /performance/command, /performance/metrics, /performance/benchmark, /performance/benchmark_results] Running CPU benchmark...
1788083134.859445571 INFO /performance_monitor [performance_monitor.py:368(PerformanceMonitor.benchmark_fps)] [topics: /performance/alert, /diagnostic_status, /rosout, /performance/command, /performance/metrics, /performance/benchmark, /performance/benchmark_results] Running FPS benchmark...
1788083135.143508672 INFO /performance_monitor [performance_monitor.py:113(PerformanceMonitor.start_monitoring)] [topics: /performance/alert, /diagnostic_status, /rosout, /performance/command, /performance/metrics, /performance/benchmark, /performance/benchmark_results] Performance monitoring started
1788083136.457894325 INFO /performance_monitor [performance_monitor.py:507(PerformanceMonitor.benchmark_application)] [topics: /performance/alert, /diagnostic_status, /rosout, /performance/command, /performance/metrics, /performance/benchmark, /performance/benchmark_results] Running application benchmark...
1788083136.567573547 INFO /performance_monitor [performance_monitor.py:461(PerformanceMonitor.benchmark_network)] [topics: /performance/alert, /diagnostic_status, /rosout, /performance/command, /performance/metrics, /performance/benchmark, /performance/benchmark_results] Running network benchmark...
1788083137.152490377 INFO /performance_monitor [performance_monitor.py:368(PerformanceMonitor.benchmark_fps)] [topics: /performance/alert, /diagnostic_status, /rosout, /performance/command, /performance/metrics, /performance/benchmark, /performance/benchmark_results] Running FPS benchmark...
1788083137.495477676 INFO /performance_monitor [performance_monitor.py:113(PerformanceMonitor.start_monitoring)] [topics: /performance/alert, /diagnostic_status, /rosout, /performance/command, /performance/metrics, /performance/benchmark, /performance/benchmark_results] Performance monitoring started
1788083137.562133550 INFO /performance_monitor [performance_monitor.py:461(PerformanceMonitor.benchmark_network)] [topics: /performance/alert, /diagnostic_status, /rosout, /performance/command, /performance/metrics, /performance/benchmark, /performance/benchmark_results] Running network benchmark...
1788083137.692738771 INFO /performance_monitor [performance_monitor.py:401(PerformanceMonitor.benchmark_cpu)] [topics: /performance/alert, /diagnostic_status, /rosout, /performance/command, /performance/metrics, /performance/benchmark, /performance/benchmark_results] Running CPU benchmark...
1788083138.004657268 INFO /performance_monitor [performance_monitor.py:507(PerformanceMonitor.benchmark_application)] [topics: /performance/alert, /diagnostic_status, /rosout, /performance/command, /performance/metrics, /performance/benchmark, /performance/benchmark_results] Running application benchmark...
1788083138.307172060 INFO /performance_monitor [performance_monitor.py:425(PerformanceMonitor.benchmark_memory)] [topics: /performance/alert, /diagnostic_status, /rosout, /performance/command, /performance/metrics, /performance/benchmark, /performance/benchmark_results] Running memory benchmark...
1788083138.733265638 INFO /performance_monitor [performance_monitor.py:368(PerformanceMonitor.benchmark_fps)] [topics: /performance/alert, /diagnostic_status, /rosout, /performance/command, /performance/metrics, /performance/benchmark, /performance/benchmark_results] Running FPS benchmark...
1788083139.380667448 INFO /performance_monitor [performance_monitor.py:401(PerformanceMonitor.benchmark_cpu)] [topics: /performance/alert, /diagnostic_status, /rosout, /performance/command, /performance/metrics, /performance/benchmark, /performance/benchmark_results] Running CPU benchmark...
1788083139.639484882 INFO /performance_monitor [performance_monitor.py:507(PerformanceMonitor.benchmark_application)] [topics: /performance/alert, /diagnostic_status, /rosout, /performance/command, /performance/metrics, /performance/benchmark, /performance/benchmark_results] Running application benchmark...
1788083139.906653881 INFO /performance_monitor [performance_monitor.py:113(PerformanceMonitor.start_monitoring)] [topics: /performance/alert, /diagnostic_status, /rosout, /performance/command, /performance/metrics, /performance/benchmark, /performance/benchmark_results] Performance monitoring started
1788083140.152956247 INFO /performance_monitor [performance_monitor.py:461(PerformanceMonitor.benchmark_network)] [topics: /performance/alert, /diagnostic_status, /rosout, /performance/command, /performance/metrics, /performance/benchmark, /performance/benchmark_results] Running network benchmark...
1788083140.289731502 INFO /performance_monitor [performance_monitor.py:368(PerformanceMonitor.benchmark_fps)] [topics: /performance/alert, /diagnostic_status, /rosout, /performance/command, /performance/metrics, /performance/benchmark, /performance/benchmark_results] Running FPS benchmark...
1788083140.677545070 INFO /performance_monitor [performance_monitor.py:401(PerformanceMonitor.benchmark_cpu)] [topics: /performance/alert, /diagnostic_status, /rosout, /performance/command, /performance/metrics, /performance/benchmark, /performance/benchmark_results] Running CPU benchmark...
1788083140.735646247 INFO /performance_monitor [performance_monitor.py:425(PerformanceMonitor.benchmark_memory)] [topics: /performance/alert, /diagnostic_status, /rosout, /performance/command, /performance/metrics, /performance/benchmark, /performance/benchmark_results] Running memory benchmark...
1788083140.857259273 INFO /performance_monitor [performance_monitor.py:425(PerformanceMonitor.benchmark_memory)] [topics: /performance/alert, /diagnostic_status, /rosout, /performance/command, /performance/metrics, /performance/benchmark, /performance/benchmark_results] Running memory benchmark...
1788083140.992307901 INFO /performance_monitor [performance_monitor.py:425(PerformanceMonitor.benchmark_memory)] [topics: /performance/alert, /diagnostic_status, /rosout, /performance/command, /performance/metrics, /performance/benchmark, /performance/benchmark_results] Running memory benchmark...
1788083141.777454853 INFO /performance_monitor [performance_monitor.py:113(PerformanceMonitor.start_monitoring)] [topics: /performance/alert, /diagnostic_status, /rosout, /performance/command, /performance/metrics, /performance/benchmark, /performance/benchmark_results] Performance monitoring started
1788083141.850811719 INFO /performance_monitor [performance_monitor.py:461(PerformanceMonitor.benchmark_network)] [topics: /performance/alert, /diagnostic_status, /rosout, /performance/command, /performance/metrics, /performance/benchmark, /performance/benchmark_results] Running network benchmark...
1788083142.558599472 INFO /performance_monitor [performance_monitor.py:368(PerformanceMonitor.benchmark_fps)] [topics: /performance/alert, /diagnostic_status, /rosout, /performance/command, /performance/metrics, /performance/benchmark, /performance/benchmark_results] Running FPS benchmark...
1788083142.580940723 INFO /performance_monitor [performance_monitor.py:425(PerformanceMonitor.benchmark_memory)] [topics: /performance/alert, /diagnostic_status, /rosout, /performance/command, /performance/metrics, /performance/benchmark, /performance/benchmark_results] Running memory benchmark...
1788083142.757045030 INFO /performance_monitor [performance_monitor.py:401(PerformanceMonitor.benchmark_cpu)] [topics: /performance/alert, /diagnostic_status, /rosout, /performance/command, /performance/metrics, /performance/benchmark, /performance/benchmark_results] Running CPU benchmark...
1788083143.363360881 INFO /performance_monitor [performance_monitor.py:113(PerformanceMonitor.start_monitoring)] [topics: /performance/alert, /diagnostic_status, /rosout, /performance/command, /performance/metrics, /performance/benchmark, /performance/benchmark_results] Performance monitoring started
1788083143.869468212 INFO /performance_monitor [performance_monitor.py:401(PerformanceMonitor.benchmark_cpu)] [topics: /performance/alert, /diagnostic_status, /rosout, /performance/command, /performance/metrics, /performance/benchmark, /performance/benchmark_results] Running CPU benchmark...
1788083144.226907491 INFO /performance_monitor [performance_monitor.py:507(PerformanceMonitor.benchmark_application)] [topics: /performance/alert, /diagnostic_status, /rosout, /performance/command, /performance/metrics, /performance/benchmark, /performance/benchmark_results] Running application benchmark...
1788083144.824614286 INFO /performance_monitor [performance_monitor.py:368(PerformanceMonitor.benchmark_fps)] [topics: /performance/alert, /diagnostic_status, /rosout, /performance/command, /performance/metrics, /performance/benchmark, /performance/benchmark_results] Running FPS benchmark...
1788083145.031547069 INFO /performance_monitor [performance_monitor.py:507(PerformanceMonitor.benchmark_application)] [topics: /performance/alert, /diagnostic_status, /rosout, /performance/command, /performance/metrics, /performance/benchmark, /performance/benchmark_results] Running application benchmark...
1788083145.692991495 INFO /performance_monitor [performance_monitor.py:113(PerformanceMonitor.start_monitoring)] [topics: /performance/alert, /diagnostic_status, /rosout, /performance/command, /performance/metrics, /performance/benchmark, /performance/benchmark_results] Performance monitoring started
1788083145.870874404 INFO /performance_monitor [performance_monitor.py:401(PerformanceMonitor.benchmark_cpu)] [topics: /performance/alert, /diagnostic_status, /rosout, /performance/command, /performance/metrics, /performance/benchmark, /performance/benchmark_results] Running CPU benchmark...
1788083146.122736215 INFO /performance_monitor [performance_monitor.py:425(PerformanceMonitor.benchmark_memory)] [topics: /performance/alert, /diagnostic_status, /rosout, /performance/command, /performance/metrics, /performance/benchmark, /performance/benchmark_results] Running memory benchmark...
1788083146.551155805 INFO /performance_monitor [performance_monitor.py:368(PerformanceMonitor.benchmark_fps)] [topics: /performance/alert, /diagnostic_status, /rosout, /performance/command, /performance/metrics, /performance/benchmark, /performance/benchmark_results] Running FPS benchmark...
1788083147.173624515 INFO /performance_monitor [performance_monitor.py:461(PerformanceMonitor.benchmark_network)] [topics: /performance/alert, /diagnostic_status, /rosout, /performance/command, /performance/metrics, /performance/benchmark, /performance/benchmark_results] Running network benchmark...
1788083147.659465074 INFO /performance_monitor [performance_monitor.py:113(PerformanceMonitor.start_monitoring)] [topics: /performance/alert, /diagnostic_status, /rosout, /performance/command, /performance/metrics, /performance/benchmark, /performance/benchmark_results] Performance monitoring started
1788083147.773412704 INFO /performance_monitor [performance_monitor.py:401(PerformanceMonitor.benchmark_cpu)] [topics: /performance/alert, /diagnostic_status, /rosout, /performance/command, /performance/metrics, /performance/benchmark, /performance/benchmark_results] Running CPU benchmark...
1788083148.858248472 INFO /performance_monitor [performance_monitor.py:368(PerformanceMonitor.benchmark_fps)] [topics: /performance/alert, /diagnostic_status, /rosout, /performance/command, /performance/metrics, /performance/benchmark, /performance/benchmark_results] Running FPS benchmark...
1788083149.330756664 INFO /performance_monitor [performance_monitor.py:461(PerformanceMonitor.benchmark_network)] [topics: /performance/alert, /diagnostic_status, /rosout, /performance/command, /performance/metrics, /performance/benchmark, /performance/benchmark_results] Running network benchmark...
1788083149.620848178 INFO /performance_monitor [performance_monitor.py:425(PerformanceMonitor.benchmark_memory)] [topics: /performance/alert, /diagnostic_status, /rosout, /performance/command, /performance/metrics, /performance/benchmark, /performance/benchmark_results] Running memory benchmark...
1788083149.873539686 INFO /performance_monitor [performance_monitor.py:461(PerformanceMonitor.benchmark_network)] [topics: /performance/alert, /diagnostic_status, /rosout, /performance/command, /performance/metrics, /performance/benchmark, /performance/benchmark_results] Running network benchmark...
1788083150.013473987 INFO /performance_monitor [performance_monitor.py:425(PerformanceMonitor.benchmark_memory)] [topics: /performance/alert, /diagnostic_status, /rosout, /performance/command, /performance/metrics, /performance/benchmark, /performance/benchmark_results] Running memory benchmark...
1788083150.242322444 INFO /performance_monitor [performance_monitor.py:507(PerformanceMonitor.benchmark_application)] [topics: /performance/alert, /diagnostic_status, /rosout, /performance/command, /performance/metrics, /performance/benchmark, /performance/benchmark_results] Running application benchmark...
1788083150.468585014 INFO /performance_monitor [performance_monitor.py:401(PerformanceMonitor.benchmark_cpu)] [topics: /performance/alert, /diagnostic_status, /rosout, /performance/command, /performance/metrics, /performance/benchmark, /performance/benchmark_results] Running CPU benchmark...
1788083150.804346561 INFO /performance_monitor [performance_monitor.py:113(PerformanceMonitor.start_monitoring)] [topics: /performance/alert, /diagnostic_status, /rosout, /performance/command, /performance/metrics, /performance/benchmark, /performance/benchmark_results] Performance monitoring started
1788083151.066674470 INFO /performance_monitor [performance_monitor.py:368(PerformanceMonitor.benchmark_fps)] [topics: /performance/alert, /diagnostic_status, /rosout, /performance/command, /performance/metrics, /performance/benchmark, /performance/benchmark_results] Running FPS benchmark...
1788083151.974927902 INFO /performance_monitor [performance_monitor.py:401(PerformanceMonitor.benchmark_cpu)] [topics: /performance/alert, /diagnostic_status, /rosout, /performance/command, /performance/metrics, /performance/benchmark, /performance/benchmark_results] Running CPU benchmark...
1788083152.724349021 INFO /performance_monitor [performance_monitor.py:461(PerformanceMonitor.benchmark_network)] [topics: /performance/alert, /diagnostic_status, /rosout, /performance/command, /performance/metrics, /performance/benchmark, /performance/benchmark_results] Running network benchmark...
1788083153.341801166 INFO /performance_monitor [performance_monitor.py:113(PerformanceMonitor.start_monitoring)] [topics: /performance/alert, /diagnostic_status, /rosout, /performance/command, /performance/metrics, /performance/benchmark, /performance/benchmark_results] Performance monitoring started
1788083153.456059694 INFO /performance_monitor [performance_monitor.py:507(PerformanceMonitor.benchmark_application)] [topics: /performance/alert, /diagnostic_status, /rosout, /performance/command, /performance/metrics, /performance/benchmark, /performance/benchmark_results] Running application benchmark...
1788083153.577252149 INFO /performance_monitor [performance_monitor.py:368(PerformanceMonitor.benchmark_fps)] [topics: /performance/alert, /diagnostic_status, /rosout, /performance/command, /performance/metrics, /performance/benchmark, /performance/benchmark_results] Running FPS benchmark...
1788083153.731460332 INFO /performance_monitor [performance_monitor.py:461(PerformanceMonitor.benchmark_network)] [topics: /performance/alert, /diagnostic_status, /rosout, /performance/command, /performance/metrics, /performance/benchmark, /performance/benchmark_results] Running network benchmark...
1788083154.346362352 INFO /performance_monitor [performance_monitor.py:461(PerformanceMonitor.benchmark_network)] [topics: /performance/alert, /diagnostic_status, /rosout, /performance/command, /performance/metrics, /performance/benchmark, /performance/benchmark_results] Running network benchmark...
1788083154.562721490 INFO /performance_monitor [performance_monitor.py:113(PerformanceMonitor.start_monitoring)] [topics: /performance/alert, /diagnostic_status, /rosout, /performance/command, /performance/metrics, /performance/benchmark, /performance/benchmark_results] Performance monitoring started
1788083154.749432802 INFO /performance_monitor [performance_monitor.py:507(PerformanceMonitor.benchmark_application)] [topics: /performance/alert, /diagnostic_status, /rosout, /performance/command, /performance/metrics, /performance/benchmark, /performance/benchmark_results] Running application benchmark...
1788083155.193832874 INFO /performance_monitor [performance_monitor.py:401(PerformanceMonitor.benchmark_cpu)] [topics: /performance/alert, /diagnostic_status, /rosout, /performance/command, /performance/metrics, /performance/benchmark, /performance/benchmark_results] Running CPU benchmark...
1788083155.589182138 INFO /performance_monitor [performance_monitor.py:368(PerformanceMonitor.benchmark_fps)] [topics: /performance/alert, /diagnostic_status, /rosout, /performance/command, /performance/metrics, /performance/benchmark, /performance/benchmark_results] Running FPS benchmark...
1788083156.151663303 INFO /performance_monitor [performance_monitor.py:425(PerformanceMonitor.benchmark_memory)] [topics: /performance/alert, /diagnostic_status, /rosout, /performance/command, /performance/metrics, /performance/benchmark, /performance/benchmark_results] Running memory benchmark...
1788083156.259442329 INFO /performance_monitor [performance_monitor.py:425(PerformanceMonitor.benchmark_memory)] [topics: /performance/alert, /diagnostic_status, /rosout, /performance/command, /performance/metrics, /performance/benchmark, /performance/benchmark_results] Running memory benchmark...
1788083156.618209123 INFO /performance_monitor [performance_monitor.py:113(PerformanceMonitor.start_monitoring)] [topics: /performance/alert, /diagnostic_status, /rosout, /performance/command, /performance/metrics, /performance/benchmark, /performance/benchmark_results] Performance monitoring started
1788083156.907661914 INFO /performance_monitor [performance_monitor.py:425(PerformanceMonitor.benchmark_memory)] [topics: /performance/alert, /diagnostic_status, /rosout, /performance/command, /performance/metrics, /performance/benchmark, /performance/benchmark_results] Running memory benchmark...
1788083157.501943826 INFO /performance_monitor [performance_monitor.py:401(PerformanceMonitor.benchmark_cpu)] [topics: /performance/alert, /diagnostic_status, /rosout, /performance/command, /performance/metrics, /performance/benchmark, /performance/benchmark_results] Running CPU benchmark...
1788083158.242319345 INFO /performance_monitor [performance_monitor.py:368(PerformanceMonitor.benchmark_fps)] [topics: /performance/alert, /diagnostic_status, /rosout, /performance/command, /performance/metrics, /performance/benchmark, /performance/benchmark_results] Running FPS benchmark...
1788083158.507630586 INFO /performance_monitor [performance_monitor.py:507(PerformanceMonitor.benchmark_application)] [topics: /performance/alert, /diagnostic_status, /rosout, /performance/command, /performance/metrics, /performance/benchmark, /performance/benchmark_results] Running application benchmark...
1788083158.689582586 INFO /performance_monitor [performance_monitor.py:368(PerformanceMonitor.benchmark_fps)] [topics: /performance/alert, /diagnostic_status, /rosout, /performance/command, /performance/metrics, /performance/benchmark, /performance/benchmark_results] Running FPS benchmark...
1788083159.975122213 INFO /performance_monitor [performance_monitor.py:113(PerformanceMonitor.start_monitoring)] [topics: /performance/alert, /diagnostic_status, /rosout, /performance/command, /performance/metrics, /performance/benchmark, /performance/benchmark_results] Performance monitoring started
1788083160.219544649 INFO /performance_monitor [performance_monitor.py:461(PerformanceMonitor.benchmark_network)] [topics: /performance/alert, /diagnostic_status, /rosout, /performance/command, /performance/metrics, /performance/benchmark, /performance/benchmark_results] Running network benchmark...
1788083160.469118118 INFO /performance_monitor [performance_monitor.py:507(PerformanceMonitor.benchmark_application)] [topics: /performance/alert, /diagnostic_status, /rosout, /performance/command, /performance/metrics, /performance/benchmark, /performance/benchmark_results] Running application benchmark...
1788083160.591531515 INFO /performance_monitor [performance_monitor.py:461(PerformanceMonitor.benchmark_network)] [topics: /performance/alert, /diagnostic_status, /rosout, /performance/command, /performance/metrics, /performance/benchmark, /performance/benchmark_results] Running network benchmark...
1788083160.765994071 INFO /performance_monitor [performance_monitor.py:401(PerformanceMonitor.benchmark_cpu)] [topics: /performance/alert, /diagnostic_status, /rosout, /performance/command, /performance/metrics, /performance/benchmark, /performance/benchmark_results] Running CPU benchmark...
1788083160.848951101 INFO /performance_monitor [performance_monitor.py:507(PerformanceMonitor.benchmark_application)] [topics: /performance/alert, /diagnostic_status, /rosout, /performance/command, /performance/metrics, /performance/benchmark, /performance/benchmark_results] Running application benchmark...
1788083161.323450565 INFO /performance_monitor [performance_monitor.py:368(PerformanceMonitor.benchmark_fps)] [topics: /performance/alert, /diagnostic_status, /rosout, /performance/command, /performance/metrics, /performance/benchmark, /performance/benchmark_results] Running FPS benchmark...
1788083161.548096656 INFO /performance_monitor [performance_monitor.py:113(PerformanceMonitor.start_monitoring)] [topics: /performance/alert, /diagnostic_status, /rosout, /performance/command, /performance/metrics, /performance/benchmark, /performance/benchmark_results] Performance monitoring started
1788083161.647260904 INFO /performance_monitor [performance_monitor.py:507(PerformanceMonitor.benchmark_application)] [topics: /performance/alert, /diagnostic_status, /rosout, /performance/command, /performance/metrics, /performance/benchmark, /performance/benchmark_results] Running application benchmark...
1788083161.922535896 INFO /performance_monitor [performance_monitor.py:401(PerformanceMonitor.benchmark_cpu)] [topics: /performance/alert, /diagnostic_status, /rosout, /performance/command, /performance/metrics, /performance/benchmark, /performance/benchmark_results] Running CPU benchmark...
1788083162.106721878 INFO /performance_monitor [performance_monitor.py:425(PerformanceMonitor.benchmark_memory)] [topics: /performance/alert, /diagnostic_status, /rosout, /performance/command, /performance/metrics, /performance/benchmark, /performance/benchmark_results] Running memory benchmark...
1788083162.253228902 INFO /performance_monitor [performance_monitor.py:425(PerformanceMonitor.benchmark_memory)] [topics: /performance/alert, /diagnostic_status, /rosout, /performance/command, /performance/metrics, /performance/benchmark, /performance/benchmark_results] Running memory benchmark...
1788083162.459362506 INFO /performance_monitor [performance_monitor.py:113(PerformanceMonitor.start_monitoring)] [topics: /performance/alert, /diagnostic_status, /rosout, /performance/command, /performance/metrics, /performance/benchmark, /performance/benchmark_results] Performance monitoring started
1788083162.682166337 INFO /performance_monitor [performance_monitor.py:461(PerformanceMonitor.benchmark_network)] [topics: /performance/alert, /diagnostic_status, /rosout, /performance/command, /performance/metrics, /performance/benchmark, /performance/benchmark_results] Running network benchmark...
1788083163.185080289 INFO /performance_monitor [performance_monitor.py:368(PerformanceMonitor.benchmark_fps)] [topics: /performance/alert, /diagnostic_status, /rosout, /performance/command, /performance/metrics, /performance/benchmark, /performance/benchmark_results] Running FPS benchmark...
1788083163.501296043 INFO /performance_monitor [performance_monitor.py:425(PerformanceMonitor.benchmark_memory)] [topics: /performance/alert, /diagnostic_status, /rosout, /performance/command, /performance/metrics, /performance/benchmark, /performance/benchmark_results] Running memory benchmark...
1788083163.903075695 INFO /performance_monitor [performance_monitor.py:401(PerformanceMonitor.benchmark_cpu)] [topics: /performance/alert, /diagnostic_status, /rosout, /performance/command, /performance/metrics, /performance/benchmark, /performance/benchmark_results] Running CPU benchmark...
1788083164.061001777 INFO /performance_monitor [performance_monitor.py:113(PerformanceMonitor.start_monitoring)] [topics: /performance/alert, /diagnostic_status, /rosout, /performance/command, /performance/metrics, /performance/benchmark, /performance/benchmark_results] Performance monitoring started
1788083164.714525699 INFO /performance_monitor [performance_monitor.py:401(PerformanceMonitor.benchmark_cpu)] [topics: /performance/alert, /diagnostic_status, /rosout, /performance/command, /performance/metrics, /performance/benchmark, /performance/benchmark_results] Running CPU benchmark...
1788083165.033170461 INFO /performance_monitor [performance_monitor.py:461(PerformanceMonitor.benchmark_network)] [topics: /performance/alert, /diagnostic_status, /rosout, /performance/command, /performance/metrics, /performance/benchmark, /performance/benchmark_results] Running network benchmark...
1788083165.572951793 INFO /performance_monitor [performance_monitor.py:461(PerformanceMonitor.benchmark_network)] [topics: /performance/alert, /diagnostic_status, /rosout, /performance/command, /performance/metrics, /performance/benchmark, /performance/benchmark_results] Running network benchmark...
1788083166.049073696 INFO /performance_monitor [performance_monitor.py:507(PerformanceMonitor.benchmark_application)] [topics: /performance/alert, /diagnostic_status, /rosout, /performance/command, /performance/metrics, /performance/benchmark, /performance/benchmark_results] Running application benchmark...
1788083166.152343511 INFO /performance_monitor [performance_monitor.py:425(PerformanceMonitor.benchmark_memory)] [topics: /performance/alert, /diagnostic_status, /rosout, /performance/command, /performance/metrics, /performance/benchmark, /performance/benchmark_results] Running memory benchmark...
1788083166.333147287 INFO /performance_monitor [performance_monitor.py:368(PerformanceMonitor.benchmark_fps)] [topics: /performance/alert, /diagnostic_status, /rosout, /performance/command, /performance/metrics, /performance/benchmark, /performance/benchmark_results] Running FPS benchmark...
1788083166.845456361 INFO /performance_monitor [performance_monitor.py:113(PerformanceMonitor.start_monitoring)] [topics: /performance/alert, /diagnostic_status, /rosout, /performance/command, /performance/metrics, /performance/benchmark, /performance/benchmark_results] Performance monitoring started
1788083166.996028184 INFO /performance_monitor [performance_monitor.py:507(PerformanceMonitor.benchmark_application)] [topics: /performance/alert, /diagnostic_status, /rosout, /performance/command, /performance/metrics, /performance/benchmark, /performance/benchmark_results] Running application benchmark...
1788083167.103418588 INFO /performance_monitor [performance_monitor.py:401(PerformanceMonitor.benchmark_cpu)] [topics: /performance/alert, /diagnostic_status, /rosout, /performance/command, /performance/metrics, /performance/benchmark, /performance/benchmark_results] Running CPU benchmark...
1788083167.784575462 INFO /performance_monitor [performance_monitor.py:425(PerformanceMonitor.benchmark_memory)] [topics: /performance/alert, /diagnostic_status, /rosout, /performance/command, /performance/metrics, /performance/benchmark, /performance/benchmark_results] Running memory benchmark...
1788083167.997534275 INFO /performance_monitor [performance_monitor.py:368(PerformanceMonitor.benchmark_fps)] [topics: /performance/alert, /diagnostic_status, /rosout, /performance/command, /performance/metrics, /performance/benchmark, /performance/benchmark_results] Running FPS benchmark...
1788083168.301048517 INFO /performance_monitor [performance_monitor.py:425(PerformanceMonitor.benchmark_memory)] [topics: /performance/alert, /diagnostic_status, /rosout, /performance/command, /performance/metrics, /performance/benchmark, /performance/benchmark_results] Running memory benchmark...
1788083168.318357706 INFO /performance_monitor [performance_monitor.py:507(PerformanceMonitor.benchmark_application)] [topics: /performance/alert, /diagnostic_status, /rosout, /performance/command, /performance/metrics, /performance/benchmark, /performance/benchmark_results] Running application benchmark...
1788083168.336273193 INFO /performance_monitor [performance_monitor.py:113(PerformanceMonitor.start_monitoring)] [topics: /performance/alert, /diagnostic_status, /rosout, /performance/command, /performance/metrics, /performance/benchmark, /performance/benchmark_results] Performance monitoring started
1788083168.893312454 INFO /performance_monitor [performance_monitor.py:507(PerformanceMonitor.benchmark_application)] [topics: /performance/alert, /diagnostic_status, /rosout, /performance/command, /performance/metrics, /performance/benchmark, /performance/benchmark_results] Running application benchmark...
1788083169.158524274 INFO /performance_monitor [performance_monitor.py:425(PerformanceMonitor.benchmark_memory)] [topics: /performance/alert, /diagnostic_status, /rosout, /performance/command, /performance/metrics, /performance/benchmark, /performance/benchmark_results] Running memory benchmark...
1788083169.213989973 INFO /performance_monitor [performance_monitor.py:507(PerformanceMonitor.benchmark_application)] [topics: /performance/alert, /diagnostic_status, /rosout, /performance/command, /performance/metrics, /performance/benchmark, /performance/benchmark_results] Running application benchmark...
1788083169.685343027 INFO /performance_monitor [performance_monitor.py:368(PerformanceMonitor.benchmark_fps)] [topics: /performance/alert, /diagnostic_status, /rosout, /performance/command, /performance/metrics, /performance/benchmark, /performance/benchmark_results] Running FPS benchmark...
1788083170.151051521 INFO /performance_monitor [performance_monitor.py:401(PerformanceMonitor.benchmark_cpu)] [topics: /performance/alert, /diagnostic_status, /rosout, /performance/command, /performance/metrics, /performance/benchmark, /performance/benchmark_results] Running CPU benchmark...
1788083170.333092451 INFO /performance_monitor [performance_monitor.py:113(PerformanceMonitor.start_monitoring)] [topics: /performance/alert, /diagnostic_status, /rosout, /performance/command, /performance/metrics, /performance/benchmark, /performance/benchmark_results] Performance monitoring started
1788083170.451492547 INFO /performance_monitor [performance_monitor.py:461(PerformanceMonitor.benchmark_network)] [topics: /performance/alert, /diagnostic_status, /rosout, /performance/command, /performance/metrics, /performance/benchmark, /performance/benchmark_results] Running network benchmark...
1788083170.573374986 INFO /performance_monitor [performance_monitor.py:461(PerformanceMonitor.benchmark_network)] [topics: /performance/alert, /diagnostic_status, /rosout, /performance/command, /performance/metrics, /performance/benchmark, /performance/benchmark_results] Running network benchmark...
1788083170.680842638 INFO /performance_monitor [performance_monitor.py:368(PerformanceMonitor.benchmark_fps)] [topics: /performance/alert, /diagnostic_status, /rosout, /performance/command, /performance/metrics, /performance/benchmark, /performance/benchmark_results] Running FPS benchmark...
1788083171.488373041 INFO /performance_monitor [performance_monitor.py:507(PerformanceMonitor.benchmark_application)] [topics: /performance/alert, /diagnostic_status, /rosout, /performance/command, /performance/metrics, /performance/benchmark, /performance/benchmark_results] Running application benchmark...
1788083171.631891250 INFO /performance_monitor [performance_monitor.py:461(PerformanceMonitor.benchmark_network)] [topics: /performance/alert, /diagnostic_status, /rosout, /performance/command, /performance/metrics, /performance/benchmark, /performance/benchmark_results] Running network benchmark...
1788083171.915768146 INFO /performance_monitor [performance_monitor.py:425(PerformanceMonitor.benchmark_memory)] [topics: /performance/alert, /diagnostic_status, /rosout, /performance/command, /performance/metrics, /performance/benchmark, /performance/benchmark_results] Running memory benchmark...
1788083171.938032150 INFO /performance_monitor [performance_monitor.py:401(PerformanceMonitor.benchmark_cpu)] [topics: /performance/alert, /diagnostic_status, /rosout, /performance/command, /performance/metrics, /performance/benchmark, /performance/benchmark_results] Running CPU benchmark...
1788083172.076725721 INFO /performance_monitor [performance_monitor.py:113(PerformanceMonitor.start_monitoring)] [topics: /performance/alert, /diagnostic_status, /rosout, /performance/command, /performance/metrics, /performance/benchmark, /performance/benchmark_results] Performance monitoring started
1788083172.673785924 INFO /performance_monitor [performance_monitor.py:368(PerformanceMonitor.benchmark_fps)] [topics: /performance/alert, /diagnostic_status, /rosout, /performance/command, /performance/metrics, /performance/benchmark, /performance/benchmark_results] Running FPS benchmark...
1788083173.439888954 INFO /performance_monitor [performance_monitor.py:425(PerformanceMonitor.benchmark_memory)] [topics: /performance/alert, /diagnostic_status, /rosout, /performance/command, /performance/metrics, /performance/benchmark, /performance/benchmark_results] Running memory benchmark...
1788083173.821313619 INFO /performance_monitor [performance_monitor.py:113(PerformanceMonitor.start_monitoring)] [topics: /performance/alert, /diagnostic_status, /rosout, /performance/command, /performance/metrics, /performance/benchmark, /performance/benchmark_results] Performance monitoring started
1788083173.915808439 INFO /performance_monitor [performance_monitor.py:401(PerformanceMonitor.benchmark_cpu)] [topics: /performance/alert, /diagnostic_status, /rosout, /performance/command, /performance/metrics, /performance/benchmark, /performance/benchmark_results] Running CPU benchmark...
1788083174.182387113 INFO /performance_monitor [performance_monitor.py:461(PerformanceMonitor.benchmark_network)] [topics: /performance/alert, /diagnostic_status, /rosout, /performance/command, /performance/metrics, /performance/benchmark, /performance/benchmark_results] Running network benchmark...
1788083174.605859756 INFO /performance_monitor [performance_monitor.py:368(PerformanceMonitor.benchmark_fps)] [topics: /performance/alert, /diagnostic_status, /rosout, /performance/command, /performance/metrics, /performance/benchmark, /performance/benchmark_results] Running FPS benchmark...
1788083175.579479455 INFO /performance_monitor [performance_monitor.py:461(PerformanceMonitor.benchmark_network)] [topics: /performance/alert, /diagnostic_status, /rosout, /performance/command, /performance/metrics, /performance/benchmark, /performance/benchmark_results] Running network benchmark...
1788083175.797632217 INFO /performance_monitor [performance_monitor.py:401(PerformanceMonitor.benchmark_cpu)] [topics: /performance/alert, /diagnostic_status, /rosout, /performance/command, /performance/metrics, /performance/benchmark, /performance/benchmark_results] Running CPU benchmark...
1788083176.255146980 INFO /performance_monitor [performance_monitor.py:425(PerformanceMonitor.benchmark_memory)] [topics: /performance/alert, /diagnostic_status, /rosout, /performance/command, /performance/metrics, /performance/benchmark, /performance/benchmark_results] Running memory benchmark...
1788083176.376940727 INFO /performance_monitor [performance_monitor.py:401(PerformanceMonitor.benchmark_cpu)] [topics: /performance/alert, /diagnostic_status, /rosout, /performance/command, /performance/metrics, /performance/benchmark, /performance/benchmark_results] Running CPU benchmark...
1788083177.020333528 INFO /performance_monitor [performance_monitor.py:461(PerformanceMonitor.benchmark_network)] [topics: /performance/alert, /diagnostic_status, /rosout, /performance/command, /performance/metrics, /performance/benchmark, /performance/benchmark_results] Running network benchmark...
1788083177.157602548 INFO /performance_monitor [performance_monitor.py:461(PerformanceMonitor.benchmark_network)] [topics: /performance/alert, /diagnostic_status, /rosout, /performance/command, /performance/metrics, /performance/benchmark, /performance/benchmark_results] Running network benchmark...
1788083177.260322809 INFO /performance_monitor [performance_monitor.py:113(PerformanceMonitor.start_monitoring)] [topics: /performance/alert, /diagnostic_status, /rosout, /performance/command, /performance/metrics, /performance/benchmark, /performance/benchmark_results] Performance monitoring started
1788083177.403770685 INFO /performance_monitor [performance_monitor.py:368(PerformanceMonitor.benchmark_fps)] [topics: /performance/alert, /diagnostic_status, /rosout, /performance/command, /performance/metrics, /performance/benchmark, /performance/benchmark_results] Running FPS benchmark...
1788083177.568059444 INFO /performance_monitor [performance_monitor.py:507(PerformanceMonitor.benchmark_application)] [topics: /performance/alert, /diagnostic_status, /rosout, /performance/command, /performance/metrics, /performance/benchmark, /performance/benchmark_results] Running application benchmark...
1788083177.677261352 INFO /performance_monitor [performance_monitor.py:113(PerformanceMonitor.start_monitoring)] [topics: /performance/alert, /diagnostic_status, /rosout, /performance/command, /performance/metrics, /performance/benchmark, /performance/benchmark_results] Performance monitoring started
1788083178.804931402 INFO /performance_monitor [performance_monitor.py:401(PerformanceMonitor.benchmark_cpu)] [topics: /performance/alert, /diagnostic_status, /rosout, /performance/command, /performance/metrics, /performance/benchmark, /performance/benchmark_results] Running CPU benchmark...
1788083179.431298494 INFO /performance_monitor [performance_monitor.py:368(PerformanceMonitor.benchmark_fps)] [topics: /performance/alert, /diagnostic_status, /rosout, /performance/command, /performance/metrics, /performance/benchmark, /performance/benchmark_results] Running FPS benchmark...
1788083179.777197837 INFO /performance_monitor [performance_monitor.py:425(PerformanceMonitor.benchmark_memory)] [topics: /performance/alert, /diagnostic_status, /rosout, /performance/command, /performance/metrics, /performance/benchmark, /performance/benchmark_results] Running memory benchmark...
1788083179.994391202 INFO /performance_monitor [performance_monitor.py:113(PerformanceMonitor.start_monitoring)] [topics: /performance/alert, /diagnostic_status, /rosout, /performance/command, /performance/metrics, /performance/benchmark, /performance/benchmark_results] Performance monitoring started
1788083180.695679426 INFO /performance_monitor [performance_monitor.py:507(PerformanceMonitor.benchmark_application)] [topics: /performance/alert, /diagnostic_status, /rosout, /performance/command, /performance/metrics, /performance/benchmark, /performance/benchmark_results] Running application benchmark...
1788083180.900362253 INFO /performance_monitor [performance_monitor.py:425(PerformanceMonitor.benchmark_memory)] [topics: /performance/alert, /diagnostic_status, /rosout, /performance/command, /performance/metrics, /performance/benchmark, /performance/benchmark_results] Running memory benchmark...
1788083181.350781202 INFO /performance_monitor [performance_monitor.py:507(PerformanceMonitor.benchmark_application)] [topics: /performance/alert, /diagnostic_status, /rosout, /performance/command, /performance/metrics, /performance/benchmark, /performance/benchmark_results] Running application benchmark...
1788083181.938699007 INFO /performance_monitor [performance_monitor.py:401(PerformanceMonitor.benchmark_cpu)] [topics: /performance/alert, /diagnostic_status, /rosout, /performance/command, /performance/metrics, /performance/benchmark, /performance/benchmark_results] Running CPU benchmark...
1788083182.255357265 INFO /performance_monitor [performance_monitor.py:461(PerformanceMonitor.benchmark_network)] [topics: /performance/alert, /diagnostic_status, /rosout, /performance/command, /performance/metrics, /performance/benchmark, /performance/benchmark_results] Running network benchmark...
1788083182.425352334 INFO /performance_monitor [performance_monitor.py:368(PerformanceMonitor.benchmark_fps)] [topics: /performance/alert, /diagnostic_status, /rosout, /performance/command, /performance/metrics, /performance/benchmark, /performance/benchmark_results] Running FPS benchmark...
1788083183.160892724 INFO /performance_monitor [performance_monitor.py:461(PerformanceMonitor.benchmark_network)] [topics: /performance/alert, /diagnostic_status, /rosout, /performance/command, /performance/metrics, /performance/benchmark, /performance/benchmark_results] Running network benchmark...
1788083183.279395818 INFO /performance_monitor [performance_monitor.py:113(PerformanceMonitor.start_monitoring)] [topics: /performance/alert, /diagnostic_status, /rosout, /performance/command, /performance/metrics, /performance/benchmark, /performance/benchmark_results] Performance monitoring started
1788083183.496991157 INFO /performance_monitor [performance_monitor.py:507(PerformanceMonitor.benchmark_application)] [topics: /performance/alert, /diagnostic_status, /rosout, /performance/command, /performance/metrics, /performance/benchmark, /performance/benchmark_results] Running application benchmark...
1788083183.797889947 INFO /performance_monitor [performance_monitor.py:368(PerformanceMonitor.benchmark_fps)] [topics: /performance/alert, /diagnostic_status, /rosout, /performance/command, /performance/metrics, /performance/benchmark, /performance/benchmark_results] Running FPS benchmark...
1788083184.169947147 INFO /performance_monitor [performance_monitor.py:401(PerformanceMonitor.benchmark_cpu)] [topics: /performance/alert, /diagnostic_status, /rosout, /performance/command, /performance/metrics, /performance/benchmark, /performance/benchmark_results] Running CPU benchmark...
1788083184.770255565 INFO /performance_monitor [performance_monitor.py:425(PerformanceMonitor.benchmark_memory)] [topics: /performance/alert, /diagnostic_status, /rosout, /performance/command, /performance/metrics, /performance/benchmark, /performance/benchmark_results] Running memory benchmark...
1788083185.098500013 INFO /performance_monitor [performance_monitor.py:461(PerformanceMonitor.benchmark_network)] [topics: /performance/alert, /diagnostic_status, /rosout, /performance/command, /performance/metrics, /performance/benchmark, /performance/benchmark_results] Running network benchmark...
1788083185.156237840 INFO /performance_monitor [performance_monitor.py:507(PerformanceMonitor.benchmark_application)] [topics: /performance/alert, /diagnostic_status, /rosout, /performance/command, /performance/metrics, /performance/benchmark, /performance/benchmark_results] Running application benchmark...
1788083185.250231504 INFO /performance_monitor [performance_monitor.py:113(PerformanceMonitor.start_monitoring)] [topics: /performance/alert, /diagnostic_status, /rosout, /performance/command, /performance/metrics, /performance/benchmark, /performance/benchmark_results] Performance monitoring started
1788083185.691402196 INFO /performance_monitor [performance_monitor.py:425(PerformanceMonitor.benchmark_memory)] [topics: /performance/alert, /diagnostic_status, /rosout, /performance/command, /performance/metrics, /performance/benchmark, /performance/benchmark_results] Running memory benchmark...
1788083185.831121921 INFO /performance_monitor [performance_monitor.py:368(PerformanceMonitor.benchmark_fps)] [topics: /performance/alert, /diagnostic_status, /rosout, /performance/command, /performance/metrics, /performance/benchmark, /performance/benchmark_results] Running FPS benchmark...
1788083186.203927516 INFO /performance_monitor [performance_monitor.py:401(PerformanceMonitor.benchmark_cpu)] [topics: /performance/alert, /diagnostic_status, /rosout, /performance/command, /performance/metrics, /performance/benchmark, /performance/benchmark_results] Running CPU benchmark...
1788083186.510148763 INFO /performance_monitor [performance_monitor.py:507(PerformanceMonitor.benchmark_application)] [topics: /performance/alert, /diagnostic_status, /rosout, /performance/command, /performance/metrics, /performance/benchmark, /performance/benchmark_results] Running application benchmark...
1788083186.705555200 INFO /performance_monitor [performance_monitor.py:368(PerformanceMonitor.benchmark_fps)] [topics: /performance/alert, /diagnostic_status, /rosout, /performance/command, /performance/metrics, /performance/benchmark, /performance/benchmark_results] Running FPS benchmark...
1788083187.027400016 INFO /performance_monitor [performance_monitor.py:113(PerformanceMonitor.start_monitoring)] [topics: /performance/alert, /diagnostic_status, /rosout, /performance/command, /performance/metrics, /performance/benchmark, /performance/benchmark_results] Performance monitoring started
1788083187.268890619 INFO /performance_monitor [performance_monitor.py:461(PerformanceMonitor.benchmark_network)] [topics: /performance/alert, /diagnostic_status, /rosout, /performance/command, /performance/metrics, /performance/benchmark, /performance/benchmark_results] Running network benchmark...
1788083187.448408842 INFO /performance_monitor [performance_monitor.py:461(PerformanceMonitor.benchmark_network)] [topics: /performance/alert, /diagnostic_status, /rosout, /performance/command, /performance/metrics, /performance/benchmark, /performance/benchmark_results] Running network benchmark...
1788083187.582546472 INFO /performance_monitor [performance_monitor.py:401(PerformanceMonitor.benchmark_cpu)] [topics: /performance/alert, /diagnostic_status, /rosout, /performance/command, /performance/metrics, /performance/benchmark, /performance/benchmark_results] Running CPU benchmark...
1788083188.227004766 INFO /performance_monitor [performance_monitor.py:113(PerformanceMonitor.start_monitoring)] [topics: /performance/alert, /diagnostic_status, /rosout, /performance/command, /performance/metrics, /performance/benchmark, /performance/benchmark_results] Performance monitoring started
1788083188.649828433 INFO /performance_monitor [performance_monitor.py:425(PerformanceMonitor.benchmark_memory)] [topics: /performance/alert, /diagnostic_status, /rosout, /performance/command, /performance/metrics, /performance/benchmark, /performance/benchmark_results] Running memory benchmark...
1788083188.989286899 INFO /performance_monitor [performance_monitor.py:368(PerformanceMonitor.benchmark_fps)] [topics: /performance/alert, /diagnostic_status, /rosout, /performance/command, /performance/metrics, /performance/benchmark, /performance/benchmark_results] Running FPS benchmark...
1788083189.460380077 INFO /performance_monitor [performance_monitor.py:401(PerformanceMonitor.benchmark_cpu)] [topics: /performance/alert, /diagnostic_status, /rosout, /performance/command, /performance/metrics, /performance/benchmark, /performance/benchmark_results] Running CPU benchmark...
1788083189.732959747 INFO /performance_monitor [performance_monitor.py:507(PerformanceMonitor.benchmark_application)] [topics: /performance/alert, /diagnostic_status, /rosout, /performance/command, /performance/metrics, /performance/benchmark, /performance/benchmark_results] Running application benchmark...
1788083189.755079030 INFO /performance_monitor [performance_monitor.py:461(PerformanceMonitor.benchmark_network)] [topics: /performance/alert, /diagnostic_status, /rosout, /performance/command, /performance/metrics, /performance/benchmark, /performance/benchmark_results] Running network benchmark...
1788083190.059529304 INFO /performance_monitor [performance_monitor.py:425(PerformanceMonitor.benchmark_memory)] [topics: /performance/alert, /diagnostic_status, /rosout, /performance/command, /performance/metrics, /performance/benchmark, /performance/benchmark_results] Running memory benchmark...
1788083190.638744831 INFO /performance_monitor [performance_monitor.py:113(PerformanceMonitor.start_monitoring)] [topics: /performance/alert, /diagnostic_status, /rosout, /performance/command, /performance/metrics, /performance/benchmark, /performance/benchmark_results] Performance monitoring started
1788083190.689730405 INFO /performance_monitor [performance_monitor.py:425(PerformanceMonitor.benchmark_memory)] [topics: /performance/alert, /diagnostic_status, /rosout, /performance/command, /performance/metrics, /performance/benchmark, /performance/benchmark_results] Running memory benchmark...
1788083191.252258062 INFO /performance_monitor [performance_monitor.py:425(PerformanceMonitor.benchmark_memory)] [topics: /performance/alert, /diagnostic_status, /rosout, /performance/command, /performance/metrics, /performance/benchmark, /performance/benchmark_results] Running memory benchmark...
1788083191.467478036 INFO /performance_monitor [performance_monitor.py:368(PerformanceMonitor.benchmark_fps)] [topics: /performance/alert, /diagnostic_status, /rosout, /performance/command, /performance/metrics, /performance/benchmark, /performance/benchmark_results] Running FPS benchmark...
1788083191.708738088 INFO /performance_monitor [performance_monitor.py:401(PerformanceMonitor.benchmark_cpu)] [topics: /performance/alert, /diagnostic_status, /rosout, /performance/command, /performance/metrics, /performance/benchmark, /performance/benchmark_results] Running CPU benchmark...
1788083191.999159812 INFO /performance_monitor [performance_monitor.py:507(PerformanceMonitor.benchmark_application)] [topics: /performance/alert, /diagnostic_status, /rosout, /performance/command, /performance/metrics, /performance/benchmark, /performance/benchmark_results] Running application benchmark...
1788083192.298200130 INFO /performance_monitor [performance_monitor.py:507(PerformanceMonitor.benchmark_application)] [topics: /performance/alert, /diagnostic_status, /rosout, /performance/command, /performance/metrics, /performance/benchmark, /performance/benchmark_results] Running application benchmark...
1788083192.803728818 INFO /performance_monitor [performance_monitor.py:113(PerformanceMonitor.start_monitoring)] [topics: /performance/alert, /diagnostic_status, /rosout, /performance/command, /performance/metrics, /performance/benchmark, /performance/benchmark_results] Performance monitoring started
1788083193.131047725 INFO /performance_monitor [performance_monitor.py:401(PerformanceMonitor.benchmark_cpu)] [topics: /performance/alert, /diagnostic_status, /rosout, /performance/command, /performance/metrics, /performance/benchmark, /performance/benchmark_results] Running CPU benchmark...
1788083193.632416248 INFO /performance_monitor [performance_monitor.py:368(PerformanceMonitor.benchmark_fps)] [topics: /performance/alert, /diagnostic_status, /rosout, /performance/command, /performance/metrics, /performance/benchmark, /performance/benchmark_results] Running FPS benchmark...
1788083193.923374414 INFO /performance_monitor [performance_monitor.py:113(PerformanceMonitor.start_monitoring)] [topics: /performance/alert, /diagnostic_status, /rosout, /performance/command, /performance/metrics, /performance/benchmark, /performance/benchmark_results] Performance monitoring started
1788083194.623883962 INFO /performance_monitor [performance_monitor.py:368(PerformanceMonitor.benchmark_fps)] [topics: /performance/alert, /diagnostic_status, /rosout, /performance/command, /performance/metrics, /performance/benchmark, /performance/benchmark_results] Running FPS benchmark...
1788083195.432686328 INFO /performance_monitor [performance_monitor.py:401(PerformanceMonitor.benchmark_cpu)] [topics: /performance/alert, /diagnostic_status, /rosout, /performance/command, /performance/metrics, /performance/benchmark, /performance/benchmark_results] Running CPU benchmark...
1788083196.549543142 INFO /performance_monitor [performance_monitor.py:507(PerformanceMonitor.benchmark_application)] [topics: /performance/alert, /diagnostic_status, /rosout, /performance/command, /performance/metrics, /performance/benchmark, /performance/benchmark_results] Running application benchmark...
1788083196.846461296 INFO /performance_monitor [performance_monitor.py:461(PerformanceMonitor.benchmark_network)] [topics: /performance/alert, /diagnostic_status, /rosout, /performance/command, /performance/metrics, /performance/benchmark, /performance/benchmark_results] Running network benchmark...
1788083197.215720176 INFO /performance_monitor [performance_monitor.py:113(PerformanceMonitor.start_monitoring)] [topics: /performance/alert, /diagnostic_status, /rosout, /performance/command, /performance/metrics, /performance/benchmark, /performance/benchmark_results] Performance monitoring started
1788083197.526160478 INFO /performance_monitor [performance_monitor.py:507(PerformanceMonitor.benchmark_application)] [topics: /performance/alert, /diagnostic_status, /rosout, /performance/command, /performance/metrics, /performance/benchmark, /performance/benchmark_results] Running application benchmark...
1788083197.731251001 INFO /performance_monitor [performance_monitor.py:425(PerformanceMonitor.benchmark_memory)] [topics: /performance/alert, /diagnostic_status, /rosout, /performance/command, /performance/metrics, /performance/benchmark, /performance/benchmark_results] Running memory benchmark...
1788083198.270582675 INFO /performance_monitor [performance_monitor.py:425(PerformanceMonitor.benchmark_memory)] [topics: /performance/alert, /diagnostic_status, /rosout, /performance/command, /performance/metrics, /performance/benchmark, /performance/benchmark_results] Running memory benchmark...
1788083198.402399301 INFO /performance_monitor [performance_monitor.py:368(PerformanceMonitor.benchmark_fps)] [topics: /performance/alert, /diagnostic_status, /rosout, /performance/command, /performance/metrics, /performance/benchmark, /performance/benchmark_results] Running FPS benchmark...
1788083198.446472167 INFO /performance_monitor [performance_monitor.py:401(PerformanceMonitor.benchmark_cpu)] [topics: /performance/alert, /diagnostic_status, /rosout, /performance/command, /performance/metrics, /performance/benchmark, /performance/benchmark_results] Running CPU benchmark...
1788083198.949888467 INFO /performance_monitor [performance_monitor.py:461(PerformanceMonitor.benchmark_network)] [topics: /performance/alert, /diagnostic_status, /rosout, /performance/command, /performance/metrics, /performance/benchmark, /performance/benchmark_results] Running network benchmark...
1788083199.322214126 INFO /performance_monitor [performance_monitor.py:461(PerformanceMonitor.benchmark_network)] [topics: /performance/alert, /diagnostic_status, /rosout, /performance/command, /performance/metrics, /performance/benchmark, /performance/benchmark_results] Running network benchmark...
1788083199.526749849 INFO /performance_monitor [performance_monitor.py:113(PerformanceMonitor.start_monitoring)] [topics: /performance/alert, /diagnostic_status, /rosout, /performance/command, /performance/metrics, /performance/benchmark, /performance/benchmark_results] Performance monitoring started
1788083199.533320188 INFO /performance_monitor [performance_monitor.py:425(PerformanceMonitor.benchmark_memory)] [topics: /performance/alert, /diagnostic_status, /rosout, /performance/command, /performance/metrics, /performance/benchmark, /performance/benchmark_results] Running memory benchmark...
1788083199.681907653 INFO /performance_monitor [performance_monitor.py:368(PerformanceMonitor.benchmark_fps)] [topics: /performance/alert, /diagnostic_status, /rosout, /performance/command, /performance/metrics, /performance/benchmark, /performance/benchmark_results] Running FPS benchmark...
1788083199.986333370 INFO /performance_monitor [performance_monitor.py:507(PerformanceMonitor.benchmark_application)] [topics: /performance/alert, /diagnostic_status, /rosout, /performance/command, /performance/metrics, /performance/benchmark, /performance/benchmark_results] Running application benchmark...
1788083200.085397243 INFO /performance_monitor [performance_monitor.py:401(PerformanceMonitor.benchmark_cpu)] [topics: /performance/alert, /diagnostic_status, /rosout, /performance/command, /performance/metrics, /performance/benchmark, /performance/benchmark_results] Running CPU benchmark...
1788083200.221599817 INFO /performance_monitor [performance_monitor.py:461(PerformanceMonitor.benchmark_network)] [topics: /performance/alert, /diagnostic_status, /rosout, /performance/command, /performance/metrics, /performance/benchmark, /performance/benchmark_results] Running network benchmark...
1788083200.416101217 INFO /performance_monitor [performance_monitor.py:113(PerformanceMonitor.start_monitoring)] [topics: /performance/alert, /diagnostic_status, /rosout, /performance/command, /performance/metrics, /performance/benchmark, /performance/benchmark_results] Performance monitoring started
1788083200.531405448 INFO /performance_monitor [performance_monitor.py:401(PerformanceMonitor.benchmark_cpu)] [topics: /performance/alert, /diagnostic_status, /rosout, /performance/command, /performance/metrics, /performance/benchmark, /performance/benchmark_results] Running CPU benchmark...
1788083201.162429332 INFO /performance_monitor [performance_monitor.py:425(PerformanceMonitor.benchmark_memory)] [topics: /performance/alert, /diagnostic_status, /rosout, /performance/command, /performance/metrics, /performance/benchmark, /performance/benchmark_results] Running memory benchmark...
1788083201.301061868 INFO /performance_monitor [performance_monitor.py:368(PerformanceMonitor.benchmark_fps)] [topics: /performance/alert, /diagnostic_status, /rosout, /performance/command, /performance/metrics, /performance/benchmark, /performance/benchmark_results] Running FPS benchmark...
1788083201.763213634 INFO /performance_monitor [performance_monitor.py:507(PerformanceMonitor.benchmark_application)] [topics: /performance/alert, /diagnostic_status, /rosout, /performance/command, /performance/metrics, /performance/benchmark, /performance/benchmark_results] Running application benchmark...
1788083201.930806875 INFO /performance_monitor [performance_monitor.py:461(PerformanceMonitor.benchmark_network)] [topics: /performance/alert, /diagnostic_status, /rosout, /performance/command, /performance/metrics, /performance/benchmark, /performance/benchmark_results] Running network benchmark...
1788083202.167604207 INFO /performance_monitor [performance_monitor.py:507(PerformanceMonitor.benchmark_application)] [topics: /performance/alert, /diagnostic_status, /rosout, /performance/command, /performance/metrics, /performance/benchmark, /performance/benchmark_results] Running application benchmark...
1788083202.470045328 INFO /performance_monitor [performance_monitor.py:507(PerformanceMonitor.benchmark_application)] [topics: /performance/alert, /diagnostic_status, /rosout, /performance/command, /performance/metrics, /performance/benchmark, /performance/benchmark_results] Running application benchmark...
1788083202.534281253 INFO /performance_monitor [performance_monitor.py:507(PerformanceMonitor.benchmark_application)] [topics: /performance/alert, /diagnostic_status, /rosout, /performance/command, /performance/metrics, /performance/benchmark, /performance/benchmark_results] Running application benchmark...
1788083203.073067188 INFO /performance_monitor [performance_monitor.py:113(PerformanceMonitor.start_monitoring)] [topics: /performance/alert, /diagnostic_status, /rosout, /performance/command, /performance/metrics, /performance/benchmark, /performance/benchmark_results] Performance monitoring started
1788083203.123014211 INFO /performance_monitor [performance_monitor.py:368(PerformanceMonitor.benchmark_fps)] [topics: /performance/alert, /diagnostic_status, /rosout, /performance/command, /performance/metrics, /performance/benchmark, /performance/benchmark_results] Running FPS benchmark...
1788083203.894724607 INFO /performance_monitor [performance_monitor.py:425(PerformanceMonitor.benchmark_memory)] [topics: /performance/alert, /diagnostic_status, /rosout, /performance/command, /performance/metrics, /performance/benchmark, /performance/benchmark_results] Running memory benchmark...
1788083204.760224580 INFO /performance_monitor [performance_monitor.py:425(PerformanceMonitor.benchmark_memory)] [topics: /performance/alert, /diagnostic_status, /rosout, /performance/command, /performance/metrics, /performance/benchmark, /performance/benchmark_results] Running memory benchmark...
1788083204.958453655 INFO /performance_monitor [performance_monitor.py:113(PerformanceMonitor.start_monitoring)] [topics: /performance/alert, /diagnostic_status, /rosout, /performance/command, /performance/metrics, /performance/benchmark, /performance/benchmark_results] Performance monitoring started
1788083205.080099582 INFO /performance_monitor [performance_monitor.py:401(PerformanceMonitor.benchmark_cpu)] [topics: /performance/alert, /diagnostic_status, /rosout, /performance/command, /performance/metrics, /performance/benchmark, /performance/benchmark_results] Running CPU benchmark...
1788083205.473143815 INFO /performance_monitor [performance_monitor.py:507(PerformanceMonitor.benchmark_application)] [topics: /performance/alert, /diagnostic_status, /rosout, /performance/command, /performance/metrics, /performance/benchmark, /performance/benchmark_results] Running application benchmark...
1788083205.785947084 INFO /performance_monitor [performance_monitor.py:461(PerformanceMonitor.benchmark_network)] [topics: /performance/alert, /diagnostic_status, /rosout, /performance/command, /performance/metrics, /performance/benchmark, /performance/benchmark_results] Running network benchmark...
1788083205.960310935 INFO /performance_monitor [performance_monitor.py:425(PerformanceMonitor.benchmark_memory)] [topics: /performance/alert, /diagnostic_status, /rosout, /performance/command, /performance/metrics, /performance/benchmark, /performance/benchmark_results] Running memory benchmark...
1788083206.441971540 INFO /performance_monitor [performance_monitor.py:368(PerformanceMonitor.benchmark_fps)] [topics: /performance/alert, /diagnostic_status, /rosout, /performance/command, /performance/metrics, /performance/benchmark, /performance/benchmark_results] Running FPS benchmark...
1788083206.650123834 INFO /performance_monitor [performance_monitor.py:507(PerformanceMonitor.benchmark_application)] [topics: /performance/alert, /diagnostic_status, /rosout, /performance/command, /performance/metrics, /performance/benchmark, /performance/benchmark_results] Running application benchmark...
1788083206.699835538 INFO /performance_monitor [performance_monitor.py:401(PerformanceMonitor.benchmark_cpu)] [topics: /performance/alert, /diagnostic_status, /rosout, /performance/command, /performance/metrics, /performance/benchmark, /performance/benchmark_results] Running CPU benchmark...
1788083206.944827795 INFO /performance_monitor [performance_monitor.py:113(PerformanceMonitor.start_monitoring)] [topics: /performance/alert, /diagnostic_status, /rosout, /performance/command, /performance/metrics, /performance/benchmark, /performance/benchmark_results] Performance monitoring started
1788083207.282666921 INFO /performance_monitor [performance_monitor.py:461(PerformanceMonitor.benchmark_network)] [topics: /performance/alert, /diagnostic_status, /rosout, /performance/command, /performance/metrics, /performance/benchmark, /performance/benchmark_results] Running network benchmark...
1788083207.632908344 INFO /performance_monitor [performance_monitor.py:401(PerformanceMonitor.benchmark_cpu)] [topics: /performance/alert, /diagnostic_status, /rosout, /performance/command, /performance/metrics, /performance/benchmark, /performance/benchmark_results] Running CPU benchmark...
1788083207.989576816 INFO /performance_monitor [performance_monitor.py:461(PerformanceMonitor.benchmark_network)] [topics: /performance/alert, /diagnostic_status, /rosout, /performance/command, /performance/metrics, /performance/benchmark, /performance/benchmark_results] Running network benchmark...
1788083208.539690494 INFO /performance_monitor [performance_monitor.py:368(PerformanceMonitor.benchmark_fps)] [topics: /performance/alert, /diagnostic_status, /rosout, /performance/command, /performance/metrics, /performance/benchmark, /performance/benchmark_results] Running FPS benchmark...
1788083208.804266214 INFO /performance_monitor [performance_monitor.py:113(PerformanceMonitor.start_monitoring)] [topics: /performance/alert, /diagnostic_status, /rosout, /performance/command, /performance/metrics, /performance/benchmark, /performance/benchmark_results] Performance monitoring started
1788083209.031457185 INFO /performance_monitor [performance_monitor.py:368(PerformanceMonitor.benchmark_fps)] [topics: /performance/alert, /diagnostic_status, /rosout, /performance/command, /performance/metrics, /performance/benchmark, /performance/benchmark_results] Running FPS benchmark...
1788083209.324382781 INFO /performance_monitor [performance_monitor.py:401(PerformanceMonitor.benchmark_cpu)] [topics: /performance/alert, /diagnostic_status, /rosout, /performance/command, /performance/metrics, /performance/benchmark, /performance/benchmark_results] Running CPU benchmark...
1788083209.614197492 INFO /performance_monitor [performance_monitor.py:425(PerformanceMonitor.benchmark_memory)] [topics: /performance/alert, /diagnostic_status, /rosout, /performance/command, /performance/metrics, /performance/benchmark, /performance/benchmark_results] Running memory benchmark...
1788083209.698400259 INFO /performance_monitor [performance_monitor.py:507(PerformanceMonitor.benchmark_application)] [topics: /performance/alert, /diagnostic_status, /rosout, /performance/command, /performance/metrics, /performance/benchmark, /performance/benchmark_results] Running application benchmark...
1788083210.410781383 INFO /performance_monitor [performance_monitor.py:461(PerformanceMonitor.benchmark_network)] [topics: /performance/alert, /diagnostic_status, /rosout, /performance/command, /performance/metrics, /performance/benchmark, /performance/benchmark_results] Running network benchmark...
1788083210.448520183 INFO /performance_monitor [performance_monitor.py:113(PerformanceMonitor.start_monitoring)] [topics: /performance/alert, /diagnostic_status, /rosout, /performance/command, /performance/metrics, /performance/benchmark, /performance/benchmark_results] Performance monitoring started
1788083211.017069339 INFO /performance_monitor [performance_monitor.py:425(PerformanceMonitor.benchmark_memory)] [topics: /performance/alert, /diagnostic_status, /rosout, /performance/command, /performance/metrics, /performance/benchmark, /performance/benchmark_results] Running memory benchmark...
1788083211.200078010 INFO /performance_monitor [performance_monitor.py:507(PerformanceMonitor.benchmark_application)] [topics: /performance/alert, /diagnostic_status, /rosout, /performance/command, /performance/metrics, /performance/benchmark, /performance/benchmark_results] Running application benchmark...
1788083211.253486633 INFO /performance_monitor [performance_monitor.py:425(PerformanceMonitor.benchmark_memory)] [topics: /performance/alert, /diagnostic_status, /rosout, /performance/command, /performance/metrics, /performance/benchmark, /performance/benchmark_results] Running memory benchmark...
1788083211.523721694 INFO /performance_monitor [performance_monitor.py:368(PerformanceMonitor.benchmark_fps)] [topics: /performance/alert, /diagnostic_status, /rosout, /performance/command, /performance/metrics, /performance/benchmark, /performance/benchmark_results] Running FPS benchmark...
1788083211.757768154 INFO /performance_monitor [performance_monitor.py:461(PerformanceMonitor.benchmark_network)] [topics: /performance/alert, /diagnostic_status, /rosout, /performance/command, /performance/metrics, /performance/benchmark, /performance/benchmark_results] Running network benchmark...
1788083211.932832241 INFO /performance_monitor [performance_monitor.py:401(PerformanceMonitor.benchmark_cpu)] [topics: /performance/alert, /diagnostic_status, /rosout, /performance/command, /performance/metrics, /performance/benchmark, /performance/benchmark_results] Running CPU benchmark...
1788083212.554008722 INFO /performance_monitor [performance_monitor.py:113(PerformanceMonitor.start_monitoring)] [topics: /performance/alert, /diagnostic_status, /rosout, /performance/command, /performance/metrics, /performance/benchmark, /performance/benchmark_results] Performance monitoring started
1788083212.727241277 INFO /performance_monitor [performance_monitor.py:461(PerformanceMonitor.benchmark_network)] [topics: /performance/alert, /diagnostic_status, /rosout, /performance/command, /performance/metrics, /performance/benchmark, /performance/benchmark_results] Running network benchmark...
1788083212.745361804 INFO /performance_monitor [performance_monitor.py:368(PerformanceMonitor.benchmark_fps)] [topics: /performance/alert, /diagnostic_status, /rosout, /performance/command, /performance/metrics, /performance/benchmark, /performance/benchmark_results] Running FPS benchmark...
1788083212.904446363 INFO /performance_monitor [performance_monitor.py:461(PerformanceMonitor.benchmark_network)] [topics: /performance/alert, /diagnostic_status, /rosout, /performance/command, /performance/metrics, /performance/benchmark, /performance/benchmark_results] Running network benchmark...
1788083213.342118501 INFO /performance_monitor [performance_monitor.py:425(PerformanceMonitor.benchmark_memory)] [topics: /performance/alert, /diagnostic_status, /rosout, /performance/command, /performance/metrics, /performance/benchmark, /performance/benchmark_results] Running memory benchmark...
1788083213.535373926 INFO /performance_monitor [performance_monitor.py:507(PerformanceMonitor.benchmark_application)] [topics: /performance/alert, /diagnostic_status, /rosout, /performance/command, /performance/metrics, /performance/benchmark, /performance/benchmark_results] Running application benchmark...
1788083213.668699026 INFO /performance_monitor [performance_monitor.py:113(PerformanceMonitor.start_monitoring)] [topics: /performance/alert, /diagnostic_status, /rosout, /performance/command, /performance/metrics, /performance/benchmark, /performance/benchmark_results] Performance monitoring started
1788083213.766322612 INFO /performance_monitor [performance_monitor.py:507(PerformanceMonitor.benchmark_application)] [topics: /performance/alert, /diagnostic_status, /rosout, /performance/command, /performance/metrics, /performance/benchmark, /performance/benchmark_results] Running application benchmark...
1788083213.806383609 INFO /performance_monitor [performance_monitor.py:401(PerformanceMonitor.benchmark_cpu)] [topics: /performance/alert, /diagnostic_status, /rosout, /performance/command, /performance/metrics, /performance/benchmark, /performance/benchmark_results] Running CPU benchmark...
1788083214.758144855 INFO /performance_monitor [performance_monitor.py:425(PerformanceMonitor.benchmark_memory)] [topics: /performance/alert, /diagnostic_status, /rosout, /performance/command, /performance/metrics, /performance/benchmark, /performance/benchmark_results] Running memory benchmark...
1788083214.826889038 INFO /performance_monitor [performance_monitor.py:368(PerformanceMonitor.benchmark_fps)] [topics: /performance/alert, /diagnostic_status, /rosout, /performance/command, /performance/metrics, /performance/benchmark, /performance/benchmark_results] Running FPS benchmark...
1788083215.547297239 INFO /performance_monitor [performance_monitor.py:401(PerformanceMonitor.benchmark_cpu)] [topics: /performance/alert, /diagnostic_status, /rosout, /performance/command, /performance/metrics, /performance/benchmark, /performance/benchmark_results] Running CPU benchmark...
1788083215.858349800 INFO /performance_monitor [performance_monitor.py:507(PerformanceMonitor.benchmark_application)] [topics: /performance/alert, /diagnostic_status, /rosout, /performance/command, /performance/metrics, /performance/benchmark, /performance/benchmark_results] Running application benchmark...
1788083216.124547481 INFO /performance_monitor [performance_monitor.py:113(PerformanceMonitor.start_monitoring)] [topics: /performance/alert, /diagnostic_status, /rosout, /performance/command, /performance/metrics, /performance/benchmark, /performance/benchmark_results] Performance monitoring started
1788083216.462587833 INFO /performance_monitor [performance_monitor.py:507(PerformanceMonitor.benchmark_application)] [topics: /performance/alert, /diagnostic_status, /rosout, /performance/command, /performance/metrics, /performance/benchmark, /performance/benchmark_results] Running application benchmark...
1788083216.789691925 INFO /performance_monitor [performance_monitor.py:368(PerformanceMonitor.benchmark_fps)] [topics: /performance/alert, /diagnostic_status, /rosout, /performance/command, /performance/metrics, /performance/benchmark, /performance/benchmark_results] Running FPS benchmark...
1788083217.321594476 INFO /performance_monitor [performance_monitor.py:401(PerformanceMonitor.benchmark_cpu)] [topics: /performance/alert, /diagnostic_status, /rosout, /performance/command, /performance/metrics, /performance/benchmark, /performance/benchmark_results] Running CPU benchmark...
1788083218.024359226 INFO /performance_monitor [performance_monitor.py:461(PerformanceMonitor.benchmark_network)] [topics: /performance/alert, /diagnostic_status, /rosout, /performance/command, /performance/metrics, /performance/benchmark, /performance/benchmark_results] Running network benchmark...
1788083218.294802904 INFO /performance_monitor [performance_monitor.py:113(PerformanceMonitor.start_monitoring)] [topics: /performance/alert, /diagnostic_status, /rosout, /performance/command, /performance/metrics, /performance/benchmark, /performance/benchmark_results] Performance monitoring started
1788083218.631375551 INFO /performance_monitor [performance_monitor.py:425(PerformanceMonitor.benchmark_memory)] [topics: /performance/alert, /diagnostic_status, /rosout, /performance/command, /performance/metrics, /performance/benchmark, /performance/benchmark_results] Running memory benchmark...
1788083219.133408546 INFO /performance_monitor [performance_monitor.py:401(PerformanceMonitor.benchmark_cpu)] [topics: /performance/alert, /diagnostic_status, /rosout, /performance/command, /performance/metrics, /performance/benchmark, /performance/benchmark_results] Running CPU benchmark...
1788083219.411413669 INFO /performance_monitor [performance_monitor.py:368(PerformanceMonitor.benchmark_fps)] [topics: /performance/alert, /diagnostic_status, /rosout, /performance/command, /performance/metrics, /performance/benchmark, /performance/benchmark_results] Running FPS benchmark...
1788083219.477508783 INFO /performance_monitor [performance_monitor.py:461(PerformanceMonitor.benchmark_network)] [topics: /performance/alert, /diagnostic_status, /rosout, /performance/command, /performance/metrics, /performance/benchmark, /performance/benchmark_results] Running network benchmark...
1788083219.774528980 INFO /performance_monitor [performance_monitor.py:113(PerformanceMonitor.start_monitoring)] [topics: /performance/alert, /diagnostic_status, /rosout, /performance/command, /performance/metrics, /performance/benchmark, /performance/benchmark_results] Performance monitoring started
1788083220.064899682 INFO /performance_monitor [performance_monitor.py:401(PerformanceMonitor.benchmark_cpu)] [topics: /performance/alert, /diagnostic_status, /rosout, /performance/command, /performance/metrics, /performance/benchmark, /performance/benchmark_results] Running CPU benchmark...
1788083220.518709182 INFO /performance_monitor [performance_monitor.py:461(PerformanceMonitor.benchmark_network)] [topics: /performance/alert, /diagnostic_status, /rosout, /performance/command, /performance/metrics, /performance/benchmark, /performance/benchmark_results] Running network benchmark...
1788083220.676516294 INFO /performance_monitor [performance_monitor.py:368(PerformanceMonitor.benchmark_fps)] [topics: /performance/alert, /diagnostic_status, /rosout, /performance/command, /performance/metrics, /performance/benchmark, /performance/benchmark_results] Running FPS benchmark...
1788083220.757830619 INFO /performance_monitor [performance_monitor.py:507(PerformanceMonitor.benchmark_application)] [topics: /performance/alert, /diagnostic_status, /rosout, /performance/command, /performance/metrics, /performance/benchmark, /performance/benchmark_results] Running application benchmark...
1788083221.004004955 INFO /performance_monitor [performance_monitor.py:461(PerformanceMonitor.benchmark_network)] [topics: /performance/alert, /diagnostic_status, /rosout, /performance/command, /performance/metrics, /performance/benchmark, /performance/benchmark_results] Running network benchmark...
1788083221.555238962 INFO /performance_monitor [performance_monitor.py:113(PerformanceMonitor.start_monitoring)] [topics: /performance/alert, /diagnostic_status, /rosout, /performance/command, /performance/metrics, /performance/benchmark, /performance/benchmark_results] Performance monitoring started
1788083222.314235925 INFO /performance_monitor [performance_monitor.py:401(PerformanceMonitor.benchmark_cpu)] [topics: /performance/alert, /diagnostic_status, /rosout, /performance/command, /performance/metrics, /performance/benchmark, /performance/benchmark_results] Running CPU benchmark...
1788083222.505361557 INFO /performance_monitor [performance_monitor.py:368(PerformanceMonitor.benchmark_fps)] [topics: /performance/alert, /diagnostic_status, /rosout, /performance/command, /performance/metrics, /performance/benchmark, /performance/benchmark_results] Running FPS benchmark...
1788083222.934174299 INFO /performance_monitor [performance_monitor.py:425(PerformanceMonitor.benchmark_memory)] [topics: /performance/alert, /diagnostic_status, /rosout, /performance/command, /performance/metrics, /performance/benchmark, /performance/benchmark_results] Running memory benchmark...
1788083223.134321928 INFO /performance_monitor [performance_monitor.py:425(PerformanceMonitor.benchmark_memory)] [topics: /performance/alert, /diagnostic_status, /rosout, /performance/command, /performance/metrics, /performance/benchmark, /performance/benchmark_results] Running memory benchmark...
1788083223.602303266 INFO /performance_monitor [performance_monitor.py:113(PerformanceMonitor.start_monitoring)] [topics: /performance/alert, /diagnostic_status, /rosout, /performance/command, /performance/metrics, /performance/benchmark, /performance/benchmark_results] Performance monitoring started
1788083224.063548088 INFO /performance_monitor [performance_monitor.py:461(PerformanceMonitor.benchmark_network)] [topics: /performance/alert, /diagnostic_status, /rosout, /performance/command, /performance/metrics, /performance/benchmark, /performance/benchmark_results] Running network benchmark...
1788083224.352008104 INFO /performance_monitor [performance_monitor.py:461(PerformanceMonitor.benchmark_network)] [topics: /performance/alert, /diagnostic_status, /rosout, /performance/command, /performance/metrics, /performance/benchmark, /performance/benchmark_results] Running network benchmark...
1788083224.476641178 INFO /performance_monitor [performance_monitor.py:401(PerformanceMonitor.benchmark_cpu)] [topics: /performance/alert, /diagnostic_status, /rosout, /performance/command, /performance/metrics, /performance/benchmark, /performance/benchmark_results] Running CPU benchmark...
1788083225.106882572 INFO /performance_monitor [performance_monitor.py:368(PerformanceMonitor.benchmark_fps)] [topics: /performance/alert, /diagnostic_status, /rosout, /performance/command, /performance/metrics, /performance/benchmark, /performance/benchmark_results] Running FPS benchmark...
1788083225.531038522 INFO /performance_monitor [performance_monitor.py:113(PerformanceMonitor.start_monitoring)] [topics: /performance/alert, /diagnostic_status, /rosout, /performance/command, /performance/metrics, /performance/benchmark, /performance/benchmark_results] Performance monitoring started
1788083226.362132072 INFO /performance_monitor [performance_monitor.py:368(PerformanceMonitor.benchmark_fps)] [topics: /performance/alert, /diagnostic_status, /rosout, /performance/command, /performance/metrics, /performance/benchmark, /performance/benchmark_results] Running FPS benchmark...
1788083226.507912158 INFO /performance_monitor [performance_monitor.py:401(PerformanceMonitor.benchmark_cpu)] [topics: /performance/alert, /diagnostic_status, /rosout, /performance/command, /performance/metrics, /performance/benchmark, /performance/benchmark_results] Running CPU benchmark...
1788083226.776029348 INFO /performance_monitor [performance_monitor.py:507(PerformanceMonitor.benchmark_application)] [topics: /performance/alert, /diagnostic_status, /rosout, /performance/command, /performance/metrics, /performance/benchmark, /performance/benchmark_results] Running application benchmark...
1788083226.893730640 INFO /performance_monitor [performance_monitor.py:507(PerformanceMonitor.benchmark_application)] [topics: /performance/alert, /diagnostic_status, /rosout, /performance/command, /performance/metrics, /performance/benchmark, /performance/benchmark_results] Running application benchmark...
1788083227.284580707 INFO /performance_monitor [performance_monitor.py:507(PerformanceMonitor.benchmark_application)] [topics: /performance/alert, /diagnostic_status, /rosout, /performance/command, /performance/metrics, /performance/benchmark, /performance/benchmark_results] Running application benchmark...
1788083227.704356193 INFO /performance_monitor [performance_monitor.py:401(PerformanceMonitor.benchmark_cpu)] [topics: /performance/alert, /diagnostic_status, /rosout, /performance/command, /performance/metrics, /performance/benchmark, /performance/benchmark_results] Running CPU benchmark...
1788083227.853442668 INFO /performance_monitor [performance_monitor.py:425(PerformanceMonitor.benchmark_memory)] [topics: /performance/alert, /diagnostic_status, /rosout, /performance/command, /performance/metrics, /performance/benchmark, /performance/benchmark_results] Running memory benchmark...
1788083227.903079509 INFO /performance_monitor [performance_monitor.py:425(PerformanceMonitor.benchmark_memory)] [topics: /performance/alert, /diagnostic_status, /rosout, /performance/command, /performance/metrics, /performance/benchmark, /performance/benchmark_results] Running memory benchmark...
1788083228.167014360 INFO /performance_monitor [performance_monitor.py:425(PerformanceMonitor.benchmark_memory)] [topics: /performance/alert, /diagnostic_status, /rosout, /performance/command, /performance/metrics, /performance/benchmark, /performance/benchmark_results] Running memory benchmark...
1788083228.503083944 INFO /performance_monitor [performance_monitor.py:507(PerformanceMonitor.benchmark_application)] [topics: /performance/alert, /diagnostic_status, /rosout, /performance/command, /performance/metrics, /performance/benchmark, /performance/benchmark_results] Running application benchmark...
1788083229.026010274 INFO /performance_monitor [performance_monitor.py:113(PerformanceMonitor.start_monitoring)] [topics: /performance/alert, /diagnostic_status, /rosout, /performance/command, /performance/metrics, /performance/benchmark, /performance/benchmark_results] Performance monitoring started
1788083229.609714269 INFO /performance_monitor [performance_monitor.py:368(PerformanceMonitor.benchmark_fps)] [topics: /performance/alert, /diagnostic_status, /rosout, /performance/command, /performance/metrics, /performance/benchmark, /performance/benchmark_results] Running FPS benchmark...
1788083230.164480209 INFO /performance_monitor [performance_monitor.py:113(PerformanceMonitor.start_monitoring)] [topics: /performance/alert, /diagnostic_status, /rosout, /performance/command, /performance/metrics, /performance/benchmark, /performance/benchmark_results] Performance monitoring started
1788083230.232140064 INFO /performance_monitor [performance_monitor.py:425(PerformanceMonitor.benchmark_memory)] [topics: /performance/alert, /diagnostic_status, /rosout, /performance/command, /performance/metrics, /performance/benchmark, /performance/benchmark_results] Running memory benchmark...
1788083230.293286561 INFO /performance_monitor [performance_monitor.py:461(PerformanceMonitor.benchmark_network)] [topics: /performance/alert, /diagnostic_status, /rosout, /performance/command, /performance/metrics, /performance/benchmark, /performance/benchmark_results] Running network benchmark...
1788083230.731487989 INFO /performance_monitor [performance_monitor.py:461(PerformanceMonitor.benchmark_network)] [topics: /performance/alert, /diagnostic_status, /rosout, /performance/command, /performance/metrics, /performance/benchmark, /performance/benchmark_results] Running network benchmark...
1788083231.453220129 INFO /performance_monitor [performance_monitor.py:368(PerformanceMonitor.benchmark_fps)] [topics: /performance/alert, /diagnostic_status, /rosout, /performance/command, /performance/metrics, /performance/benchmark, /performance/benchmark_results] Running FPS benchmark...
1788083231.934675216 INFO /performance_monitor [performance_monitor.py:401(PerformanceMonitor.benchmark_cpu)] [topics: /performance/alert, /diagnostic_status, /rosout, /performance/command, /performance/metrics, /performance/benchmark, /performance/benchmark_results] Running CPU benchmark...
1788083232.082290649 INFO /performance_monitor [performance_monitor.py:425(PerformanceMonitor.benchmark_memory)] [topics: /performance/alert, /diagnostic_status, /rosout, /performance/command, /performance/metrics, /performance/benchmark, /performance/benchmark_results] Running memory benchmark...
1788083232.274545431 INFO /performance_monitor [performance_monitor.py:401(PerformanceMonitor.benchmark_cpu)] [topics: /performance/alert, /diagnostic_status, /rosout, /performance/command, /performance/metrics, /performance/benchmark, /performance/benchmark_results] Running CPU benchmark...
1788083232.403504848 INFO /performance_monitor [performance_monitor.py:113(PerformanceMonitor.start_monitoring)] [topics: /performance/alert, /diagnostic_status, /rosout, /performance/command, /performance/metrics, /performance/benchmark, /performance/benchmark_results] Performance monitoring started
1788083232.548736810 INFO /performance_monitor [performance_monitor.py:425(PerformanceMonitor.benchmark_memory)] [topics: /performance/alert, /diagnostic_status, /rosout, /performance/command, /performance/metrics, /performance/benchmark, /performance/benchmark_results] Running memory benchmark...
1788083232.695757389 INFO /performance_monitor [performance_monitor.py:507(PerformanceMonitor.benchmark_application)] [topics: /performance/alert, /diagnostic_status, /rosout, /performance/command, /performance/metrics, /performance/benchmark, /performance/benchmark_results] Running application benchmark...
1788083233.163374423 INFO /performance_monitor [performance_monitor.py:368(PerformanceMonitor.benchmark_fps)] [topics: /performance/alert, /diagnostic_status, /rosout, /performance/command, /performance/metrics, /performance/benchmark, /performance/benchmark_results] Running FPS benchmark...
1788083233.467354774 INFO /performance_monitor [performance_monitor.py:113(PerformanceMonitor.start_monitoring)] [topics: /performance/alert, /diagnostic_status, /rosout, /performance/command, /performance/metrics, /performance/benchmark, /performance/benchmark_results] Performance monitoring started
1788083233.531392335 INFO /performance_monitor [performance_monitor.py:507(PerformanceMonitor.benchmark_application)] [topics: /performance/alert, /diagnostic_status, /rosout, /performance/command, /performance/metrics, /performance/benchmark, /performance/benchmark_results] Running application benchmark...
1788083234.506968736 INFO /performance_monitor [performance_monitor.py:368(PerformanceMonitor.benchmark_fps)] [topics: /performance/alert, /diagnostic_status, /rosout, /performance/command, /performance/metrics, /performance/benchmark, /performance/benchmark_results] Running FPS benchmark...
1788083234.781166791 INFO /performance_monitor [performance_monitor.py:401(PerformanceMonitor.benchmark_cpu)] [topics: /performance/alert, /diagnostic_status, /rosout, /performance/command, /performance/metrics, /performance/benchmark, /performance/benchmark_results] Running CPU benchmark...
1788083235.072172403 INFO /performance_monitor [performance_monitor.py:461(PerformanceMonitor.benchmark_network)] [topics: /performance/alert, /diagnostic_status, /rosout, /performance/command, /performance/metrics, /performance/benchmark, /performance/benchmark_results] Running network benchmark...
1788083235.594280719 INFO /performance_monitor [performance_monitor.py:113(PerformanceMonitor.start_monitoring)] [topics: /performance/alert, /diagnostic_status, /rosout, /performance/command, /performance/metrics, /performance/benchmark, /performance/benchmark_results] Performance monitoring started
1788083236.587059497 INFO /performance_monitor [performance_monitor.py:368(PerformanceMonitor.benchmark_fps)] [topics: /performance/alert, /diagnostic_status, /rosout, /performance/command, /performance/metrics, /performance/benchmark, /performance/benchmark_results] Running FPS benchmark...
1788083236.975498437 INFO /performance_monitor [performance_monitor.py:507(PerformanceMonitor.benchmark_application)] [topics: /performance/alert, /diagnostic_status, /rosout, /performance/command, /performance/metrics, /performance/benchmark, /performance/benchmark_results] Running application benchmark...
1788083237.225825071 INFO /performance_monitor [performance_monitor.py:401(PerformanceMonitor.benchmark_cpu)] [topics: /performance/alert, /diagnostic_status, /rosout, /performance/command, /performance/metrics, /performance/benchmark, /performance/benchmark_results] Running CPU benchmark...
1788083237.378278732 INFO /performance_monitor [performance_monitor.py:461(PerformanceMonitor.benchmark_network)] [topics: /performance/alert, /diagnostic_status, /rosout, /performance/command, /performance/metrics, /performance/benchmark, /performance/benchmark_results] Running network benchmark...
1788083237.605372190 INFO /performance_monitor [performance_monitor.py:113(PerformanceMonitor.start_monitoring)] [topics: /performance/alert, /diagnostic_status, /rosout, /performance/command, /performance/metrics, /performance/benchmark, /performance/benchmark_results] Performance monitoring started
1788083238.016435384 INFO /performance_monitor [performance_monitor.py:461(PerformanceMonitor.benchmark_network)] [topics: /performance/alert, /diagnostic_status, /rosout, /performance/command, /performance/metrics, /performance/benchmark, /performance/benchmark_results] Running network benchmark...
1788083238.195438623 INFO /performance_monitor [performance_monitor.py:461(PerformanceMonitor.benchmark_network)] [topics: /performance/alert, /diagnostic_status, /rosout, /performance/command, /performance/metrics, /performance/benchmark, /performance/benchmark_results] Running network benchmark...
1788083238.389767169 INFO /performance_monitor [performance_monitor.py:368(PerformanceMonitor.benchmark_fps)] [topics: /performance/alert, /diagnostic_status, /rosout, /performance/command, /performance/metrics, /performance/benchmark, /performance/benchmark_results] Running FPS benchmark...
1788083238.621961355 INFO /performance_monitor [performance_monitor.py:401(PerformanceMonitor.benchmark_cpu)] [topics: /performance/alert, /diagnostic_status, /rosout, /performance/command, /performance/metrics, /performance/benchmark, /performance/benchmark_results] Running CPU benchmark...
1788083239.085193395 INFO /performance_monitor [performance_monitor.py:461(PerformanceMonitor.benchmark_network)] [topics: /performance/alert, /diagnostic_status, /rosout, /performance/command, /performance/metrics, /performance/benchmark, /performance/benchmark_results] Running network benchmark...
1788083239.173808336 INFO /performance_monitor [performance_monitor.py:425(PerformanceMonitor.benchmark_memory)] [topics: /performance/alert, /diagnostic_status, /rosout, /performance/command, /performance/metrics, /performance/benchmark, /performance/benchmark_results] Running memory benchmark...
1788083239.253063440 INFO /performance_monitor [performance_monitor.py:113(PerformanceMonitor.start_monitoring)] [topics: /performance/alert, /diagnostic_status, /rosout, /performance/command, /performance/metrics, /performance/benchmark, /performance/benchmark_results] Performance monitoring started
1788083239.539370298 INFO /performance_monitor [performance_monitor.py:425(PerformanceMonitor.benchmark_memory)] [topics: /performance/alert, /diagnostic_status, /rosout, /performance/command, /performance/metrics, /performance/benchmark, /performance/benchmark_results] Running memory benchmark...
1788083239.977736949 INFO /performance_monitor [performance_monitor.py:401(PerformanceMonitor.benchmark_cpu)] [topics: /performance/alert, /diagnostic_status, /rosout, /performance/command, /performance/metrics, /performance/benchmark, /performance/benchmark_results] Running CPU benchmark...
1788083240.488213062 INFO /performance_monitor [performance_monitor.py:507(PerformanceMonitor.benchmark_application)] [topics: /performance/alert, /diagnostic_status, /rosout, /performance/command, /performance/metrics, /performance/benchmark, /performance/benchmark_results] Running application benchmark...
1788083241.228613615 INFO /performance_monitor [performance_monitor.py:368(PerformanceMonitor.benchmark_fps)] [topics: /performance/alert, /diagnostic_status, /rosout, /performance/command, /performance/metrics, /performance/benchmark, /performance/benchmark_results] Running FPS benchmark...
1788083241.436762332 INFO /performance_monitor [performance_monitor.py:461(PerformanceMonitor.benchmark_network)] [topics: /performance/alert, /diagnostic_status, /rosout, /performance/command, /performance/metrics, /performance/benchmark, /performance/benchmark_results] Running network benchmark...
1788083241.586716651 INFO /performance_monitor [performance_monitor.py:425(PerformanceMonitor.benchmark_memory)] [topics: /performance/alert, /diagnostic_status, /rosout, /performance/command, /performance/metrics, /performance/benchmark, /performance/benchmark_results] Running memory benchmark...
1788083241.812743902 INFO /performance_monitor [performance_monitor.py:507(PerformanceMonitor.benchmark_application)] [topics: /performance/alert, /diagnostic_status, /rosout, /performance/command, /performance/metrics, /performance/benchmark, /performance/benchmark_results] Running application benchmark...
1788083242.104868650 INFO /performance_monitor [performance_monitor.py:113(PerformanceMonitor.start_monitoring)] [topics: /performance/alert, /diagnostic_status, /rosout, /performance/command, /performance/metrics, /performance/benchmark, /performance/benchmark_results] Performance monitoring started
1788083242.413632154 INFO /performance_monitor [performance_monitor.py:401(PerformanceMonitor.benchmark_cpu)] [topics: /performance/alert, /diagnostic_status, /rosout, /performance/command, /performance/metrics, /performance/benchmark, /performance/benchmark_results] Running CPU benchmark...
1788083242.905148506 INFO /performance_monitor [performance_monitor.py:425(PerformanceMonitor.benchmark_memory)] [topics: /performance/alert, /diagnostic_status, /rosout, /performance/command, /performance/metrics, /performance/benchmark, /performance/benchmark_results] Running memory benchmark...
1788083243.347249984 INFO /performance_monitor [performance_monitor.py:368(PerformanceMonitor.benchmark_fps)] [topics: /performance/alert, /diagnostic_status, /rosout, /performance/command, /performance/metrics, /performance/benchmark, /performance/benchmark_results] Running FPS benchmark...
1788083243.673512935 INFO /performance_monitor [performance_monitor.py:507(PerformanceMonitor.benchmark_application)] [topics: /performance/alert, /diagnostic_status, /rosout, /performance/command, /performance/metrics, /performance/benchmark, /performance/benchmark_results] Running application benchmark...
1788083243.980564832 INFO /performance_monitor [performance_monitor.py:401(PerformanceMonitor.benchmark_cpu)] [topics: /performance/alert, /diagnostic_status, /rosout, /performance/command, /performance/metrics, /performance/benchmark, /performance/benchmark_results] Running CPU benchmark...
1788083244.103838205 INFO /performance_monitor [performance_monitor.py:507(PerformanceMonitor.benchmark_application)] [topics: /performance/alert, /diagnostic_status, /rosout, /performance/command, /performance/metrics, /performance/benchmark, /performance/benchmark_results] Running application benchmark...
1788083244.357499837 INFO /performance_monitor [performance_monitor.py:113(PerformanceMonitor.start_monitoring)] [topics: /performance/alert, /diagnostic_status, /rosout, /performance/command, /performance/metrics, /performance/benchmark, /performance/benchmark_results] Performance monitoring started
1788083244.369234085 INFO /performance_monitor [performance_monitor.py:368(PerformanceMonitor.benchmark_fps)] [topics: /performance/alert, /diagnostic_status, /rosout, /performance/command, /performance/metrics, /performance/benchmark, /performance/benchmark_results] Running FPS benchmark...
1788083245.531885147 INFO /performance_monitor [performance_monitor.py:425(PerformanceMonitor.benchmark_memory)] [topics: /performance/alert, /diagnostic_status, /rosout, /performance/command, /performance/metrics, /performance/benchmark, /performance/benchmark_results] Running memory benchmark...
1788083246.590427637 INFO /performance_monitor [performance_monitor.py:113(PerformanceMonitor.start_monitoring)] [topics: /performance/alert, /diagnostic_status, /rosout, /performance/command, /performance/metrics, /performance/benchmark, /performance/benchmark_results] Performance monitoring started
1788083246.764415740 INFO /performance_monitor [performance_monitor.py:461(PerformanceMonitor.benchmark_network)] [topics: /performance/alert, /diagnostic_status, /rosout, /performance/command, /performance/metrics, /performance/benchmark, /performance/benchmark_results] Running network benchmark...
1788083247.169513463 INFO /performance_monitor [performance_monitor.py:507(PerformanceMonitor.benchmark_application)] [topics: /performance/alert, /diagnostic_status, /rosout, /performance/command, /performance/metrics, /performance/benchmark, /performance/benchmark_results] Running application benchmark...
1788083247.450390815 INFO /performance_monitor [performance_monitor.py:425(PerformanceMonitor.benchmark_memory)] [topics: /performance/alert, /diagnostic_status, /rosout, /performance/command, /performance/metrics, /performance/benchmark, /performance/benchmark_results] Running memory benchmark...
1788083247.598082780 INFO /performance_monitor [performance_monitor.py:368(PerformanceMonitor.benchmark_fps)] [topics: /performance/alert, /diagnostic_status, /rosout, /performance/command, /performance/metrics, /performance/benchmark, /performance/benchmark_results] Running FPS benchmark...
1788083248.040213823 INFO /performance_monitor [performance_monitor.py:425(PerformanceMonitor.benchmark_memory)] [topics: /performance/alert, /diagnostic_status, /rosout, /performance/command, /performance/metrics, /performance/benchmark, /performance/benchmark_results] Running memory benchmark...
1788083248.921971559 INFO /performance_monitor [performance_monitor.py:401(PerformanceMonitor.benchmark_cpu)] [topics: /performance/alert, /diagnostic_status, /rosout, /performance/command, /performance/metrics, /performance/benchmark, /performance/benchmark_results] Running CPU benchmark...
1788083249.236765384 INFO /performance_monitor [performance_monitor.py:461(PerformanceMonitor.benchmark_network)] [topics: /performance/alert, /diagnostic_status, /rosout, /performance/command, /performance/metrics, /performance/benchmark, /performance/benchmark_results] Running network benchmark...
1788083249.619873285 INFO /performance_monitor [performance_monitor.py:113(PerformanceMonitor.start_monitoring)] [topics: /performance/alert, /diagnostic_status, /rosout, /performance/command, /performance/metrics, /performance/benchmark, /performance/benchmark_results] Performance monitoring started
1788083249.857642412 INFO /performance_monitor [performance_monitor.py:425(PerformanceMonitor.benchmark_memory)] [topics: /performance/alert, /diagnostic_status, /rosout, /performance/command, /performance/metrics, /performance/benchmark, /performance/benchmark_results] Running memory benchmark...
1788083249.904250860 INFO /performance_monitor [performance_monitor.py:461(PerformanceMonitor.benchmark_network)] [topics: /performance/alert, /diagnostic_status, /rosout, /performance/command, /performance/metrics, /performance/benchmark, /performance/benchmark_results] Running network benchmark...
1788083249.982424259 INFO /performance_monitor [performance_monitor.py:401(PerformanceMonitor.benchmark_cpu)] [topics: /performance/alert, /diagnostic_status, /rosout, /performance/command, /performance/metrics, /performance/benchmark, /performance/benchmark_results] Running CPU benchmark...
1788083250.493190765 INFO /performance_monitor [performance_monitor.py:368(PerformanceMonitor.benchmark_fps)] [topics: /performance/alert, /diagnostic_status, /rosout, /performance/command, /performance/metrics, /performance/benchmark, /performance/benchmark_results] Running FPS benchmark...
1788083250.627801656 INFO /performance_monitor [performance_monitor.py:507(PerformanceMonitor.benchmark_application)] [topics: /performance/alert, /diagnostic_status, /rosout, /performance/command, /performance/metrics, /performance/benchmark, /performance/benchmark_results] Running application benchmark...
1788083250.958276271 INFO /performance_monitor [performance_monitor.py:401(PerformanceMonitor.benchmark_cpu)] [topics: /performance/alert, /diagnostic_status, /rosout, /performance/command, /performance/metrics, /performance/benchmark, /performance/benchmark_results] Running CPU benchmark...
1788083251.244954109 INFO /performance_monitor [performance_monitor.py:113(PerformanceMonitor.start_monitoring)] [topics: /performance/alert, /diagnostic_status, /rosout, /performance/command, /performance/metrics, /performance/benchmark, /performance/benchmark_results] Performance monitoring started
1788083251.648883342 INFO /performance_monitor [performance_monitor.py:507(PerformanceMonitor.benchmark_application)] [topics: /performance/alert, /diagnostic_status, /rosout, /performance/command, /performance/metrics, /performance/benchmark, /performance/benchmark_results] Running application benchmark...
1788083251.795686721 INFO /performance_monitor [performance_monitor.py:368(PerformanceMonitor.benchmark_fps)] [topics: /performance/alert, /diagnostic_status, /rosout, /performance/command, /performance/metrics, /performance/benchmark, /performance/benchmark_results] Running FPS benchmark...
1788083252.139785766 INFO /performance_monitor [performance_monitor.py:461(PerformanceMonitor.benchmark_network)] [topics: /performance/alert, /diagnostic_status, /rosout, /performance/command, /performance/metrics, /performance/benchmark, /performance/benchmark_results] Running network benchmark...
1788083252.310958385 INFO /performance_monitor [performance_monitor.py:507(PerformanceMonitor.benchmark_application)] [topics: /performance/alert, /diagnostic_status, /rosout, /performance/command, /performance/metrics, /performance/benchmark, /performance/benchmark_results] Running application benchmark...
1788083252.730981826 INFO /performance_monitor [performance_monitor.py:461(PerformanceMonitor.benchmark_network)] [topics: /performance/alert, /diagnostic_status, /rosout, /performance/command, /performance/metrics, /performance/benchmark, /performance/benchmark_results] Running network benchmark...
1788083252.784063816 INFO /performance_monitor [performance_monitor.py:368(PerformanceMonitor.benchmark_fps)] [topics: /performance/alert, /diagnostic_status, /rosout, /performance/command, /performance/metrics, /performance/benchmark, /performance/benchmark_results] Running FPS benchmark...
1788083252.896698713 INFO /performance_monitor [performance_monitor.py:113(PerformanceMonitor.start_monitoring)] [topics: /performance/alert, /diagnostic_status, /rosout, /performance/command, /performance/metrics, /performance/benchmark, /performance/benchmark_results] Performance monitoring started
1788083253.402351617 INFO /performance_monitor [performance_monitor.py:401(PerformanceMonitor.benchmark_cpu)] [topics: /performance/alert, /diagnostic_status, /rosout, /performance/command, /performance/metrics, /performance/benchmark, /performance/benchmark_results] Running CPU benchmark...
1788083253.862582683 INFO /performance_monitor [performance_monitor.py:507(PerformanceMonitor.benchmark_application)] [topics: /performance/alert, /diagnostic_status, /rosout, /performance/command, /performance/metrics, /performance/benchmark, /performance/benchmark_results] Running application benchmark...
1788083254.304195642 INFO /performance_monitor [performance_monitor.py:113(PerformanceMonitor.start_monitoring)] [topics: /performance/alert, /diagnostic_status, /rosout, /performance/command, /performance/metrics, /performance/benchmark, /performance/benchmark_results] Performance monitoring started
1788083255.444291353 INFO /performance_monitor [performance_monitor.py:368(PerformanceMonitor.benchmark_fps)] [topics: /performance/alert, /diagnostic_status, /rosout, /performance/command, /performance/metrics, /performance/benchmark, /performance/benchmark_results] Running FPS benchmark...
1788083255.638782978 INFO /performance_monitor [performance_monitor.py:401(PerformanceMonitor.benchmark_cpu)] [topics: /performance/alert, /diagnostic_status, /rosout, /performance/command, /performance/metrics, /performance/benchmark, /performance/benchmark_results] Running CPU benchmark...
1788083257.059162855 INFO /performance_monitor [performance_monitor.py:113(PerformanceMonitor.start_monitoring)] [topics: /performance/alert, /diagnostic_status, /rosout, /performance/command, /performance/metrics, /performance/benchmark, /performance/benchmark_results] Performance monitoring started
1788083257.172910690 INFO /performance_monitor [performance_monitor.py:368(PerformanceMonitor.benchmark_fps)] [topics: /performance/alert, /diagnostic_status, /rosout, /performance/command, /performance/metrics, /performance/benchmark, /performance/benchmark_results] Running FPS benchmark...
1788083257.213201045 INFO /performance_monitor [performance_monitor.py:401(PerformanceMonitor.benchmark_cpu)] [topics: /performance/alert, /diagnostic_status, /rosout, /performance/command, /performance/metrics, /performance/benchmark, /performance/benchmark_results] Running CPU benchmark...
1788083257.894490718 INFO /performance_monitor [performance_monitor.py:425(PerformanceMonitor.benchmark_memory)] [topics: /performance/alert, /diagnostic_status, /rosout, /performance/command, /performance/metrics, /performance/benchmark, /performance/benchmark_results] Running memory benchmark...
1788083258.279250144 INFO /performance_monitor [performance_monitor.py:113(PerformanceMonitor.start_monitoring)] [topics: /performance/alert, /diagnostic_status, /rosout, /performance/command, /performance/metrics, /performance/benchmark, /performance/benchmark_results] Performance monitoring started
1788083258.737094163 INFO /performance_monitor [performance_monitor.py:401(PerformanceMonitor.benchmark_cpu)] [topics: /performance/alert, /diagnostic_status, /rosout, /performance/command, /performance/metrics, /performance/benchmark, /performance/benchmark_results] Running CPU benchmark...
1788083258.866190433 INFO /performance_monitor [performance_monitor.py:368(PerformanceMonitor.benchmark_fps)] [topics: /performance/alert, /diagnostic_status, /rosout, /performance/command, /performance/metrics, /performance/benchmark, /performance/benchmark_results] Running FPS benchmark...
1788083259.275018215 INFO /performance_monitor [performance_monitor.py:461(PerformanceMonitor.benchmark_network)] [topics: /performance/alert, /diagnostic_status, /rosout, /performance/command, /performance/metrics, /performance/benchmark, /performance/benchmark_results] Running network benchmark...
1788083259.438846826 INFO /performance_monitor [performance_monitor.py:461(PerformanceMonitor.benchmark_network)] [topics: /performance/alert, /diagnostic_status, /rosout, /performance/command, /performance/metrics, /performance/benchmark, /performance/benchmark_results] Running network benchmark...
1788083259.665682077 INFO /performance_monitor [performance_monitor.py:507(PerformanceMonitor.benchmark_application)] [topics: /performance/alert, /diagnostic_status, /rosout, /performance/command, /performance/metrics, /performance/benchmark, /performance/benchmark_results] Running application benchmark...
1788083259.938493967 INFO /performance_monitor [performance_monitor.py:113(PerformanceMonitor.start_monitoring)] [topics: /performance/alert, /diagnostic_status, /rosout, /performance/command, /performance/metrics, /performance/benchmark, /performance/benchmark_results] Performance monitoring started
1788083260.185398817 INFO /performance_monitor [performance_monitor.py:425(PerformanceMonitor.benchmark_memory)] [topics: /performance/alert, /diagnostic_status, /rosout, /performance/command, /performance/metrics, /performance/benchmark, /performance/benchmark_results] Running memory benchmark...
1788083260.365604877 INFO /performance_monitor [performance_monitor.py:461(PerformanceMonitor.benchmark_network)] [topics: /performance/alert, /diagnostic_status, /rosout, /performance/command, /performance/metrics, /performance/benchmark, /performance/benchmark_results] Running network benchmark...
1788083260.899623870 INFO /performance_monitor [performance_monitor.py:368(PerformanceMonitor.benchmark_fps)] [topics: /performance/alert, /diagnostic_status, /rosout, /performance/command, /performance/metrics, /performance/benchmark, /performance/benchmark_results] Running FPS benchmark...
1788083261.192900419 INFO /performance_monitor [performance_monitor.py:401(PerformanceMonitor.benchmark_cpu)] [topics: /performance/alert, /diagnostic_status, /rosout, /performance/command, /performance/metrics, /performance/benchmark, /performance/benchmark_results] Running CPU benchmark...
1788083261.414475679 INFO /performance_monitor [performance_monitor.py:425(PerformanceMonitor.benchmark_memory)] [topics: /performance/alert, /diagnostic_status, /rosout, /performance/command, /performance/metrics, /performance/benchmark, /performance/benchmark_results] Running memory benchmark...
1788083261.542970895 INFO /performance_monitor [performance_monitor.py:507(PerformanceMonitor.benchmark_application)] [topics: /performance/alert, /diagnostic_status, /rosout, /performance/command, /performance/metrics, /performance/benchmark, /performance/benchmark_results] Running application benchmark...
1788083262.058249235 INFO /performance_monitor [performance_monitor.py:113(PerformanceMonitor.start_monitoring)] [topics: /performance/alert, /diagnostic_status, /rosout, /performance/command, /performance/metrics, /performance/benchmark, /performance/benchmark_results] Performance monitoring started
1788083262.678886413 INFO /performance_monitor [performance_monitor.py:368(PerformanceMonitor.benchmark_fps)] [topics: /performance/alert, /diagnostic_status, /rosout, /performance/command, /performance/metrics, /performance/benchmark, /performance/benchmark_results] Running FPS benchmark...
1788083263.576738357 INFO /performance_monitor [performance_monitor.py:507(PerformanceMonitor.benchmark_application)] [topics: /performance/alert, /diagnostic_status, /rosout, /performance/command, /performance/metrics, /performance/benchmark, /performance/benchmark_results] Running application benchmark...
1788083263.631181478 INFO /performance_monitor [performance_monitor.py:401(PerformanceMonitor.benchmark_cpu)] [topics: /performance/alert, /diagnostic_status, /rosout, /performance/command, /performance/metrics, /performance/benchmark, /performance/benchmark_results] Running CPU benchmark...
1788083263.692819118 INFO /performance_monitor [performance_monitor.py:425(PerformanceMonitor.benchmark_memory)] [topics: /performance/alert, /diagnostic_status, /rosout, /performance/command, /performance/metrics, /performance/benchmark, /performance/benchmark_results] Running memory benchmark...
1788083264.093477964 INFO /performance_monitor [performance_monitor.py:401(PerformanceMonitor.benchmark_cpu)] [topics: /performance/alert, /diagnostic_status, /rosout, /performance/command, /performance/metrics, /performance/benchmark, /performance/benchmark_results] Running CPU benchmark...
1788083264.538460731 INFO /performance_monitor [performance_monitor.py:113(PerformanceMonitor.start_monitoring)] [topics: /performance/alert, /diagnostic_status, /rosout, /performance/command, /performance/metrics, /performance/benchmark, /performance/benchmark_results] Performance monitoring started
1788083264.680782318 INFO /performance_monitor [performance_monitor.py:368(PerformanceMonitor.benchmark_fps)] [topics: /performance/alert, /diagnostic_status, /rosout, /performance/command, /performance/metrics, /performance/benchmark, /performance/benchmark_results] Running FPS benchmark...
1788083264.765546560 INFO /performance_monitor [performance_monitor.py:507(PerformanceMonitor.benchmark_application)] [topics: /performance/alert, /diagnostic_status, /rosout, /performance/command, /performance/metrics, /performance/benchmark, /performance/benchmark_results] Running application benchmark...
1788083265.961738824 INFO /performance_monitor [performance_monitor.py:113(PerformanceMonitor.start_monitoring)] [topics: /performance/alert, /diagnostic_status, /rosout, /performance/command, /performance/metrics, /performance/benchmark, /performance/benchmark_results] Performance monitoring started
1788083266.393180847 INFO /performance_monitor [performance_monitor.py:368(PerformanceMonitor.benchmark_fps)] [topics: /performance/alert, /diagnostic_status, /rosout, /performance/command, /performance/metrics, /performance/benchmark, /performance/benchmark_results] Running FPS benchmark...
1788083266.707448244 INFO /performance_monitor [performance_monitor.py:401(PerformanceMonitor.benchmark_cpu)] [topics: /performance/alert, /diagnostic_status, /rosout, /performance/command, /performance/metrics, /performance/benchmark, /performance/benchmark_results] Running CPU benchmark...
1788083267.730800628 INFO /performance_monitor [performance_monitor.py:425(PerformanceMonitor.benchmark_memory)] [topics: /performance/alert, /diagnostic_status, /rosout, /performance/command, /performance/metrics, /performance/benchmark, /performance/benchmark_results] Running memory benchmark...
1788083268.036725759 INFO /performance_monitor [performance_monitor.py:113(PerformanceMonitor.start_monitoring)] [topics: /performance/alert, /diagnostic_status, /rosout, /performance/command, /performance/metrics, /performance/benchmark, /performance/benchmark_results] Performance monitoring started
1788083268.616953611 INFO /performance_monitor [performance_monitor.py:401(PerformanceMonitor.benchmark_cpu)] [topics: /performance/alert, /diagnostic_status, /rosout, /performance/command, /performance/metrics, /performance/benchmark, /performance/benchmark_results] Running CPU benchmark...
1788083268.963567972 INFO /performance_monitor [performance_monitor.py:425(PerformanceMonitor.benchmark_memory)] [topics: /performance/alert, /diagnostic_status, /rosout, /performance/command, /performance/metrics, /performance/benchmark, /performance/benchmark_results] Running memory benchmark...
1788083269.350046873 INFO /performance_monitor [performance_monitor.py:368(PerformanceMonitor.benchmark_fps)] [topics: /performance/alert, /diagnostic_status, /rosout, /performance/command, /performance/metrics, /performance/benchmark, /performance/benchmark_results] Running FPS benchmark...
1788083269.459584951 INFO /performance_monitor [performance_monitor.py:461(PerformanceMonitor.benchmark_network)] [topics: /performance/alert, /diagnostic_status, /rosout, /performance/command, /performance/metrics, /performance/benchmark, /performance/benchmark_results] Running network benchmark...
1788083269.502757072 INFO /performance_monitor [performance_monitor.py:113(PerformanceMonitor.start_monitoring)] [topics: /performance/alert, /diagnostic_status, /rosout, /performance/command, /performance/metrics, /performance/benchmark, /performance/benchmark_results] Performance monitoring started
1788083270.122899293 INFO /performance_monitor [performance_monitor.py:507(PerformanceMonitor.benchmark_application)] [topics: /performance/alert, /diagnostic_status, /rosout, /performance/command, /performance/metrics, /performance/benchmark, /performance/benchmark_results] Running application benchmark...
1788083270.631674528 INFO /performance_monitor [performance_monitor.py:368(PerformanceMonitor.benchmark_fps)] [topics: /performance/alert, /diagnostic_status, /rosout, /performance/command, /performance/metrics, /performance/benchmark, /performance/benchmark_results] Running FPS benchmark...
1788083270.880420207 INFO /performance_monitor [performance_monitor.py:507(PerformanceMonitor.benchmark_application)] [topics: /performance/alert, /diagnostic_status, /rosout, /performance/command, /performance/metrics, /performance/benchmark, /performance/benchmark_results] Running application benchmark...
1788083270.917855501 INFO /performance_monitor [performance_monitor.py:401(PerformanceMonitor.benchmark_cpu)] [topics: /performance/alert, /diagnostic_status, /rosout, /performance/command, /performance/metrics, /performance/benchmark, /performance/benchmark_results] Running CPU benchmark...
1788083271.463948011 INFO /performance_monitor [performance_monitor.py:461(PerformanceMonitor.benchmark_network)] [topics: /performance/alert, /diagnostic_status, /rosout, /performance/command, /performance/metrics, /performance/benchmark, /performance/benchmark_results] Running network benchmark...
1788083271.713681697 INFO /performance_monitor [performance_monitor.py:461(PerformanceMonitor.benchmark_network)] [topics: /performance/alert, /diagnostic_status, /rosout, /performance/command, /performance/metrics, /performance/benchmark, /performance/benchmark_results] Running network benchmark...
1788083271.991184473 INFO /performance_monitor [performance_monitor.py:113(PerformanceMonitor.start_monitoring)] [topics: /performance/alert, /diagnostic_status, /rosout, /performance/command, /performance/metrics, /performance/benchmark, /performance/benchmark_results] Performance monitoring started
1788083272.387611627 INFO /performance_monitor [performance_monitor.py:401(PerformanceMonitor.benchmark_cpu)] [topics: /performance/alert, /diagnostic_status, /rosout, /performance/command, /performance/metrics, /performance/benchmark, /performance/benchmark_results] Running CPU benchmark...
1788083272.761144161 INFO /performance_monitor [performance_monitor.py:425(PerformanceMonitor.benchmark_memory)] [topics: /performance/alert, /diagnostic_status, /rosout, /performance/command, /performance/metrics, /performance/benchmark, /performance/benchmark_results] Running memory benchmark...
1788083272.784582614 INFO /performance_monitor [performance_monitor.py:461(PerformanceMonitor.benchmark_network)] [topics: /performance/alert, /diagnostic_status, /rosout, /performance/command, /performance/metrics, /performance/benchmark, /performance/benchmark_results] Running network benchmark...
1788083272.935413837 INFO /performance_monitor [performance_monitor.py:368(PerformanceMonitor.benchmark_fps)] [topics: /performance/alert, /diagnostic_status, /rosout, /performance/command, /performance/metrics, /performance/benchmark, /performance/benchmark_results] Running FPS benchmark...
1788083273.146871805 INFO /performance_monitor [performance_monitor.py:507(PerformanceMonitor.benchmark_application)] [topics: /performance/alert, /diagnostic_status, /rosout, /performance/command, /performance/metrics, /performance/benchmark, /performance/benchmark_results] Running application benchmark...
1788083273.323766469 INFO /performance_monitor [performance_monitor.py:507(PerformanceMonitor.benchmark_application)] [topics: /performance/alert, /diagnostic_status, /rosout, /performance/command, /performance/metrics, /performance/benchmark, /performance/benchmark_results] Running application benchmark...
1788083274.442685604 INFO /performance_monitor [performance_monitor.py:368(PerformanceMonitor.benchmark_fps)] [topics: /performance/alert, /diagnostic_status, /rosout, /performance/command, /performance/metrics, /performance/benchmark, /performance/benchmark_results] Running FPS benchmark...
1788083274.565608501 INFO /performance_monitor [performance_monitor.py:113(PerformanceMonitor.start_monitoring)] [topics: /performance/alert, /diagnostic_status, /rosout, /performance/command, /performance/metrics, /performance/benchmark, /performance/benchmark_results] Performance monitoring started
1788083274.588475942 INFO /performance_monitor [performance_monitor.py:401(PerformanceMonitor.benchmark_cpu)] [topics: /performance/alert, /diagnostic_status, /rosout, /performance/command, /performance/metrics, /performance/benchmark, /performance/benchmark_results] Running CPU benchmark...
1788083275.092040777 INFO /performance_monitor [performance_monitor.py:507(PerformanceMonitor.benchmark_application)] [topics: /performance/alert, /diagnostic_status, /rosout, /performance/command, /performance/metrics, /performance/benchmark, /performance/benchmark_results] Running application benchmark...
1788083275.874697208 INFO /performance_monitor [performance_monitor.py:425(PerformanceMonitor.benchmark_memory)] [topics: /performance/alert, /diagnostic_status, /rosout, /performance/command, /performance/metrics, /performance/benchmark, /performance/benchmark_results] Running memory benchmark...
1788083276.381253957 INFO /performance_monitor [performance_monitor.py:113(PerformanceMonitor.start_monitoring)] [topics: /performance/alert, /diagnostic_status, /rosout, /performance/command, /performance/metrics, /performance/benchmark, /performance/benchmark_results] Performance monitoring started
1788083276.398723125 INFO /performance_monitor [performance_monitor.py:425(PerformanceMonitor.benchmark_memory)] [topics: /performance/alert, /diagnostic_status, /rosout, /performance/command, /performance/metrics, /performance/benchmark, /performance/benchmark_results] Running memory benchmark...
1788083276.789914608 INFO /performance_monitor [performance_monitor.py:368(PerformanceMonitor.benchmark_fps)] [topics: /performance/alert, /diagnostic_status, /rosout, /performance/command, /performance/metrics, /performance/benchmark, /performance/benchmark_results] Running FPS benchmark...
1788083277.487041950 INFO /performance_monitor [performance_monitor.py:401(PerformanceMonitor.benchmark_cpu)] [topics: /performance/alert, /diagnostic_status, /rosout, /performance/command, /performance/metrics, /performance/benchmark, /performance/benchmark_results] Running CPU benchmark...
1788083277.793227434 INFO /performance_monitor [performance_monitor.py:461(PerformanceMonitor.benchmark_network)] [topics: /performance/alert, /diagnostic_status, /rosout, /performance/command, /performance/metrics, /performance/benchmark, /performance/benchmark_results] Running network benchmark...
1788083278.164188146 INFO /performance_monitor [performance_monitor.py:425(PerformanceMonitor.benchmark_memory)] [topics: /performance/alert, /diagnostic_status, /rosout, /performance/command, /performance/metrics, /performance/benchmark, /performance/benchmark_results] Running memory benchmark...
1788083278.390405178 INFO /performance_monitor [performance_monitor.py:401(PerformanceMonitor.benchmark_cpu)] [topics: /performance/alert, /diagnostic_status, /rosout, /performance/command, /performance/metrics, /performance/benchmark, /performance/benchmark_results] Running CPU benchmark...
1788083278.816409349 INFO /performance_monitor [performance_monitor.py:368(PerformanceMonitor.benchmark_fps)] [topics: /performance/alert, /diagnostic_status, /rosout, /performance/command, /performance/metrics, /performance/benchmark, /performance/benchmark_results] Running FPS benchmark...
1788083279.072779417 INFO /performance_monitor [performance_monitor.py:113(PerformanceMonitor.start_monitoring)] [topics: /performance/alert, /diagnostic_status, /rosout, /performance/command, /performance/metrics, /performance/benchmark, /performance/benchmark_results] Performance monitoring started
1788083279.574103832 INFO /performance_monitor [performance_monitor.py:461(PerformanceMonitor.benchmark_network)] [topics: /performance/alert, /diagnostic_status, /rosout, /performance/command, /performance/metrics, /performance/benchmark, /performance/benchmark_results] Running network benchmark...
1788083279.609208345 INFO /performance_monitor [performance_monitor.py:461(PerformanceMonitor.benchmark_network)] [topics: /performance/alert, /diagnostic_status, /rosout, /performance/command, /performance/metrics, /performance/benchmark, /performance/benchmark_results] Running network benchmark...
1788083279.621257305 INFO /performance_monitor [performance_monitor.py:113(PerformanceMonitor.start_monitoring)] [topics: /performance/alert, /diagnostic_status, /rosout, /performance/command, /performance/metrics, /performance/benchmark, /performance/benchmark_results] Performance monitoring started
1788083279.812806606 INFO /performance_monitor [performance_monitor.py:401(PerformanceMonitor.benchmark_cpu)] [topics: /performance/alert, /diagnostic_status, /rosout, /performance/command, /performance/metrics, /performance/benchmark, /performance/benchmark_results] Running CPU benchmark...
1788083280.601599216 INFO /performance_monitor [performance_monitor.py:368(PerformanceMonitor.benchmark_fps)] [topics: /performance/alert, /diagnostic_status, /rosout, /performance/command, /performance/metrics, /performance/benchmark, /performance/benchmark_results] Running FPS benchmark...
1788083280.613775730 INFO /performance_monitor [performance_monitor.py:507(PerformanceMonitor.benchmark_application)] [topics: /performance/alert, /diagnostic_status, /rosout, /performance/command, /performance/metrics, /performance/benchmark, /performance/benchmark_results] Running application benchmark...
1788083281.087876558 INFO /performance_monitor [performance_monitor.py:425(PerformanceMonitor.benchmark_memory)] [topics: /performance/alert, /diagnostic_status, /rosout, /performance/command, /performance/metrics, /performance/benchmark, /performance/benchmark_results] Running memory benchmark...
1788083281.952907800 INFO /performance_monitor [performance_monitor.py:507(PerformanceMonitor.benchmark_application)] [topics: /performance/alert, /diagnostic_status, /rosout, /performance/command, /performance/metrics, /performance/benchmark, /performance/benchmark_results] Running application benchmark...
1788083282.254864931 INFO /performance_monitor [performance_monitor.py:425(PerformanceMonitor.benchmark_memory)] [topics: /performance/alert, /diagnostic_status, /rosout, /performance/command, /performance/metrics, /performance/benchmark, /performance/benchmark_results] Running memory benchmark...
1788083282.680890083 INFO /performance_monitor [performance_monitor.py:113(PerformanceMonitor.start_monitoring)] [topics: /performance/alert, /diagnostic_status, /rosout, /performance/command, /performance/metrics, /performance/benchmark, /performance/benchmark_results] Performance monitoring started
1788083283.227522850 INFO /performance_monitor [performance_monitor.py:401(PerformanceMonitor.benchmark_cpu)] [topics: /performance/alert, /diagnostic_status, /rosout, /performance/command, /performance/metrics, /performance/benchmark, /performance/benchmark_results] Running CPU benchmark...
1788083283.507667303 INFO /performance_monitor [performance_monitor.py:507(PerformanceMonitor.benchmark_application)] [topics: /performance/alert, /diagnostic_status, /rosout, /performance/command, /performance/metrics, /performance/benchmark, /performance/benchmark_results] Running application benchmark...
1788083283.525929450 INFO /performance_monitor [performance_monitor.py:425(PerformanceMonitor.benchmark_memory)] [topics: /performance/alert, /diagnostic_status, /rosout, /performance/command, /performance/metrics, /performance/benchmark, /performance/benchmark_results] Running memory benchmark...
1788083283.802725315 INFO /performance_monitor [performance_monitor.py:368(PerformanceMonitor.benchmark_fps)] [topics: /performance/alert, /diagnostic_status, /rosout, /performance/command, /performance/metrics, /performance/benchmark, /performance/benchmark_results] Running FPS benchmark...
1788083283.949868440 INFO /performance_monitor [performance_monitor.py:113(PerformanceMonitor.start_monitoring)] [topics: /performance/alert, /diagnostic_status, /rosout, /performance/command, /performance/metrics, /performance/benchmark, /performance/benchmark_results] Performance monitoring started
1788083284.548012495 INFO /performance_monitor [performance_monitor.py:507(PerformanceMonitor.benchmark_application)] [topics: /performance/alert, /diagnostic_status, /rosout, /performance/command, /performance/metrics, /performance/benchmark, /performance/benchmark_results] Running application benchmark...
1788083284.705010890 INFO /performance_monitor [performance_monitor.py:401(PerformanceMonitor.benchmark_cpu)] [topics: /performance/alert, /diagnostic_status, /rosout, /performance/command, /performance/metrics, /performance/benchmark, /performance/benchmark_results] Running CPU benchmark...
1788083284.739184617 INFO /performance_monitor [performance_monitor.py:425(PerformanceMonitor.benchmark_memory)] [topics: /performance/alert, /diagnostic_status, /rosout, /performance/command, /performance/metrics, /performance/benchmark, /performance/benchmark_results] Running memory benchmark...
1788083285.194622516 INFO /performance_monitor [performance_monitor.py:425(PerformanceMonitor.benchmark_memory)] [topics: /performance/alert, /diagnostic_status, /rosout, /performance/command, /performance/metrics, /performance/benchmark, /performance/benchmark_results] Running memory benchmark...
1788083285.259532690 INFO /performance_monitor [performance_monitor.py:368(PerformanceMonitor.benchmark_fps)] [topics: /performance/alert, /diagnostic_status, /rosout, /performance/command, /performance/metrics, /performance/benchmark, /performance/benchmark_results] Running FPS benchmark...
1788083285.415206670 INFO /performance_monitor [performance_monitor.py:425(PerformanceMonitor.benchmark_memory)] [topics: /performance/alert, /diagnostic_status, /rosout, /performance/command, /performance/metrics, /performance/benchmark, /performance/benchmark_results] Running memory benchmark...
1788083286.047160625 INFO /performance_monitor [performance_monitor.py:113(PerformanceMonitor.start_monitoring)] [topics: /performance/alert, /diagnostic_status, /rosout, /performance/command, /performance/metrics, /performance/benchmark, /performance/benchmark_results] Performance monitoring started
1788083286.306300878 INFO /performance_monitor [performance_monitor.py:401(PerformanceMonitor.benchmark_cpu)] [topics: /performance/alert, /diagnostic_status, /rosout, /performance/command, /performance/metrics, /performance/benchmark, /performance/benchmark_results] Running CPU benchmark...
1788083286.663859605 INFO /performance_monitor [performance_monitor.py:425(PerformanceMonitor.benchmark_memory)] [topics: /performance/alert, /diagnostic_status, /rosout, /performance/command, /performance/metrics, /performance/benchmark, /performance/benchmark_results] Running memory benchmark...
1788083287.011680603 INFO /performance_monitor [performance_monitor.py:461(PerformanceMonitor.benchmark_network)] [topics: /performance/alert, /diagnostic_status, /rosout, /performance/command, /performance/metrics, /performance/benchmark, /performance/benchmark_results] Running network benchmark...
1788083287.091892480 INFO /performance_monitor [performance_monitor.py:461(PerformanceMonitor.benchmark_network)] [topics: /performance/alert, /diagnostic_status, /rosout, /performance/command, /performance/metrics, /performance/benchmark, /performance/benchmark_results] Running network benchmark...
1788083287.394588470 INFO /performance_monitor [performance_monitor.py:368(PerformanceMonitor.benchmark_fps)] [topics: /performance/alert, /diagnostic_status, /rosout, /performance/command, /performance/metrics, /performance/benchmark, /performance/benchmark_results] Running FPS benchmark...
1788083288.058747529 INFO /performance_monitor [performance_monitor.py:461(PerformanceMonitor.benchmark_network)] [topics: /performance/alert, /diagnostic_status, /rosout, /performance/command, /performance/metrics, /performance/benchmark, /performance/benchmark_results] Running network benchmark...
1788083288.241535425 INFO /performance_monitor [performance_monitor.py:113(PerformanceMonitor.start_monitoring)] [topics: /performance/alert, /diagnostic_status, /rosout, /performance/command, /performance/metrics, /performance/benchmark, /performance/benchmark_results] Performance monitoring started
1788083288.917188405 INFO /performance_monitor [performance_monitor.py:425(PerformanceMonitor.benchmark_memory)] [topics: /performance/alert, /diagnostic_status, /rosout, /performance/command, /performance/metrics, /performance/benchmark, /performance/benchmark_results] Running memory benchmark...
1788083289.220170974 INFO /performance_monitor [performance_monitor.py:507(PerformanceMonitor.benchmark_application)] [topics: /performance/alert, /diagnostic_status, /rosout, /performance/command, /performance/metrics, /performance/benchmark, /performance/benchmark_results] Running application benchmark...
1788083289.646229982 INFO /performance_monitor [performance_monitor.py:368(PerformanceMonitor.benchmark_fps)] [topics: /performance/alert, /diagnostic_status, /rosout, /performance/command, /performance/metrics, /performance/benchmark, /performance/benchmark_results] Running FPS benchmark...
1788083290.093385457 INFO /performance_monitor [performance_monitor.py:401(PerformanceMonitor.benchmark_cpu)] [topics: /performance/alert, /diagnostic_status, /rosout, /performance/command, /performance/metrics, /performance/benchmark, /performance/benchmark_results] Running CPU benchmark...
1788083291.096298933 INFO /performance_monitor [performance_monitor.py:113(PerformanceMonitor.start_monitoring)] [topics: /performance/alert, /diagnostic_status, /rosout, /performance/command, /performance/metrics, /performance/benchmark, /performance/benchmark_results] Performance monitoring started
1788083291.765340328 INFO /performance_monitor [performance_monitor.py:368(PerformanceMonitor.benchmark_fps)] [topics: /performance/alert, /diagnostic_status, /rosout, /performance/command, /performance/metrics, /performance/benchmark, /performance/benchmark_results] Running FPS benchmark...
1788083292.931724548 INFO /performance_monitor [performance_monitor.py:113(PerformanceMonitor.start_monitoring)] [topics: /performance/alert, /diagnostic_status, /rosout, /performance/command, /performance/metrics, /performance/benchmark, /performance/benchmark_results] Performance monitoring started
1788083293.616724491 INFO /performance_monitor [performance_monitor.py:368(PerformanceMonitor.benchmark_fps)] [topics: /performance/alert, /diagnostic_status, /rosout, /performance/command, /performance/metrics, /performance/benchmark, /performance/benchmark_results] Running FPS benchmark...
1788083294.015446186 INFO /performance_monitor [performance_monitor.py:401(PerformanceMonitor.benchmark_cpu)] [topics: /performance/alert, /diagnostic_status, /rosout, /performance/command, /performance/metrics, /performance/benchmark, /performance/benchmark_results] Running CPU benchmark...
1788083294.199156045 INFO /performance_monitor [performance_monitor.py:507(PerformanceMonitor.benchmark_application)] [topics: /performance/alert, /diagnostic_status, /rosout, /performance/command, /performance/metrics, /performance/benchmark, /performance/benchmark_results] Running application benchmark...
1788083294.944190979 INFO /performance_monitor [performance_monitor.py:401(PerformanceMonitor.benchmark_cpu)] [topics: /performance/alert, /diagnostic_status, /rosout, /performance/command, /performance/metrics, /performance/benchmark, /performance/benchmark_results] Running CPU benchmark...
1788083295.006580591 INFO /performance_monitor [performance_monitor.py:461(PerformanceMonitor.benchmark_network)] [topics: /performance/alert, /diagnostic_status, /rosout, /performance/command, /performance/metrics, /performance/benchmark, /performance/benchmark_results] Running network benchmark...
1788083295.280714273 INFO /performance_monitor [performance_monitor.py:461(PerformanceMonitor.benchmark_network)] [topics: /performance/alert, /diagnostic_status, /rosout, /performance/command, /performance/metrics, /performance/benchmark, /performance/benchmark_results] Running network benchmark...
1788083296.154102325 INFO /performance_monitor [performance_monitor.py:113(PerformanceMonitor.start_monitoring)] [topics: /performance/alert, /diagnostic_status, /rosout, /performance/command, /performance/metrics, /performance/benchmark, /performance/benchmark_results] Performance monitoring started
1788083296.390093088 INFO /performance_monitor [performance_monitor.py:425(PerformanceMonitor.benchmark_memory)] [topics: /performance/alert, /diagnostic_status, /rosout, /performance/command, /performance/metrics, /performance/benchmark, /performance/benchmark_results] Running memory benchmark...
1788083296.556080579 INFO /performance_monitor [performance_monitor.py:368(PerformanceMonitor.benchmark_fps)] [topics: /performance/alert, /diagnostic_status, /rosout, /performance/command, /performance/metrics, /performance/benchmark, /performance/benchmark_results] Running FPS benchmark...
1788083296.632953643 INFO /performance_monitor [performance_monitor.py:401(PerformanceMonitor.benchmark_cpu)] [topics: /performance/alert, /diagnostic_status, /rosout, /performance/command, /performance/metrics, /performance/benchmark, /performance/benchmark_results] Running CPU benchmark...
1788083296.788116455 INFO /performance_monitor [performance_monitor.py:461(PerformanceMonitor.benchmark_network)] [topics: /performance/alert, /diagnostic_status, /rosout, /performance/command, /performance/metrics, /performance/benchmark, /performance/benchmark_results] Running network benchmark...
1788083296.961174249 INFO /performance_monitor [performance_monitor.py:113(PerformanceMonitor.start_monitoring)] [topics: /performance/alert, /diagnostic_status, /rosout, /performance/command, /performance/metrics, /performance/benchmark, /performance/benchmark_results] Performance monitoring started
1788083297.056723356 INFO /performance_monitor [performance_monitor.py:425(PerformanceMonitor.benchmark_memory)] [topics: /performance/alert, /diagnostic_status, /rosout, /performance/command, /performance/metrics, /performance/benchmark, /performance/benchmark_results] Running memory benchmark...
1788083297.523973464 INFO /performance_monitor [performance_monitor.py:368(PerformanceMonitor.benchmark_fps)] [topics: /performance/alert, /diagnostic_status, /rosout, /performance/command, /performance/metrics, /performance/benchmark, /performance/benchmark_results] Running FPS benchmark...
1788083297.770507335 INFO /performance_monitor [performance_monitor.py:507(PerformanceMonitor.benchmark_application)] [topics: /performance/alert, /diagnostic_status, /rosout, /performance/command, /performance/metrics, /performance/benchmark, /performance/benchmark_results] Running application benchmark...
1788083297.878917694 INFO /performance_monitor [performance_monitor.py:401(PerformanceMonitor.benchmark_cpu)] [topics: /performance/alert, /diagnostic_status, /rosout, /performance/command, /performance/metrics, /performance/benchmark, /performance/benchmark_results] Running CPU benchmark...
1788083298.301974773 INFO /performance_monitor [performance_monitor.py:461(PerformanceMonitor.benchmark_network)] [topics: /performance/alert, /diagnostic_status, /rosout, /performance/command, /performance/metrics, /performance/benchmark, /performance/benchmark_results] Running network benchmark...
1788083298.536271572 INFO /performance_monitor [performance_monitor.py:113(PerformanceMonitor.start_monitoring)] [topics: /performance/alert, /diagnostic_status, /rosout, /performance/command, /performance/metrics, /performance/benchmark, /performance/benchmark_results] Performance monitoring started
1788083298.571581363 INFO /performance_monitor [performance_monitor.py:461(PerformanceMonitor.benchmark_network)] [topics: /performance/alert, /diagnostic_status, /rosout, /performance/command, /performance/metrics, /performance/benchmark, /performance/benchmark_results] Running network benchmark...
1788083298.674245595 INFO /performance_monitor [performance_monitor.py:425(PerformanceMonitor.benchmark_memory)] [topics: /performance/alert, /diagnostic_status, /rosout, /performance/command, /performance/metrics, /performance/benchmark, /performance/benchmark_results] Running memory benchmark...
1788083299.082537651 INFO /performance_monitor [performance_monitor.py:368(PerformanceMonitor.benchmark_fps)] [topics: /performance/alert, /diagnostic_status, /rosout, /performance/command, /performance/metrics, /performance/benchmark, /performance/benchmark_results] Running FPS benchmark...
1788083299.105378389 INFO /performance_monitor [performance_monitor.py:507(PerformanceMonitor.benchmark_application)] [topics: /performance/alert, /diagnostic_status, /rosout, /performance/command, /performance/metrics, /performance/benchmark, /performance/benchmark_results] Running application benchmark...
1788083299.477292060 INFO /performance_monitor [performance_monitor.py:461(PerformanceMonitor.benchmark_network)] [topics: /performance/alert, /diagnostic_status, /rosout, /performance/command, /performance/metrics, /performance/benchmark, /performance/benchmark_results] Running network benchmark...
1788083299.545568704 INFO /performance_monitor [performance_monitor.py:401(PerformanceMonitor.benchmark_cpu)] [topics: /performance/alert, /diagnostic_status, /rosout, /performance/command, /performance/metrics, /performance/benchmark, /performance/benchmark_results] Running CPU benchmark...
1788083299.776567459 INFO /performance_monitor [performance_monitor.py:425(PerformanceMonitor.benchmark_memory)] [topics: /performance/alert, /diagnostic_status, /rosout, /performance/command, /performance/metrics, /performance/benchmark, /performance/benchmark_results] Running memory benchmark...
1788083300.652580976 INFO /performance_monitor [performance_monitor.py:113(PerformanceMonitor.start_monitoring)] [topics: /performance/alert, /diagnostic_status, /rosout, /performance/command, /performance/metrics, /performance/benchmark, /performance/benchmark_results] Performance monitoring started
1788083300.802011251 INFO /performance_monitor [performance_monitor.py:461(PerformanceMonitor.benchmark_network)] [topics: /performance/alert, /diagnostic_status, /rosout, /performance/command, /performance/metrics, /performance/benchmark, /performance/benchmark_results] Running network benchmark...
1788083301.534850358 INFO /performance_monitor [performance_monitor.py:368(PerformanceMonitor.benchmark_fps)] [topics: /performance/alert, /diagnostic_status, /rosout, /performance/command, /performance/metrics, /performance/benchmark, /performance/benchmark_results] Running FPS benchmark...
1788083301.671051740 INFO /performance_monitor [performance_monitor.py:461(PerformanceMonitor.benchmark_network)] [topics: /performance/alert, /diagnostic_status, /rosout, /performance/command, /performance/metrics, /performance/benchmark, /performance/benchmark_results] Running network benchmark...
1788083301.868178844 INFO /performance_monitor [performance_monitor.py:113(PerformanceMonitor.start_monitoring)] [topics: /performance/alert, /diagnostic_status, /rosout, /performance/command, /performance/metrics, /performance/benchmark, /performance/benchmark_results] Performance monitoring started
1788083302.899149417 INFO /performance_monitor [performance_monitor.py:401(PerformanceMonitor.benchmark_cpu)] [topics: /performance/alert, /diagnostic_status, /rosout, /performance/command, /performance/metrics, /performance/benchmark, /performance/benchmark_results] Running CPU benchmark...
1788083303.201952219 INFO /performance_monitor [performance_monitor.py:425(PerformanceMonitor.benchmark_memory)] [topics: /performance/alert, /diagnostic_status, /rosout, /performance/command, /performance/metrics, /performance/benchmark, /performance/benchmark_results] Running memory benchmark...
1788083303.298755407 INFO /performance_monitor [performance_monitor.py:368(PerformanceMonitor.benchmark_fps)] [topics: /performance/alert, /diagnostic_status, /rosout, /performance/command, /performance/metrics, /performance/benchmark, /performance/benchmark_results] Running FPS benchmark...
1788083303.572974920 INFO /performance_monitor [performance_monitor.py:401(PerformanceMonitor.benchmark_cpu)] [topics: /performance/alert, /diagnostic_status, /rosout, /performance/command, /performance/metrics, /performance/benchmark, /performance/benchmark_results] Running CPU benchmark...
1788083303.776123046 INFO /performance_monitor [performance_monitor.py:113(PerformanceMonitor.start_monitoring)] [topics: /performance/alert, /diagnostic_status, /rosout, /performance/command, /performance/metrics, /performance/benchmark, /performance/benchmark_results] Performance monitoring started
1788083304.520080327 INFO /performance_monitor [performance_monitor.py:507(PerformanceMonitor.benchmark_application)] [topics: /performance/alert, /diagnostic_status, /rosout, /performance/command, /performance/metrics, /performance/benchmark, /performance/benchmark_results] Running application benchmark...
1788083304.837924242 INFO /performance_monitor [performance_monitor.py:401(PerformanceMonitor.benchmark_cpu)] [topics: /performance/alert, /diagnostic_status, /rosout, /performance/command, /performance/metrics, /performance/benchmark, /performance/benchmark_results] Running CPU benchmark...
1788083304.952513694 INFO /performance_monitor [performance_monitor.py:368(PerformanceMonitor.benchmark_fps)] [topics: /performance/alert, /diagnostic_status, /rosout, /performance/command, /performance/metrics, /performance/benchmark, /performance/benchmark_results] Running FPS benchmark...
1788083305.095906019 INFO /performance_monitor [performance_monitor.py:425(PerformanceMonitor.benchmark_memory)] [topics: /performance/alert, /diagnostic_status, /rosout, /performance/command, /performance/metrics, /performance/benchmark, /performance/benchmark_results] Running memory benchmark...
1788083306.370411872 INFO /performance_monitor [performance_monitor.py:113(PerformanceMonitor.start_monitoring)] [topics: /performance/alert, /diagnostic_status, /rosout, /performance/command, /performance/metrics, /performance/benchmark, /performance/benchmark_results] Performance monitoring started
1788083306.554700136 INFO /performance_monitor [performance_monitor.py:461(PerformanceMonitor.benchmark_network)] [topics: /performance/alert, /diagnostic_status, /rosout, /performance/command, /performance/metrics, /performance/benchmark, /performance/benchmark_results] Running network benchmark...
1788083306.796430110 INFO /performance_monitor [performance_monitor.py:368(PerformanceMonitor.benchmark_fps)] [topics: /performance/alert, /diagnostic_status, /rosout, /performance/command, /performance/metrics, /performance/benchmark, /performance/benchmark_results] Running FPS benchmark...
1788083307.486585617 INFO /performance_monitor [performance_monitor.py:401(PerformanceMonitor.benchmark_cpu)] [topics: /performance/alert, /diagnostic_status, /rosout, /performance/command, /performance/metrics, /performance/benchmark, /performance/benchmark_results] Running CPU benchmark...
1788083307.616666555 INFO /performance_monitor [performance_monitor.py:461(PerformanceMonitor.benchmark_network)] [topics: /performance/alert, /diagnostic_status, /rosout, /performance/command, /performance/metrics, /performance/benchmark, /performance/benchmark_results] Running network benchmark...
1788083307.893017292 INFO /performance_monitor [performance_monitor.py:425(PerformanceMonitor.benchmark_memory)] [topics: /performance/alert, /diagnostic_status, /rosout, /performance/command, /performance/metrics, /performance/benchmark, /performance/benchmark_results] Running memory benchmark...
1788083308.203605651 INFO /performance_monitor [performance_monitor.py:113(PerformanceMonitor.start_monitoring)] [topics: /performance/alert, /diagnostic_status, /rosout, /performance/command, /performance/metrics, /performance/benchmark, /performance/benchmark_results] Performance monitoring started
1788083308.756842851 INFO /performance_monitor [performance_monitor.py:461(PerformanceMonitor.benchmark_network)] [topics: /performance/alert, /diagnostic_status, /rosout, /performance/command, /performance/metrics, /performance/benchmark, /performance/benchmark_results] Running network benchmark...
1788083308.942553758 INFO /performance_monitor [performance_monitor.py:401(PerformanceMonitor.benchmark_cpu)] [topics: /performance/alert, /diagnostic_status, /rosout, /performance/command, /performance/metrics, /performance/benchmark, /performance/benchmark_results] Running CPU benchmark...
1788083310.441876411 INFO /performance_monitor [performance_monitor.py:507(PerformanceMonitor.benchmark_application)] [topics: /performance/alert, /diagnostic_status, /rosout, /performance/command, /performance/metrics, /performance/benchmark, /performance/benchmark_results] Running application benchmark...
1788083310.683892011 INFO /performance_monitor [performance_monitor.py:368(PerformanceMonitor.benchmark_fps)] [topics: /performance/alert, /diagnostic_status, /rosout, /performance/command, /performance/metrics, /performance/benchmark, /performance/benchmark_results] Running FPS benchmark...
1788083310.977392673 INFO /performance_monitor [performance_monitor.py:507(PerformanceMonitor.benchmark_application)] [topics: /performance/alert, /diagnostic_status, /rosout, /performance/command, /performance/metrics, /performance/benchmark, /performance/benchmark_results] Running application benchmark...
1788083311.321350574 INFO /performance_monitor [performance_monitor.py:113(PerformanceMonitor.start_monitoring)] [topics: /performance/alert, /diagnostic_status, /rosout, /performance/command, /performance/metrics, /performance/benchmark, /performance/benchmark_results] Performance monitoring started
1788083311.430979728 INFO /performance_monitor [performance_monitor.py:401(PerformanceMonitor.benchmark_cpu)] [topics: /performance/alert, /diagnostic_status, /rosout, /performance/command, /performance/metrics, /performance/benchmark, /performance/benchmark_results] Running CPU benchmark...
1788083311.684357166 INFO /performance_monitor [performance_monitor.py:368(PerformanceMonitor.benchmark_fps)] [topics: /performance/alert, /diagnostic_status, /rosout, /performance/command, /performance/metrics, /performance/benchmark, /performance/benchmark_results] Running FPS benchmark...
1788083311.867817401 INFO /performance_monitor [performance_monitor.py:461(PerformanceMonitor.benchmark_network)] [topics: /performance/alert, /diagnostic_status, /rosout, /performance/command, /performance/metrics, /performance/benchmark, /performance/benchmark_results] Running network benchmark...
1788083311.961554765 INFO /performance_monitor [performance_monitor.py:401(PerformanceMonitor.benchmark_cpu)] [topics: /performance/alert, /diagnostic_status, /rosout, /performance/command, /performance/metrics, /performance/benchmark, /performance/benchmark_results] Running CPU benchmark...
1788083312.038553953 INFO /performance_monitor [performance_monitor.py:113(PerformanceMonitor.start_monitoring)] [topics: /performance/alert, /diagnostic_status, /rosout, /performance/command, /performance/metrics, /performance/benchmark, /performance/benchmark_results] Performance monitoring started
1788083313.663963079 INFO /performance_monitor [performance_monitor.py:425(PerformanceMonitor.benchmark_memory)] [topics: /performance/alert, /diagnostic_status, /rosout, /performance/command, /performance/metrics, /performance/benchmark, /performance/benchmark_results] Running memory benchmark...
1788083314.637219667 INFO /performance_monitor [performance_monitor.py:507(PerformanceMonitor.benchmark_application)] [topics: /performance/alert, /diagnostic_status, /rosout, /performance/command, /performance/metrics, /performance/benchmark, /performance/benchmark_results] Running application benchmark...
1788083315.110988616 INFO /performance_monitor [performance_monitor.py:368(PerformanceMonitor.benchmark_fps)] [topics: /performance/alert, /diagnostic_status, /rosout, /performance/command, /performance/metrics, /performance/benchmark, /performance/benchmark_results] Running FPS benchmark...
1788083315.192437171 INFO /performance_monitor [performance_monitor.py:425(PerformanceMonitor.benchmark_memory)] [topics: /performance/alert, /diagnostic_status, /rosout, /performance/command, /performance/metrics, /performance/benchmark, /performance/benchmark_results] Running memory benchmark...
1788083315.283625125 INFO /performance_monitor [performance_monitor.py:425(PerformanceMonitor.benchmark_memory)] [topics: /performance/alert, /diagnostic_status, /rosout, /performance/command, /performance/metrics, /performance/benchmark, /performance/benchmark_results] Running memory benchmark...
1788083315.338471174 INFO /performance_monitor [performance_monitor.py:507(PerformanceMonitor.benchmark_application)] [topics: /performance/alert, /diagnostic_status, /rosout, /performance/command, /performance/metrics, /performance/benchmark, /performance/benchmark_results] Running application benchmark...
1788083315.387537479 INFO /performance_monitor [performance_monitor.py:461(PerformanceMonitor.benchmark_network)] [topics: /performance/alert, /diagnostic_status, /rosout, /performance/command, /performance/metrics, /performance/benchmark, /performance/benchmark_results] Running network benchmark...
1788083315.417599916 INFO /performance_monitor [performance_monitor.py:113(PerformanceMonitor.start_monitoring)] [topics: /performance/alert, /diagnostic_status, /rosout, /performance/command, /performance/metrics, /performance/benchmark, /performance/benchmark_results] Performance monitoring started
1788083315.518851995 INFO /performance_monitor [performance_monitor.py:368(PerformanceMonitor.benchmark_fps)] [topics: /performance/alert, /diagnostic_status, /rosout, /performance/command, /performance/metrics, /performance/benchmark, /performance/benchmark_results] Running FPS benchmark...
1788083315.546606302 INFO /performance_monitor [performance_monitor.py:425(PerformanceMonitor.benchmark_memory)] [topics: /performance/alert, /diagnostic_status, /rosout, /performance/command, /performance/metrics, /performance/benchmark, /performance/benchmark_results] Running memory benchmark...
1788083315.775490522 INFO /performance_monitor [performance_monitor.py:507(PerformanceMonitor.benchmark_application)] [topics: /performance/alert, /diagnostic_status, /rosout, /performance/command, /performance/metrics, /performance/benchmark, /performance/benchmark_results] Running application benchmark...
1788083316.125586271 INFO /performance_monitor [performance_monitor.py:401(PerformanceMonitor.benchmark_cpu)] [topics: /performance/alert, /diagnostic_status, /rosout, /performance/command, /performance/metrics, /performance/benchmark, /performance/benchmark_results] Running CPU benchmark...
1788083316.450529813 INFO /performance_monitor [performance_monitor.py:113(PerformanceMonitor.start_monitoring)] [topics: /performance/alert, /diagnostic_status, /rosout, /performance/command, /performance/metrics, /performance/benchmark, /performance/benchmark_results] Performance monitoring started
1788083317.747202634 INFO /performance_monitor [performance_monitor.py:368(PerformanceMonitor.benchmark_fps)] [topics: /performance/alert, /diagnostic_status, /rosout, /performance/command, /performance/metrics, /performance/benchmark, /performance/benchmark_results] Running FPS benchmark...
1788083318.363886356 INFO /performance_monitor [performance_monitor.py:401(PerformanceMonitor.benchmark_cpu)] [topics: /performance/alert, /diagnostic_status, /rosout, /performance/command, /performance/metrics, /performance/benchmark, /performance/benchmark_results] Running CPU benchmark...
1788083318.854606628 INFO /performance_monitor [performance_monitor.py:368(PerformanceMonitor.benchmark_fps)] [topics: /performance/alert, /diagnostic_status, /rosout, /performance/command, /performance/metrics, /performance/benchmark, /performance/benchmark_results] Running FPS benchmark...
1788083319.698959350 INFO /performance_monitor [performance_monitor.py:507(PerformanceMonitor.benchmark_application)] [topics: /performance/alert, /diagnostic_status, /rosout, /performance/command, /performance/metrics, /performance/benchmark, /performance/benchmark_results] Running application benchmark...
1788083319.886553764 INFO /performance_monitor [performance_monitor.py:507(PerformanceMonitor.benchmark_application)] [topics: /performance/alert, /diagnostic_status, /rosout, /performance/command, /performance/metrics, /performance/benchmark, /performance/benchmark_results] Running application benchmark...
1788083320.064258337 INFO /performance_monitor [performance_monitor.py:461(PerformanceMonitor.benchmark_network)] [topics: /performance/alert, /diagnostic_status, /rosout, /performance/command, /performance/metrics, /performance/benchmark, /performance/benchmark_results] Running network benchmark...
1788083320.112850427 INFO /performance_monitor [performance_monitor.py:461(PerformanceMonitor.benchmark_network)] [topics: /performance/alert, /diagnostic_status, /rosout, /performance/command, /performance/metrics, /performance/benchmark, /performance/benchmark_results] Running network benchmark...
1788083320.400810241 INFO /performance_monitor [performance_monitor.py:113(PerformanceMonitor.start_monitoring)] [topics: /performance/alert, /diagnostic_status, /rosout, /performance/command, /performance/metrics, /performance/benchmark, /performance/benchmark_results] Performance monitoring started
1788083320.689882993 INFO /performance_monitor [performance_monitor.py:425(PerformanceMonitor.benchmark_memory)] [topics: /performance/alert, /diagnostic_status, /rosout, /performance/command, /performance/metrics, /performance/benchmark, /performance/benchmark_results] Running memory benchmark...
1788083320.777194023 INFO /performance_monitor [performance_monitor.py:401(PerformanceMonitor.benchmark_cpu)] [topics: /performance/alert, /diagnostic_status, /rosout, /performance/command, /performance/metrics, /performance/benchmark, /performance/benchmark_results] Running CPU benchmark...
1788083320.911148309 INFO /performance_monitor [performance_monitor.py:507(PerformanceMonitor.benchmark_application)] [topics: /performance/alert, /diagnostic_status, /rosout, /performance/command, /performance/metrics, /performance/benchmark, /performance/benchmark_results] Running application benchmark...
1788083321.571907520 INFO /performance_monitor [performance_monitor.py:368(PerformanceMonitor.benchmark_fps)] [topics: /performance/alert, /diagnostic_status, /rosout, /performance/command, /performance/metrics, /performance/benchmark, /performance/benchmark_results] Running FPS benchmark...
1788083321.792190313 INFO /performance_monitor [performance_monitor.py:425(PerformanceMonitor.benchmark_memory)] [topics: /performance/alert, /diagnostic_status, /rosout, /performance/command, /performance/metrics, /performance/benchmark, /performance/benchmark_results] Running memory benchmark...
1788083321.920028448 INFO /performance_monitor [performance_monitor.py:113(PerformanceMonitor.start_monitoring)] [topics: /performance/alert, /diagnostic_status, /rosout, /performance/command, /performance/metrics, /performance/benchmark, /performance/benchmark_results] Performance monitoring started
1788083322.465220212 INFO /performance_monitor [performance_monitor.py:401(PerformanceMonitor.benchmark_cpu)] [topics: /performance/alert, /diagnostic_status, /rosout, /performance/command, /performance/metrics, /performance/benchmark, /performance/benchmark_results] Running CPU benchmark...
1788083323.485488176 INFO /performance_monitor [performance_monitor.py:461(PerformanceMonitor.benchmark_network)] [topics: /performance/alert, /diagnostic_status, /rosout, /performance/command, /performance/metrics, /performance/benchmark, /performance/benchmark_results] Running network benchmark...
1788083324.019854307 INFO /performance_monitor [performance_monitor.py:368(PerformanceMonitor.benchmark_fps)] [topics: /performance/alert, /diagnostic_status, /rosout, /performance/command, /performance/metrics, /performance/benchmark, /performance/benchmark_results] Running FPS benchmark...
1788083324.623715162 INFO /performance_monitor [performance_monitor.py:401(PerformanceMonitor.benchmark_cpu)] [topics: /performance/alert, /diagnostic_status, /rosout, /performance/command, /performance/metrics, /performance/benchmark, /performance/benchmark_results] Running CPU benchmark...
1788083324.874772071 INFO /performance_monitor [performance_monitor.py:401(PerformanceMonitor.benchmark_cpu)] [topics: /performance/alert, /diagnostic_status, /rosout, /performance/command, /performance/metrics, /performance/benchmark, /performance/benchmark_results] Running CPU benchmark...
1788083325.600694417 INFO /performance_monitor [performance_monitor.py:113(PerformanceMonitor.start_monitoring)] [topics: /performance/alert, /diagnostic_status, /rosout, /performance/command, /performance/metrics, /performance/benchmark, /performance/benchmark_results] Performance monitoring started
1788083326.118160963 INFO /performance_monitor [performance_monitor.py:461(PerformanceMonitor.benchmark_network)] [topics: /performance/alert, /diagnostic_status, /rosout, /performance/command, /performance/metrics, /performance/benchmark, /performance/benchmark_results] Running network benchmark...
1788083326.346704721 INFO /performance_monitor [performance_monitor.py:425(PerformanceMonitor.benchmark_memory)] [topics: /performance/alert, /diagnostic_status, /rosout, /performance/command, /performance/metrics, /performance/benchmark, /performance/benchmark_results] Running memory benchmark...
1788083326.439965009 INFO /performance_monitor [performance_monitor.py:113(PerformanceMonitor.start_monitoring)] [topics: /performance/alert, /diagnostic_status, /rosout, /performance/command, /performance/metrics, /performance/benchmark, /performance/benchmark_results] Performance monitoring started
1788083328.211265802 INFO /performance_monitor [performance_monitor.py:368(PerformanceMonitor.benchmark_fps)] [topics: /performance/alert, /diagnostic_status, /rosout, /performance/command, /performance/metrics, /performance/benchmark, /performance/benchmark_results] Running FPS benchmark...
1788083328.541541576 INFO /performance_monitor [performance_monitor.py:461(PerformanceMonitor.benchmark_network)] [topics: /performance/alert, /diagnostic_status, /rosout, /performance/command, /performance/metrics, /performance/benchmark, /performance/benchmark_results] Running network benchmark...
1788083328.836266517 INFO /performance_monitor [performance_monitor.py:425(PerformanceMonitor.benchmark_memory)] [topics: /performance/alert, /diagnostic_status, /rosout, /performance/command, /performance/metrics, /performance/benchmark, /performance/benchmark_results] Running memory benchmark...
1788083329.031380414 INFO /performance_monitor [performance_monitor.py:113(PerformanceMonitor.start_monitoring)] [topics: /performance/alert, /diagnostic_status, /rosout, /performance/command, /performance/metrics, /performance/benchmark, /performance/benchmark_results] Performance monitoring started
1788083329.454303741 INFO /performance_monitor [performance_monitor.py:401(PerformanceMonitor.benchmark_cpu)] [topics: /performance/alert, /diagnostic_status, /rosout, /performance/command, /performance/metrics, /performance/benchmark, /performance/benchmark_results] Running CPU benchmark...
1788083330.097367048 INFO /performance_monitor [performance_monitor.py:368(PerformanceMonitor.benchmark_fps)] [topics: /performance/alert, /diagnostic_status, /rosout, /performance/command, /performance/metrics, /performance/benchmark, /performance/benchmark_results] Running FPS benchmark...
1788083330.259493827 INFO /performance_monitor [performance_monitor.py:425(PerformanceMonitor.benchmark_memory)] [topics: /performance/alert, /diagnostic_status, /rosout, /performance/command, /performance/metrics, /performance/benchmark, /performance/benchmark_results] Running memory benchmark...
1788083330.943071842 INFO /performance_monitor [performance_monitor.py:507(PerformanceMonitor.benchmark_application)] [topics: /performance/alert, /diagnostic_status, /rosout, /performance/command, /performance/metrics, /performance/benchmark, /performance/benchmark_results] Running application benchmark...
1788083331.556703805 INFO /performance_monitor [performance_monitor.py:401(PerformanceMonitor.benchmark_cpu)] [topics: /performance/alert, /diagnostic_status, /rosout, /performance/command, /performance/metrics, /performance/benchmark, /performance/benchmark_results] Running CPU benchmark...
1788083331.612961769 INFO /performance_monitor [performance_monitor.py:113(PerformanceMonitor.start_monitoring)] [topics: /performance/alert, /diagnostic_status, /rosout, /performance/command, /performance/metrics, /performance/benchmark, /performance/benchmark_results] Performance monitoring started
1788083332.853803634 INFO /performance_monitor [performance_monitor.py:507(PerformanceMonitor.benchmark_application)] [topics: /performance/alert, /diagnostic_status, /rosout, /performance/command, /performance/metrics, /performance/benchmark, /performance/benchmark_results] Running application benchmark...
1788083333.438667297 INFO /performance_monitor [performance_monitor.py:507(PerformanceMonitor.benchmark_application)] [topics: /performance/alert, /diagnostic_status, /rosout, /performance/command, /performance/metrics, /performance/benchmark, /performance/benchmark_results] Running application benchmark...
1788083333.566093683 INFO /performance_monitor [performance_monitor.py:368(PerformanceMonitor.benchmark_fps)] [topics: /performance/alert, /diagnostic_status, /rosout, /performance/command, /performance/metrics, /performance/benchmark, /performance/benchmark_results] Running FPS benchmark...
1788083333.739386558 INFO /performance_monitor [performance_monitor.py:425(PerformanceMonitor.benchmark_memory)] [topics: /performance/alert, /diagnostic_status, /rosout, /performance/command, /performance/metrics, /performance/benchmark, /performance/benchmark_results] Running memory benchmark...
1788083334.381563186 INFO /performance_monitor [performance_monitor.py:461(PerformanceMonitor.benchmark_network)] [topics: /performance/alert, /diagnostic_status, /rosout, /performance/command, /performance/metrics, /performance/benchmark, /performance/benchmark_results] Running network benchmark...
1788083334.646764993 INFO /performance_monitor [performance_monitor.py:113(PerformanceMonitor.start_monitoring)] [topics: /performance/alert, /diagnostic_status, /rosout, /performance/command, /performance/metrics, /performance/benchmark, /performance/benchmark_results] Performance monitoring started
1788083334.915384292 INFO /performance_monitor [performance_monitor.py:425(PerformanceMonitor.benchmark_memory)] [topics: /performance/alert, /diagnostic_status, /rosout, /performance/command, /performance/metrics, /performance/benchmark, /performance/benchmark_results] Running memory benchmark...
1788083336.038656473 INFO /performance_monitor [performance_monitor.py:461(PerformanceMonitor.benchmark_network)] [topics: /performance/alert, /diagnostic_status, /rosout, /performance/command, /performance/metrics, /performance/benchmark, /performance/benchmark_results] Running network benchmark...
1788083336.062001943 INFO /performance_monitor [performance_monitor.py:368(PerformanceMonitor.benchmark_fps)] [topics: /performance/alert, /diagnostic_status, /rosout, /performance/command, /performance/metrics, /performance/benchmark, /performance/benchmark_results] Running FPS benchmark...
1788083336.146229982 INFO /performance_monitor [performance_monitor.py:461(PerformanceMonitor.benchmark_network)] [topics: /performance/alert, /diagnostic_status, /rosout, /performance/command, /performance/metrics, /performance/benchmark, /performance/benchmark_results] Running network benchmark...
1788083336.319207191 INFO /performance_monitor [performance_monitor.py:507(PerformanceMonitor.benchmark_application)] [topics: /performance/alert, /diagnostic_status, /rosout, /performance/command, /performance/metrics, /performance/benchmark, /performance/benchmark_results] Running application benchmark...
1788083336.761573314 INFO /performance_monitor [performance_monitor.py:401(PerformanceMonitor.benchmark_cpu)] [topics: /performance/alert, /diagnostic_status, /rosout, /performance/command, /performance/metrics, /performance/benchmark, /performance/benchmark_results] Running CPU benchmark...
1788083337.013380765 INFO /performance_monitor [performance_monitor.py:507(PerformanceMonitor.benchmark_application)] [topics: /performance/alert, /diagnostic_status, /rosout, /performance/command, /performance/metrics, /performance/benchmark, /performance/benchmark_results] Running application benchmark...
1788083337.637504339 INFO /performance_monitor [performance_monitor.py:368(PerformanceMonitor.benchmark_fps)] [topics: /performance/alert, /diagnostic_status, /rosout, /performance/command, /performance/metrics, /performance/benchmark, /performance/benchmark_results] Running FPS benchmark...
1788083338.145597219 INFO /performance_monitor [performance_monitor.py:425(PerformanceMonitor.benchmark_memory)] [topics: /performance/alert, /diagnostic_status, /rosout, /performance/command, /performance/metrics, /performance/benchmark, /performance/benchmark_results] Running memory benchmark...
1788083338.690963506 INFO /performance_monitor [performance_monitor.py:507(PerformanceMonitor.benchmark_application)] [topics: /performance/alert, /diagnostic_status, /rosout, /performance/command, /performance/metrics, /performance/benchmark, /performance/benchmark_results] Running application benchmark...
1788083338.852457284 INFO /performance_monitor [performance_monitor.py:113(PerformanceMonitor.start_monitoring)] [topics: /performance/alert, /diagnostic_status, /rosout, /performance/command, /performance/metrics, /performance/benchmark, /performance/benchmark_results] Performance monitoring started
1788083339.024237394 INFO /performance_monitor [performance_monitor.py:401(PerformanceMonitor.benchmark_cpu)] [topics: /performance/alert, /diagnostic_status, /rosout, /performance/command, /performance/metrics, /performance/benchmark, /performance/benchmark_results] Running CPU benchmark...
1788083339.597344398 INFO /performance_monitor [performance_monitor.py:425(PerformanceMonitor.benchmark_memory)] [topics: /performance/alert, /diagnostic_status, /rosout, /performance/command, /performance/metrics, /performance/benchmark, /performance/benchmark_results] Running memory benchmark...
1788083339.760473489 INFO /performance_monitor [performance_monitor.py:507(PerformanceMonitor.benchmark_application)] [topics: /performance/alert, /diagnostic_status, /rosout, /performance/command, /performance/metrics, /performance/benchmark, /performance/benchmark_results] Running application benchmark...
1788083339.919378519 INFO /performance_monitor [performance_monitor.py:368(PerformanceMonitor.benchmark_fps)] [topics: /performance/alert, /diagnostic_status, /rosout, /performance/command, /performance/metrics, /performance/benchmark, /performance/benchmark_results] Running FPS benchmark...
1788083340.292140007 INFO /performance_monitor [performance_monitor.py:507(PerformanceMonitor.benchmark_application)] [topics: /performance/alert, /diagnostic_status, /rosout, /performance/command, /performance/metrics, /performance/benchmark, /performance/benchmark_results] Running application benchmark...
1788083341.084128141 INFO /performance_monitor [performance_monitor.py:507(PerformanceMonitor.benchmark_application)] [topics: /performance/alert, /diagnostic_status, /rosout, /performance/command, /performance/metrics, /performance/benchmark, /performance/benchmark_results] Running application benchmark...
1788083341.511832475 INFO /performance_monitor [performance_monitor.py:507(PerformanceMonitor.benchmark_application)] [topics: /performance/alert, /diagnostic_status, /rosout, /performance/command, /performance/metrics, /performance/benchmark, /performance/benchmark_results] Running application benchmark...
1788083341.975167036 INFO /performance_monitor [performance_monitor.py:401(PerformanceMonitor.benchmark_cpu)] [topics: /performance/alert, /diagnostic_status, /rosout, /performance/command, /performance/metrics, /performance/benchmark, /performance/benchmark_results] Running CPU benchmark...
1788083342.338002204 INFO /performance_monitor [performance_monitor.py:461(PerformanceMonitor.benchmark_network)] [topics: /performance/alert, /diagnostic_status, /rosout, /performance/command, /performance/metrics, /performance/benchmark, /performance/benchmark_results] Running network benchmark...
1788083342.410618305 INFO /performance_monitor [performance_monitor.py:461(PerformanceMonitor.benchmark_network)] [topics: /performance/alert, /diagnostic_status, /rosout, /performance/command, /performance/metrics, /performance/benchmark, /performance/benchmark_results] Running network benchmark...
1788083342.752339124 INFO /performance_monitor [performance_monitor.py:113(PerformanceMonitor.start_monitoring)] [topics: /performance/alert, /diagnostic_status, /rosout, /performance/command, /performance/metrics, /performance/benchmark, /performance/benchmark_results] Performance monitoring started
1788083342.815659761 INFO /performance_monitor [performance_monitor.py:425(PerformanceMonitor.benchmark_memory)] [topics: /performance/alert, /diagnostic_status, /rosout, /performance/command, /performance/metrics, /performance/benchmark, /performance/benchmark_results] Running memory benchmark...
1788083343.107540130 INFO /performance_monitor [performance_monitor.py:368(PerformanceMonitor.benchmark_fps)] [topics: /performance/alert, /diagnostic_status, /rosout, /performance/command, /performance/metrics, /performance/benchmark, /performance/benchmark_results] Running FPS benchmark...
1788083343.984511137 INFO /performance_monitor [performance_monitor.py:425(PerformanceMonitor.benchmark_memory)] [topics: /performance/alert, /diagnostic_status, /rosout, /performance/command, /performance/metrics, /performance/benchmark, /performance/benchmark_results] Running memory benchmark...
1788083344.458961725 INFO /performance_monitor [performance_monitor.py:425(PerformanceMonitor.benchmark_memory)] [topics: /performance/alert, /diagnostic_status, /rosout, /performance/command, /performance/metrics, /performance/benchmark, /performance/benchmark_results] Running memory benchmark...
1788083345.327480316 INFO /performance_monitor [performance_monitor.py:425(PerformanceMonitor.benchmark_memory)] [topics: /performance/alert, /diagnostic_status, /rosout, /performance/command, /performance/metrics, /performance/benchmark, /performance/benchmark_results] Running memory benchmark...
1788083345.607557058 INFO /performance_monitor [performance_monitor.py:401(PerformanceMonitor.benchmark_cpu)] [topics: /performance/alert, /diagnostic_status, /rosout, /performance/command, /performance/metrics, /performance/benchmark, /performance/benchmark_results] Running CPU benchmark...
1788083345.770138025 INFO /performance_monitor [performance_monitor.py:461(PerformanceMonitor.benchmark_network)] [topics: /performance/alert, /diagnostic_status, /rosout, /performance/command, /performance/metrics, /performance/benchmark, /performance/benchmark_results] Running network benchmark...
1788083346.469585418 INFO /performance_monitor [performance_monitor.py:401(PerformanceMonitor.benchmark_cpu)] [topics: /performance/alert, /diagnostic_status, /rosout, /performance/command, /performance/metrics, /performance/benchmark, /performance/benchmark_results] Running CPU benchmark...
1788083346.600633382 INFO /performance_monitor [performance_monitor.py:507(PerformanceMonitor.benchmark_application)] [topics: /performance/alert, /diagnostic_status, /rosout, /performance/command, /performance/metrics, /performance/benchmark, /performance/benchmark_results] Running application benchmark...
1788083346.897512912 INFO /performance_monitor [performance_monitor.py:113(PerformanceMonitor.start_monitoring)] [topics: /performance/alert, /diagnostic_status, /rosout, /performance/command, /performance/metrics, /performance/benchmark, /performance/benchmark_results] Performance monitoring started
1788083347.138768434 INFO /performance_monitor [performance_monitor.py:507(PerformanceMonitor.benchmark_application)] [topics: /performance/alert, /diagnostic_status, /rosout, /performance/command, /performance/metrics, /performance/benchmark, /performance/benchmark_results] Running application benchmark...
1788083347.373503446 INFO /performance_monitor [performance_monitor.py:461(PerformanceMonitor.benchmark_network)] [topics: /performance/alert, /diagnostic_status, /rosout, /performance/command, /performance/metrics, /performance/benchmark, /performance/benchmark_results] Running network benchmark...
1788083347.566526651 INFO /performance_monitor [performance_monitor.py:368(PerformanceMonitor.benchmark_fps)] [topics: /performance/alert, /diagnostic_status, /rosout, /performance/command, /performance/metrics, /performance/benchmark, /performance/benchmark_results] Running FPS benchmark...
1788083348.005394697 INFO /performance_monitor [performance_monitor.py:461(PerformanceMonitor.benchmark_network)] [topics: /performance/alert, /diagnostic_status, /rosout, /performance/command, /performance/metrics, /performance/benchmark, /performance/benchmark_results] Running network benchmark...
1788083348.284192562 INFO /performance_monitor [performance_monitor.py:401(PerformanceMonitor.benchmark_cpu)] [topics: /performance/alert, /diagnostic_status, /rosout, /performance/command, /performance/metrics, /performance/benchmark, /performance/benchmark_results] Running CPU benchmark...
1788083348.536242961 INFO /performance_monitor [performance_monitor.py:507(PerformanceMonitor.benchmark_application)] [topics: /performance/alert, /diagnostic_status, /rosout, /performance/command, /performance/metrics, /performance/benchmark, /performance/benchmark_results] Running application benchmark...
1788083348.979400634 INFO /performance_monitor [performance_monitor.py:368(PerformanceMonitor.benchmark_fps)] [topics: /performance/alert, /diagnostic_status, /rosout, /performance/command, /performance/metrics, /performance/benchmark, /performance/benchmark_results] Running FPS benchmark...
1788083349.026974916 INFO /performance_monitor [performance_monitor.py:401(PerformanceMonitor.benchmark_cpu)] [topics: /performance/alert, /diagnostic_status, /rosout, /performance/command, /performance/metrics, /performance/benchmark, /performance/benchmark_results] Running CPU benchmark...
1788083349.636683225 INFO /performance_monitor [performance_monitor.py:113(PerformanceMonitor.start_monitoring)] [topics: /performance/alert, /diagnostic_status, /rosout, /performance/command, /performance/metrics, /performance/benchmark, /performance/benchmark_results] Performance monitoring started
1788083350.273607015 INFO /performance_monitor [performance_monitor.py:461(PerformanceMonitor.benchmark_network)] [topics: /performance/alert, /diagnostic_status, /rosout, /performance/command, /performance/metrics, /performance/benchmark, /performance/benchmark_results] Running network benchmark...
1788083350.294625759 INFO /performance_monitor [performance_monitor.py:425(PerformanceMonitor.benchmark_memory)] [topics: /performance/alert, /diagnostic_status, /rosout, /performance/command, /performance/metrics, /performance/benchmark, /performance/benchmark_results] Running memory benchmark...
1788083350.689845800 INFO /performance_monitor [performance_monitor.py:425(PerformanceMonitor.benchmark_memory)] [topics: /performance/alert, /diagnostic_status, /rosout, /performance/command, /performance/metrics, /performance/benchmark, /performance/benchmark_results] Running memory benchmark...
1788083351.017261981 INFO /performance_monitor [performance_monitor.py:425(PerformanceMonitor.benchmark_memory)] [topics: /performance/alert, /diagnostic_status, /rosout, /performance/command, /performance/metrics, /performance/benchmark, /performance/benchmark_results] Running memory benchmark...
1788083351.887624502 INFO /performance_monitor [performance_monitor.py:113(PerformanceMonitor.start_monitoring)] [topics: /performance/alert, /diagnostic_status, /rosout, /performance/command, /performance/metrics, /performance/benchmark, /performance/benchmark_results] Performance monitoring started
1788083352.420582056 INFO /performance_monitor [performance_monitor.py:461(PerformanceMonitor.benchmark_network)] [topics: /performance/alert, /diagnostic_status, /rosout, /performance/command, /performance/metrics, /performance/benchmark, /performance/benchmark_results] Running network benchmark...
1788083352.774329662 INFO /performance_monitor [performance_monitor.py:425(PerformanceMonitor.benchmark_memory)] [topics: /performance/alert, /diagnostic_status, /rosout, /performance/command, /performance/metrics, /performance/benchmark, /performance/benchmark_results] Running memory benchmark...
1788083352.869187831 INFO /performance_monitor [performance_monitor.py:401(PerformanceMonitor.benchmark_cpu)] [topics: /performance/alert, /diagnostic_status, /rosout, /performance/command, /performance/metrics, /performance/benchmark, /performance/benchmark_results] Running CPU benchmark...
1788083353.180479764 INFO /performance_monitor [performance_monitor.py:113(PerformanceMonitor.start_monitoring)] [topics: /performance/alert, /diagnostic_status, /rosout, /performance/command, /performance/metrics, /performance/benchmark, /performance/benchmark_results] Performance monitoring started
1788083353.790323019 INFO /performance_monitor [performance_monitor.py:425(PerformanceMonitor.benchmark_memory)] [topics: /performance/alert, /diagnostic_status, /rosout, /performance/command, /performance/metrics, /performance/benchmark, /performance/benchmark_results] Running memory benchmark...
1788083354.222623825 INFO /performance_monitor [performance_monitor.py:368(PerformanceMonitor.benchmark_fps)] [topics: /performance/alert, /diagnostic_status, /rosout, /performance/command, /performance/metrics, /performance/benchmark, /performance/benchmark_results] Running FPS benchmark...
1788083354.469709396 INFO /performance_monitor [performance_monitor.py:461(PerformanceMonitor.benchmark_network)] [topics: /performance/alert, /diagnostic_status, /rosout, /performance/command, /performance/metrics, /performance/benchmark, /performance/benchmark_results] Running network benchmark...
1788083354.693986415 INFO /performance_monitor [performance_monitor.py:461(PerformanceMonitor.benchmark_network)] [topics: /performance/alert, /diagnostic_status, /rosout, /performance/command, /performance/metrics, /performance/benchmark, /performance/benchmark_results] Running network benchmark...
1788083355.486879825 INFO /performance_monitor [performance_monitor.py:401(PerformanceMonitor.benchmark_cpu)] [topics: /performance/alert, /diagnostic_status, /rosout, /performance/command, /performance/metrics, /performance/benchmark, /performance/benchmark_results] Running CPU benchmark...
1788083356.542527437 INFO /performance_monitor [performance_monitor.py:113(PerformanceMonitor.start_monitoring)] [topics: /performance/alert, /diagnostic_status, /rosout, /performance/command, /performance/metrics, /performance/benchmark, /performance/benchmark_results] Performance monitoring started
1788083356.609033107 INFO /performance_monitor [performance_monitor.py:507(PerformanceMonitor.benchmark_application)] [topics: /performance/alert, /diagnostic_status, /rosout, /performance/command, /performance/metrics, /performance/benchmark, /performance/benchmark_results] Running application benchmark...
1788083356.958657741 INFO /performance_monitor [performance_monitor.py:368(PerformanceMonitor.benchmark_fps)] [topics: /performance/alert, /diagnostic_status, /rosout, /performance/command, /performance/metrics, /performance/benchmark, /performance/benchmark_results] Running FPS benchmark...
1788083357.237478971 INFO /performance_monitor [performance_monitor.py:425(PerformanceMonitor.benchmark_memory)] [topics: /performance/alert, /diagnostic_status, /rosout, /performance/command, /performance/metrics, /performance/benchmark, /performance/benchmark_results] Running memory benchmark...
1788083357.353436708 INFO /performance_monitor [performance_monitor.py:461(PerformanceMonitor.benchmark_network)] [topics: /performance/alert, /diagnostic_status, /rosout, /performance/command, /performance/metrics, /performance/benchmark, /performance/benchmark_results] Running network benchmark...
1788083357.607196331 INFO /performance_monitor [performance_monitor.py:461(PerformanceMonitor.benchmark_network)] [topics: /performance/alert, /diagnostic_status, /rosout, /performance/command, /performance/metrics, /performance/benchmark, /performance/benchmark_results] Running network benchmark...
1788083357.861754655 INFO /performance_monitor [performance_monitor.py:113(PerformanceMonitor.start_monitoring)] [topics: /performance/alert, /diagnostic_status, /rosout, /performance/command, /performance/metrics, /performance/benchmark, /performance/benchmark_results] Performance monitoring started
1788083358.441028833 INFO /performance_monitor [performance_monitor.py:368(PerformanceMonitor.benchmark_fps)] [topics: /performance/alert, /diagnostic_status, /rosout, /performance/command, /performance/metrics, /performance/benchmark, /performance/benchmark_results] Running FPS benchmark...
1788083358.682783842 INFO /performance_monitor [performance_monitor.py:425(PerformanceMonitor.benchmark_memory)] [topics: /performance/alert, /diagnostic_status, /rosout, /performance/command, /performance/metrics, /performance/benchmark, /performance/benchmark_results] Running memory benchmark...
1788083359.658377408 INFO /performance_monitor [performance_monitor.py:425(PerformanceMonitor.benchmark_memory)] [topics: /performance/alert, /diagnostic_status, /rosout, /performance/command, /performance/metrics, /performance/benchmark, /performance/benchmark_results] Running memory benchmark...
1788083359.880011796 INFO /performance_monitor [performance_monitor.py:113(PerformanceMonitor.start_monitoring)] [topics: /performance/alert, /diagnostic_status, /rosout, /performance/command, /performance/metrics, /performance/benchmark, /performance/benchmark_results] Performance monitoring started
1788083359.961400508 INFO /performance_monitor [performance_monitor.py:507(PerformanceMonitor.benchmark_application)] [topics: /performance/alert, /diagnostic_status, /rosout, /performance/command, /performance/metrics, /performance/benchmark, /performance/benchmark_results] Running application benchmark...
1788083360.000274896 INFO /performance_monitor [performance_monitor.py:507(PerformanceMonitor.benchmark_application)] [topics: /performance/alert, /diagnostic_status, /rosout, /performance/command, /performance/metrics, /performance/benchmark, /performance/benchmark_results] Running application benchmark...
1788083360.319660902 INFO /performance_monitor [performance_monitor.py:401(PerformanceMonitor.benchmark_cpu)] [topics: /performance/alert, /diagnostic_status, /rosout, /performance/command, /performance/metrics, /performance/benchmark, /performance/benchmark_results] Running CPU benchmark...
1788083360.819257259 INFO /performance_monitor [performance_monitor.py:368(PerformanceMonitor.benchmark_fps)] [topics: /performance/alert, /diagnostic_status, /rosout, /performance/command, /performance/metrics, /performance/benchmark, /performance/benchmark_results] Running FPS benchmark...
1788083361.038780689 INFO /performance_monitor [performance_monitor.py:461(PerformanceMonitor.benchmark_network)] [topics: /performance/alert, /diagnostic_status, /rosout, /performance/command, /performance/metrics, /performance/benchmark, /performance/benchmark_results] Running network benchmark...
1788083361.734608888 INFO /performance_monitor [performance_monitor.py:113(PerformanceMonitor.start_monitoring)] [topics: /performance/alert, /diagnostic_status, /rosout, /performance/command, /performance/metrics, /performance/benchmark, /performance/benchmark_results] Performance monitoring started
1788083361.820585250 INFO /performance_monitor [performance_monitor.py:507(PerformanceMonitor.benchmark_application)] [topics: /performance/alert, /diagnostic_status, /rosout, /performance/command, /performance/metrics, /performance/benchmark, /performance/benchmark_results] Running application benchmark...
1788083362.060526371 INFO /performance_monitor [performance_monitor.py:368(PerformanceMonitor.benchmark_fps)] [topics: /performance/alert, /diagnostic_status, /rosout, /performance/command, /performance/metrics, /performance/benchmark, /performance/benchmark_results] Running FPS benchmark...
1788083362.959399223 INFO /performance_monitor [performance_monitor.py:401(PerformanceMonitor.benchmark_cpu)] [topics: /performance/alert, /diagnostic_status, /rosout, /performance/command, /performance/metrics, /performance/benchmark, /performance/benchmark_results] Running CPU benchmark...
1788083363.217652320 INFO /performance_monitor [performance_monitor.py:461(PerformanceMonitor.benchmark_network)] [topics: /performance/alert, /diagnostic_status, /rosout, /performance/command, /performance/metrics, /performance/benchmark, /performance/benchmark_results] Running network benchmark...
1788083363.916450738 INFO /performance_monitor [performance_monitor.py:113(PerformanceMonitor.start_monitoring)] [topics: /performance/alert, /diagnostic_status, /rosout, /performance/command, /performance/metrics, /performance/benchmark, /performance/benchmark_results] Performance monitoring started
1788083363.966406822 INFO /performance_monitor [performance_monitor.py:461(PerformanceMonitor.benchmark_network)] [topics: /performance/alert, /diagnostic_status, /rosout, /performance/command, /performance/metrics, /performance/benchmark, /performance/benchmark_results] Running network benchmark...
1788083364.056615829 INFO /performance_monitor [performance_monitor.py:401(PerformanceMonitor.benchmark_cpu)] [topics: /performance/alert, /diagnostic_status, /rosout, /performance/command, /performance/metrics, /performance/benchmark, /performance/benchmark_results] Running CPU benchmark...
1788083364.177423000 INFO /performance_monitor [performance_monitor.py:368(PerformanceMonitor.benchmark_fps)] [topics: /performance/alert, /diagnostic_status, /rosout, /performance/command, /performance/metrics, /performance/benchmark, /performance/benchmark_results] Running FPS benchmark...
1788083364.359113216 INFO /performance_monitor [performance_monitor.py:461(PerformanceMonitor.benchmark_network)] [topics: /performance/alert, /diagnostic_status, /rosout, /performance/command, /performance/metrics, /performance/benchmark, /performance/benchmark_results] Running network benchmark...
1788083364.993437290 INFO /performance_monitor [performance_monitor.py:461(PerformanceMonitor.benchmark_network)] [topics: /performance/alert, /diagnostic_status, /rosout, /performance/command, /performance/metrics, /performance/benchmark, /performance/benchmark_results] Running network benchmark...
1788083365.094470262 INFO /performance_monitor [performance_monitor.py:113(PerformanceMonitor.start_monitoring)] [topics: /performance/alert, /diagnostic_status, /rosout, /performance/command, /performance/metrics, /performance/benchmark, /performance/benchmark_results] Performance monitoring started
1788083365.132938861 INFO /performance_monitor [performance_monitor.py:461(PerformanceMonitor.benchmark_network)] [topics: /performance/alert, /diagnostic_status, /rosout, /performance/command, /performance/metrics, /performance/benchmark, /performance/benchmark_results] Running network benchmark...
1788083365.409257173 INFO /performance_monitor [performance_monitor.py:507(PerformanceMonitor.benchmark_application)] [topics: /performance/alert, /diagnostic_status, /rosout, /performance/command, /performance/metrics, /performance/benchmark, /performance/benchmark_results] Running application benchmark...
1788083366.154136896 INFO /performance_monitor [performance_monitor.py:368(PerformanceMonitor.benchmark_fps)] [topics: /performance/alert, /diagnostic_status, /rosout, /performance/command, /performance/metrics, /performance/benchmark, /performance/benchmark_results] Running FPS benchmark...
1788083366.216113328 INFO /performance_monitor [performance_monitor.py:401(PerformanceMonitor.benchmark_cpu)] [topics: /performance/alert, /diagnostic_status, /rosout, /performance/command, /performance/metrics, /performance/benchmark, /performance/benchmark_results] Running CPU benchmark...
1788083366.632891416 INFO /performance_monitor [performance_monitor.py:461(PerformanceMonitor.benchmark_network)] [topics: /performance/alert, /diagnostic_status, /rosout, /performance/command, /performance/metrics, /performance/benchmark, /performance/benchmark_results] Running network benchmark...
1788083367.043661832 INFO /performance_monitor [performance_monitor.py:113(PerformanceMonitor.start_monitoring)] [topics: /performance/alert, /diagnostic_status, /rosout, /performance/command, /performance/metrics, /performance/benchmark, /performance/benchmark_results] Performance monitoring started
1788083367.086997032 INFO /performance_monitor [performance_monitor.py:461(PerformanceMonitor.benchmark_network)] [topics: /performance/alert, /diagnostic_status, /rosout, /performance/command, /performance/metrics, /performance/benchmark, /performance/benchmark_results] Running network benchmark...
1788083367.774511098 INFO /performance_monitor [performance_monitor.py:507(PerformanceMonitor.benchmark_application)] [topics: /performance/alert, /diagnostic_status, /rosout, /performance/command, /performance/metrics, /performance/benchmark, /performance/benchmark_results] Running application benchmark...
1788083368.036844253 INFO /performance_monitor [performance_monitor.py:425(PerformanceMonitor.benchmark_memory)] [topics: /performance/alert, /diagnostic_status, /rosout, /performance/command, /performance/metrics, /performance/benchmark, /performance/benchmark_results] Running memory benchmark...
1788083368.187665224 INFO /performance_monitor [performance_monitor.py:507(PerformanceMonitor.benchmark_application)] [topics: /performance/alert, /diagnostic_status, /rosout, /performance/command, /performance/metrics, /performance/benchmark, /performance/benchmark_results] Running application benchmark...
1788083368.597057342 INFO /performance_monitor [performance_monitor.py:425(PerformanceMonitor.benchmark_memory)] [topics: /performance/alert, /diagnostic_status, /rosout, /performance/command, /performance/metrics, /performance/benchmark, /performance/benchmark_results] Running memory benchmark...
1788083369.001096010 INFO /performance_monitor [performance_monitor.py:401(PerformanceMonitor.benchmark_cpu)] [topics: /performance/alert, /diagnostic_status, /rosout, /performance/command, /performance/metrics, /performance/benchmark, /performance/benchmark_results] Running CPU benchmark...
1788083369.279125213 INFO /performance_monitor [performance_monitor.py:507(PerformanceMonitor.benchmark_application)] [topics: /performance/alert, /diagnostic_status, /rosout, /performance/command, /performance/metrics, /performance/benchmark, /performance/benchmark_results] Running application benchmark...
1788083369.632560968 INFO /performance_monitor [performance_monitor.py:113(PerformanceMonitor.start_monitoring)] [topics: /performance/alert, /diagnostic_status, /rosout, /performance/command, /performance/metrics, /performance/benchmark, /performance/benchmark_results] Performance monitoring started
1788083369.639828443 INFO /performance_monitor [performance_monitor.py:368(PerformanceMonitor.benchmark_fps)] [topics: /performance/alert, /diagnostic_status, /rosout, /performance/command, /performance/metrics, /performance/benchmark, /performance/benchmark_results] Running FPS benchmark...
1788083369.661472082 INFO /performance_monitor [performance_monitor.py:507(PerformanceMonitor.benchmark_application)] [topics: /performance/alert, /diagnostic_status, /rosout, /performance/command, /performance/metrics, /performance/benchmark, /performance/benchmark_results] Running application benchmark...
1788083369.827633619 INFO /performance_monitor [performance_monitor.py:368(PerformanceMonitor.benchmark_fps)] [topics: /performance/alert, /diagnostic_status, /rosout, /performance/command, /performance/metrics, /performance/benchmark, /performance/benchmark_results] Running FPS benchmark...
1788083370.276659727 INFO /performance_monitor [performance_monitor.py:401(PerformanceMonitor.benchmark_cpu)] [topics: /performance/alert, /diagnostic_status, /rosout, /performance/command, /performance/metrics, /performance/benchmark, /performance/benchmark_results] Running CPU benchmark...
1788083370.789517164 INFO /performance_monitor [performance_monitor.py:113(PerformanceMonitor.start_monitoring)] [topics: /performance/alert, /diagnostic_status, /rosout, /performance/command, /performance/metrics, /performance/benchmark, /performance/benchmark_results] Performance monitoring started
1788083370.931477069 INFO /performance_monitor [performance_monitor.py:425(PerformanceMonitor.benchmark_memory)] [topics: /performance/alert, /diagnostic_status, /rosout, /performance/command, /performance/metrics, /performance/benchmark, /performance/benchmark_results] Running memory benchmark...
1788083371.692708969 INFO /performance_monitor [performance_monitor.py:401(PerformanceMonitor.benchmark_cpu)] [topics: /performance/alert, /diagnostic_status, /rosout, /performance/command, /performance/metrics, /performance/benchmark, /performance/benchmark_results] Running CPU benchmark...
1788083372.086928606 INFO /performance_monitor [performance_monitor.py:425(PerformanceMonitor.benchmark_memory)] [topics: /performance/alert, /diagnostic_status, /rosout, /performance/command, /performance/metrics, /performance/benchmark, /performance/benchmark_results] Running memory benchmark...
1788083372.177802085 INFO /performance_monitor [performance_monitor.py:368(PerformanceMonitor.benchmark_fps)] [topics: /performance/alert, /diagnostic_status, /rosout, /performance/command, /performance/metrics, /performance/benchmark, /performance/benchmark_results] Running FPS benchmark...
1788083372.498064279 INFO /performance_monitor [performance_monitor.py:425(PerformanceMonitor.benchmark_memory)] [topics: /performance/alert, /diagnostic_status, /rosout, /performance/command, /performance/metrics, /performance/benchmark, /performance/benchmark_results] Running memory benchmark...
1788083372.855041503 INFO /performance_monitor [performance_monitor.py:425(PerformanceMonitor.benchmark_memory)] [topics: /performance/alert, /diagnostic_status, /rosout, /performance/command, /performance/metrics, /performance/benchmark, /performance/benchmark_results] Running memory benchmark...
1788083373.779628276 INFO /performance_monitor [performance_monitor.py:113(PerformanceMonitor.start_monitoring)] [topics: /performance/alert, /diagnostic_status, /rosout, /performance/command, /performance/metrics, /performance/benchmark, /performance/benchmark_results] Performance monitoring started
1788083373.915806531 INFO /performance_monitor [performance_monitor.py:425(PerformanceMonitor.benchmark_memory)] [topics: /performance/alert, /diagnostic_status, /rosout, /performance/command, /performance/metrics, /performance/benchmark, /performance/benchmark_results] Running memory benchmark...
1788083374.152356386 INFO /performance_monitor [performance_monitor.py:368(PerformanceMonitor.benchmark_fps)] [topics: /performance/alert, /diagnostic_status, /rosout, /performance/command, /performance/metrics, /performance/benchmark, /performance/benchmark_results] Running FPS benchmark...
1788083375.097090482 INFO /performance_monitor [performance_monitor.py:401(PerformanceMonitor.benchmark_cpu)] [topics: /performance/alert, /diagnostic_status, /rosout, /performance/command, /performance/metrics, /performance/benchmark, /performance/benchmark_results] Running CPU benchmark...
1788083375.655761718 INFO /performance_monitor [performance_monitor.py:461(PerformanceMonitor.benchmark_network)] [topics: /performance/alert, /diagnostic_status, /rosout, /performance/command, /performance/metrics, /performance/benchmark, /performance/benchmark_results] Running network benchmark...
1788083375.832200050 INFO /performance_monitor [performance_monitor.py:113(PerformanceMonitor.start_monitoring)] [topics: /performance/alert, /diagnostic_status, /rosout, /performance/command, /performance/metrics, /performance/benchmark, /performance/benchmark_results] Performance monitoring started
1788083376.141239404 INFO /performance_monitor [performance_monitor.py:401(PerformanceMonitor.benchmark_cpu)] [topics: /performance/alert, /diagnostic_status, /rosout, /performance/command, /performance/metrics, /performance/benchmark, /performance/benchmark_results] Running CPU benchmark...
1788083376.232994079 INFO /performance_monitor [performance_monitor.py:461(PerformanceMonitor.benchmark_network)] [topics: /performance/alert, /diagnostic_status, /rosout, /performance/command, /performance/metrics, /performance/benchmark, /performance/benchmark_results] Running network benchmark...
1788083376.799409389 INFO /performance_monitor [performance_monitor.py:368(PerformanceMonitor.benchmark_fps)] [topics: /performance/alert, /diagnostic_status, /rosout, /performance/command, /performance/metrics, /performance/benchmark, /performance/benchmark_results] Running FPS benchmark...
1788083376.905492305 INFO /performance_monitor [performance_monitor.py:113(PerformanceMonitor.start_monitoring)] [topics: /performance/alert, /diagnostic_status, /rosout, /performance/command, /performance/metrics, /performance/benchmark, /performance/benchmark_results] Performance monitoring started
1788083377.304782867 INFO /performance_monitor [performance_monitor.py:401(PerformanceMonitor.benchmark_cpu)] [topics: /performance/alert, /diagnostic_status, /rosout, /performance/command, /performance/metrics, /performance/benchmark, /performance/benchmark_results] Running CPU benchmark...
1788083377.380143642 INFO /performance_monitor [performance_monitor.py:507(PerformanceMonitor.benchmark_application)] [topics: /performance/alert, /diagnostic_status, /rosout, /performance/command, /performance/metrics, /performance/benchmark, /performance/benchmark_results] Running application benchmark...
1788083378.272652864 INFO /performance_monitor [performance_monitor.py:461(PerformanceMonitor.benchmark_network)] [topics: /performance/alert, /diagnostic_status, /rosout, /performance/command, /performance/metrics, /performance/benchmark, /performance/benchmark_results] Running network benchmark...
1788083378.931699752 INFO /performance_monitor [performance_monitor.py:507(PerformanceMonitor.benchmark_application)] [topics: /performance/alert, /diagnostic_status, /rosout, /performance/command, /performance/metrics, /performance/benchmark, /performance/benchmark_results] Running application benchmark...
1788083379.201753139 INFO /performance_monitor [performance_monitor.py:507(PerformanceMonitor.benchmark_application)] [topics: /performance/alert, /diagnostic_status, /rosout, /performance/command, /performance/metrics, /performance/benchmark, /performance/benchmark_results] Running application benchmark...
1788083379.415623426 INFO /performance_monitor [performance_monitor.py:368(PerformanceMonitor.benchmark_fps)] [topics: /performance/alert, /diagnostic_status, /rosout, /performance/command, /performance/metrics, /performance/benchmark, /performance/benchmark_results] Running FPS benchmark...
1788083379.528041839 INFO /performance_monitor [performance_monitor.py:507(PerformanceMonitor.benchmark_application)] [topics: /performance/alert, /diagnostic_status, /rosout, /performance/command, /performance/metrics, /performance/benchmark, /performance/benchmark_results] Running application benchmark...
1788083380.011741876 INFO /performance_monitor [performance_monitor.py:113(PerformanceMonitor.start_monitoring)] [topics: /performance/alert, /diagnostic_status, /rosout, /performance/command, /performance/metrics, /performance/benchmark, /performance/benchmark_results] Performance monitoring started
1788083380.276899814 INFO /performance_monitor [performance_monitor.py:425(PerformanceMonitor.benchmark_memory)] [topics: /performance/alert, /diagnostic_status, /rosout, /performance/command, /performance/metrics, /performance/benchmark, /performance/benchmark_results] Running memory benchmark...
1788083380.733680486 INFO /performance_monitor [performance_monitor.py:401(PerformanceMonitor.benchmark_cpu)] [topics: /performance/alert, /diagnostic_status, /rosout, /performance/command, /performance/metrics, /performance/benchmark, /performance/benchmark_results] Running CPU benchmark...
1788083381.104835987 INFO /performance_monitor [performance_monitor.py:368(PerformanceMonitor.benchmark_fps)] [topics: /performance/alert, /diagnostic_status, /rosout, /performance/command, /performance/metrics, /performance/benchmark, /performance/benchmark_results] Running FPS benchmark...
1788083381.518641948 INFO /performance_monitor [performance_monitor.py:461(PerformanceMonitor.benchmark_network)] [topics: /performance/alert, /diagnostic_status, /rosout, /performance/command, /performance/metrics, /performance/benchmark, /performance/benchmark_results] Running network benchmark...
1788083381.845049858 INFO /performance_monitor [performance_monitor.py:425(PerformanceMonitor.benchmark_memory)] [topics: /performance/alert, /diagnostic_status, /rosout, /performance/command, /performance/metrics, /performance/benchmark, /performance/benchmark_results] Running memory benchmark...
1788083382.106925010 INFO /performance_monitor [performance_monitor.py:461(PerformanceMonitor.benchmark_network)] [topics: /performance/alert, /diagnostic_status, /rosout, /performance/command, /performance/metrics, /performance/benchmark, /performance/benchmark_results] Running network benchmark...
1788083382.274382591 INFO /performance_monitor [performance_monitor.py:113(PerformanceMonitor.start_monitoring)] [topics: /performance/alert, /diagnostic_status, /rosout, /performance/command, /performance/metrics, /performance/benchmark, /performance/benchmark_results] Performance monitoring started
1788083382.891154527 INFO /performance_monitor [performance_monitor.py:425(PerformanceMonitor.benchmark_memory)] [topics: /performance/alert, /diagnostic_status, /rosout, /performance/command, /performance/metrics, /performance/benchmark, /performance/benchmark_results] Running memory benchmark...
1788083382.974822282 INFO /performance_monitor [performance_monitor.py:507(PerformanceMonitor.benchmark_application)] [topics: /performance/alert, /diagnostic_status, /rosout, /performance/command, /performance/metrics, /performance/benchmark, /performance/benchmark_results] Running application benchmark...
1788083383.298281192 INFO /performance_monitor [performance_monitor.py:368(PerformanceMonitor.benchmark_fps)] [topics: /performance/alert, /diagnostic_status, /rosout, /performance/command, /performance/metrics, /performance/benchmark, /performance/benchmark_results] Running FPS benchmark...
1788083383.322129011 INFO /performance_monitor [performance_monitor.py:401(PerformanceMonitor.benchmark_cpu)] [topics: /performance/alert, /diagnostic_status, /rosout, /performance/command, /performance/metrics, /performance/benchmark, /performance/benchmark_results] Running CPU benchmark...
1788083383.801755666 INFO /performance_monitor [performance_monitor.py:425(PerformanceMonitor.benchmark_memory)] [topics: /performance/alert, /diagnostic_status, /rosout, /performance/command, /performance/metrics, /performance/benchmark, /performance/benchmark_results] Running memory benchmark...
1788083384.118802547 INFO /performance_monitor [performance_monitor.py:507(PerformanceMonitor.benchmark_application)] [topics: /performance/alert, /diagnostic_status, /rosout, /performance/command, /performance/metrics, /performance/benchmark, /performance/benchmark_results] Running application benchmark...
1788083384.394365787 INFO /performance_monitor [performance_monitor.py:507(PerformanceMonitor.benchmark_application)] [topics: /performance/alert, /diagnostic_status, /rosout, /performance/command, /performance/metrics, /performance/benchmark, /performance/benchmark_results] Running application benchmark...
1788083384.516140460 INFO /performance_monitor [performance_monitor.py:461(PerformanceMonitor.benchmark_network)] [topics: /performance/alert, /diagnostic_status, /rosout, /performance/command, /performance/metrics, /performance/benchmark, /performance/benchmark_results] Running network benchmark...
1788083384.814092397 INFO /performance_monitor [performance_monitor.py:113(PerformanceMonitor.start_monitoring)] [topics: /performance/alert, /diagnostic_status, /rosout, /performance/command, /performance/metrics, /performance/benchmark, /performance/benchmark_results] Performance monitoring started
1788083385.200863838 INFO /performance_monitor [performance_monitor.py:507(PerformanceMonitor.benchmark_application)] [topics: /performance/alert, /diagnostic_status, /rosout, /performance/command, /performance/metrics, /performance/benchmark, /performance/benchmark_results] Running application benchmark...
1788083385.467213392 INFO /performance_monitor [performance_monitor.py:368(PerformanceMonitor.benchmark_fps)] [topics: /performance/alert, /diagnostic_status, /rosout, /performance/command, /performance/metrics, /performance/benchmark, /performance/benchmark_results] Running FPS benchmark...
1788083385.635686159 INFO /performance_monitor [performance_monitor.py:461(PerformanceMonitor.benchmark_network)] [topics: /performance/alert, /diagnostic_status, /rosout, /performance/command, /performance/metrics, /performance/benchmark, /performance/benchmark_results] Running network benchmark...
1788083386.033473968 INFO /performance_monitor [performance_monitor.py:425(PerformanceMonitor.benchmark_memory)] [topics: /performance/alert, /diagnostic_status, /rosout, /performance/command, /performance/metrics, /performance/benchmark, /performance/benchmark_results] Running memory benchmark...
1788083386.365439176 INFO /performance_monitor [performance_monitor.py:401(PerformanceMonitor.benchmark_cpu)] [topics: /performance/alert, /diagnostic_status, /rosout, /performance/command, /performance/metrics, /performance/benchmark, /performance/benchmark_results] Running CPU benchmark...
1788083386.514914274 INFO /performance_monitor [performance_monitor.py:113(PerformanceMonitor.start_monitoring)] [topics: /performance/alert, /diagnostic_status, /rosout, /performance/command, /performance/metrics, /performance/benchmark, /performance/benchmark_results] Performance monitoring started
1788083386.811836481 INFO /performance_monitor [performance_monitor.py:507(PerformanceMonitor.benchmark_application)] [topics: /performance/alert, /diagnostic_status, /rosout, /performance/command, /performance/metrics, /performance/benchmark, /performance/benchmark_results] Running application benchmark...
1788083387.160252332 INFO /performance_monitor [performance_monitor.py:368(PerformanceMonitor.benchmark_fps)] [topics: /performance/alert, /diagnostic_status, /rosout, /performance/command, /performance/metrics, /performance/benchmark, /performance/benchmark_results] Running FPS benchmark...
1788083387.178627490 INFO /performance_monitor [performance_monitor.py:401(PerformanceMonitor.benchmark_cpu)] [topics: /performance/alert, /diagnostic_status, /rosout, /performance/command, /performance/metrics, /performance/benchmark, /performance/benchmark_results] Running CPU benchmark...
1788083388.037047863 INFO /performance_monitor [performance_monitor.py:113(PerformanceMonitor.start_monitoring)] [topics: /performance/alert, /diagnostic_status, /rosout, /performance/command, /performance/metrics, /performance/benchmark, /performance/benchmark_results] Performance monitoring started
1788083388.290351629 INFO /performance_monitor [performance_monitor.py:368(PerformanceMonitor.benchmark_fps)] [topics: /performance/alert, /diagnostic_status, /rosout, /performance/command, /performance/metrics, /performance/benchmark, /performance/benchmark_results] Running FPS benchmark...
1788083388.793489933 INFO /performance_monitor [performance_monitor.py:461(PerformanceMonitor.benchmark_network)] [topics: /performance/alert, /diagnostic_status, /rosout, /performance/command, /performance/metrics, /performance/benchmark, /performance/benchmark_results] Running network benchmark...
1788083389.214339017 INFO /performance_monitor [performance_monitor.py:401(PerformanceMonitor.benchmark_cpu)] [topics: /performance/alert, /diagnostic_status, /rosout, /performance/command, /performance/metrics, /performance/benchmark, /performance/benchmark_results] Running CPU benchmark...
1788083390.218809843 INFO /performance_monitor [performance_monitor.py:113(PerformanceMonitor.start_monitoring)] [topics: /performance/alert, /diagnostic_status, /rosout, /performance/command, /performance/metrics, /performance/benchmark, /performance/benchmark_results] Performance monitoring started
1788083390.369313955 INFO /performance_monitor [performance_monitor.py:507(PerformanceMonitor.benchmark_application)] [topics: /performance/alert, /diagnostic_status, /rosout, /performance/command, /performance/metrics, /performance/benchmark, /performance/benchmark_results] Running application benchmark...
1788083390.767463445 INFO /performance_monitor [performance_monitor.py:507(PerformanceMonitor.benchmark_application)] [topics: /performance/alert, /diagnostic_status, /rosout, /performance/command, /performance/metrics, /performance/benchmark, /performance/benchmark_results] Running application benchmark...
1788083390.977427482 INFO /performance_monitor [performance_monitor.py:425(PerformanceMonitor.benchmark_memory)] [topics: /performance/alert, /diagnostic_status, /rosout, /performance/command, /performance/metrics, /performance/benchmark, /performance/benchmark_results] Running memory benchmark...
1788083391.259829521 INFO /performance_monitor [performance_monitor.py:461(PerformanceMonitor.benchmark_network)] [topics: /performance/alert, /diagnostic_status, /rosout, /performance/command, /performance/metrics, /performance/benchmark, /performance/benchmark_results] Running network benchmark...
1788083391.711051940 INFO /performance_monitor [performance_monitor.py:425(PerformanceMonitor.benchmark_memory)] [topics: /performance/alert, /diagnostic_status, /rosout, /performance/command, /performance/metrics, /performance/benchmark, /performance/benchmark_results] Running memory benchmark...
1788083391.845473527 INFO /performance_monitor [performance_monitor.py:507(PerformanceMonitor.benchmark_application)] [topics: /performance/alert, /diagnostic_status, /rosout, /performance/command, /performance/metrics, /performance/benchmark, /performance/benchmark_results] Running application benchmark...
1788083392.033641099 INFO /performance_monitor [performance_monitor.py:368(PerformanceMonitor.benchmark_fps)] [topics: /performance/alert, /diagnostic_status, /rosout, /performance/command, /performance/metrics, /performance/benchmark, /performance/benchmark_results] Running FPS benchmark...
1788083392.392762899 INFO /performance_monitor [performance_monitor.py:507(PerformanceMonitor.benchmark_application)] [topics: /performance/alert, /diagnostic_status, /rosout, /performance/command, /performance/metrics, /performance/benchmark, /performance/benchmark_results] Running application benchmark...
1788083392.712749004 INFO /performance_monitor [performance_monitor.py:507(PerformanceMonitor.benchmark_application)] [topics: /performance/alert, /diagnostic_status, /rosout, /performance/command, /performance/metrics, /performance/benchmark, /performance/benchmark_results] Running application benchmark...
1788083392.869557619 INFO /performance_monitor [performance_monitor.py:401(PerformanceMonitor.benchmark_cpu)] [topics: /performance/alert, /diagnostic_status, /rosout, /performance/command, /performance/metrics, /performance/benchmark, /performance/benchmark_results] Running CPU benchmark...
1788083393.331528902 INFO /performance_monitor [performance_monitor.py:461(PerformanceMonitor.benchmark_network)] [topics: /performance/alert, /diagnostic_status, /rosout, /performance/command, /performance/metrics, /performance/benchmark, /performance/benchmark_results] Running network benchmark...
1788083393.443450689 INFO /performance_monitor [performance_monitor.py:461(PerformanceMonitor.benchmark_network)] [topics: /performance/alert, /diagnostic_status, /rosout, /performance/command, /performance/metrics, /performance/benchmark, /performance/benchmark_results] Running network benchmark...
1788083394.193459033 INFO /performance_monitor [performance_monitor.py:113(PerformanceMonitor.start_monitoring)] [topics: /performance/alert, /diagnostic_status, /rosout, /performance/command, /performance/metrics, /performance/benchmark, /performance/benchmark_results] Performance monitoring started
1788083394.537107229 INFO /performance_monitor [performance_monitor.py:507(PerformanceMonitor.benchmark_application)] [topics: /performance/alert, /diagnostic_status, /rosout, /performance/command, /performance/metrics, /performance/benchmark, /performance/benchmark_results] Running application benchmark...
1788083394.939004182 INFO /performance_monitor [performance_monitor.py:507(PerformanceMonitor.benchmark_application)] [topics: /performance/alert, /diagnostic_status, /rosout, /performance/command, /performance/metrics, /performance/benchmark, /performance/benchmark_results] Running application benchmark...
1788083395.081634998 INFO /performance_monitor [performance_monitor.py:368(PerformanceMonitor.benchmark_fps)] [topics: /performance/alert, /diagnostic_status, /rosout, /performance/command, /performance/metrics, /performance/benchmark, /performance/benchmark_results] Running FPS benchmark...
1788083395.465382337 INFO /performance_monitor [performance_monitor.py:401(PerformanceMonitor.benchmark_cpu)] [topics: /performance/alert, /diagnostic_status, /rosout, /performance/command, /performance/metrics, /performance/benchmark, /performance/benchmark_results] Running CPU benchmark...
1788083395.624903202 INFO /performance_monitor [performance_monitor.py:507(PerformanceMonitor.benchmark_application)] [topics: /performance/alert, /diagnostic_status, /rosout, /performance/command, /performance/metrics, /performance/benchmark, /performance/benchmark_results] Running application benchmark...
1788083395.870794296 INFO /performance_monitor [performance_monitor.py:507(PerformanceMonitor.benchmark_application)] [topics: /performance/alert, /diagnostic_status, /rosout, /performance/command, /performance/metrics, /performance/benchmark, /performance/benchmark_results] Running application benchmark...
1788083396.145607471 INFO /performance_monitor [performance_monitor.py:425(PerformanceMonitor.benchmark_memory)] [topics: /performance/alert, /diagnostic_status, /rosout, /performance/command, /performance/metrics, /performance/benchmark, /performance/benchmark_results] Running memory benchmark...
1788083396.608478784 INFO /performance_monitor [performance_monitor.py:461(PerformanceMonitor.benchmark_network)] [topics: /performance/alert, /diagnostic_status, /rosout, /performance/command, /performance/metrics, /performance/benchmark, /performance/benchmark_results] Running network benchmark...
1788083396.886720180 INFO /performance_monitor [performance_monitor.py:401(PerformanceMonitor.benchmark_cpu)] [topics: /performance/alert, /diagnostic_status, /rosout, /performance/command, /performance/metrics, /performance/benchmark, /performance/benchmark_results] Running CPU benchmark...
1788083397.040903329 INFO /performance_monitor [performance_monitor.py:368(PerformanceMonitor.benchmark_fps)] [topics: /performance/alert, /diagnostic_status, /rosout, /performance/command, /performance/metrics, /performance/benchmark, /performance/benchmark_results] Running FPS benchmark...
1788083397.304804563 INFO /performance_monitor [performance_monitor.py:113(PerformanceMonitor.start_monitoring)] [topics: /performance/alert, /diagnostic_status, /rosout, /performance/command, /performance/metrics, /performance/benchmark, /performance/benchmark_results] Performance monitoring started
1788083397.363669157 INFO /performance_monitor [performance_monitor.py:425(PerformanceMonitor.benchmark_memory)] [topics: /performance/alert, /diagnostic_status, /rosout, /performance/command, /performance/metrics, /performance/benchmark, /performance/benchmark_results] Running memory benchmark...
1788083397.672717094 INFO /performance_monitor [performance_monitor.py:425(PerformanceMonitor.benchmark_memory)] [topics: /performance/alert, /diagnostic_status, /rosout, /performance/command, /performance/metrics, /performance/benchmark, /performance/benchmark_results] Running memory benchmark...
1788083398.531700134 INFO /performance_monitor [performance_monitor.py:368(PerformanceMonitor.benchmark_fps)] [topics: /performance/alert, /diagnostic_status, /rosout, /performance/command, /performance/metrics, /performance/benchmark, /performance/benchmark_results] Running FPS benchmark...
1788083398.832762479 INFO /performance_monitor [performance_monitor.py:425(PerformanceMonitor.benchmark_memory)] [topics: /performance/alert, /diagnostic_status, /rosout, /performance/command, /performance/metrics, /performance/benchmark, /performance/benchmark_results] Running memory benchmark...
1788083398.973727226 INFO /performance_monitor [performance_monitor.py:507(PerformanceMonitor.benchmark_application)] [topics: /performance/alert, /diagnostic_status, /rosout, /performance/command, /performance/metrics, /performance/benchmark, /performance/benchmark_results] Running application benchmark...
1788083399.012289047 INFO /performance_monitor [performance_monitor.py:425(PerformanceMonitor.benchmark_memory)] [topics: /performance/alert, /diagnostic_status, /rosout, /performance/command, /performance/metrics, /performance/benchmark, /performance/benchmark_results] Running memory benchmark...
1788083399.827688455 INFO /performance_monitor [performance_monitor.py:401(PerformanceMonitor.benchmark_cpu)] [topics: /performance/alert, /diagnostic_status, /rosout, /performance/command, /performance/metrics, /performance/benchmark, /performance/benchmark_results] Running CPU benchmark...
1788083399.926227092 INFO /performance_monitor [performance_monitor.py:461(PerformanceMonitor.benchmark_network)] [topics: /performance/alert, /diagnostic_status, /rosout, /performance/command, /performance/metrics, /performance/benchmark, /performance/benchmark_results] Running network benchmark...
1788083400.073750972 INFO /performance_monitor [performance_monitor.py:113(PerformanceMonitor.start_monitoring)] [topics: /performance/alert, /diagnostic_status, /rosout, /performance/command, /performance/metrics, /performance/benchmark, /performance/benchmark_results] Performance monitoring started
1788083400.569469928 INFO /performance_monitor [performance_monitor.py:507(PerformanceMonitor.benchmark_application)] [topics: /performance/alert, /diagnostic_status, /rosout, /performance/command, /performance/metrics, /performance/benchmark, /performance/benchmark_results] Running application benchmark...
1788083400.643347501 INFO /performance_monitor [performance_monitor.py:461(PerformanceMonitor.benchmark_network)] [topics: /performance/alert, /diagnostic_status, /rosout, /performance/command, /performance/metrics, /performance/benchmark, /performance/benchmark_results] Running network benchmark...
1788083400.844638347 INFO /performance_monitor [performance_monitor.py:368(PerformanceMonitor.benchmark_fps)] [topics: /performance/alert, /diagnostic_status, /rosout, /performance/command, /performance/metrics, /performance/benchmark, /performance/benchmark_results] Running FPS benchmark...
1788083401.097135543 INFO /performance_monitor [performance_monitor.py:425(PerformanceMonitor.benchmark_memory)] [topics: /performance/alert, /diagnostic_status, /rosout, /performance/command, /performance/metrics, /performance/benchmark, /performance/benchmark_results] Running memory benchmark...
1788083401.103865146 INFO /performance_monitor [performance_monitor.py:401(PerformanceMonitor.benchmark_cpu)] [topics: /performance/alert, /diagnostic_status, /rosout, /performance/command, /performance/metrics, /performance/benchmark, /performance/benchmark_results] Running CPU benchmark...
1788083401.147065639 INFO /performance_monitor [performance_monitor.py:113(PerformanceMonitor.start_monitoring)] [topics: /performance/alert, /diagnostic_status, /rosout, /performance/command, /performance/metrics, /performance/benchmark, /performance/benchmark_results] Performance monitoring started
1788083401.153401374 INFO /performance_monitor [performance_monitor.py:461(PerformanceMonitor.benchmark_network)] [topics: /performance/alert, /diagnostic_status, /rosout, /performance/command, /performance/metrics, /performance/benchmark, /performance/benchmark_results] Running network benchmark...
1788083402.050898075 INFO /performance_monitor [performance_monitor.py:425(PerformanceMonitor.benchmark_memory)] [topics: /performance/alert, /diagnostic_status, /rosout, /performance/command, /performance/metrics, /performance/benchmark, /performance/benchmark_results] Running memory benchmark...
1788083402.372599363 INFO /performance_monitor [performance_monitor.py:401(PerformanceMonitor.benchmark_cpu)] [topics: /performance/alert, /diagnostic_status, /rosout, /performance/command, /performance/metrics, /performance/benchmark, /performance/benchmark_results] Running CPU benchmark...
1788083402.508970260 INFO /performance_monitor [performance_monitor.py:113(PerformanceMonitor.start_monitoring)] [topics: /performance/alert, /diagnostic_status, /rosout, /performance/command, /performance/metrics, /performance/benchmark, /performance/benchmark_results] Performance monitoring started
1788083402.880632162 INFO /performance_monitor [performance_monitor.py:368(PerformanceMonitor.benchmark_fps)] [topics: /performance/alert, /diagnostic_status, /rosout, /performance/command, /performance/metrics, /performance/benchmark, /performance/benchmark_results] Running FPS benchmark...
1788083403.813487291 INFO /performance_monitor [performance_monitor.py:401(PerformanceMonitor.benchmark_cpu)] [topics: /performance/alert, /diagnostic_status, /rosout, /performance/command, /performance/metrics, /performance/benchmark, /performance/benchmark_results] Running CPU benchmark...
1788083403.840922355 INFO /performance_monitor [performance_monitor.py:113(PerformanceMonitor.start_monitoring)] [topics: /performance/alert, /diagnostic_status, /rosout, /performance/command, /performance/metrics, /performance/benchmark, /performance/benchmark_results] Performance monitoring started
1788083404.364946126 INFO /performance_monitor [performance_monitor.py:425(PerformanceMonitor.benchmark_memory)] [topics: /performance/alert, /diagnostic_status, /rosout, /performance/command, /performance/metrics, /performance/benchmark, /performance/benchmark_results] Running memory benchmark...
1788083404.557835578 INFO /performance_monitor [performance_monitor.py:507(PerformanceMonitor.benchmark_application)] [topics: /performance/alert, /diagnostic_status, /rosout, /performance/command, /performance/metrics, /performance/benchmark, /performance/benchmark_results] Running application benchmark...
1788083404.863870382 INFO /performance_monitor [performance_monitor.py:113(PerformanceMonitor.start_monitoring)] [topics: /performance/alert, /diagnostic_status, /rosout, /performance/command, /performance/metrics, /performance/benchmark, /performance/benchmark_results] Performance monitoring started
1788083405.325440883 INFO /performance_monitor [performance_monitor.py:507(PerformanceMonitor.benchmark_application)] [topics: /performance/alert, /diagnostic_status, /rosout, /performance/command, /performance/metrics, /performance/benchmark, /performance/benchmark_results] Running application benchmark...
1788083406.328894615 INFO /performance_monitor [performance_monitor.py:113(PerformanceMonitor.start_monitoring)] [topics: /performance/alert, /diagnostic_status, /rosout, /performance/command, /performance/metrics, /performance/benchmark, /performance/benchmark_results] Performance monitoring started
1788083406.847285985 INFO /performance_monitor [performance_monitor.py:368(PerformanceMonitor.benchmark_fps)] [topics: /performance/alert, /diagnostic_status, /rosout, /performance/command, /performance/metrics, /performance/benchmark, /performance/benchmark_results] Running FPS benchmark...
1788083406.911545276 INFO /performance_monitor [performance_monitor.py:401(PerformanceMonitor.benchmark_cpu)] [topics: /performance/alert, /diagnostic_status, /rosout, /performance/command, /performance/metrics, /performance/benchmark, /performance/benchmark_results] Running CPU benchmark...
1788083407.024536848 INFO /performance_monitor [performance_monitor.py:425(PerformanceMonitor.benchmark_memory)] [topics: /performance/alert, /diagnostic_status, /rosout, /performance/command, /performance/metrics, /performance/benchmark, /performance/benchmark_results] Running memory benchmark...
1788083407.385165452 INFO /performance_monitor [performance_monitor.py:368(PerformanceMonitor.benchmark_fps)] [topics: /performance/alert, /diagnostic_status, /rosout, /performance/command, /performance/metrics, /performance/benchmark, /performance/benchmark_results] Running FPS benchmark...
1788083407.432994604 INFO /performance_monitor [performance_monitor.py:461(PerformanceMonitor.benchmark_network)] [topics: /performance/alert, /diagnostic_status, /rosout, /performance/command, /performance/metrics, /performance/benchmark, /performance/benchmark_results] Running network benchmark...
1788083407.568682432 INFO /performance_monitor [performance_monitor.py:113(PerformanceMonitor.start_monitoring)] [topics: /performance/alert, /diagnostic_status, /rosout, /performance/command, /performance/metrics, /performance/benchmark, /performance/benchmark_results] Performance monitoring started
1788083407.670285463 INFO /performance_monitor [performance_monitor.py:507(PerformanceMonitor.benchmark_application)] [topics: /performance/alert, /diagnostic_status, /rosout, /performance/command, /performance/metrics, /performance/benchmark, /performance/benchmark_results] Running application benchmark...
1788083407.989127397 INFO /performance_monitor [performance_monitor.py:461(PerformanceMonitor.benchmark_network)] [topics: /performance/alert, /diagnostic_status, /rosout, /performance/command, /performance/metrics, /performance/benchmark, /performance/benchmark_results] Running network benchmark...
1788083408.353105545 INFO /performance_monitor [performance_monitor.py:461(PerformanceMonitor.benchmark_network)] [topics: /performance/alert, /diagnostic_status, /rosout, /performance/command, /performance/metrics, /performance/benchmark, /performance/benchmark_results] Running network benchmark...
1788083408.902059793 INFO /performance_monitor [performance_monitor.py:461(PerformanceMonitor.benchmark_network)] [topics: /performance/alert, /diagnostic_status, /rosout, /performance/command, /performance/metrics, /performance/benchmark, /performance/benchmark_results] Running network benchmark...
1788083409.050035476 INFO /performance_monitor [performance_monitor.py:368(PerformanceMonitor.benchmark_fps)] [topics: /performance/alert, /diagnostic_status, /rosout, /performance/command, /performance/metrics, /performance/benchmark, /performance/benchmark_results] Running FPS benchmark...
1788083409.100319385 INFO /performance_monitor [performance_monitor.py:461(PerformanceMonitor.benchmark_network)] [topics: /performance/alert, /diagnostic_status, /rosout, /performance/command, /performance/metrics, /performance/benchmark, /performance/benchmark_results] Running network benchmark...
1788083409.338812589 INFO /performance_monitor [performance_monitor.py:401(PerformanceMonitor.benchmark_cpu)] [topics: /performance/alert, /diagnostic_status, /rosout, /performance/command, /performance/metrics, /performance/benchmark, /performance/benchmark_results] Running CPU benchmark...
1788083409.858688831 INFO /performance_monitor [performance_monitor.py:368(PerformanceMonitor.benchmark_fps)] [topics: /performance/alert, /diagnostic_status, /rosout, /performance/command, /performance/metrics, /performance/benchmark, /performance/benchmark_results] Running FPS benchmark...
1788083410.064802408 INFO /performance_monitor [performance_monitor.py:507(PerformanceMonitor.benchmark_application)] [topics: /performance/alert, /diagnostic_status, /rosout, /performance/command, /performance/metrics, /performance/benchmark, /performance/benchmark_results] Running application benchmark...
1788083410.155044555 INFO /performance_monitor [performance_monitor.py:113(PerformanceMonitor.start_monitoring)] [topics: /performance/alert, /diagnostic_status, /rosout, /performance/command, /performance/metrics, /performance/benchmark, /performance/benchmark_results] Performance monitoring started
1788083410.477164268 INFO /performance_monitor [performance_monitor.py:368(PerformanceMonitor.benchmark_fps)] [topics: /performance/alert, /diagnostic_status, /rosout, /performance/command, /performance/metrics, /performance/benchmark, /performance/benchmark_results] Running FPS benchmark...
1788083410.531867027 INFO /performance_monitor [performance_monitor.py:461(PerformanceMonitor.benchmark_network)] [topics: /performance/alert, /diagnostic_status, /rosout, /performance/command, /performance/metrics, /performance/benchmark, /performance/benchmark_results] Running network benchmark...
1788083410.560804128 INFO /performance_monitor [performance_monitor.py:507(PerformanceMonitor.benchmark_application)] [topics: /performance/alert, /diagnostic_status, /rosout, /performance/command, /performance/metrics, /performance/benchmark, /performance/benchmark_results] Running application benchmark...
1788083410.670282840 INFO /performance_monitor [performance_monitor.py:425(PerformanceMonitor.benchmark_memory)] [topics: /performance/alert, /diagnostic_status, /rosout, /performance/command, /performance/metrics, /performance/benchmark, /performance/benchmark_results] Running memory benchmark...
1788083410.804431438 INFO /performance_monitor [performance_monitor.py:113(PerformanceMonitor.start_monitoring)] [topics: /performance/alert, /diagnostic_status, /rosout, /performance/command, /performance/metrics, /performance/benchmark, /performance/benchmark_results] Performance monitoring started
1788083411.427434921 INFO /performance_monitor [performance_monitor.py:425(PerformanceMonitor.benchmark_memory)] [topics: /performance/alert, /diagnostic_status, /rosout, /performance/command, /performance/metrics, /performance/benchmark, /performance/benchmark_results] Running memory benchmark...
1788083411.779683113 INFO /performance_monitor [performance_monitor.py:507(PerformanceMonitor.benchmark_application)] [topics: /performance/alert, /diagnostic_status, /rosout, /performance/command, /performance/metrics, /performance/benchmark, /performance/benchmark_results] Running application benchmark...
1788083411.860869884 INFO /performance_monitor [performance_monitor.py:368(PerformanceMonitor.benchmark_fps)] [topics: /performance/alert, /diagnostic_status, /rosout, /performance/command, /performance/metrics, /performance/benchmark, /performance/benchmark_results] Running FPS benchmark...
1788083412.055987358 INFO /performance_monitor [performance_monitor.py:401(PerformanceMonitor.benchmark_cpu)] [topics: /performance/alert, /diagnostic_status, /rosout, /performance/command, /performance/metrics, /performance/benchmark, /performance/benchmark_results] Running CPU benchmark...
1788083412.813052892 INFO /performance_monitor [performance_monitor.py:401(PerformanceMonitor.benchmark_cpu)] [topics: /performance/alert, /diagnostic_status, /rosout, /performance/command, /performance/metrics, /performance/benchmark, /performance/benchmark_results] Running CPU benchmark...
1788083413.146920919 INFO /performance_monitor [performance_monitor.py:461(PerformanceMonitor.benchmark_network)] [topics: /performance/alert, /diagnostic_status, /rosout, /performance/command, /performance/metrics, /performance/benchmark, /performance/benchmark_results] Running network benchmark...
1788083413.744078874 INFO /performance_monitor [performance_monitor.py:113(PerformanceMonitor.start_monitoring)] [topics: /performance/alert, /diagnostic_status, /rosout, /performance/command, /performance/metrics, /performance/benchmark, /performance/benchmark_results] Performance monitoring started
1788083413.787325620 INFO /performance_monitor [performance_monitor.py:461(PerformanceMonitor.benchmark_network)] [topics: /performance/alert, /diagnostic_status, /rosout, /performance/command, /performance/metrics, /performance/benchmark, /performance/benchmark_results] Running network benchmark...
1788083413.951640844 INFO /performance_monitor [performance_monitor.py:425(PerformanceMonitor.benchmark_memory)] [topics: /performance/alert, /diagnostic_status, /rosout, /performance/command, /performance/metrics, /performance/benchmark, /performance/benchmark_results] Running memory benchmark...
1788083414.080955505 INFO /performance_monitor [performance_monitor.py:401(PerformanceMonitor.benchmark_cpu)] [topics: /performance/alert, /diagnostic_status, /rosout, /performance/command, /performance/metrics, /performance/benchmark, /performance/benchmark_results] Running CPU benchmark...
1788083414.313523769 INFO /performance_monitor [performance_monitor.py:368(PerformanceMonitor.benchmark_fps)] [topics: /performance/alert, /diagnostic_status, /rosout, /performance/command, /performance/metrics, /performance/benchmark, /performance/benchmark_results] Running FPS benchmark...
1788083414.724628448 INFO /performance_monitor [performance_monitor.py:507(PerformanceMonitor.benchmark_application)] [topics: /performance/alert, /diagnostic_status, /rosout, /performance/command, /performance/metrics, /performance/benchmark, /performance/benchmark_results] Running application benchmark...
1788083414.972965002 INFO /performance_monitor [performance_monitor.py:401(PerformanceMonitor.benchmark_cpu)] [topics: /performance/alert, /diagnostic_status, /rosout, /performance/command, /performance/metrics, /performance/benchmark, /performance/benchmark_results] Running CPU benchmark...
1788083415.378748178 INFO /performance_monitor [performance_monitor.py:113(PerformanceMonitor.start_monitoring)] [topics: /performance/alert, /diagnostic_status, /rosout, /performance/command, /performance/metrics, /performance/benchmark, /performance/benchmark_results] Performance monitoring started
1788083415.969924211 INFO /performance_monitor [performance_monitor.py:401(PerformanceMonitor.benchmark_cpu)] [topics: /performance/alert, /diagnostic_status, /rosout, /performance/command, /performance/metrics, /performance/benchmark, /performance/benchmark_results] Running CPU benchmark...
1788083416.131491661 INFO /performance_monitor [performance_monitor.py:368(PerformanceMonitor.benchmark_fps)] [topics: /performance/alert, /diagnostic_status, /rosout, /performance/command, /performance/metrics, /performance/benchmark, /performance/benchmark_results] Running FPS benchmark...
1788083416.537194490 INFO /performance_monitor [performance_monitor.py:461(PerformanceMonitor.benchmark_network)] [topics: /performance/alert, /diagnostic_status, /rosout, /performance/command, /performance/metrics, /performance/benchmark, /performance/benchmark_results] Running network benchmark...
1788083417.058167457 INFO /performance_monitor [performance_monitor.py:401(PerformanceMonitor.benchmark_cpu)] [topics: /performance/alert, /diagnostic_status, /rosout, /performance/command, /performance/metrics, /performance/benchmark, /performance/benchmark_results] Running CPU benchmark...
1788083417.651827096 INFO /performance_monitor [performance_monitor.py:113(PerformanceMonitor.start_monitoring)] [topics: /performance/alert, /diagnostic_status, /rosout, /performance/command, /performance/metrics, /performance/benchmark, /performance/benchmark_results] Performance monitoring started
1788083417.808073520 INFO /performance_monitor [performance_monitor.py:461(PerformanceMonitor.benchmark_network)] [topics: /performance/alert, /diagnostic_status, /rosout, /performance/command, /performance/metrics, /performance/benchmark, /performance/benchmark_results] Running network benchmark...
1788083417.893231153 INFO /performance_monitor [performance_monitor.py:507(PerformanceMonitor.benchmark_application)] [topics: /performance/alert, /diagnostic_status, /rosout, /performance/command, /performance/metrics, /performance/benchmark, /performance/benchmark_results] Running application benchmark...
1788083418.251724481 INFO /performance_monitor [performance_monitor.py:507(PerformanceMonitor.benchmark_application)] [topics: /performance/alert, /diagnostic_status, /rosout, /performance/command, /performance/metrics, /performance/benchmark, /performance/benchmark_results] Running application benchmark...
1788083418.425990104 INFO /performance_monitor [performance_monitor.py:507(PerformanceMonitor.benchmark_application)] [topics: /performance/alert, /diagnostic_status, /rosout, /performance/command, /performance/metrics, /performance/benchmark, /performance/benchmark_results] Running application benchmark...
1788083418.652203321 INFO /performance_monitor [performance_monitor.py:368(PerformanceMonitor.benchmark_fps)] [topics: /performance/alert, /diagnostic_status, /rosout, /performance/command, /performance/metrics, /performance/benchmark, /performance/benchmark_results] Running FPS benchmark...
1788083419.043713092 INFO /performance_monitor [performance_monitor.py:425(PerformanceMonitor.benchmark_memory)] [topics: /performance/alert, /diagnostic_status, /rosout, /performance/command, /performance/metrics, /performance/benchmark, /performance/benchmark_results] Running memory benchmark...
1788083419.422638654 INFO /performance_monitor [performance_monitor.py:113(PerformanceMonitor.start_monitoring)] [topics: /performance/alert, /diagnostic_status, /rosout, /performance/command, /performance/metrics, /performance/benchmark, /performance/benchmark_results] Performance monitoring started
1788083420.125152111 INFO /performance_monitor [performance_monitor.py:368(PerformanceMonitor.benchmark_fps)] [topics: /performance/alert, /diagnostic_status, /rosout, /performance/command, /performance/metrics, /performance/benchmark, /performance/benchmark_results] Running FPS benchmark...
1788083420.398242235 INFO /performance_monitor [performance_monitor.py:401(PerformanceMonitor.benchmark_cpu)] [topics: /performance/alert, /diagnostic_status, /rosout, /performance/command, /performance/metrics, /performance/benchmark, /performance/benchmark_results] Running CPU benchmark...
1788083421.065542936 INFO /performance_monitor [performance_monitor.py:113(PerformanceMonitor.start_monitoring)] [topics: /performance/alert, /diagnostic_status, /rosout, /performance/command, /performance/metrics, /performance/benchmark, /performance/benchmark_results] Performance monitoring started
1788083421.692861795 INFO /performance_monitor [performance_monitor.py:401(PerformanceMonitor.benchmark_cpu)] [topics: /performance/alert, /diagnostic_status, /rosout, /performance/command, /performance/metrics, /performance/benchmark, /performance/benchmark_results] Running CPU benchmark...
1788083422.125619173 INFO /performance_monitor [performance_monitor.py:368(PerformanceMonitor.benchmark_fps)] [topics: /performance/alert, /diagnostic_status, /rosout, /performance/command, /performance/metrics, /performance/benchmark, /performance/benchmark_results] Running FPS benchmark...
1788083422.333037376 INFO /performance_monitor [performance_monitor.py:461(PerformanceMonitor.benchmark_network)] [topics: /performance/alert, /diagnostic_status, /rosout, /performance/command, /performance/metrics, /performance/benchmark, /performance/benchmark_results] Running network benchmark...
1788083423.419319152 INFO /performance_monitor [performance_monitor.py:113(PerformanceMonitor.start_monitoring)] [topics: /performance/alert, /diagnostic_status, /rosout, /performance/command, /performance/metrics, /performance/benchmark, /performance/benchmark_results] Performance monitoring started
1788083424.127600908 INFO /performance_monitor [performance_monitor.py:368(PerformanceMonitor.benchmark_fps)] [topics: /performance/alert, /diagnostic_status, /rosout, /performance/command, /performance/metrics, /performance/benchmark, /performance/benchmark_results] Running FPS benchmark...
1788083424.380440950 INFO /performance_monitor [performance_monitor.py:401(PerformanceMonitor.benchmark_cpu)] [topics: /performance/alert, /diagnostic_status, /rosout, /performance/command, /performance/metrics, /performance/benchmark, /performance/benchmark_results] Running CPU benchmark...
1788083424.755648851 INFO /performance_monitor [performance_monitor.py:425(PerformanceMonitor.benchmark_memory)] [topics: /performance/alert, /diagnostic_status, /rosout, /performance/command, /performance/metrics, /performance/benchmark, /performance/benchmark_results] Running memory benchmark...
1788083424.989298105 INFO /performance_monitor [performance_monitor.py:425(PerformanceMonitor.benchmark_memory)] [topics: /performance/alert, /diagnostic_status, /rosout, /performance/command, /performance/metrics, /performance/benchmark, /performance/benchmark_results] Running memory benchmark...
1788083425.498325586 INFO /performance_monitor [performance_monitor.py:425(PerformanceMonitor.benchmark_memory)] [topics: /performance/alert, /diagnostic_status, /rosout, /performance/command, /performance/metrics, /performance/benchmark, /performance/benchmark_results] Running memory benchmark...
1788083426.752220392 INFO /performance_monitor [performance_monitor.py:113(PerformanceMonitor.start_monitoring)] [topics: /performance/alert, /diagnostic_status, /rosout, /performance/command, /performance/metrics, /performance/benchmark, /performance/benchmark_results] Performance monitoring started
1788083427.232095718 INFO /performance_monitor [performance_monitor.py:401(PerformanceMonitor.benchmark_cpu)] [topics: /performance/alert, /diagnostic_status, /rosout, /performance/command, /performance/metrics, /performance/benchmark, /performance/benchmark_results] Running CPU benchmark...
1788083427.715552806 INFO /performance_monitor [performance_monitor.py:507(PerformanceMonitor.benchmark_application)] [topics: /performance/alert, /diagnostic_status, /rosout, /performance/command, /performance/metrics, /performance/benchmark, /performance/benchmark_results] Running application benchmark...
1788083427.805342435 INFO /performance_monitor [performance_monitor.py:368(PerformanceMonitor.benchmark_fps)] [topics: /performance/alert, /diagnostic_status, /rosout, /performance/command, /performance/metrics, /performance/benchmark, /performance/benchmark_results] Running FPS benchmark...
1788083428.326096296 INFO /performance_monitor [performance_monitor.py:425(PerformanceMonitor.benchmark_memory)] [topics: /performance/alert, /diagnostic_status, /rosout, /performance/command, /performance/metrics, /performance/benchmark, /performance/benchmark_results] Running memory benchmark...
1788083428.467933177 INFO /performance_monitor [performance_monitor.py:401(PerformanceMonitor.benchmark_cpu)] [topics: /performance/alert, /diagnostic_status, /rosout, /performance/command, /performance/metrics, /performance/benchmark, /performance/benchmark_results] Running CPU benchmark...
1788083428.675537109 INFO /performance_monitor [performance_monitor.py:113(PerformanceMonitor.start_monitoring)] [topics: /performance/alert, /diagnostic_status, /rosout, /performance/command, /performance/metrics, /performance/benchmark, /performance/benchmark_results] Performance monitoring started
1788083429.743669509 INFO /performance_monitor [performance_monitor.py:368(PerformanceMonitor.benchmark_fps)] [topics: /performance/alert, /diagnostic_status, /rosout, /performance/command, /performance/metrics, /performance/benchmark, /performance/benchmark_results] Running FPS benchmark...
1788083430.031394004 INFO /performance_monitor [performance_monitor.py:461(PerformanceMonitor.benchmark_network)] [topics: /performance/alert, /diagnostic_status, /rosout, /performance/command, /performance/metrics, /performance/benchmark, /performance/benchmark_results] Running network benchmark...
1788083430.049696922 INFO /performance_monitor [performance_monitor.py:113(PerformanceMonitor.start_monitoring)] [topics: /performance/alert, /diagnostic_status, /rosout, /performance/command, /performance/metrics, /performance/benchmark, /performance/benchmark_results] Performance monitoring started
1788083430.222082376 INFO /performance_monitor [performance_monitor.py:425(PerformanceMonitor.benchmark_memory)] [topics: /performance/alert, /diagnostic_status, /rosout, /performance/command, /performance/metrics, /performance/benchmark, /performance/benchmark_results] Running memory benchmark...
1788083430.397523641 INFO /performance_monitor [performance_monitor.py:507(PerformanceMonitor.benchmark_application)] [topics: /performance/alert, /diagnostic_status, /rosout, /performance/command, /performance/metrics, /performance/benchmark, /performance/benchmark_results] Running application benchmark...
1788083430.600451946 INFO /performance_monitor [performance_monitor.py:401(PerformanceMonitor.benchmark_cpu)] [topics: /performance/alert, /diagnostic_status, /rosout, /performance/command, /performance/metrics, /performance/benchmark, /performance/benchmark_results] Running CPU benchmark...
1788083432.020998716 INFO /performance_monitor [performance_monitor.py:368(PerformanceMonitor.benchmark_fps)] [topics: /performance/alert, /diagnostic_status, /rosout, /performance/command, /performance/metrics, /performance/benchmark, /performance/benchmark_results] Running FPS benchmark...
1788083432.038062095 INFO /performance_monitor [performance_monitor.py:507(PerformanceMonitor.benchmark_application)] [topics: /performance/alert, /diagnostic_status, /rosout, /performance/command, /performance/metrics, /performance/benchmark, /performance/benchmark_results] Running application benchmark...
1788083432.106781959 INFO /performance_monitor [performance_monitor.py:113(PerformanceMonitor.start_monitoring)] [topics: /performance/alert, /diagnostic_status, /rosout, /performance/command, /performance/metrics, /performance/benchmark, /performance/benchmark_results] Performance monitoring started
1788083432.374523401 INFO /performance_monitor [performance_monitor.py:507(PerformanceMonitor.benchmark_application)] [topics: /performance/alert, /diagnostic_status, /rosout, /performance/command, /performance/metrics, /performance/benchmark, /performance/benchmark_results] Running application benchmark...
1788083432.924510955 INFO /performance_monitor [performance_monitor.py:368(PerformanceMonitor.benchmark_fps)] [topics: /performance/alert, /diagnostic_status, /rosout, /performance/command, /performance/metrics, /performance/benchmark, /performance/benchmark_results] Running FPS benchmark...
1788083433.012715816 INFO /performance_monitor [performance_monitor.py:461(PerformanceMonitor.benchmark_network)] [topics: /performance/alert, /diagnostic_status, /rosout, /performance/command, /performance/metrics, /performance/benchmark, /performance/benchmark_results] Running network benchmark...
1788083433.501412153 INFO /performance_monitor [performance_monitor.py:425(PerformanceMonitor.benchmark_memory)] [topics: /performance/alert, /diagnostic_status, /rosout, /performance/command, /performance/metrics, /performance/benchmark, /performance/benchmark_results] Running memory benchmark...
1788083433.741423130 INFO /performance_monitor [performance_monitor.py:113(PerformanceMonitor.start_monitoring)] [topics: /performance/alert, /diagnostic_status, /rosout, /performance/command, /performance/metrics, /performance/benchmark, /performance/benchmark_results] Performance monitoring started
1788083434.032590866 INFO /performance_monitor [performance_monitor.py:401(PerformanceMonitor.benchmark_cpu)] [topics: /performance/alert, /diagnostic_status, /rosout, /performance/command, /performance/metrics, /performance/benchmark, /performance/benchmark_results] Running CPU benchmark...
1788083434.226222276 INFO /performance_monitor [performance_monitor.py:368(PerformanceMonitor.benchmark_fps)] [topics: /performance/alert, /diagnostic_status, /rosout, /performance/command, /performance/metrics, /performance/benchmark, /performance/benchmark_results] Running FPS benchmark...
1788083434.516754627 INFO /performance_monitor [performance_monitor.py:507(PerformanceMonitor.benchmark_application)] [topics: /performance/alert, /diagnostic_status, /rosout, /performance/command, /performance/metrics, /performance/benchmark, /performance/benchmark_results] Running application benchmark...
1788083435.073251008 INFO /performance_monitor [performance_monitor.py:113(PerformanceMonitor.start_monitoring)] [topics: /performance/alert, /diagnostic_status, /rosout, /performance/command, /performance/metrics, /performance/benchmark, /performance/benchmark_results] Performance monitoring started
1788083435.555161237 INFO /performance_monitor [performance_monitor.py:401(PerformanceMonitor.benchmark_cpu)] [topics: /performance/alert, /diagnostic_status, /rosout, /performance/command, /performance/metrics, /performance/benchmark, /performance/benchmark_results] Running CPU benchmark...
1788083436.094461679 INFO /performance_monitor [performance_monitor.py:461(PerformanceMonitor.benchmark_network)] [topics: /performance/alert, /diagnostic_status, /rosout, /performance/command, /performance/metrics, /performance/benchmark, /performance/benchmark_results] Running network benchmark...
1788083436.879579067 INFO /performance_monitor [performance_monitor.py:368(PerformanceMonitor.benchmark_fps)] [topics: /performance/alert, /diagnostic_status, /rosout, /performance/command, /performance/metrics, /performance/benchmark, /performance/benchmark_results] Running FPS benchmark...
1788083436.962907314 INFO /performance_monitor [performance_monitor.py:461(PerformanceMonitor.benchmark_network)] [topics: /performance/alert, /diagnostic_status, /rosout, /performance/command, /performance/metrics, /performance/benchmark, /performance/benchmark_results] Running network benchmark...
1788083437.563772916 INFO /performance_monitor [performance_monitor.py:507(PerformanceMonitor.benchmark_application)] [topics: /performance/alert, /diagnostic_status, /rosout, /performance/command, /performance/metrics, /performance/benchmark, /performance/benchmark_results] Running application benchmark...
1788083437.699603796 INFO /performance_monitor [performance_monitor.py:507(PerformanceMonitor.benchmark_application)] [topics: /performance/alert, /diagnostic_status, /rosout, /performance/command, /performance/metrics, /performance/benchmark, /performance/benchmark_results] Running application benchmark...
1788083437.825158357 INFO /performance_monitor [performance_monitor.py:507(PerformanceMonitor.benchmark_application)] [topics: /performance/alert, /diagnostic_status, /rosout, /performance/command, /performance/metrics, /performance/benchmark, /performance/benchmark_results] Running application benchmark...
1788083437.994455337 INFO /performance_monitor [performance_monitor.py:507(PerformanceMonitor.benchmark_application)] [topics: /performance/alert, /diagnostic_status, /rosout, /performance/command, /performance/metrics, /performance/benchmark, /performance/benchmark_results] Running application benchmark...
1788083438.012066364 INFO /performance_monitor [performance_monitor.py:113(PerformanceMonitor.start_monitoring)] [topics: /performance/alert, /diagnostic_status, /rosout, /performance/command, /performance/metrics, /performance/benchmark, /performance/benchmark_results] Performance monitoring started
1788083438.611851215 INFO /performance_monitor [performance_monitor.py:425(PerformanceMonitor.benchmark_memory)] [topics: /performance/alert, /diagnostic_status, /rosout, /performance/command, /performance/metrics, /performance/benchmark, /performance/benchmark_results] Running memory benchmark...
1788083438.830753564 INFO /performance_monitor [performance_monitor.py:401(PerformanceMonitor.benchmark_cpu)] [topics: /performance/alert, /diagnostic_status, /rosout, /performance/command, /performance/metrics, /performance/benchmark, /performance/benchmark_results] Running CPU benchmark...
1788083439.084424495 INFO /performance_monitor [performance_monitor.py:425(PerformanceMonitor.benchmark_memory)] [topics: /performance/alert, /diagnostic_status, /rosout, /performance/command, /performance/metrics, /performance/benchmark, /performance/benchmark_results] Running memory benchmark...
1788083440.336158275 INFO /performance_monitor [performance_monitor.py:368(PerformanceMonitor.benchmark_fps)] [topics: /performance/alert, /diagnostic_status, /rosout, /performance/command, /performance/metrics, /performance/benchmark, /performance/benchmark_results] Running FPS benchmark...
1788083440.523404836 INFO /performance_monitor [performance_monitor.py:401(PerformanceMonitor.benchmark_cpu)] [topics: /performance/alert, /diagnostic_status, /rosout, /performance/command, /performance/metrics, /performance/benchmark, /performance/benchmark_results] Running CPU benchmark...
1788083440.931392908 INFO /performance_monitor [performance_monitor.py:113(PerformanceMonitor.start_monitoring)] [topics: /performance/alert, /diagnostic_status, /rosout, /performance/command, /performance/metrics, /performance/benchmark, /performance/benchmark_results] Performance monitoring started
1788083441.250493288 INFO /performance_monitor [performance_monitor.py:425(PerformanceMonitor.benchmark_memory)] [topics: /performance/alert, /diagnostic_status, /rosout, /performance/command, /performance/metrics, /performance/benchmark, /performance/benchmark_results] Running memory benchmark...
1788083441.689755678 INFO /performance_monitor [performance_monitor.py:368(PerformanceMonitor.benchmark_fps)] [topics: /performance/alert, /diagnostic_status, /rosout, /performance/command, /performance/metrics, /performance/benchmark, /performance/benchmark_results] Running FPS benchmark...
1788083441.702918052 INFO /performance_monitor [performance_monitor.py:401(PerformanceMonitor.benchmark_cpu)] [topics: /performance/alert, /diagnostic_status, /rosout, /performance/command, /performance/metrics, /performance/benchmark, /performance/benchmark_results] Running CPU benchmark...
1788083442.354618072 INFO /performance_monitor [performance_monitor.py:461(PerformanceMonitor.benchmark_network)] [topics: /performance/alert, /diagnostic_status, /rosout, /performance/command, /performance/metrics, /performance/benchmark, /performance/benchmark_results] Running network benchmark...
1788083442.757035970 INFO /performance_monitor [performance_monitor.py:425(PerformanceMonitor.benchmark_memory)] [topics: /performance/alert, /diagnostic_status, /rosout, /performance/command, /performance/metrics, /performance/benchmark, /performance/benchmark_results] Running memory benchmark...
1788083443.199906826 INFO /performance_monitor [performance_monitor.py:461(PerformanceMonitor.benchmark_network)] [topics: /performance/alert, /diagnostic_status, /rosout, /performance/command, /performance/metrics, /performance/benchmark, /performance/benchmark_results] Running network benchmark...
1788083443.481276750 INFO /performance_monitor [performance_monitor.py:425(PerformanceMonitor.benchmark_memory)] [topics: /performance/alert, /diagnostic_status, /rosout, /performance/command, /performance/metrics, /performance/benchmark, /performance/benchmark_results] Running memory benchmark...
1788083443.694580078 INFO /performance_monitor [performance_monitor.py:113(PerformanceMonitor.start_monitoring)] [topics: /performance/alert, /diagnostic_status, /rosout, /performance/command, /performance/metrics, /performance/benchmark, /performance/benchmark_results] Performance monitoring started
1788083444.187230110 INFO /performance_monitor [performance_monitor.py:368(PerformanceMonitor.benchmark_fps)] [topics: /performance/alert, /diagnostic_status, /rosout, /performance/command, /performance/metrics, /performance/benchmark, /performance/benchmark_results] Running FPS benchmark...
1788083444.293931722 INFO /performance_monitor [performance_monitor.py:507(PerformanceMonitor.benchmark_application)] [topics: /performance/alert, /diagnostic_status, /rosout, /performance/command, /performance/metrics, /performance/benchmark, /performance/benchmark_results] Running application benchmark...
1788083444.670097827 INFO /performance_monitor [performance_monitor.py:401(PerformanceMonitor.benchmark_cpu)] [topics: /performance/alert, /diagnostic_status, /rosout, /performance/command, /performance/metrics, /performance/benchmark, /performance/benchmark_results] Running CPU benchmark...
1788083444.802864789 INFO /performance_monitor [performance_monitor.py:461(PerformanceMonitor.benchmark_network)] [topics: /performance/alert, /diagnostic_status, /rosout, /performance/command, /performance/metrics, /performance/benchmark, /performance/benchmark_results] Running network benchmark...
1788083444.943351507 INFO /performance_monitor [performance_monitor.py:425(PerformanceMonitor.benchmark_memory)] [topics: /performance/alert, /diagnostic_status, /rosout, /performance/command, /performance/metrics, /performance/benchmark, /performance/benchmark_results] Running memory benchmark...
1788083445.162333488 INFO /performance_monitor [performance_monitor.py:507(PerformanceMonitor.benchmark_application)] [topics: /performance/alert, /diagnostic_status, /rosout, /performance/command, /performance/metrics, /performance/benchmark, /performance/benchmark_results] Running application benchmark...
1788083446.201631069 INFO /performance_monitor [performance_monitor.py:368(PerformanceMonitor.benchmark_fps)] [topics: /performance/alert, /diagnostic_status, /rosout, /performance/command, /performance/metrics, /performance/benchmark, /performance/benchmark_results] Running FPS benchmark...
1788083446.379846811 INFO /performance_monitor [performance_monitor.py:113(PerformanceMonitor.start_monitoring)] [topics: /performance/alert, /diagnostic_status, /rosout, /performance/command, /performance/metrics, /performance/benchmark, /performance/benchmark_results] Performance monitoring started
1788083446.745086669 INFO /performance_monitor [performance_monitor.py:507(PerformanceMonitor.benchmark_application)] [topics: /performance/alert, /diagnostic_status, /rosout, /performance/command, /performance/metrics, /performance/benchmark, /performance/benchmark_results] Running application benchmark...
1788083446.836993932 INFO /performance_monitor [performance_monitor.py:401(PerformanceMonitor.benchmark_cpu)] [topics: /performance/alert, /diagnostic_status, /rosout, /performance/command, /performance/metrics, /performance/benchmark, /performance/benchmark_results] Running CPU benchmark...
1788083447.453664064 INFO /performance_monitor [performance_monitor.py:368(PerformanceMonitor.benchmark_fps)] [topics: /performance/alert, /diagnostic_status, /rosout, /performance/command, /performance/metrics, /performance/benchmark, /performance/benchmark_results] Running FPS benchmark...
1788083447.880064964 INFO /performance_monitor [performance_monitor.py:507(PerformanceMonitor.benchmark_application)] [topics: /performance/alert, /diagnostic_status, /rosout, /performance/command, /performance/metrics, /performance/benchmark, /performance/benchmark_results] Running application benchmark...
1788083448.530390977 INFO /performance_monitor [performance_monitor.py:425(PerformanceMonitor.benchmark_memory)] [topics: /performance/alert, /diagnostic_status, /rosout, /performance/command, /performance/metrics, /performance/benchmark, /performance/benchmark_results] Running memory benchmark...
1788083448.787319898 INFO /performance_monitor [performance_monitor.py:425(PerformanceMonitor.benchmark_memory)] [topics: /performance/alert, /diagnostic_status, /rosout, /performance/command, /performance/metrics, /performance/benchmark, /performance/benchmark_results] Running memory benchmark...
1788083448.988022804 INFO /performance_monitor [performance_monitor.py:507(PerformanceMonitor.benchmark_application)] [topics: /performance/alert, /diagnostic_status, /rosout, /performance/command, /performance/metrics, /performance/benchmark, /performance/benchmark_results] Running application benchmark...
1788083449.849376440 INFO /performance_monitor [performance_monitor.py:113(PerformanceMonitor.start_monitoring)] [topics: /performance/alert, /diagnostic_status, /rosout, /performance/command, /performance/metrics, /performance/benchmark, /performance/benchmark_results] Performance monitoring started
1788083449.999992132 INFO /performance_monitor [performance_monitor.py:401(PerformanceMonitor.benchmark_cpu)] [topics: /performance/alert, /diagnostic_status, /rosout, /performance/command, /performance/metrics, /performance/benchmark, /performance/benchmark_results] Running CPU benchmark...
1788083450.183124065 INFO /performance_monitor [performance_monitor.py:368(PerformanceMonitor.benchmark_fps)] [topics: /performance/alert, /diagnostic_status, /rosout, /performance/command, /performance/metrics, /performance/benchmark, /performance/benchmark_results] Running FPS benchmark...
1788083450.273318290 INFO /performance_monitor [performance_monitor.py:401(PerformanceMonitor.benchmark_cpu)] [topics: /performance/alert, /diagnostic_status, /rosout, /performance/command, /performance/metrics, /performance/benchmark, /performance/benchmark_results] Running CPU benchmark...
1788083450.433522701 INFO /performance_monitor [performance_monitor.py:113(PerformanceMonitor.start_monitoring)] [topics: /performance/alert, /diagnostic_status, /rosout, /performance/command, /performance/metrics, /performance/benchmark, /performance/benchmark_results] Performance monitoring started
1788083452.015355110 INFO /performance_monitor [performance_monitor.py:113(PerformanceMonitor.start_monitoring)] [topics: /performance/alert, /diagnostic_status, /rosout, /performance/command, /performance/metrics, /performance/benchmark, /performance/benchmark_results] Performance monitoring started
1788083452.083030223 INFO /performance_monitor [performance_monitor.py:401(PerformanceMonitor.benchmark_cpu)] [topics: /performance/alert, /diagnostic_status, /rosout, /performance/command, /performance/metrics, /performance/benchmark, /performance/benchmark_results] Running CPU benchmark...
1788083452.173590898 INFO /performance_monitor [performance_monitor.py:368(PerformanceMonitor.benchmark_fps)] [topics: /performance/alert, /diagnostic_status, /rosout, /performance/command, /performance/metrics, /performance/benchmark, /performance/benchmark_results] Running FPS benchmark...
1788083452.487017393 INFO /performance_monitor [performance_monitor.py:425(PerformanceMonitor.benchmark_memory)] [topics: /performance/alert, /diagnostic_status, /rosout, /performance/command, /performance/metrics, /performance/benchmark, /performance/benchmark_results] Running memory benchmark...
1788083452.666614294 INFO /performance_monitor [performance_monitor.py:113(PerformanceMonitor.start_monitoring)] [topics: /performance/alert, /diagnostic_status, /rosout, /performance/command, /performance/metrics, /performance/benchmark, /performance/benchmark_results] Performance monitoring started
1788083452.915366888 INFO /performance_monitor [performance_monitor.py:401(PerformanceMonitor.benchmark_cpu)] [topics: /performance/alert, /diagnostic_status, /rosout, /performance/command, /performance/metrics, /performance/benchmark, /performance/benchmark_results] Running CPU benchmark...
1788083453.677815437 INFO /performance_monitor [performance_monitor.py:461(PerformanceMonitor.benchmark_network)] [topics: /performance/alert, /diagnostic_status, /rosout, /performance/command, /performance/metrics, /performance/benchmark, /performance/benchmark_results] Running network benchmark...
1788083454.292358636 INFO /performance_monitor [performance_monitor.py:461(PerformanceMonitor.benchmark_network)] [topics: /performance/alert, /diagnostic_status, /rosout, /performance/command, /performance/metrics, /performance/benchmark, /performance/benchmark_results] Running network benchmark...
1788083454.527010202 INFO /performance_monitor [performance_monitor.py:113(PerformanceMonitor.start_monitoring)] [topics: /performance/alert, /diagnostic_status, /rosout, /performance/command, /performance/metrics, /performance/benchmark, /performance/benchmark_results] Performance monitoring started
1788083455.092503070 INFO /performance_monitor [performance_monitor.py:425(PerformanceMonitor.benchmark_memory)] [topics: /performance/alert, /diagnostic_status, /rosout, /performance/command, /performance/metrics, /performance/benchmark, /performance/benchmark_results] Running memory benchmark...
1788083455.375708818 INFO /performance_monitor [performance_monitor.py:461(PerformanceMonitor.benchmark_network)] [topics: /performance/alert, /diagnostic_status, /rosout, /performance/command, /performance/metrics, /performance/benchmark, /performance/benchmark_results] Running network benchmark...
1788083455.548011064 INFO /performance_monitor [performance_monitor.py:113(PerformanceMonitor.start_monitoring)] [topics: /performance/alert, /diagnostic_status, /rosout, /performance/command, /performance/metrics, /performance/benchmark, /performance/benchmark_results] Performance monitoring started
1788083456.024491310 INFO /performance_monitor [performance_monitor.py:461(PerformanceMonitor.benchmark_network)] [topics: /performance/alert, /diagnostic_status, /rosout, /performance/command, /performance/metrics, /performance/benchmark, /performance/benchmark_results] Running network benchmark...
1788083456.717443466 INFO /performance_monitor [performance_monitor.py:368(PerformanceMonitor.benchmark_fps)] [topics: /performance/alert, /diagnostic_status, /rosout, /performance/command, /performance/metrics, /performance/benchmark, /performance/benchmark_results] Running FPS benchmark...
1788083457.071214437 INFO /performance_monitor [performance_monitor.py:368(PerformanceMonitor.benchmark_fps)] [topics: /performance/alert, /diagnostic_status, /rosout, /performance/command, /performance/metrics, /performance/benchmark, /performance/benchmark_results] Running FPS benchmark...
1788083457.731910943 INFO /performance_monitor [performance_monitor.py:401(PerformanceMonitor.benchmark_cpu)] [topics: /performance/alert, /diagnostic_status, /rosout, /performance/command, /performance/metrics, /performance/benchmark, /performance/benchmark_results] Running CPU benchmark...
1788083457.906314134 INFO /performance_monitor [performance_monitor.py:461(PerformanceMonitor.benchmark_network)] [topics: /performance/alert, /diagnostic_status, /rosout, /performance/command, /performance/metrics, /performance/benchmark, /performance/benchmark_results] Running network benchmark...
1788083458.130995035 INFO /performance_monitor [performance_monitor.py:507(PerformanceMonitor.benchmark_application)] [topics: /performance/alert, /diagnostic_status, /rosout, /performance/command, /performance/metrics, /performance/benchmark, /performance/benchmark_results] Running application benchmark...
1788083458.363623619 INFO /performance_monitor [performance_monitor.py:113(PerformanceMonitor.start_monitoring)] [topics: /performance/alert, /diagnostic_status, /rosout, /performance/command, /performance/metrics, /performance/benchmark, /performance/benchmark_results] Performance monitoring started
1788083458.752079248 INFO /performance_monitor [performance_monitor.py:368(PerformanceMonitor.benchmark_fps)] [topics: /performance/alert, /diagnostic_status, /rosout, /performance/command, /performance/metrics, /performance/benchmark, /performance/benchmark_results] Running FPS benchmark...
1788083458.843879938 INFO /performance_monitor [performance_monitor.py:401(PerformanceMonitor.benchmark_cpu)] [topics: /performance/alert, /diagnostic_status, /rosout, /performance/command, /performance/metrics, /performance/benchmark, /performance/benchmark_results] Running CPU benchmark...
1788083459.066902875 INFO /performance_monitor [performance_monitor.py:425(PerformanceMonitor.benchmark_memory)] [topics: /performance/alert, /diagnostic_status, /rosout, /performance/command, /performance/metrics, /performance/benchmark, /performance/benchmark_results] Running memory benchmark...
1788083459.252978324 INFO /performance_monitor [performance_monitor.py:461(PerformanceMonitor.benchmark_network)] [topics: /performance/alert, /diagnostic_status, /rosout, /performance/command, /performance/metrics, /performance/benchmark, /performance/benchmark_results] Running network benchmark...
1788083459.469220161 INFO /performance_monitor [performance_monitor.py:368(PerformanceMonitor.benchmark_fps)] [topics: /performance/alert, /diagnostic_status, /rosout, /performance/command, /performance/metrics, /performance/benchmark, /performance/benchmark_results] Running FPS benchmark...
1788083459.737915992 INFO /performance_monitor [performance_monitor.py:113(PerformanceMonitor.start_monitoring)] [topics: /performance/alert, /diagnostic_status, /rosout, /performance/command, /performance/metrics, /performance/benchmark, /performance/benchmark_results] Performance monitoring started
1788083460.514775753 INFO /performance_monitor [performance_monitor.py:368(PerformanceMonitor.benchmark_fps)] [topics: /performance/alert, /diagnostic_status, /rosout, /performance/command, /performance/metrics, /performance/benchmark, /performance/benchmark_results] Running FPS benchmark...
1788083461.273597478 INFO /performance_monitor [performance_monitor.py:113(PerformanceMonitor.start_monitoring)] [topics: /performance/alert, /diagnostic_status, /rosout, /performance/command, /performance/metrics, /performance/benchmark, /performance/benchmark_results] Performance monitoring started
1788083461.300677537 INFO /performance_monitor [performance_monitor.py:461(PerformanceMonitor.benchmark_network)] [topics: /performance/alert, /diagnostic_status, /rosout, /performance/command, /performance/metrics, /performance/benchmark, /performance/benchmark_results] Running network benchmark...
1788083461.513915061 INFO /performance_monitor [performance_monitor.py:461(PerformanceMonitor.benchmark_network)] [topics: /performance/alert, /diagnostic_status, /rosout, /performance/command, /performance/metrics, /performance/benchmark, /performance/benchmark_results] Running network benchmark...
1788083461.924032449 INFO /performance_monitor [performance_monitor.py:461(PerformanceMonitor.benchmark_network)] [topics: /performance/alert, /diagnostic_status, /rosout, /performance/command, /performance/metrics, /performance/benchmark, /performance/benchmark_results] Running network benchmark...
1788083462.091037988 INFO /performance_monitor [performance_monitor.py:401(PerformanceMonitor.benchmark_cpu)] [topics: /performance/alert, /diagnostic_status, /rosout, /performance/command, /performance/metrics, /performance/benchmark, /performance/benchmark_results] Running CPU benchmark...
1788083462.187021017 INFO /performance_monitor [performance_monitor.py:368(PerformanceMonitor.benchmark_fps)] [topics: /performance/alert, /diagnostic_status, /rosout, /performance/command, /performance/metrics, /performance/benchmark, /performance/benchmark_results] Running FPS benchmark...
1788083462.365621805 INFO /performance_monitor [performance_monitor.py:425(PerformanceMonitor.benchmark_memory)] [topics: /performance/alert, /diagnostic_status, /rosout, /performance/command, /performance/metrics, /performance/benchmark, /performance/benchmark_results] Running memory benchmark...
1788083462.578095197 INFO /performance_monitor [performance_monitor.py:401(PerformanceMonitor.benchmark_cpu)] [topics: /performance/alert, /diagnostic_status, /rosout, /performance/command, /performance/metrics, /performance/benchmark, /performance/benchmark_results] Running CPU benchmark...
1788083463.223652362 INFO /performance_monitor [performance_monitor.py:461(PerformanceMonitor.benchmark_network)] [topics: /performance/alert, /diagnostic_status, /rosout, /performance/command, /performance/metrics, /performance/benchmark, /performance/benchmark_results] Running network benchmark...
1788083463.547523260 INFO /performance_monitor [performance_monitor.py:113(PerformanceMonitor.start_monitoring)] [topics: /performance/alert, /diagnostic_status, /rosout, /performance/command, /performance/metrics, /performance/benchmark, /performance/benchmark_results] Performance monitoring started
1788083463.754288911 INFO /performance_monitor [performance_monitor.py:368(PerformanceMonitor.benchmark_fps)] [topics: /performance/alert, /diagnostic_status, /rosout, /performance/command, /performance/metrics, /performance/benchmark, /performance/benchmark_results] Running FPS benchmark...
1788083463.876432895 INFO /performance_monitor [performance_monitor.py:425(PerformanceMonitor.benchmark_memory)] [topics: /performance/alert, /diagnostic_status, /rosout, /performance/command, /performance/metrics, /performance/benchmark, /performance/benchmark_results] Running memory benchmark...
1788083464.203418016 INFO /performance_monitor [performance_monitor.py:401(PerformanceMonitor.benchmark_cpu)] [topics: /performance/alert, /diagnostic_status, /rosout, /performance/command, /performance/metrics, /performance/benchmark, /performance/benchmark_results] Running CPU benchmark...
1788083464.880782604 INFO /performance_monitor [performance_monitor.py:507(PerformanceMonitor.benchmark_application)] [topics: /performance/alert, /diagnostic_status, /rosout, /performance/command, /performance/metrics, /performance/benchmark, /performance/benchmark_results] Running application benchmark...
1788083465.030831575 INFO /performance_monitor [performance_monitor.py:401(PerformanceMonitor.benchmark_cpu)] [topics: /performance/alert, /diagnostic_status, /rosout, /performance/command, /performance/metrics, /performance/benchmark, /performance/benchmark_results] Running CPU benchmark...
1788083465.398785829 INFO /performance_monitor [performance_monitor.py:507(PerformanceMonitor.benchmark_application)] [topics: /performance/alert, /diagnostic_status, /rosout, /performance/command, /performance/metrics, /performance/benchmark, /performance/benchmark_results] Running application benchmark...
1788083465.598446130 INFO /performance_monitor [performance_monitor.py:113(PerformanceMonitor.start_monitoring)] [topics: /performance/alert, /diagnostic_status, /rosout, /performance/command, /performance/metrics, /performance/benchmark, /performance/benchmark_results] Performance monitoring started
1788083465.801258325 INFO /performance_monitor [performance_monitor.py:368(PerformanceMonitor.benchmark_fps)] [topics: /performance/alert, /diagnostic_status, /rosout, /performance/command, /performance/metrics, /performance/benchmark, /performance/benchmark_results] Running FPS benchmark...
1788083465.862504243 INFO /performance_monitor [performance_monitor.py:401(PerformanceMonitor.benchmark_cpu)] [topics: /performance/alert, /diagnostic_status, /rosout, /performance/command, /performance/metrics, /performance/benchmark, /performance/benchmark_results] Running CPU benchmark...
1788083466.404270172 INFO /performance_monitor [performance_monitor.py:425(PerformanceMonitor.benchmark_memory)] [topics: /performance/alert, /diagnostic_status, /rosout, /performance/command, /performance/metrics, /performance/benchmark, /performance/benchmark_results] Running memory benchmark...
1788083466.429002046 INFO /performance_monitor [performance_monitor.py:425(PerformanceMonitor.benchmark_memory)] [topics: /performance/alert, /diagnostic_status, /rosout, /performance/command, /performance/metrics, /performance/benchmark, /performance/benchmark_results] Running memory benchmark...
1788083467.521720409 INFO /performance_monitor [performance_monitor.py:113(PerformanceMonitor.start_monitoring)] [topics: /performance/alert, /diagnostic_status, /rosout, /performance/command, /performance/metrics, /performance/benchmark, /performance/benchmark_results] Performance monitoring started
1788083467.795647859 INFO /performance_monitor [performance_monitor.py:461(PerformanceMonitor.benchmark_network)] [topics: /performance/alert, /diagnostic_status, /rosout, /performance/command, /performance/metrics, /performance/benchmark, /performance/benchmark_results] Running network benchmark...
1788083468.074488401 INFO /performance_monitor [performance_monitor.py:368(PerformanceMonitor.benchmark_fps)] [topics: /performance/alert, /diagnostic_status, /rosout, /performance/command, /performance/metrics, /performance/benchmark, /performance/benchmark_results] Running FPS benchmark...
1788083468.593493938 INFO /performance_monitor [performance_monitor.py:401(PerformanceMonitor.benchmark_cpu)] [topics: /performance/alert, /diagnostic_status, /rosout, /performance/command, /performance/metrics, /performance/benchmark, /performance/benchmark_results] Running CPU benchmark...
1788083468.942531347 INFO /performance_monitor [performance_monitor.py:401(PerformanceMonitor.benchmark_cpu)] [topics: /performance/alert, /diagnostic_status, /rosout, /performance/command, /performance/metrics, /performance/benchmark, /performance/benchmark_results] Running CPU benchmark...
1788083469.523947000 INFO /performance_monitor [performance_monitor.py:425(PerformanceMonitor.benchmark_memory)] [topics: /performance/alert, /diagnostic_status, /rosout, /performance/command, /performance/metrics, /performance/benchmark, /performance/benchmark_results] Running memory benchmark...
1788083470.018328905 INFO /performance_monitor [performance_monitor.py:113(PerformanceMonitor.start_monitoring)] [topics: /performance/alert, /diagnostic_status, /rosout, /performance/command, /performance/metrics, /performance/benchmark, /performance/benchmark_results] Performance monitoring started
1788083470.276782035 INFO /performance_monitor [performance_monitor.py:368(PerformanceMonitor.benchmark_fps)] [topics: /performance/alert, /diagnostic_status, /rosout, /performance/command, /performance/metrics, /performance/benchmark, /performance/benchmark_results] Running FPS benchmark...
1788083470.830605745 INFO /performance_monitor [performance_monitor.py:401(PerformanceMonitor.benchmark_cpu)] [topics: /performance/alert, /diagnostic_status, /rosout, /performance/command, /performance/metrics, /performance/benchmark, /performance/benchmark_results] Running CPU benchmark...
1788083471.843873023 INFO /performance_monitor [performance_monitor.py:425(PerformanceMonitor.benchmark_memory)] [topics: /performance/alert, /diagnostic_status, /rosout, /performance/command, /performance/metrics, /performance/benchmark, /performance/benchmark_results] Running memory benchmark...
1788083472.797330379 INFO /performance_monitor [performance_monitor.py:113(PerformanceMonitor.start_monitoring)] [topics: /performance/alert, /diagnostic_status, /rosout, /performance/command, /performance/metrics, /performance/benchmark, /performance/benchmark_results] Performance monitoring started
1788083473.074689388 INFO /performance_monitor [performance_monitor.py:368(PerformanceMonitor.benchmark_fps)] [topics: /performance/alert, /diagnostic_status, /rosout, /performance/command, /performance/metrics, /performance/benchmark, /performance/benchmark_results] Running FPS benchmark...
1788083473.441334486 INFO /performance_monitor [performance_monitor.py:461(PerformanceMonitor.benchmark_network)] [topics: /performance/alert, /diagnostic_status, /rosout, /performance/command, /performance/metrics, /performance/benchmark, /performance/benchmark_results] Running network benchmark...
1788083473.897873878 INFO /performance_monitor [performance_monitor.py:425(PerformanceMonitor.benchmark_memory)] [topics: /performance/alert, /diagnostic_status, /rosout, /performance/command, /performance/metrics, /performance/benchmark, /performance/benchmark_results] Running memory benchmark...
1788083474.209541082 INFO /performance_monitor [performance_monitor.py:113(PerformanceMonitor.start_monitoring)] [topics: /performance/alert, /diagnostic_status, /rosout, /performance/command, /performance/metrics, /performance/benchmark, /performance/benchmark_results] Performance monitoring started
1788083474.231751203 INFO /performance_monitor [performance_monitor.py:401(PerformanceMonitor.benchmark_cpu)] [topics: /performance/alert, /diagnostic_status, /rosout, /performance/command, /performance/metrics, /performance/benchmark, /performance/benchmark_results] Running CPU benchmark...
1788083474.558018922 INFO /performance_monitor [performance_monitor.py:425(PerformanceMonitor.benchmark_memory)] [topics: /performance/alert, /diagnostic_status, /rosout, /performance/command, /performance/metrics, /performance/benchmark, /performance/benchmark_results] Running memory benchmark...
1788083474.791114330 INFO /performance_monitor [performance_monitor.py:368(PerformanceMonitor.benchmark_fps)] [topics: /performance/alert, /diagnostic_status, /rosout, /performance/command, /performance/metrics, /performance/benchmark, /performance/benchmark_results] Running FPS benchmark...
1788083474.988880872 INFO /performance_monitor [performance_monitor.py:461(PerformanceMonitor.benchmark_network)] [topics: /performance/alert, /diagnostic_status, /rosout, /performance/command, /performance/metrics, /performance/benchmark, /performance/benchmark_results] Running network benchmark...
1788083475.324283599 INFO /performance_monitor [performance_monitor.py:507(PerformanceMonitor.benchmark_application)] [topics: /performance/alert, /diagnostic_status, /rosout, /performance/command, /performance/metrics, /performance/benchmark, /performance/benchmark_results] Running application benchmark...
1788083475.755676507 INFO /performance_monitor [performance_monitor.py:461(PerformanceMonitor.benchmark_network)] [topics: /performance/alert, /diagnostic_status, /rosout, /performance/command, /performance/metrics, /performance/benchmark, /performance/benchmark_results] Running network benchmark...
1788083475.839063644 INFO /performance_monitor [performance_monitor.py:507(PerformanceMonitor.benchmark_application)] [topics: /performance/alert, /diagnostic_status, /rosout, /performance/command, /performance/metrics, /performance/benchmark, /performance/benchmark_results] Running application benchmark...
1788083476.107293844 INFO /performance_monitor [performance_monitor.py:113(PerformanceMonitor.start_monitoring)] [topics: /performance/alert, /diagnostic_status, /rosout, /performance/command, /performance/metrics, /performance/benchmark, /performance/benchmark_results] Performance monitoring started
1788083476.267709016 INFO /performance_monitor [performance_monitor.py:401(PerformanceMonitor.benchmark_cpu)] [topics: /performance/alert, /diagnostic_status, /rosout, /performance/command, /performance/metrics, /performance/benchmark, /performance/benchmark_results] Running CPU benchmark...
1788083476.596007585 INFO /performance_monitor [performance_monitor.py:368(PerformanceMonitor.benchmark_fps)] [topics: /performance/alert, /diagnostic_status, /rosout, /performance/command, /performance/metrics, /performance/benchmark, /performance/benchmark_results] Running FPS benchmark...
1788083478.031082868 INFO /performance_monitor [performance_monitor.py:507(PerformanceMonitor.benchmark_application)] [topics: /performance/alert, /diagnostic_status, /rosout, /performance/command, /performance/metrics, /performance/benchmark, /performance/benchmark_results] Running application benchmark...
1788083478.045197248 INFO /performance_monitor [performance_monitor.py:368(PerformanceMonitor.benchmark_fps)] [topics: /performance/alert, /diagnostic_status, /rosout, /performance/command, /performance/metrics, /performance/benchmark, /performance/benchmark_results] Running FPS benchmark...
1788083478.521390676 INFO /performance_monitor [performance_monitor.py:401(PerformanceMonitor.benchmark_cpu)] [topics: /performance/alert, /diagnostic_status, /rosout, /performance/command, /performance/metrics, /performance/benchmark, /performance/benchmark_results] Running CPU benchmark...
1788083478.737417459 INFO /performance_monitor [performance_monitor.py:113(PerformanceMonitor.start_monitoring)] [topics: /performance/alert, /diagnostic_status, /rosout, /performance/command, /performance/metrics, /performance/benchmark, /performance/benchmark_results] Performance monitoring started
1788083479.082056045 INFO /performance_monitor [performance_monitor.py:507(PerformanceMonitor.benchmark_application)] [topics: /performance/alert, /diagnostic_status, /rosout, /performance/command, /performance/metrics, /performance/benchmark, /performance/benchmark_results] Running application benchmark...
1788083479.582777500 INFO /performance_monitor [performance_monitor.py:507(PerformanceMonitor.benchmark_application)] [topics: /performance/alert, /diagnostic_status, /rosout, /performance/command, /performance/metrics, /performance/benchmark, /performance/benchmark_results] Running application benchmark...
1788083480.275479316 INFO /performance_monitor [performance_monitor.py:368(PerformanceMonitor.benchmark_fps)] [topics: /performance/alert, /diagnostic_status, /rosout, /performance/command, /performance/metrics, /performance/benchmark, /performance/benchmark_results] Running FPS benchmark...
1788083480.565025806 INFO /performance_monitor [performance_monitor.py:113(PerformanceMonitor.start_monitoring)] [topics: /performance/alert, /diagnostic_status, /rosout, /performance/command, /performance/metrics, /performance/benchmark, /performance/benchmark_results] Performance monitoring started
1788083480.882878303 INFO /performance_monitor [performance_monitor.py:401(PerformanceMonitor.benchmark_cpu)] [topics: /performance/alert, /diagnostic_status, /rosout, /performance/command, /performance/metrics, /performance/benchmark, /performance/benchmark_results] Running CPU benchmark...
1788083482.101258516 INFO /performance_monitor [performance_monitor.py:113(PerformanceMonitor.start_monitoring)] [topics: /performance/alert, /diagnostic_status, /rosout, /performance/command, /performance/metrics, /performance/benchmark, /performance/benchmark_results] Performance monitoring started
1788083483.038089513 INFO /performance_monitor [performance_monitor.py:425(PerformanceMonitor.benchmark_memory)] [topics: /performance/alert, /diagnostic_status, /rosout, /performance/command, /performance/metrics, /performance/benchmark, /performance/benchmark_results] Running memory benchmark...
1788083483.921999692 INFO /performance_monitor [performance_monitor.py:425(PerformanceMonitor.benchmark_memory)] [topics: /performance/alert, /diagnostic_status, /rosout, /performance/command, /performance/metrics, /performance/benchmark, /performance/benchmark_results] Running memory benchmark...
1788083484.311236858 INFO /performance_monitor [performance_monitor.py:461(PerformanceMonitor.benchmark_network)] [topics: /performance/alert, /diagnostic_status, /rosout, /performance/command, /performance/metrics, /performance/benchmark, /performance/benchmark_results] Running network benchmark...
1788083484.713717937 INFO /performance_monitor [performance_monitor.py:368(PerformanceMonitor.benchmark_fps)] [topics: /performance/alert, /diagnostic_status, /rosout, /performance/command, /performance/metrics, /performance/benchmark, /performance/benchmark_results] Running FPS benchmark...
1788083485.182165861 INFO /performance_monitor [performance_monitor.py:401(PerformanceMonitor.benchmark_cpu)] [topics: /performance/alert, /diagnostic_status, /rosout, /performance/command, /performance/metrics, /performance/benchmark, /performance/benchmark_results] Running CPU benchmark...
1788083485.378185272 INFO /performance_monitor [performance_monitor.py:113(PerformanceMonitor.start_monitoring)] [topics: /performance/alert, /diagnostic_status, /rosout, /performance/command, /performance/metrics, /performance/benchmark, /performance/benchmark_results] Performance monitoring started
1788083485.972909212 INFO /performance_monitor [performance_monitor.py:461(PerformanceMonitor.benchmark_network)] [topics: /performance/alert, /diagnostic_status, /rosout, /performance/command, /performance/metrics, /performance/benchmark, /performance/benchmark_results] Running network benchmark...
1788083486.531862497 INFO /performance_monitor [performance_monitor.py:401(PerformanceMonitor.benchmark_cpu)] [topics: /performance/alert, /diagnostic_status, /rosout, /performance/command, /performance/metrics, /performance/benchmark, /performance/benchmark_results] Running CPU benchmark...
1788083486.624600410 INFO /performance_monitor [performance_monitor.py:425(PerformanceMonitor.benchmark_memory)] [topics: /performance/alert, /diagnostic_status, /rosout, /performance/command, /performance/metrics, /performance/benchmark, /performance/benchmark_results] Running memory benchmark...
1788083486.711548328 INFO /performance_monitor [performance_monitor.py:425(PerformanceMonitor.benchmark_memory)] [topics: /performance/alert, /diagnostic_status, /rosout, /performance/command, /performance/metrics, /performance/benchmark, /performance/benchmark_results] Running memory benchmark...
1788083487.566783428 INFO /performance_monitor [performance_monitor.py:368(PerformanceMonitor.benchmark_fps)] [topics: /performance/alert, /diagnostic_status, /rosout, /performance/command, /performance/metrics, /performance/benchmark, /performance/benchmark_results] Running FPS benchmark...
1788083487.604541301 INFO /performance_monitor [performance_monitor.py:401(PerformanceMonitor.benchmark_cpu)] [topics: /performance/alert, /diagnostic_status, /rosout, /performance/command, /performance/metrics, /performance/benchmark, /performance/benchmark_results] Running CPU benchmark...
1788083487.684775352 INFO /performance_monitor [performance_monitor.py:113(PerformanceMonitor.start_monitoring)] [topics: /performance/alert, /diagnostic_status, /rosout, /performance/command, /performance/metrics, /performance/benchmark, /performance/benchmark_results] Performance monitoring started
1788083487.733141899 INFO /performance_monitor [performance_monitor.py:368(PerformanceMonitor.benchmark_fps)] [topics: /performance/alert, /diagnostic_status, /rosout, /performance/command, /performance/metrics, /performance/benchmark, /performance/benchmark_results] Running FPS benchmark...
1788083488.791893243 INFO /performance_monitor [performance_monitor.py:507(PerformanceMonitor.benchmark_application)] [topics: /performance/alert, /diagnostic_status, /rosout, /performance/command, /performance/metrics, /performance/benchmark, /performance/benchmark_results] Running application benchmark...
1788083489.011563539 INFO /performance_monitor [performance_monitor.py:461(PerformanceMonitor.benchmark_network)] [topics: /performance/alert, /diagnostic_status, /rosout, /performance/command, /performance/metrics, /performance/benchmark, /performance/benchmark_results] Running network benchmark...
1788083489.204922437 INFO /performance_monitor [performance_monitor.py:507(PerformanceMonitor.benchmark_application)] [topics: /performance/alert, /diagnostic_status, /rosout, /performance/command, /performance/metrics, /performance/benchmark, /performance/benchmark_results] Running application benchmark...
1788083489.403725624 INFO /performance_monitor [performance_monitor.py:425(PerformanceMonitor.benchmark_memory)] [topics: /performance/alert, /diagnostic_status, /rosout, /performance/command, /performance/metrics, /performance/benchmark, /performance/benchmark_results] Running memory benchmark...
1788083489.911821603 INFO /performance_monitor [performance_monitor.py:368(PerformanceMonitor.benchmark_fps)] [topics: /performance/alert, /diagnostic_status, /rosout, /performance/command, /performance/metrics, /performance/benchmark, /performance/benchmark_results] Running FPS benchmark...
1788083490.428977012 INFO /performance_monitor [performance_monitor.py:113(PerformanceMonitor.start_monitoring)] [topics: /performance/alert, /diagnostic_status, /rosout, /performance/command, /performance/metrics, /performance/benchmark, /performance/benchmark_results] Performance monitoring started
1788083490.882254600 INFO /performance_monitor [performance_monitor.py:507(PerformanceMonitor.benchmark_application)] [topics: /performance/alert, /diagnostic_status, /rosout, /performance/command, /performance/metrics, /performance/benchmark, /performance/benchmark_results] Running application benchmark...
1788083491.082470655 INFO /performance_monitor [performance_monitor.py:425(PerformanceMonitor.benchmark_memory)] [topics: /performance/alert, /diagnostic_status, /rosout, /performance/command, /performance/metrics, /performance/benchmark, /performance/benchmark_results] Running memory benchmark...
1788083491.351861953 INFO /performance_monitor [performance_monitor.py:401(PerformanceMonitor.benchmark_cpu)] [topics: /performance/alert, /diagnostic_status, /rosout, /performance/command, /performance/metrics, /performance/benchmark, /performance/benchmark_results] Running CPU benchmark...
1788083491.890294075 INFO /performance_monitor [performance_monitor.py:507(PerformanceMonitor.benchmark_application)] [topics: /performance/alert, /diagnostic_status, /rosout, /performance/command, /performance/metrics, /performance/benchmark, /performance/benchmark_results] Running application benchmark...
1788083492.140558958 INFO /performance_monitor [performance_monitor.py:113(PerformanceMonitor.start_monitoring)] [topics: /performance/alert, /diagnostic_status, /rosout, /performance/command, /performance/metrics, /performance/benchmark, /performance/benchmark_results] Performance monitoring started
1788083492.508759021 INFO /performance_monitor [performance_monitor.py:368(PerformanceMonitor.benchmark_fps)] [topics: /performance/alert, /diagnostic_status, /rosout, /performance/command, /performance/metrics, /performance/benchmark, /performance/benchmark_results] Running FPS benchmark...
1788083492.870849132 INFO /performance_monitor [performance_monitor.py:461(PerformanceMonitor.benchmark_network)] [topics: /performance/alert, /diagnostic_status, /rosout, /performance/command, /performance/metrics, /performance/benchmark, /performance/benchmark_results] Running network benchmark...
1788083493.217212200 INFO /performance_monitor [performance_monitor.py:461(PerformanceMonitor.benchmark_network)] [topics: /performance/alert, /diagnostic_status, /rosout, /performance/command, /performance/metrics, /performance/benchmark, /performance/benchmark_results] Running network benchmark...
1788083493.464985370 INFO /performance_monitor [performance_monitor.py:401(PerformanceMonitor.benchmark_cpu)] [topics: /performance/alert, /diagnostic_status, /rosout, /performance/command, /performance/metrics, /performance/benchmark, /performance/benchmark_results] Running CPU benchmark...
1788083494.047110319 INFO /performance_monitor [performance_monitor.py:507(PerformanceMonitor.benchmark_application)] [topics: /performance/alert, /diagnostic_status, /rosout, /performance/command, /performance/metrics, /performance/benchmark, /performance/benchmark_results] Running application benchmark...
1788083494.068827867 INFO /performance_monitor [performance_monitor.py:113(PerformanceMonitor.start_monitoring)] [topics: /performance/alert, /diagnostic_status, /rosout, /performance/command, /performance/metrics, /performance/benchmark, /performance/benchmark_results] Performance monitoring started
1788083494.118190050 INFO /performance_monitor [performance_monitor.py:401(PerformanceMonitor.benchmark_cpu)] [topics: /performance/alert, /diagnostic_status, /rosout, /performance/command, /performance/metrics, /performance/benchmark, /performance/benchmark_results] Running CPU benchmark...
1788083494.478515148 INFO /performance_monitor [performance_monitor.py:368(PerformanceMonitor.benchmark_fps)] [topics: /performance/alert, /diagnostic_status, /rosout, /performance/command, /performance/metrics, /performance/benchmark, /performance/benchmark_results] Running FPS benchmark...
1788083494.761545181 INFO /performance_monitor [performance_monitor.py:425(PerformanceMonitor.benchmark_memory)] [topics: /performance/alert, /diagnostic_status, /rosout, /performance/command, /performance/metrics, /performance/benchmark, /performance/benchmark_results] Running memory benchmark...
1788083495.058268308 INFO /performance_monitor [performance_monitor.py:507(PerformanceMonitor.benchmark_application)] [topics: /performance/alert, /diagnostic_status, /rosout, /performance/command, /performance/metrics, /performance/benchmark, /performance/benchmark_results] Running application benchmark...
1788083495.088553190 INFO /performance_monitor [performance_monitor.py:401(PerformanceMonitor.benchmark_cpu)] [topics: /performance/alert, /diagnostic_status, /rosout, /performance/command, /performance/metrics, /performance/benchmark, /performance/benchmark_results] Running CPU benchmark...
1788083496.014565229 INFO /performance_monitor [performance_monitor.py:113(PerformanceMonitor.start_monitoring)] [topics: /performance/alert, /diagnostic_status, /rosout, /performance/command, /performance/metrics, /performance/benchmark, /performance/benchmark_results] Performance monitoring started
1788083496.265007734 INFO /performance_monitor [performance_monitor.py:368(PerformanceMonitor.benchmark_fps)] [topics: /performance/alert, /diagnostic_status, /rosout, /performance/command, /performance/metrics, /performance/benchmark, /performance/benchmark_results] Running FPS benchmark...
1788083497.973419427 INFO /performance_monitor [performance_monitor.py:507(PerformanceMonitor.benchmark_application)] [topics: /performance/alert, /diagnostic_status, /rosout, /performance/command, /performance/metrics, /performance/benchmark, /performance/benchmark_results] Running application benchmark...
1788083498.572767972 INFO /performance_monitor [performance_monitor.py:368(PerformanceMonitor.benchmark_fps)] [topics: /performance/alert, /diagnostic_status, /rosout, /performance/command, /performance/metrics, /performance/benchmark, /performance/benchmark_results] Running FPS benchmark...
1788083498.674368858 INFO /performance_monitor [performance_monitor.py:113(PerformanceMonitor.start_monitoring)] [topics: /performance/alert, /diagnostic_status, /rosout, /performance/command, /performance/metrics, /performance/benchmark, /performance/benchmark_results] Performance monitoring started
1788083499.596428394 INFO /performance_monitor [performance_monitor.py:401(PerformanceMonitor.benchmark_cpu)] [topics: /performance/alert, /diagnostic_status, /rosout, /performance/command, /performance/metrics, /performance/benchmark, /performance/benchmark_results] Running CPU benchmark...
1788083499.886008262 INFO /performance_monitor [performance_monitor.py:425(PerformanceMonitor.benchmark_memory)] [topics: /performance/alert, /diagnostic_status, /rosout, /performance/command, /performance/metrics, /performance/benchmark, /performance/benchmark_results] Running memory benchmark...
1788083500.152829885 INFO /performance_monitor [performance_monitor.py:461(PerformanceMonitor.benchmark_network)] [topics: /performance/alert, /diagnostic_status, /rosout, /performance/command, /performance/metrics, /performance/benchmark, /performance/benchmark_results] Running network benchmark...
1788083500.159882545 INFO /performance_monitor [performance_monitor.py:368(PerformanceMonitor.benchmark_fps)] [topics: /performance/alert, /diagnostic_status, /rosout, /performance/command, /performance/metrics, /performance/benchmark, /performance/benchmark_results] Running FPS benchmark...
1788083500.389775753 INFO /performance_monitor [performance_monitor.py:425(PerformanceMonitor.benchmark_memory)] [topics: /performance/alert, /diagnostic_status, /rosout, /performance/command, /performance/metrics, /performance/benchmark, /performance/benchmark_results] Running memory benchmark...
1788083500.823838233 INFO /performance_monitor [performance_monitor.py:507(PerformanceMonitor.benchmark_application)] [topics: /performance/alert, /diagnostic_status, /rosout, /performance/command, /performance/metrics, /performance/benchmark, /performance/benchmark_results] Running application benchmark...
1788083501.237595081 INFO /performance_monitor [performance_monitor.py:461(PerformanceMonitor.benchmark_network)] [topics: /performance/alert, /diagnostic_status, /rosout, /performance/command, /performance/metrics, /performance/benchmark, /performance/benchmark_results] Running network benchmark...
1788083501.320931673 INFO /performance_monitor [performance_monitor.py:461(PerformanceMonitor.benchmark_network)] [topics: /performance/alert, /diagnostic_status, /rosout, /performance/command, /performance/metrics, /performance/benchmark, /performance/benchmark_results] Running network benchmark...
1788083501.446515083 INFO /performance_monitor [performance_monitor.py:507(PerformanceMonitor.benchmark_application)] [topics: /performance/alert, /diagnostic_status, /rosout, /performance/command, /performance/metrics, /performance/benchmark, /performance/benchmark_results] Running application benchmark...
1788083501.910276174 INFO /performance_monitor [performance_monitor.py:401(PerformanceMonitor.benchmark_cpu)] [topics: /performance/alert, /diagnostic_status, /rosout, /performance/command, /performance/metrics, /performance/benchmark, /performance/benchmark_results] Running CPU benchmark...
1788083502.543896675 INFO /performance_monitor [performance_monitor.py:113(PerformanceMonitor.start_monitoring)] [topics: /performance/alert, /diagnostic_status, /rosout, /performance/command, /performance/metrics, /performance/benchmark, /performance/benchmark_results] Performance monitoring started
1788083502.575512409 INFO /performance_monitor [performance_monitor.py:425(PerformanceMonitor.benchmark_memory)] [topics: /performance/alert, /diagnostic_status, /rosout, /performance/command, /performance/metrics, /performance/benchmark, /performance/benchmark_results] Running memory benchmark...
1788083502.712975263 INFO /performance_monitor [performance_monitor.py:425(PerformanceMonitor.benchmark_memory)] [topics: /performance/alert, /diagnostic_status, /rosout, /performance/command, /performance/metrics, /performance/benchmark, /performance/benchmark_results] Running memory benchmark...
1788083503.108544111 INFO /performance_monitor [performance_monitor.py:425(PerformanceMonitor.benchmark_memory)] [topics: /performance/alert, /diagnostic_status, /rosout, /performance/command, /performance/metrics, /performance/benchmark, /performance/benchmark_results] Running memory benchmark...
1788083503.340374231 INFO /performance_monitor [performance_monitor.py:507(PerformanceMonitor.benchmark_application)] [topics: /performance/alert, /diagnostic_status, /rosout, /performance/command, /performance/metrics, /performance/benchmark, /performance/benchmark_results] Running application benchmark...
1788083503.702200889 INFO /performance_monitor [performance_monitor.py:368(PerformanceMonitor.benchmark_fps)] [topics: /performance/alert, /diagnostic_status, /rosout, /performance/command, /performance/metrics, /performance/benchmark, /performance/benchmark_results] Running FPS benchmark...
1788083504.437478542 INFO /performance_monitor [performance_monitor.py:461(PerformanceMonitor.benchmark_network)] [topics: /performance/alert, /diagnostic_status, /rosout, /performance/command, /performance/metrics, /performance/benchmark, /performance/benchmark_results] Running network benchmark...
1788083505.277178525 INFO /performance_monitor [performance_monitor.py:401(PerformanceMonitor.benchmark_cpu)] [topics: /performance/alert, /diagnostic_status, /rosout, /performance/command, /performance/metrics, /performance/benchmark, /performance/benchmark_results] Running CPU benchmark...
1788083505.647464275 INFO /performance_monitor [performance_monitor.py:113(PerformanceMonitor.start_monitoring)] [topics: /performance/alert, /diagnostic_status, /rosout, /performance/command, /performance/metrics, /performance/benchmark, /performance/benchmark_results] Performance monitoring started
1788083505.956060171 INFO /performance_monitor [performance_monitor.py:401(PerformanceMonitor.benchmark_cpu)] [topics: /performance/alert, /diagnostic_status, /rosout, /performance/command, /performance/metrics, /performance/benchmark, /performance/benchmark_results] Running CPU benchmark...
