[rosmaster.main][INFO] 2026-08-30 08:34:31,450: initialization complete, waiting for shutdown
[rosmaster.main][INFO] 2026-08-30 08:34:31,454: Starting ROS Master Node
[xmlrpc][INFO] 2026-08-30 08:34:31,460: XML-RPC server binding to 127.0.0.1:11311
[xmlrpc][INFO] 2026-08-30 08:34:31,463: Started XML-RPC server [http://localhost:11311/]
[rosmaster.master][INFO] 2026-08-30 08:34:31,464: Master initialized: port[11311], uri[http://localhost:11311/]
[xmlrpc][INFO] 2026-08-30 08:34:31,464: xml rpc node: starting XML-RPC server
[rosmaster.master][INFO] 2026-08-30 08:34:31,569: +PARAM [/run_id] by /roslaunch
[rosmaster.master][INFO] 2026-08-30 08:34:31,572: +PARAM [/roslaunch/uris/host_localhost__41567] by /roslaunch
[rosmaster.master][INFO] 2026-08-30 08:34:31,650: +PARAM [/rosversion] by /roslaunch
[rosmaster.master][INFO] 2026-08-30 08:34:31,650: +PARAM [/rosdistro] by /roslaunch
[rosmaster.master][INFO] 2026-08-30 08:34:31,651: +PARAM [/target_params/detection/model/path] by /roslaunch
[rosmaster.master][INFO] 2026-08-30 08:34:31,652: +PARAM [/target_params/detection/model/device] by /roslaunch
[rosmaster.master][INFO] 2026-08-30 08:34:31,652: +PARAM [/target_params/detection/model/input_size] by /roslaunch
[rosmaster.master][INFO] 2026-08-30 08:34:31,653: +PARAM [/target_params/detection/model/batch_size] by /roslaunch
[rosmaster.master][INFO] 2026-08-30 08:34:31,653: +PARAM [/target_params/detection/confidence_threshold] by /roslaunch
[rosmaster.master][INFO] 2026-08-30 08:34:31,653: +PARAM [/target_params/detection/nms_threshold] by /roslaunch
[rosmaster.master][INFO] 2026-08-30 08:34:31,653: +PARAM [/target_params/detection/max_detections] by /roslaunch
[rosmaster.master][INFO] 2026-08-30 08:34:31,654: +PARAM [/target_params/detection/vehicle_classes] by /roslaunch
[rosmaster.master][INFO] 2026-08-30 08:34:31,654: +PARAM [/target_params/detection/class_thresholds/class_1] by /roslaunch
[rosmaster.master][INFO] 2026-08-30 08:34:31,655: +PARAM [/target_params/detection/class_thresholds/class_2] by /roslaunch
[rosmaster.master][INFO] 2026-08-30 08:34:31,655: +PARAM [/target_params/detection/class_thresholds/class_3] by /roslaunch
[rosmaster.master][INFO] 2026-08-30 08:34:31,655: +PARAM [/target_params/detection/class_thresholds/class_5] by /roslaunch
[rosmaster.master][INFO] 2026-08-30 08:34:31,655: +PARAM [/target_params/detection/class_thresholds/class_6] by /roslaunch
[rosmaster.master][INFO] 2026-08-30 08:34:31,655: +PARAM [/target_params/detection/class_thresholds/class_7] by /roslaunch
[rosmaster.master][INFO] 2026-08-30 08:34:31,656: +PARAM [/target_params/detection/class_thresholds/class_8] by /roslaunch
[rosmaster.master][INFO] 2026-08-30 08:34:31,656: +PARAM [/target_params/detection/performance/max_fps] by /roslaunch
[rosmaster.master][INFO] 2026-08-30 08:34:31,656: +PARAM [/target_params/detection/performance/frame_skip] by /roslaunch
[rosmaster.master][INFO] 2026-08-30 08:34:31,656: +PARAM [/target_params/detection/performance/parallel_inference] by /roslaunch
[rosmaster.master][INFO] 2026-08-30 08:34:31,657: +PARAM [/target_params/detection/performance/gpu_memory_limit] by /roslaunch
[rosmaster.master][INFO] 2026-08-30 08:34:31,657: +PARAM [/target_params/tracking/engagement_distance] by /roslaunch
[rosmaster.master][INFO] 2026-08-30 08:34:31,657: +PARAM [/target_params/tracking/attack_distance] by /roslaunch
[rosmaster.master][INFO] 2026-08-30 08:34:31,657: +PARAM [/target_params/tracking/disengagement_distance] by /roslaunch
[rosmaster.master][INFO] 2026-08-30 08:34:31,657: +PARAM [/target_params/tracking/max_tracks] by /roslaunch
[rosmaster.master][INFO] 2026-08-30 08:34:31,658: +PARAM [/target_params/tracking/max_lost_frames] by /roslaunch
[rosmaster.master][INFO] 2026-08-30 08:34:31,658: +PARAM [/target_params/tracking/min_track_length] by /roslaunch
[rosmaster.master][INFO] 2026-08-30 08:34:31,658: +PARAM [/target_params/tracking/track_confidence_threshold] by /roslaunch
[rosmaster.master][INFO] 2026-08-30 08:34:31,658: +PARAM [/target_params/tracking/association/iou_threshold] by /roslaunch
[rosmaster.master][INFO] 2026-08-30 08:34:31,658: +PARAM [/target_params/tracking/association/distance_threshold] by /roslaunch
[rosmaster.master][INFO] 2026-08-30 08:34:31,659: +PARAM [/target_params/tracking/association/appearance_weight] by /roslaunch
[rosmaster.master][INFO] 2026-08-30 08:34:31,659: +PARAM [/target_params/tracking/association/motion_weight] by /roslaunch
[rosmaster.master][INFO] 2026-08-30 08:34:31,660: +PARAM [/target_params/tracking/kalman/dt] by /roslaunch
[rosmaster.master][INFO] 2026-08-30 08:34:31,660: +PARAM [/target_params/tracking/kalman/process_noise] by /roslaunch
[rosmaster.master][INFO] 2026-08-30 08:34:31,660: +PARAM [/target_params/tracking/kalman/measurement_noise] by /roslaunch
[rosmaster.master][INFO] 2026-08-30 08:34:31,660: +PARAM [/target_params/tracking/kalman/initial_velocity] by /roslaunch
[rosmaster.master][INFO] 2026-08-30 08:34:31,660: +PARAM [/target_params/tracking/kalman/state_dim] by /roslaunch
[rosmaster.master][INFO] 2026-08-30 08:34:31,660: +PARAM [/target_params/tracking/kalman/measurement_dim] by /roslaunch
[rosmaster.master][INFO] 2026-08-30 08:34:31,661: +PARAM [/target_params/behavior/speed_classes/stationary] by /roslaunch
[rosmaster.master][INFO] 2026-08-30 08:34:31,661: +PARAM [/target_params/behavior/speed_classes/slow] by /roslaunch
[rosmaster.master][INFO] 2026-08-30 08:34:31,661: +PARAM [/target_params/behavior/speed_classes/medium] by /roslaunch
[rosmaster.master][INFO] 2026-08-30 08:34:31,662: +PARAM [/target_params/behavior/speed_classes/fast] by /roslaunch
[rosmaster.master][INFO] 2026-08-30 08:34:31,662: +PARAM [/target_params/behavior/speed_classes/extreme] by /roslaunch
[rosmaster.master][INFO] 2026-08-30 08:34:31,662: +PARAM [/target_params/behavior/models/random_walk/noise_scale] by /roslaunch
[rosmaster.master][INFO] 2026-08-30 08:34:31,663: +PARAM [/target_params/behavior/models/random_walk/persistence] by /roslaunch
[rosmaster.master][INFO] 2026-08-30 08:34:31,663: +PARAM [/target_params/behavior/models/pursuit/max_acceleration] by /roslaunch
[rosmaster.master][INFO] 2026-08-30 08:34:31,663: +PARAM [/target_params/behavior/models/pursuit/max_turn_rate] by /roslaunch
[rosmaster.master][INFO] 2026-08-30 08:34:31,664: +PARAM [/target_params/behavior/models/evasion/max_acceleration] by /roslaunch
[rosmaster.master][INFO] 2026-08-30 08:34:31,664: +PARAM [/target_params/behavior/models/evasion/max_turn_rate] by /roslaunch
[rosmaster.master][INFO] 2026-08-30 08:34:31,664: +PARAM [/target_params/behavior/threat/distance_weights] by /roslaunch
[rosmaster.master][INFO] 2026-08-30 08:34:31,664: +PARAM [/target_params/behavior/threat/speed_thresholds/low] by /roslaunch
[rosmaster.master][INFO] 2026-08-30 08:34:31,664: +PARAM [/target_params/behavior/threat/speed_thresholds/medium] by /roslaunch
[rosmaster.master][INFO] 2026-08-30 08:34:31,665: +PARAM [/target_params/behavior/threat/speed_thresholds/high] by /roslaunch
[rosmaster.master][INFO] 2026-08-30 08:34:31,665: +PARAM [/target_params/behavior/threat/priority_boost] by /roslaunch
[rosmaster.master][INFO] 2026-08-30 08:34:31,665: +PARAM [/target_params/performance/update_rates/detection] by /roslaunch
[rosmaster.master][INFO] 2026-08-30 08:34:31,665: +PARAM [/target_params/performance/update_rates/tracking] by /roslaunch
[rosmaster.master][INFO] 2026-08-30 08:34:31,666: +PARAM [/target_params/performance/update_rates/control] by /roslaunch
[rosmaster.master][INFO] 2026-08-30 08:34:31,666: +PARAM [/target_params/performance/update_rates/state] by /roslaunch
[rosmaster.master][INFO] 2026-08-30 08:34:31,666: +PARAM [/target_params/performance/latency/max_detection] by /roslaunch
[rosmaster.master][INFO] 2026-08-30 08:34:31,666: +PARAM [/target_params/performance/latency/max_tracking] by /roslaunch
[rosmaster.master][INFO] 2026-08-30 08:34:31,666: +PARAM [/target_params/performance/latency/max_control] by /roslaunch
[rosmaster.master][INFO] 2026-08-30 08:34:31,666: +PARAM [/target_params/performance/resources/max_memory_mb] by /roslaunch
[rosmaster.master][INFO] 2026-08-30 08:34:31,667: +PARAM [/target_params/performance/resources/max_cpu_percent] by /roslaunch
[rosmaster.master][INFO] 2026-08-30 08:34:31,667: +PARAM [/target_params/performance/resources/max_gpu_memory_mb] by /roslaunch
[rosmaster.master][INFO] 2026-08-30 08:34:31,667: +PARAM [/target_params/camera/fx] by /roslaunch
[rosmaster.master][INFO] 2026-08-30 08:34:31,667: +PARAM [/target_params/camera/fy] by /roslaunch
[rosmaster.master][INFO] 2026-08-30 08:34:31,667: +PARAM [/target_params/camera/cx] by /roslaunch
[rosmaster.master][INFO] 2026-08-30 08:34:31,667: +PARAM [/target_params/camera/cy] by /roslaunch
[rosmaster.master][INFO] 2026-08-30 08:34:31,667: +PARAM [/target_params/camera/width] by /roslaunch
[rosmaster.master][INFO] 2026-08-30 08:34:31,668: +PARAM [/target_params/camera/height] by /roslaunch
[rosmaster.master][INFO] 2026-08-30 08:34:31,668: +PARAM [/target_params/camera/fov] by /roslaunch
[rosmaster.master][INFO] 2026-08-30 08:34:31,668: +PARAM [/camera_calib/camera/id] by /roslaunch
[rosmaster.master][INFO] 2026-08-30 08:34:31,668: +PARAM [/camera_calib/camera/model] by /roslaunch
[rosmaster.master][INFO] 2026-08-30 08:34:31,668: +PARAM [/camera_calib/camera/width] by /roslaunch
[rosmaster.master][INFO] 2026-08-30 08:34:31,668: +PARAM [/camera_calib/camera/height] by /roslaunch
[rosmaster.master][INFO] 2026-08-30 08:34:31,669: +PARAM [/camera_calib/camera/intrinsic/fx] by /roslaunch
[rosmaster.master][INFO] 2026-08-30 08:34:31,670: +PARAM [/camera_calib/camera/intrinsic/fy] by /roslaunch
[rosmaster.master][INFO] 2026-08-30 08:34:31,670: +PARAM [/camera_calib/camera/intrinsic/cx] by /roslaunch
[rosmaster.master][INFO] 2026-08-30 08:34:31,670: +PARAM [/camera_calib/camera/intrinsic/cy] by /roslaunch
[rosmaster.master][INFO] 2026-08-30 08:34:31,670: +PARAM [/camera_calib/camera/intrinsic/fov] by /roslaunch
[rosmaster.master][INFO] 2026-08-30 08:34:31,671: +PARAM [/camera_calib/camera/distortion/model] by /roslaunch
[rosmaster.master][INFO] 2026-08-30 08:34:31,671: +PARAM [/camera_calib/camera/distortion/coefficients/k1] by /roslaunch
[rosmaster.master][INFO] 2026-08-30 08:34:31,671: +PARAM [/camera_calib/camera/distortion/coefficients/k2] by /roslaunch
[rosmaster.master][INFO] 2026-08-30 08:34:31,671: +PARAM [/camera_calib/camera/distortion/coefficients/p1] by /roslaunch
[rosmaster.master][INFO] 2026-08-30 08:34:31,671: +PARAM [/camera_calib/camera/distortion/coefficients/p2] by /roslaunch
[rosmaster.master][INFO] 2026-08-30 08:34:31,671: +PARAM [/camera_calib/camera/distortion/coefficients/k3] by /roslaunch
[rosmaster.master][INFO] 2026-08-30 08:34:31,671: +PARAM [/camera_calib/camera/projection/P] by /roslaunch
[rosmaster.master][INFO] 2026-08-30 08:34:31,672: +PARAM [/camera_calib/camera/rectification/R] by /roslaunch
[rosmaster.master][INFO] 2026-08-30 08:34:31,672: +PARAM [/camera_calib/camera/extrinsic/translation] by /roslaunch
[rosmaster.master][INFO] 2026-08-30 08:34:31,672: +PARAM [/camera_calib/camera/extrinsic/rotation] by /roslaunch
[rosmaster.master][INFO] 2026-08-30 08:34:31,672: +PARAM [/camera_calib/camera/extrinsic/rotation_matrix] by /roslaunch
[rosmaster.master][INFO] 2026-08-30 08:34:31,672: +PARAM [/camera_calib/camera/calibration/date] by /roslaunch
[rosmaster.master][INFO] 2026-08-30 08:34:31,673: +PARAM [/camera_calib/camera/calibration/method] by /roslaunch
[rosmaster.master][INFO] 2026-08-30 08:34:31,673: +PARAM [/camera_calib/camera/calibration/reprojection_error] by /roslaunch
[rosmaster.master][INFO] 2026-08-30 08:34:31,673: +PARAM [/camera_calib/camera/calibration/status] by /roslaunch
[rosmaster.master][INFO] 2026-08-30 08:34:31,673: +PARAM [/camera_calib/image_processing/preprocessing/resize] by /roslaunch
[rosmaster.master][INFO] 2026-08-30 08:34:31,673: +PARAM [/camera_calib/image_processing/preprocessing/normalize] by /roslaunch
[rosmaster.master][INFO] 2026-08-30 08:34:31,673: +PARAM [/camera_calib/image_processing/preprocessing/mean] by /roslaunch
[rosmaster.master][INFO] 2026-08-30 08:34:31,674: +PARAM [/camera_calib/image_processing/preprocessing/std] by /roslaunch
[rosmaster.master][INFO] 2026-08-30 08:34:31,674: +PARAM [/camera_calib/image_processing/color_space] by /roslaunch
[rosmaster.master][INFO] 2026-08-30 08:34:31,674: +PARAM [/camera_calib/image_processing/roi/enabled] by /roslaunch
[rosmaster.master][INFO] 2026-08-30 08:34:31,674: +PARAM [/camera_calib/image_processing/roi/x] by /roslaunch
[rosmaster.master][INFO] 2026-08-30 08:34:31,674: +PARAM [/camera_calib/image_processing/roi/y] by /roslaunch
[rosmaster.master][INFO] 2026-08-30 08:34:31,675: +PARAM [/camera_calib/image_processing/roi/width] by /roslaunch
[rosmaster.master][INFO] 2026-08-30 08:34:31,676: +PARAM [/camera_calib/image_processing/roi/height] by /roslaunch
[rosmaster.master][INFO] 2026-08-30 08:34:31,676: +PARAM [/camera_calib/image_processing/augmentation/horizontal_flip] by /roslaunch
[rosmaster.master][INFO] 2026-08-30 08:34:31,676: +PARAM [/camera_calib/image_processing/augmentation/rotation] by /roslaunch
[rosmaster.master][INFO] 2026-08-30 08:34:31,676: +PARAM [/camera_calib/image_processing/augmentation/scale] by /roslaunch
[rosmaster.master][INFO] 2026-08-30 08:34:31,676: +PARAM [/camera_calib/image_processing/augmentation/brightness] by /roslaunch
[rosmaster.master][INFO] 2026-08-30 08:34:31,677: +PARAM [/camera_calib/stereo/enabled] by /roslaunch
[rosmaster.master][INFO] 2026-08-30 08:34:31,677: +PARAM [/camera_calib/stereo/baseline] by /roslaunch
[rosmaster.master][INFO] 2026-08-30 08:34:31,677: +PARAM [/camera_calib/stereo/depth/min_distance] by /roslaunch
[rosmaster.master][INFO] 2026-08-30 08:34:31,677: +PARAM [/camera_calib/stereo/depth/max_distance] by /roslaunch
[rosmaster.master][INFO] 2026-08-30 08:34:31,677: +PARAM [/camera_calib/stereo/depth/disparity_range] by /roslaunch
[rosmaster.master][INFO] 2026-08-30 08:34:31,677: +PARAM [/camera_calib/stereo/matching/algorithm] by /roslaunch
[rosmaster.master][INFO] 2026-08-30 08:34:31,677: +PARAM [/camera_calib/stereo/matching/num_disparities] by /roslaunch
[rosmaster.master][INFO] 2026-08-30 08:34:31,677: +PARAM [/camera_calib/stereo/matching/block_size] by /roslaunch
[rosmaster.master][INFO] 2026-08-30 08:34:31,678: +PARAM [/camera_calib/stereo/matching/p1] by /roslaunch
[rosmaster.master][INFO] 2026-08-30 08:34:31,678: +PARAM [/camera_calib/stereo/matching/p2] by /roslaunch
[rosmaster.master][INFO] 2026-08-30 08:34:31,679: +PARAM [/flight_control/pid/position/x/p] by /roslaunch
[rosmaster.master][INFO] 2026-08-30 08:34:31,679: +PARAM [/flight_control/pid/position/x/i] by /roslaunch
[rosmaster.master][INFO] 2026-08-30 08:34:31,679: +PARAM [/flight_control/pid/position/x/d] by /roslaunch
[rosmaster.master][INFO] 2026-08-30 08:34:31,679: +PARAM [/flight_control/pid/position/x/integral_clamp] by /roslaunch
[rosmaster.master][INFO] 2026-08-30 08:34:31,679: +PARAM [/flight_control/pid/position/y/p] by /roslaunch
[rosmaster.master][INFO] 2026-08-30 08:34:31,680: +PARAM [/flight_control/pid/position/y/i] by /roslaunch
[rosmaster.master][INFO] 2026-08-30 08:34:31,680: +PARAM [/flight_control/pid/position/y/d] by /roslaunch
[rosmaster.master][INFO] 2026-08-30 08:34:31,680: +PARAM [/flight_control/pid/position/y/integral_clamp] by /roslaunch
[rosmaster.master][INFO] 2026-08-30 08:34:31,680: +PARAM [/flight_control/pid/position/z/p] by /roslaunch
[rosmaster.master][INFO] 2026-08-30 08:34:31,680: +PARAM [/flight_control/pid/position/z/i] by /roslaunch
[rosmaster.master][INFO] 2026-08-30 08:34:31,680: +PARAM [/flight_control/pid/position/z/d] by /roslaunch
[rosmaster.master][INFO] 2026-08-30 08:34:31,680: +PARAM [/flight_control/pid/position/z/integral_clamp] by /roslaunch
[rosmaster.master][INFO] 2026-08-30 08:34:31,681: +PARAM [/flight_control/pid/velocity/x/p] by /roslaunch
[rosmaster.master][INFO] 2026-08-30 08:34:31,681: +PARAM [/flight_control/pid/velocity/x/i] by /roslaunch
[rosmaster.master][INFO] 2026-08-30 08:34:31,681: +PARAM [/flight_control/pid/velocity/x/d] by /roslaunch
[rosmaster.master][INFO] 2026-08-30 08:34:31,681: +PARAM [/flight_control/pid/velocity/y/p] by /roslaunch
[rosmaster.master][INFO] 2026-08-30 08:34:31,682: +PARAM [/flight_control/pid/velocity/y/i] by /roslaunch
[rosmaster.master][INFO] 2026-08-30 08:34:31,682: +PARAM [/flight_control/pid/velocity/y/d] by /roslaunch
[rosmaster.master][INFO] 2026-08-30 08:34:31,682: +PARAM [/flight_control/pid/velocity/z/p] by /roslaunch
[rosmaster.master][INFO] 2026-08-30 08:34:31,682: +PARAM [/flight_control/pid/velocity/z/i] by /roslaunch
[rosmaster.master][INFO] 2026-08-30 08:34:31,683: +PARAM [/flight_control/pid/velocity/z/d] by /roslaunch
[rosmaster.master][INFO] 2026-08-30 08:34:31,683: +PARAM [/flight_control/pid/attitude/roll/p] by /roslaunch
[rosmaster.master][INFO] 2026-08-30 08:34:31,683: +PARAM [/flight_control/pid/attitude/roll/i] by /roslaunch
[rosmaster.master][INFO] 2026-08-30 08:34:31,684: +PARAM [/flight_control/pid/attitude/roll/d] by /roslaunch
[rosmaster.master][INFO] 2026-08-30 08:34:31,684: +PARAM [/flight_control/pid/attitude/pitch/p] by /roslaunch
[rosmaster.master][INFO] 2026-08-30 08:34:31,685: +PARAM [/flight_control/pid/attitude/pitch/i] by /roslaunch
[rosmaster.master][INFO] 2026-08-30 08:34:31,685: +PARAM [/flight_control/pid/attitude/pitch/d] by /roslaunch
[rosmaster.master][INFO] 2026-08-30 08:34:31,685: +PARAM [/flight_control/pid/attitude/yaw/p] by /roslaunch
[rosmaster.master][INFO] 2026-08-30 08:34:31,685: +PARAM [/flight_control/pid/attitude/yaw/i] by /roslaunch
[rosmaster.master][INFO] 2026-08-30 08:34:31,686: +PARAM [/flight_control/pid/attitude/yaw/d] by /roslaunch
[rosmaster.master][INFO] 2026-08-30 08:34:31,686: +PARAM [/flight_control/pid/rate/roll/p] by /roslaunch
[rosmaster.master][INFO] 2026-08-30 08:34:31,687: +PARAM [/flight_control/pid/rate/roll/i] by /roslaunch
[rosmaster.master][INFO] 2026-08-30 08:34:31,687: +PARAM [/flight_control/pid/rate/roll/d] by /roslaunch
[rosmaster.master][INFO] 2026-08-30 08:34:31,687: +PARAM [/flight_control/pid/rate/pitch/p] by /roslaunch
[rosmaster.master][INFO] 2026-08-30 08:34:31,687: +PARAM [/flight_control/pid/rate/pitch/i] by /roslaunch
[rosmaster.master][INFO] 2026-08-30 08:34:31,687: +PARAM [/flight_control/pid/rate/pitch/d] by /roslaunch
[rosmaster.master][INFO] 2026-08-30 08:34:31,687: +PARAM [/flight_control/pid/rate/yaw/p] by /roslaunch
[rosmaster.master][INFO] 2026-08-30 08:34:31,688: +PARAM [/flight_control/pid/rate/yaw/i] by /roslaunch
[rosmaster.master][INFO] 2026-08-30 08:34:31,688: +PARAM [/flight_control/pid/rate/yaw/d] by /roslaunch
[rosmaster.master][INFO] 2026-08-30 08:34:31,688: +PARAM [/flight_control/dynamics/constraints/max_velocity] by /roslaunch
[rosmaster.master][INFO] 2026-08-30 08:34:31,689: +PARAM [/flight_control/dynamics/constraints/max_acceleration] by /roslaunch
[rosmaster.master][INFO] 2026-08-30 08:34:31,689: +PARAM [/flight_control/dynamics/constraints/max_yaw_rate] by /roslaunch
[rosmaster.master][INFO] 2026-08-30 08:34:31,689: +PARAM [/flight_control/dynamics/safety_margins/min_altitude] by /roslaunch
[rosmaster.master][INFO] 2026-08-30 08:34:31,689: +PARAM [/flight_control/dynamics/safety_margins/max_altitude] by /roslaunch
[rosmaster.master][INFO] 2026-08-30 08:34:31,690: +PARAM [/flight_control/dynamics/safety_margins/max_tilt] by /roslaunch
[rosmaster.master][INFO] 2026-08-30 08:34:31,690: +PARAM [/flight_control/dynamics/safety_margins/max_rotation_rate] by /roslaunch
[rosmaster.master][INFO] 2026-08-30 08:34:31,690: +PARAM [/flight_control/dynamics/vehicle/mass] by /roslaunch
[rosmaster.master][INFO] 2026-08-30 08:34:31,690: +PARAM [/flight_control/dynamics/vehicle/moment_of_inertia] by /roslaunch
[rosmaster.master][INFO] 2026-08-30 08:34:31,690: +PARAM [/flight_control/dynamics/vehicle/thrust_to_weight] by /roslaunch
[rosmaster.master][INFO] 2026-08-30 08:34:31,690: +PARAM [/flight_control/dynamics/vehicle/max_thrust] by /roslaunch
[rosmaster.master][INFO] 2026-08-30 08:34:31,691: +PARAM [/flight_control/mission/search_patterns/type] by /roslaunch
[rosmaster.master][INFO] 2026-08-30 08:34:31,691: +PARAM [/flight_control/mission/search_patterns/params/radius] by /roslaunch
[rosmaster.master][INFO] 2026-08-30 08:34:31,691: +PARAM [/flight_control/mission/search_patterns/params/spacing] by /roslaunch
[rosmaster.master][INFO] 2026-08-30 08:34:31,691: +PARAM [/flight_control/mission/search_patterns/params/altitude] by /roslaunch
[rosmaster.master][INFO] 2026-08-30 08:34:31,692: +PARAM [/flight_control/mission/engagement/mode] by /roslaunch
[rosmaster.master][INFO] 2026-08-30 08:34:31,692: +PARAM [/flight_control/mission/engagement/priority_high] by /roslaunch
[rosmaster.master][INFO] 2026-08-30 08:34:31,692: +PARAM [/flight_control/mission/engagement/priority_low] by /roslaunch
[rosmaster.master][INFO] 2026-08-30 08:34:31,692: +PARAM [/flight_control/mission/collision_avoidance/enable] by /roslaunch
[rosmaster.master][INFO] 2026-08-30 08:34:31,692: +PARAM [/flight_control/mission/collision_avoidance/min_distance] by /roslaunch
[rosmaster.master][INFO] 2026-08-30 08:34:31,692: +PARAM [/flight_control/mission/collision_avoidance/safety_margin] by /roslaunch
[rosmaster.master][INFO] 2026-08-30 08:34:31,693: +PARAM [/flight_control/mission/collision_avoidance/avoidance_method] by /roslaunch
[rosmaster.master][INFO] 2026-08-30 08:34:31,693: +PARAM [/flight_control/mission/waypoints/tolerance] by /roslaunch
[rosmaster.master][INFO] 2026-08-30 08:34:31,693: +PARAM [/flight_control/mission/waypoints/loiter_time] by /roslaunch
[rosmaster.master][INFO] 2026-08-30 08:34:31,693: +PARAM [/flight_control/mission/waypoints/approach_speed] by /roslaunch
[rosmaster.master][INFO] 2026-08-30 08:34:31,694: +PARAM [/flight_control/simulation/physics/enable_gravity] by /roslaunch
[rosmaster.master][INFO] 2026-08-30 08:34:31,694: +PARAM [/flight_control/simulation/physics/enable_wind] by /roslaunch
[rosmaster.master][INFO] 2026-08-30 08:34:31,694: +PARAM [/flight_control/simulation/physics/enable_turbulence] by /roslaunch
[rosmaster.master][INFO] 2026-08-30 08:34:31,694: +PARAM [/flight_control/simulation/environment/wind_speed] by /roslaunch
[rosmaster.master][INFO] 2026-08-30 08:34:31,694: +PARAM [/flight_control/simulation/environment/wind_direction] by /roslaunch
[rosmaster.master][INFO] 2026-08-30 08:34:31,695: +PARAM [/flight_control/simulation/environment/turbulence_intensity] by /roslaunch
[rosmaster.master][INFO] 2026-08-30 08:34:31,695: +PARAM [/flight_control/simulation/noise/sensor_noise] by /roslaunch
[rosmaster.master][INFO] 2026-08-30 08:34:31,695: +PARAM [/flight_control/simulation/noise/actuator_noise] by /roslaunch
[rosmaster.master][INFO] 2026-08-30 08:34:31,696: +PARAM [/flight_control/simulation/noise/time_delay] by /roslaunch
[rosmaster.master][INFO] 2026-08-30 08:34:31,696: +PARAM [/flight_control/simulation/speed/simulation_speed] by /roslaunch
[rosmaster.master][INFO] 2026-08-30 08:34:31,696: +PARAM [/flight_control/simulation/speed/real_time_factor] by /roslaunch
[rosmaster.master][INFO] 2026-08-30 08:34:31,696: +PARAM [/kalman_filter/kalman_filter/type] by /roslaunch
[rosmaster.master][INFO] 2026-08-30 08:34:31,697: +PARAM [/kalman_filter/kalman_filter/state_dim] by /roslaunch
[rosmaster.master][INFO] 2026-08-30 08:34:31,697: +PARAM [/kalman_filter/kalman_filter/measurement_dim] by /roslaunch
[rosmaster.master][INFO] 2026-08-30 08:34:31,697: +PARAM [/kalman_filter/kalman_filter/noise/process/position] by /roslaunch
[rosmaster.master][INFO] 2026-08-30 08:34:31,697: +PARAM [/kalman_filter/kalman_filter/noise/process/velocity] by /roslaunch
[rosmaster.master][INFO] 2026-08-30 08:34:31,697: +PARAM [/kalman_filter/kalman_filter/noise/process/acceleration] by /roslaunch
[rosmaster.master][INFO] 2026-08-30 08:34:31,697: +PARAM [/kalman_filter/kalman_filter/noise/measurement/position] by /roslaunch
[rosmaster.master][INFO] 2026-08-30 08:34:31,698: +PARAM [/kalman_filter/kalman_filter/parameters/dt] by /roslaunch
[rosmaster.master][INFO] 2026-08-30 08:34:31,698: +PARAM [/kalman_filter/kalman_filter/parameters/adaptive/enabled] by /roslaunch
[rosmaster.master][INFO] 2026-08-30 08:34:31,698: +PARAM [/kalman_filter/kalman_filter/parameters/adaptive/update_rate] by /roslaunch
[rosmaster.master][INFO] 2026-08-30 08:34:31,698: +PARAM [/kalman_filter/kalman_filter/parameters/adaptive/innovation_threshold] by /roslaunch
[rosmaster.master][INFO] 2026-08-30 08:34:31,698: +PARAM [/kalman_filter/kalman_filter/parameters/outlier_rejection/enabled] by /roslaunch
[rosmaster.master][INFO] 2026-08-30 08:34:31,699: +PARAM [/kalman_filter/kalman_filter/parameters/outlier_rejection/mahalanobis_threshold] by /roslaunch
[rosmaster.master][INFO] 2026-08-30 08:34:31,699: +PARAM [/kalman_filter/kalman_filter/parameters/outlier_rejection/gating] by /roslaunch
[rosmaster.master][INFO] 2026-08-30 08:34:31,699: +PARAM [/kalman_filter/kalman_filter/parameters/initialization/max_measurements] by /roslaunch
[rosmaster.master][INFO] 2026-08-30 08:34:31,699: +PARAM [/kalman_filter/kalman_filter/parameters/initialization/min_velocity_samples] by /roslaunch
[rosmaster.master][INFO] 2026-08-30 08:34:31,699: +PARAM [/kalman_filter/kalman_filter/parameters/convergence/max_iterations] by /roslaunch
[rosmaster.master][INFO] 2026-08-30 08:34:31,700: +PARAM [/kalman_filter/kalman_filter/parameters/convergence/epsilon] by /roslaunch
[rosmaster.master][INFO] 2026-08-30 08:34:31,700: +PARAM [/kalman_filter/kalman_filter/multi_target/enabled] by /roslaunch
[rosmaster.master][INFO] 2026-08-30 08:34:31,700: +PARAM [/kalman_filter/kalman_filter/multi_target/max_targets] by /roslaunch
[rosmaster.master][INFO] 2026-08-30 08:34:31,700: +PARAM [/kalman_filter/kalman_filter/multi_target/association/method] by /roslaunch
[rosmaster.master][INFO] 2026-08-30 08:34:31,701: +PARAM [/kalman_filter/kalman_filter/multi_target/association/gating/enabled] by /roslaunch
[rosmaster.master][INFO] 2026-08-30 08:34:31,701: +PARAM [/kalman_filter/kalman_filter/multi_target/association/gating/gate_size] by /roslaunch
[rosmaster.master][INFO] 2026-08-30 08:34:31,701: +PARAM [/kalman_filter/kalman_filter/multi_target/association/gating/dynamic_gating] by /roslaunch
[rosmaster.master][INFO] 2026-08-30 08:34:31,701: +PARAM [/kalman_filter/kalman_filter/multi_target/association/track_management/birth_probability] by /roslaunch
[rosmaster.master][INFO] 2026-08-30 08:34:31,701: +PARAM [/kalman_filter/kalman_filter/multi_target/association/track_management/death_threshold] by /roslaunch
[rosmaster.master][INFO] 2026-08-30 08:34:31,702: +PARAM [/kalman_filter/kalman_filter/multi_target/association/track_management/merge_threshold] by /roslaunch
[rosmaster.master][INFO] 2026-08-30 08:34:31,702: +PARAM [/kalman_filter/kalman_filter/multi_target/scoring/position_weight] by /roslaunch
[rosmaster.master][INFO] 2026-08-30 08:34:31,702: +PARAM [/kalman_filter/kalman_filter/multi_target/scoring/velocity_weight] by /roslaunch
[rosmaster.master][INFO] 2026-08-30 08:34:31,702: +PARAM [/kalman_filter/kalman_filter/multi_target/scoring/appearance_weight] by /roslaunch
[rosmaster.master][INFO] 2026-08-30 08:34:31,702: +PARAM [/kalman_filter/kalman_filter/multi_target/scoring/history_length] by /roslaunch
[rosmaster.master][INFO] 2026-08-30 08:34:31,703: +PARAM [/kalman_filter/sensor_fusion/sensors] by /roslaunch
[rosmaster.master][INFO] 2026-08-30 08:34:31,703: +PARAM [/kalman_filter/sensor_fusion/algorithms/type] by /roslaunch
[rosmaster.master][INFO] 2026-08-30 08:34:31,703: +PARAM [/kalman_filter/sensor_fusion/algorithms/centralized/measurement_dim] by /roslaunch
[rosmaster.master][INFO] 2026-08-30 08:34:31,704: +PARAM [/kalman_filter/sensor_fusion/algorithms/track_to_track/covariance_intersection] by /roslaunch
[rosmaster.master][INFO] 2026-08-30 08:34:31,704: +PARAM [/kalman_filter/sensor_fusion/algorithms/track_to_track/gamma] by /roslaunch
[rosmaster.master][INFO] 2026-08-30 08:34:31,704: +PARAM [/system_params/ros/master/uri] by /roslaunch
[rosmaster.master][INFO] 2026-08-30 08:34:31,705: +PARAM [/system_params/ros/master/timeout] by /roslaunch
[rosmaster.master][INFO] 2026-08-30 08:34:31,705: +PARAM [/system_params/ros/node/name] by /roslaunch
[rosmaster.master][INFO] 2026-08-30 08:34:31,705: +PARAM [/system_params/ros/node/namespace] by /roslaunch
[rosmaster.master][INFO] 2026-08-30 08:34:31,705: +PARAM [/system_params/ros/topics/camera_image] by /roslaunch
[rosmaster.master][INFO] 2026-08-30 08:34:31,705: +PARAM [/system_params/ros/topics/camera_info] by /roslaunch
[rosmaster.master][INFO] 2026-08-30 08:34:31,705: +PARAM [/system_params/ros/topics/vehicle_state] by /roslaunch
[rosmaster.master][INFO] 2026-08-30 08:34:31,706: +PARAM [/system_params/ros/topics/vehicle_position] by /roslaunch
[rosmaster.master][INFO] 2026-08-30 08:34:31,706: +PARAM [/system_params/ros/topics/vehicle_velocity] by /roslaunch
[rosmaster.master][INFO] 2026-08-30 08:34:31,706: +PARAM [/system_params/ros/topics/vehicle_attitude] by /roslaunch
[rosmaster.master][INFO] 2026-08-30 08:34:31,706: +PARAM [/system_params/ros/topics/battery_status] by /roslaunch
[rosmaster.master][INFO] 2026-08-30 08:34:31,706: +PARAM [/system_params/ros/topics/detection_output] by /roslaunch
[rosmaster.master][INFO] 2026-08-30 08:34:31,707: +PARAM [/system_params/ros/topics/tracked_targets] by /roslaunch
[rosmaster.master][INFO] 2026-08-30 08:34:31,707: +PARAM [/system_params/ros/topics/control_command] by /roslaunch
[rosmaster.master][INFO] 2026-08-30 08:34:31,707: +PARAM [/system_params/ros/topics/safety_status] by /roslaunch
[rosmaster.master][INFO] 2026-08-30 08:34:31,707: +PARAM [/system_params/ros/topics/diagnostic_status] by /roslaunch
[rosmaster.master][INFO] 2026-08-30 08:34:31,707: +PARAM [/system_params/ros/topics/debug_info] by /roslaunch
[rosmaster.master][INFO] 2026-08-30 08:34:31,708: +PARAM [/system_params/ros/topics/performance_metrics] by /roslaunch
[rosmaster.master][INFO] 2026-08-30 08:34:31,708: +PARAM [/system_params/ros/topics/test_results] by /roslaunch
[rosmaster.master][INFO] 2026-08-30 08:34:31,708: +PARAM [/system_params/ros/topics/test_status] by /roslaunch
[rosmaster.master][INFO] 2026-08-30 08:34:31,708: +PARAM [/system_params/logging/level] by /roslaunch
[rosmaster.master][INFO] 2026-08-30 08:34:31,708: +PARAM [/system_params/logging/outputs/console] by /roslaunch
[rosmaster.master][INFO] 2026-08-30 08:34:31,709: +PARAM [/system_params/logging/outputs/file] by /roslaunch
[rosmaster.master][INFO] 2026-08-30 08:34:31,709: +PARAM [/system_params/logging/outputs/rosout] by /roslaunch
[rosmaster.master][INFO] 2026-08-30 08:34:31,709: +PARAM [/system_params/logging/file/directory] by /roslaunch
[rosmaster.master][INFO] 2026-08-30 08:34:31,709: +PARAM [/system_params/logging/file/max_size] by /roslaunch
[rosmaster.master][INFO] 2026-08-30 08:34:31,710: +PARAM [/system_params/logging/file/max_files] by /roslaunch
[rosmaster.master][INFO] 2026-08-30 08:34:31,710: +PARAM [/system_params/logging/file/format] by /roslaunch
[rosmaster.master][INFO] 2026-08-30 08:34:31,710: +PARAM [/system_params/logging/performance/enabled] by /roslaunch
[rosmaster.master][INFO] 2026-08-30 08:34:31,710: +PARAM [/system_params/logging/performance/interval] by /roslaunch
[rosmaster.master][INFO] 2026-08-30 08:34:31,711: +PARAM [/system_params/logging/performance/metrics] by /roslaunch
[rosmaster.master][INFO] 2026-08-30 08:34:31,711: +PARAM [/system_params/logging/performance/output_file] by /roslaunch
[rosmaster.master][INFO] 2026-08-30 08:34:31,711: +PARAM [/system_params/safety/geofence/enabled] by /roslaunch
[rosmaster.master][INFO] 2026-08-30 08:34:31,711: +PARAM [/system_params/safety/geofence/shape] by /roslaunch
[rosmaster.master][INFO] 2026-08-30 08:34:31,711: +PARAM [/system_params/safety/geofence/radius] by /roslaunch
[rosmaster.master][INFO] 2026-08-30 08:34:31,711: +PARAM [/system_params/safety/geofence/height] by /roslaunch
[rosmaster.master][INFO] 2026-08-30 08:34:31,711: +PARAM [/system_params/safety/emergency/action] by /roslaunch
[rosmaster.master][INFO] 2026-08-30 08:34:31,712: +PARAM [/system_params/safety/emergency/altitude_min] by /roslaunch
[rosmaster.master][INFO] 2026-08-30 08:34:31,712: +PARAM [/system_params/safety/emergency/altitude_max] by /roslaunch
[rosmaster.master][INFO] 2026-08-30 08:34:31,712: +PARAM [/system_params/safety/failsafe/battery_critical] by /roslaunch
[rosmaster.master][INFO] 2026-08-30 08:34:31,712: +PARAM [/system_params/safety/failsafe/lost_connection] by /roslaunch
[rosmaster.master][INFO] 2026-08-30 08:34:31,713: +PARAM [/system_params/safety/failsafe/gps_failure] by /roslaunch
[rosmaster.master][INFO] 2026-08-30 08:34:31,713: +PARAM [/system_params/safety/failsafe/sensor_failure] by /roslaunch
[rosmaster.master][INFO] 2026-08-30 08:34:31,713: +PARAM [/system_params/safety/failsafe/exceeded_geofence] by /roslaunch
[rosmaster.master][INFO] 2026-08-30 08:34:31,713: +PARAM [/system_params/safety/health/check_interval] by /roslaunch
[rosmaster.master][INFO] 2026-08-30 08:34:31,714: +PARAM [/system_params/safety/health/restart_on_failure] by /roslaunch
[rosmaster.master][INFO] 2026-08-30 08:34:31,714: +PARAM [/system_params/safety/health/max_restarts] by /roslaunch
[rosmaster.master][INFO] 2026-08-30 08:34:31,714: +PARAM [/system_params/safety/health/restart_delay] by /roslaunch
[rosmaster.master][INFO] 2026-08-30 08:34:31,714: +PARAM [/system_params/performance/threads/detection_pool] by /roslaunch
[rosmaster.master][INFO] 2026-08-30 08:34:31,714: +PARAM [/system_params/performance/threads/control_pool] by /roslaunch
[rosmaster.master][INFO] 2026-08-30 08:34:31,714: +PARAM [/system_params/performance/queues/input_queue_size] by /roslaunch
[rosmaster.master][INFO] 2026-08-30 08:34:31,714: +PARAM [/system_params/performance/queues/output_queue_size] by /roslaunch
[rosmaster.master][INFO] 2026-08-30 08:34:31,714: +PARAM [/system_params/performance/memory/cache_images] by /roslaunch
[rosmaster.master][INFO] 2026-08-30 08:34:31,715: +PARAM [/system_params/performance/memory/max_cache_size] by /roslaunch
[rosmaster.master][INFO] 2026-08-30 08:34:31,715: +PARAM [/system_params/performance/memory/max_cached_messages] by /roslaunch
[rosmaster.master][INFO] 2026-08-30 08:34:31,715: +PARAM [/system_params/performance/timing/use_sim_time] by /roslaunch
[rosmaster.master][INFO] 2026-08-30 08:34:31,715: +PARAM [/system_params/performance/timing/publish_rate] by /roslaunch
[rosmaster.master][INFO] 2026-08-30 08:34:31,715: +PARAM [/system_params/performance/timing/control_rate] by /roslaunch
[rosmaster.master][INFO] 2026-08-30 08:34:31,715: +PARAM [/system_params/network/px4/udp_port] by /roslaunch
[rosmaster.master][INFO] 2026-08-30 08:34:31,716: +PARAM [/system_params/network/px4/tcp_port] by /roslaunch
[rosmaster.master][INFO] 2026-08-30 08:34:31,716: +PARAM [/system_params/network/px4/heartbeat_rate] by /roslaunch
[rosmaster.master][INFO] 2026-08-30 08:34:31,716: +PARAM [/system_params/network/mavros/fcu_url] by /roslaunch
[rosmaster.master][INFO] 2026-08-30 08:34:31,716: +PARAM [/system_params/network/mavros/gcs_url] by /roslaunch
[rosmaster.master][INFO] 2026-08-30 08:34:31,716: +PARAM [/system_params/network/timeout] by /roslaunch
[rosmaster.master][INFO] 2026-08-30 08:34:31,716: +PARAM [/system_params/network/reconnect_attempts] by /roslaunch
[rosmaster.master][INFO] 2026-08-30 08:34:31,716: +PARAM [/system_params/network/reconnect_delay] by /roslaunch
[rosmaster.master][INFO] 2026-08-30 08:34:31,716: +PARAM [/system_params/performance/publish_rate] by /roslaunch
[rosmaster.master][INFO] 2026-08-30 08:34:31,717: +PARAM [/use_simulation] by /roslaunch
[rosmaster.master][INFO] 2026-08-30 08:34:31,717: +PARAM [/parameter_validator/config_dir] by /roslaunch
[rosmaster.master][INFO] 2026-08-30 08:34:31,717: +PARAM [/parameter_validator/validate_on_startup] by /roslaunch
[rosmaster.master][INFO] 2026-08-30 08:34:31,718: +PARAM [/mission_manager/mission_config] by /roslaunch
[rosmaster.master][INFO] 2026-08-30 08:34:31,718: +PARAM [/camera_calibration/simulation_mode] by /roslaunch
[rosmaster.master][INFO] 2026-08-30 08:34:31,718: +PARAM [/yolo_detector/model_path] by /roslaunch
[rosmaster.master][INFO] 2026-08-30 08:34:31,718: +PARAM [/yolo_detector/device] by /roslaunch
[rosmaster.master][INFO] 2026-08-30 08:34:31,718: +PARAM [/sensor_fusion/publish_rate] by /roslaunch
[rosmaster.master][INFO] 2026-08-30 08:34:31,718: +PARAM [/sensor_fusion/simulation_mode] by /roslaunch
[rosmaster.master][INFO] 2026-08-30 08:34:31,719: +PARAM [/target_tracking_controller/simulation_mode] by /roslaunch
[rosmaster.master][INFO] 2026-08-30 08:34:31,719: +PARAM [/vehicle_state_monitor/simulation_mode] by /roslaunch
[rosmaster.master][INFO] 2026-08-30 08:34:31,719: +PARAM [/safety_monitor/enable_geofence] by /roslaunch
[rosmaster.master][INFO] 2026-08-30 08:34:31,719: +PARAM [/safety_monitor/simulation_mode] by /roslaunch
[rosmaster.master][INFO] 2026-08-30 08:34:31,719: +PARAM [/system_health_monitor/monitoring_interval] by /roslaunch
[rosmaster.master][INFO] 2026-08-30 08:34:31,719: +PARAM [/system_health_monitor/critical_threshold_cpu] by /roslaunch
[rosmaster.master][INFO] 2026-08-30 08:34:31,719: +PARAM [/system_health_monitor/critical_threshold_memory] by /roslaunch
[rosmaster.master][INFO] 2026-08-30 08:34:31,720: +PARAM [/system_health_monitor/warning_threshold_cpu] by /roslaunch
[rosmaster.master][INFO] 2026-08-30 08:34:31,720: +PARAM [/system_health_monitor/warning_threshold_memory] by /roslaunch
[rosmaster.master][INFO] 2026-08-30 08:34:31,720: +PARAM [/system_health_monitor/enable_network_monitoring] by /roslaunch
[rosmaster.master][INFO] 2026-08-30 08:34:31,720: +PARAM [/system_health_monitor/enable_disk_monitoring] by /roslaunch
[rosmaster.master][INFO] 2026-08-30 08:34:31,720: +PARAM [/system_health_monitor/enable_process_monitoring] by /roslaunch
[rosmaster.master][INFO] 2026-08-30 08:34:31,721: +PARAM [/health_checker/monitored_nodes] by /roslaunch
[rosmaster.master][INFO] 2026-08-30 08:34:31,721: +PARAM [/health_checker/check_interval] by /roslaunch
[rosmaster.master][INFO] 2026-08-30 08:34:31,721: +PARAM [/health_checker/timeout_threshold] by /roslaunch
[rosmaster.master][INFO] 2026-08-30 08:34:31,721: +PARAM [/health_checker/restart_on_failure] by /roslaunch
[rosmaster.master][INFO] 2026-08-30 08:34:31,722: +PARAM [/health_checker/max_restarts] by /roslaunch
[rosmaster.master][INFO] 2026-08-30 08:34:31,774: +SERVICE [/rosout/get_loggers] /rosout http://localhost:42677/
[rosmaster.master][INFO] 2026-08-30 08:34:31,775: +SERVICE [/rosout/set_logger_level] /rosout http://localhost:42677/
[rosmaster.master][INFO] 2026-08-30 08:34:31,786: +PUB [/rosout_agg] /rosout http://localhost:42677/
[rosmaster.master][INFO] 2026-08-30 08:34:31,796: +SUB [/rosout] /rosout http://localhost:42677/
[rosmaster.master][INFO] 2026-08-30 08:34:34,457: +PUB [/rosout] /parameter_validator http://localhost:40231/
[rosmaster.master][INFO] 2026-08-30 08:34:34,460: publisherUpdate[/rosout] -> http://localhost:42677/ ['http://localhost:40231/']
[rosmaster.master][INFO] 2026-08-30 08:34:34,529: +SERVICE [/parameter_validator/get_loggers] /parameter_validator http://localhost:40231/
[rosmaster.master][INFO] 2026-08-30 08:34:34,531: publisherUpdate[/rosout] -> http://localhost:42677/ ['http://localhost:40231/']: sec=0.07, result=[1, '', 0]
[rosmaster.master][INFO] 2026-08-30 08:34:34,537: +SERVICE [/parameter_validator/set_logger_level] /parameter_validator http://localhost:40231/
[rosmaster.master][INFO] 2026-08-30 08:34:34,868: +CACHEDPARAM [/rosout_disable_topics_generation] by /parameter_validator
[rosmaster.master][INFO] 2026-08-30 08:34:34,880: +CACHEDPARAM [/rosout_disable_topics_generation] by /parameter_validator
[rosmaster.master][INFO] 2026-08-30 08:34:34,934: +CACHEDPARAM [/rosout/omit_topics] by /rosout
[rosmaster.master][INFO] 2026-08-30 08:34:35,936: +PUB [/rosout] /camera_calibration http://localhost:42041/
[rosmaster.master][INFO] 2026-08-30 08:34:35,939: +PUB [/rosout] /sensor_fusion http://localhost:40553/
[rosmaster.master][INFO] 2026-08-30 08:34:35,940: publisherUpdate[/rosout] -> http://localhost:42677/ ['http://localhost:40231/', 'http://localhost:42041/']
[rosmaster.master][INFO] 2026-08-30 08:34:35,944: publisherUpdate[/rosout] -> http://localhost:42677/ ['http://localhost:40231/', 'http://localhost:42041/']: sec=0.00, result=[1, '', 0]
[rosmaster.master][INFO] 2026-08-30 08:34:35,944: publisherUpdate[/rosout] -> http://localhost:42677/ ['http://localhost:40231/', 'http://localhost:42041/', 'http://localhost:40553/']
[rosmaster.master][INFO] 2026-08-30 08:34:35,955: publisherUpdate[/rosout] -> http://localhost:42677/ ['http://localhost:40231/', 'http://localhost:42041/', 'http://localhost:40553/']: sec=0.01, result=[1, '', 0]
[rosmaster.master][INFO] 2026-08-30 08:34:35,961: +SERVICE [/sensor_fusion/get_loggers] /sensor_fusion http://localhost:40553/
[rosmaster.master][INFO] 2026-08-30 08:34:35,963: +SERVICE [/camera_calibration/get_loggers] /camera_calibration http://localhost:42041/
[rosmaster.master][INFO] 2026-08-30 08:34:35,966: +SERVICE [/sensor_fusion/set_logger_level] /sensor_fusion http://localhost:40553/
[rosmaster.master][INFO] 2026-08-30 08:34:35,974: +SERVICE [/camera_calibration/set_logger_level] /camera_calibration http://localhost:42041/
[rosmaster.master][INFO] 2026-08-30 08:34:35,980: +PUB [/camera/camera_info] /camera_calibration http://localhost:42041/
[rosmaster.master][INFO] 2026-08-30 08:34:36,029: +PUB [/tf] /camera_calibration http://localhost:42041/
[rosmaster.master][INFO] 2026-08-30 08:34:36,032: +SUB [/mavros/imu/data] /sensor_fusion http://localhost:40553/
[rosmaster.master][INFO] 2026-08-30 08:34:36,035: +CACHEDPARAM [/rosout_disable_topics_generation] by /camera_calibration
[rosmaster.master][INFO] 2026-08-30 08:34:36,043: +PUB [/rosout] /command_interpreter http://localhost:43099/
[rosmaster.master][INFO] 2026-08-30 08:34:36,044: +SUB [/mavros/global_position/global] /sensor_fusion http://localhost:40553/
[rosmaster.master][INFO] 2026-08-30 08:34:36,048: +SUB [/mavros/local_position/pose] /sensor_fusion http://localhost:40553/
[rosmaster.master][INFO] 2026-08-30 08:34:36,054: +PUB [/sensor_fusion/node_health] /sensor_fusion http://localhost:40553/
[rosmaster.master][INFO] 2026-08-30 08:34:36,055: publisherUpdate[/rosout] -> http://localhost:42677/ ['http://localhost:40231/', 'http://localhost:42041/', 'http://localhost:40553/', 'http://localhost:43099/']
[rosmaster.master][INFO] 2026-08-30 08:34:36,061: publisherUpdate[/rosout] -> http://localhost:42677/ ['http://localhost:40231/', 'http://localhost:42041/', 'http://localhost:40553/', 'http://localhost:43099/']: sec=0.00, result=[1, '', 0]
[rosmaster.master][INFO] 2026-08-30 08:34:36,064: publisherUpdate[/rosout] -> http://localhost:42677/ ['http://localhost:40231/', 'http://localhost:42041/', 'http://localhost:40553/', 'http://localhost:43099/', 'http://localhost:33109/']
[rosmaster.master][INFO] 2026-08-30 08:34:36,063: +PUB [/rosout] /safety_monitor http://localhost:33109/
[rosmaster.master][INFO] 2026-08-30 08:34:36,068: +CACHEDPARAM [/rosout_disable_topics_generation] by /sensor_fusion
[rosmaster.master][INFO] 2026-08-30 08:34:36,068: +SERVICE [/command_interpreter/get_loggers] /command_interpreter http://localhost:43099/
[rosmaster.master][INFO] 2026-08-30 08:34:36,069: publisherUpdate[/rosout] -> http://localhost:42677/ ['http://localhost:40231/', 'http://localhost:42041/', 'http://localhost:40553/', 'http://localhost:43099/', 'http://localhost:33109/']: sec=0.00, result=[1, '', 0]
[rosmaster.master][INFO] 2026-08-30 08:34:36,070: +SERVICE [/command_interpreter/set_logger_level] /command_interpreter http://localhost:43099/
[rosmaster.master][INFO] 2026-08-30 08:34:36,138: +SUB [/drone_control/command] /command_interpreter http://localhost:43099/
[rosmaster.master][INFO] 2026-08-30 08:34:36,140: +SERVICE [/safety_monitor/get_loggers] /safety_monitor http://localhost:33109/
[rosmaster.master][INFO] 2026-08-30 08:34:36,142: +SERVICE [/safety_monitor/set_logger_level] /safety_monitor http://localhost:33109/
[rosmaster.master][INFO] 2026-08-30 08:34:36,169: +PUB [/drone_control/command_response] /command_interpreter http://localhost:43099/
[rosmaster.master][INFO] 2026-08-30 08:34:36,174: +PUB [/command_interpreter/node_health] /command_interpreter http://localhost:43099/
[rosmaster.master][INFO] 2026-08-30 08:34:36,179: +CACHEDPARAM [/rosout_disable_topics_generation] by /command_interpreter
[rosmaster.master][INFO] 2026-08-30 08:34:36,189: +PUB [/rosout] /mission_manager http://localhost:40261/
[rosmaster.master][INFO] 2026-08-30 08:34:36,190: +SUB [/mavros/local_position/pose] /safety_monitor http://localhost:33109/
[rosmaster.master][INFO] 2026-08-30 08:34:36,228: +SUB [/mavros/local_position/velocity] /safety_monitor http://localhost:33109/
[rosmaster.master][INFO] 2026-08-30 08:34:36,239: +SUB [/mavros/state] /safety_monitor http://localhost:33109/
[rosmaster.master][INFO] 2026-08-30 08:34:36,241: +SERVICE [/mission_manager/get_loggers] /mission_manager http://localhost:40261/
[rosmaster.master][INFO] 2026-08-30 08:34:36,243: +PUB [/safety_status] /safety_monitor http://localhost:33109/
[rosmaster.master][INFO] 2026-08-30 08:34:36,244: +SERVICE [/mission_manager/set_logger_level] /mission_manager http://localhost:40261/
[rosmaster.master][INFO] 2026-08-30 08:34:36,246: +PUB [/safety_monitor/node_health] /safety_monitor http://localhost:33109/
[rosmaster.master][INFO] 2026-08-30 08:34:36,253: +PUB [/emergency_triggered] /safety_monitor http://localhost:33109/
[rosmaster.master][INFO] 2026-08-30 08:34:36,257: +SERVICE [/safety/geofence_enable] /safety_monitor http://localhost:33109/
[rosmaster.master][INFO] 2026-08-30 08:34:36,260: +SERVICE [/safety/geofence_disable] /safety_monitor http://localhost:33109/
[rosmaster.master][INFO] 2026-08-30 08:34:36,263: +SERVICE [/safety/check] /safety_monitor http://localhost:33109/
[rosmaster.master][INFO] 2026-08-30 08:34:36,263: publisherUpdate[/rosout] -> http://localhost:42677/ ['http://localhost:40231/', 'http://localhost:42041/', 'http://localhost:40553/', 'http://localhost:43099/', 'http://localhost:33109/', 'http://localhost:40261/']
[rosmaster.master][INFO] 2026-08-30 08:34:36,268: publisherUpdate[/rosout] -> http://localhost:42677/ ['http://localhost:40231/', 'http://localhost:42041/', 'http://localhost:40553/', 'http://localhost:43099/', 'http://localhost:33109/', 'http://localhost:40261/']: sec=0.00, result=[1, '', 0]
[rosmaster.master][INFO] 2026-08-30 08:34:36,269: +SERVICE [/safety/status] /safety_monitor http://localhost:33109/
[rosmaster.master][INFO] 2026-08-30 08:34:36,270: +PUB [/mission_status] /mission_manager http://localhost:40261/
[rosmaster.master][INFO] 2026-08-30 08:34:36,273: +PUB [/mission_manager/node_health] /mission_manager http://localhost:40261/
[rosmaster.master][INFO] 2026-08-30 08:34:36,276: +CACHEDPARAM [/rosout_disable_topics_generation] by /safety_monitor
[rosmaster.master][INFO] 2026-08-30 08:34:36,283: +SUB [/drone_control/command] /mission_manager http://localhost:40261/
[rosmaster.master][INFO] 2026-08-30 08:34:36,288: +CACHEDPARAM [/rosout_disable_topics_generation] by /safety_monitor
[rosmaster.master][INFO] 2026-08-30 08:34:36,330: +SUB [/safety_status] /mission_manager http://localhost:40261/
[rosmaster.master][INFO] 2026-08-30 08:34:36,340: +SUB [/tracked_targets] /mission_manager http://localhost:40261/
[rosmaster.master][INFO] 2026-08-30 08:34:36,354: +PUB [/rosout] /system_health_monitor http://localhost:38945/
[rosmaster.master][INFO] 2026-08-30 08:34:36,357: +CACHEDPARAM [/rosout_disable_topics_generation] by /mission_manager
[rosmaster.master][INFO] 2026-08-30 08:34:36,372: publisherUpdate[/rosout] -> http://localhost:42677/ ['http://localhost:40231/', 'http://localhost:42041/', 'http://localhost:40553/', 'http://localhost:43099/', 'http://localhost:33109/', 'http://localhost:40261/', 'http://localhost:38945/']
[rosmaster.master][INFO] 2026-08-30 08:34:36,378: publisherUpdate[/rosout] -> http://localhost:42677/ ['http://localhost:40231/', 'http://localhost:42041/', 'http://localhost:40553/', 'http://localhost:43099/', 'http://localhost:33109/', 'http://localhost:40261/', 'http://localhost:38945/']: sec=0.01, result=[1, '', 0]
[rosmaster.master][INFO] 2026-08-30 08:34:36,385: +SERVICE [/system_health_monitor/get_loggers] /system_health_monitor http://localhost:38945/
[rosmaster.master][INFO] 2026-08-30 08:34:36,387: +SERVICE [/system_health_monitor/set_logger_level] /system_health_monitor http://localhost:38945/
[rosmaster.master][INFO] 2026-08-30 08:34:36,440: +SUB [/health/check_all] /system_health_monitor http://localhost:38945/
[rosmaster.master][INFO] 2026-08-30 08:34:36,442: +PUB [/system_health] /system_health_monitor http://localhost:38945/
[rosmaster.master][INFO] 2026-08-30 08:34:36,445: +PUB [/diagnostic_status] /system_health_monitor http://localhost:38945/
[rosmaster.master][INFO] 2026-08-30 08:34:36,448: +PUB [/performance_metrics] /system_health_monitor http://localhost:38945/
[rosmaster.master][INFO] 2026-08-30 08:34:36,451: +PUB [/system_alert] /system_health_monitor http://localhost:38945/
[rosmaster.master][INFO] 2026-08-30 08:34:36,456: +CACHEDPARAM [/rosout_disable_topics_generation] by /system_health_monitor
[rosmaster.master][INFO] 2026-08-30 08:34:36,572: +PUB [/rosout] /vehicle_state_monitor http://localhost:46601/
[rosmaster.master][INFO] 2026-08-30 08:34:36,580: +SERVICE [/vehicle_state_monitor/get_loggers] /vehicle_state_monitor http://localhost:46601/
[rosmaster.master][INFO] 2026-08-30 08:34:36,582: +SERVICE [/vehicle_state_monitor/set_logger_level] /vehicle_state_monitor http://localhost:46601/
[rosmaster.master][INFO] 2026-08-30 08:34:36,583: publisherUpdate[/rosout] -> http://localhost:42677/ ['http://localhost:40231/', 'http://localhost:42041/', 'http://localhost:40553/', 'http://localhost:43099/', 'http://localhost:33109/', 'http://localhost:40261/', 'http://localhost:38945/', 'http://localhost:46601/']
[rosmaster.master][INFO] 2026-08-30 08:34:36,585: publisherUpdate[/rosout] -> http://localhost:42677/ ['http://localhost:40231/', 'http://localhost:42041/', 'http://localhost:40553/', 'http://localhost:43099/', 'http://localhost:33109/', 'http://localhost:40261/', 'http://localhost:38945/', 'http://localhost:46601/']: sec=0.00, result=[1, '', 0]
[rosmaster.master][INFO] 2026-08-30 08:34:36,590: +SUB [/mavros/state] /vehicle_state_monitor http://localhost:46601/
[rosmaster.master][INFO] 2026-08-30 08:34:36,597: +SUB [/mavros/battery] /vehicle_state_monitor http://localhost:46601/
[rosmaster.master][INFO] 2026-08-30 08:34:36,601: +SUB [/mavros/local_position/velocity] /vehicle_state_monitor http://localhost:46601/
[rosmaster.master][INFO] 2026-08-30 08:34:36,603: +PUB [/drone_status] /vehicle_state_monitor http://localhost:46601/
[rosmaster.master][INFO] 2026-08-30 08:34:36,605: +PUB [/diagnostic_status] /vehicle_state_monitor http://localhost:46601/
[rosmaster.master][INFO] 2026-08-30 08:34:36,606: +PUB [/vehicle_state_monitor/node_health] /vehicle_state_monitor http://localhost:46601/
[rosmaster.master][INFO] 2026-08-30 08:34:36,607: +PUB [/battery_percentage] /vehicle_state_monitor http://localhost:46601/
[rosmaster.master][INFO] 2026-08-30 08:34:36,609: +PUB [/rosout] /health_checker http://localhost:39695/
[rosmaster.master][INFO] 2026-08-30 08:34:36,611: +SERVICE [/drone_emergency_stop] /vehicle_state_monitor http://localhost:46601/
[rosmaster.master][INFO] 2026-08-30 08:34:36,613: +SERVICE [/drone_arm] /vehicle_state_monitor http://localhost:46601/
[rosmaster.master][INFO] 2026-08-30 08:34:36,614: +SERVICE [/drone_disarm] /vehicle_state_monitor http://localhost:46601/
[rosmaster.master][INFO] 2026-08-30 08:34:36,617: +SERVICE [/drone_get_status] /vehicle_state_monitor http://localhost:46601/
[rosmaster.master][INFO] 2026-08-30 08:34:36,619: +SERVICE [/health_checker/get_loggers] /health_checker http://localhost:39695/
[rosmaster.master][INFO] 2026-08-30 08:34:36,622: +CACHEDPARAM [/rosout_disable_topics_generation] by /vehicle_state_monitor
[rosmaster.master][INFO] 2026-08-30 08:34:36,622: +SERVICE [/health_checker/set_logger_level] /health_checker http://localhost:39695/
[rosmaster.master][INFO] 2026-08-30 08:34:36,631: +SUB [/yolo_detector/node_health] /health_checker http://localhost:39695/
[rosmaster.master][INFO] 2026-08-30 08:34:36,635: +SUB [/target_tracking_controller/node_health] /health_checker http://localhost:39695/
[rosmaster.master][INFO] 2026-08-30 08:34:36,639: +SUB [/vehicle_state_monitor/node_health] /health_checker http://localhost:39695/
[rosmaster.master][INFO] 2026-08-30 08:34:36,643: +SUB [/mission_manager/node_health] /health_checker http://localhost:39695/
[rosmaster.master][INFO] 2026-08-30 08:34:36,651: +SUB [/safety_monitor/node_health] /health_checker http://localhost:39695/
[rosmaster.master][INFO] 2026-08-30 08:34:36,664: +SUB [/command_interpreter/node_health] /health_checker http://localhost:39695/
[rosmaster.master][INFO] 2026-08-30 08:34:36,676: +PUB [/system_health] /health_checker http://localhost:39695/
[rosmaster.master][INFO] 2026-08-30 08:34:36,679: +SERVICE [/health/check_all] /health_checker http://localhost:39695/
[rosmaster.master][INFO] 2026-08-30 08:34:36,686: publisherUpdate[/rosout] -> http://localhost:42677/ ['http://localhost:40231/', 'http://localhost:42041/', 'http://localhost:40553/', 'http://localhost:43099/', 'http://localhost:33109/', 'http://localhost:40261/', 'http://localhost:38945/', 'http://localhost:46601/', 'http://localhost:39695/']
[rosmaster.master][INFO] 2026-08-30 08:34:36,687: +SERVICE [/health/restart_node] /health_checker http://localhost:39695/
[rosmaster.master][INFO] 2026-08-30 08:34:36,691: publisherUpdate[/rosout] -> http://localhost:42677/ ['http://localhost:40231/', 'http://localhost:42041/', 'http://localhost:40553/', 'http://localhost:43099/', 'http://localhost:33109/', 'http://localhost:40261/', 'http://localhost:38945/', 'http://localhost:46601/', 'http://localhost:39695/']: sec=0.00, result=[1, '', 0]
[rosmaster.master][INFO] 2026-08-30 08:34:36,696: +CACHEDPARAM [/rosout_disable_topics_generation] by /health_checker
[rosmaster.master][INFO] 2026-08-30 08:34:37,202: +PUB [/rosout] /target_tracking_controller http://localhost:32891/
[rosmaster.master][INFO] 2026-08-30 08:34:37,211: +SERVICE [/target_tracking_controller/get_loggers] /target_tracking_controller http://localhost:32891/
[rosmaster.master][INFO] 2026-08-30 08:34:37,213: +SERVICE [/target_tracking_controller/set_logger_level] /target_tracking_controller http://localhost:32891/
[rosmaster.master][INFO] 2026-08-30 08:34:37,222: +SUB [/mavros/local_position/odom] /target_tracking_controller http://localhost:32891/
[rosmaster.master][INFO] 2026-08-30 08:34:37,224: +SUB [/detected_objects] /target_tracking_controller http://localhost:32891/
[rosmaster.master][INFO] 2026-08-30 08:34:37,228: +SUB [/mavros/state] /target_tracking_controller http://localhost:32891/
[rosmaster.master][INFO] 2026-08-30 08:34:37,230: +SUB [/mission_status] /target_tracking_controller http://localhost:32891/
[rosmaster.master][INFO] 2026-08-30 08:34:37,232: +PUB [/tracked_targets] /target_tracking_controller http://localhost:32891/
[rosmaster.master][INFO] 2026-08-30 08:34:37,235: +PUB [/mavros/setpoint_velocity/cmd_vel_unstamped] /target_tracking_controller http://localhost:32891/
[rosmaster.master][INFO] 2026-08-30 08:34:37,236: +PUB [/mavros/setpoint_raw/local] /target_tracking_controller http://localhost:32891/
[rosmaster.master][INFO] 2026-08-30 08:34:37,237: +PUB [/target_tracking_controller/node_health] /target_tracking_controller http://localhost:32891/
[rosmaster.master][INFO] 2026-08-30 08:34:37,301: publisherUpdate[/rosout] -> http://localhost:42677/ ['http://localhost:40231/', 'http://localhost:42041/', 'http://localhost:40553/', 'http://localhost:43099/', 'http://localhost:33109/', 'http://localhost:40261/', 'http://localhost:38945/', 'http://localhost:46601/', 'http://localhost:39695/', 'http://localhost:32891/']
[rosmaster.master][INFO] 2026-08-30 08:34:37,302: publisherUpdate[/tracked_targets] -> http://localhost:40261/ ['http://localhost:32891/']
[rosmaster.master][INFO] 2026-08-30 08:34:37,303: publisherUpdate[/target_tracking_controller/node_health] -> http://localhost:39695/ ['http://localhost:32891/']
[rosmaster.master][INFO] 2026-08-30 08:34:37,305: publisherUpdate[/rosout] -> http://localhost:42677/ ['http://localhost:40231/', 'http://localhost:42041/', 'http://localhost:40553/', 'http://localhost:43099/', 'http://localhost:33109/', 'http://localhost:40261/', 'http://localhost:38945/', 'http://localhost:46601/', 'http://localhost:39695/', 'http://localhost:32891/']: sec=0.00, result=[1, '', 0]
[rosmaster.master][INFO] 2026-08-30 08:34:37,306: publisherUpdate[/tracked_targets] -> http://localhost:40261/ ['http://localhost:32891/']: sec=0.00, result=[1, '', 0]
[rosmaster.master][INFO] 2026-08-30 08:34:37,307: publisherUpdate[/target_tracking_controller/node_health] -> http://localhost:39695/ ['http://localhost:32891/']: sec=0.00, result=[1, '', 0]
[rosmaster.master][INFO] 2026-08-30 08:34:39,367: +CACHEDPARAM [/rosout_disable_topics_generation] by /target_tracking_controller
[rosmaster.master][INFO] 2026-08-30 08:34:40,021: +PUB [/rosout] /yolo_detector http://localhost:38185/
[rosmaster.master][INFO] 2026-08-30 08:34:40,026: +SERVICE [/yolo_detector/get_loggers] /yolo_detector http://localhost:38185/
[rosmaster.master][INFO] 2026-08-30 08:34:40,027: +SERVICE [/yolo_detector/set_logger_level] /yolo_detector http://localhost:38185/
[rosmaster.master][INFO] 2026-08-30 08:34:40,034: +PUB [/yolo_detector/node_health] /yolo_detector http://localhost:38185/
[rosmaster.master][INFO] 2026-08-30 08:34:40,036: +SUB [/drone_control/command] /yolo_detector http://localhost:38185/
[rosmaster.master][INFO] 2026-08-30 08:34:40,037: +PUB [/command_response] /yolo_detector http://localhost:38185/
[rosmaster.master][INFO] 2026-08-30 08:34:40,039: +SUB [/mission_status] /yolo_detector http://localhost:38185/
[rosmaster.master][INFO] 2026-08-30 08:34:40,041: +CACHEDPARAM [/rosout_disable_topics_generation] by /yolo_detector
[rosmaster.master][INFO] 2026-08-30 08:34:40,057: publisherUpdate[/rosout] -> http://localhost:42677/ ['http://localhost:40231/', 'http://localhost:42041/', 'http://localhost:40553/', 'http://localhost:43099/', 'http://localhost:33109/', 'http://localhost:40261/', 'http://localhost:38945/', 'http://localhost:46601/', 'http://localhost:39695/', 'http://localhost:32891/', 'http://localhost:38185/']
[rosmaster.master][INFO] 2026-08-30 08:34:40,059: publisherUpdate[/rosout] -> http://localhost:42677/ ['http://localhost:40231/', 'http://localhost:42041/', 'http://localhost:40553/', 'http://localhost:43099/', 'http://localhost:33109/', 'http://localhost:40261/', 'http://localhost:38945/', 'http://localhost:46601/', 'http://localhost:39695/', 'http://localhost:32891/', 'http://localhost:38185/']: sec=0.00, result=[1, '', 0]
[rosmaster.master][INFO] 2026-08-30 08:34:40,059: publisherUpdate[/yolo_detector/node_health] -> http://localhost:39695/ ['http://localhost:38185/']
[rosmaster.master][INFO] 2026-08-30 08:34:40,062: publisherUpdate[/yolo_detector/node_health] -> http://localhost:39695/ ['http://localhost:38185/']: sec=0.00, result=[1, '', 0]
[rosmaster.master][INFO] 2026-08-30 08:34:40,205: +CACHEDPARAM [/rosout_disable_topics_generation] by /yolo_detector
[rosmaster.master][INFO] 2026-08-30 08:34:40,207: +SUB [/camera/color/image_raw] /yolo_detector http://localhost:38185/
[rosmaster.master][INFO] 2026-08-30 08:34:40,208: +PUB [/detected_objects] /yolo_detector http://localhost:38185/
[rosmaster.master][INFO] 2026-08-30 08:34:40,210: +CACHEDPARAM [/rosout_disable_topics_generation] by /yolo_detector
[rosmaster.master][INFO] 2026-08-30 08:34:40,213: +CACHEDPARAM [/rosout_disable_topics_generation] by /yolo_detector
[rosmaster.master][INFO] 2026-08-30 08:34:40,218: publisherUpdate[/detected_objects] -> http://localhost:32891/ ['http://localhost:38185/']
[rosmaster.master][INFO] 2026-08-30 08:34:40,221: publisherUpdate[/detected_objects] -> http://localhost:32891/ ['http://localhost:38185/']: sec=0.00, result=[1, '', 0]
[rosmaster.master][INFO] 2026-08-30 08:34:41,495: +CACHEDPARAM [/rosout_disable_topics_generation] by /target_tracking_controller
[rosmaster.master][INFO] 2026-08-30 08:34:41,501: +CACHEDPARAM [/rosout_disable_topics_generation] by /target_tracking_controller
[rosmaster.master][INFO] 2026-08-30 08:34:41,698: +CACHEDPARAM [/rosout_disable_topics_generation] by /health_checker
[rosmaster.master][INFO] 2026-08-30 08:34:41,703: +CACHEDPARAM [/rosout_disable_topics_generation] by /health_checker
[rosmaster.master][INFO] 2026-08-30 08:35:04,382: +PUB [/rosout] /performance_monitor http://localhost:39531/
[rosmaster.master][INFO] 2026-08-30 08:35:04,388: +SERVICE [/performance_monitor/get_loggers] /performance_monitor http://localhost:39531/
[rosmaster.master][INFO] 2026-08-30 08:35:04,389: +SERVICE [/performance_monitor/set_logger_level] /performance_monitor http://localhost:39531/
[rosmaster.master][INFO] 2026-08-30 08:35:04,394: +SUB [/performance/command] /performance_monitor http://localhost:39531/
[rosmaster.master][INFO] 2026-08-30 08:35:04,395: +SUB [/performance/benchmark] /performance_monitor http://localhost:39531/
[rosmaster.master][INFO] 2026-08-30 08:35:04,397: +PUB [/performance/metrics] /performance_monitor http://localhost:39531/
[rosmaster.master][INFO] 2026-08-30 08:35:04,397: +PUB [/performance/benchmark_results] /performance_monitor http://localhost:39531/
[rosmaster.master][INFO] 2026-08-30 08:35:04,398: +PUB [/performance/alert] /performance_monitor http://localhost:39531/
[rosmaster.master][INFO] 2026-08-30 08:35:04,399: +PUB [/diagnostic_status] /performance_monitor http://localhost:39531/
[rosmaster.master][INFO] 2026-08-30 08:35:04,400: +CACHEDPARAM [/rosout_disable_topics_generation] by /performance_monitor
[rosmaster.master][INFO] 2026-08-30 08:35:04,413: publisherUpdate[/rosout] -> http://localhost:42677/ ['http://localhost:40231/', 'http://localhost:42041/', 'http://localhost:40553/', 'http://localhost:43099/', 'http://localhost:33109/', 'http://localhost:40261/', 'http://localhost:38945/', 'http://localhost:46601/', 'http://localhost:39695/', 'http://localhost:32891/', 'http://localhost:38185/', 'http://localhost:39531/']
[rosmaster.master][INFO] 2026-08-30 08:35:04,414: publisherUpdate[/rosout] -> http://localhost:42677/ ['http://localhost:40231/', 'http://localhost:42041/', 'http://localhost:40553/', 'http://localhost:43099/', 'http://localhost:33109/', 'http://localhost:40261/', 'http://localhost:38945/', 'http://localhost:46601/', 'http://localhost:39695/', 'http://localhost:32891/', 'http://localhost:38185/', 'http://localhost:39531/']: sec=0.00, result=[1, '', 0]
[rosmaster.master][INFO] 2026-08-30 08:35:06,409: +CACHEDPARAM [/rosout_disable_topics_generation] by /performance_monitor
[rosmaster.master][INFO] 2026-08-30 08:35:08,408: +CACHEDPARAM [/rosout_disable_topics_generation] by /performance_monitor
[rosmaster.master][INFO] 2026-08-30 08:35:10,411: +CACHEDPARAM [/rosout_disable_topics_generation] by /performance_monitor
[rosmaster.master][INFO] 2026-08-30 08:35:11,418: +CACHEDPARAM [/rosout_disable_topics_generation] by /performance_monitor
[rosmaster.master][INFO] 2026-08-30 08:35:12,407: +CACHEDPARAM [/rosout_disable_topics_generation] by /performance_monitor
[rosmaster.master][INFO] 2026-08-30 08:35:13,416: +CACHEDPARAM [/rosout_disable_topics_generation] by /performance_monitor
[rosmaster.master][INFO] 2026-08-30 08:35:14,407: +CACHEDPARAM [/rosout_disable_topics_generation] by /performance_monitor
[rosmaster.master][INFO] 2026-08-30 08:35:15,417: +CACHEDPARAM [/rosout_disable_topics_generation] by /performance_monitor
[rosmaster.master][INFO] 2026-08-30 08:35:16,405: +CACHEDPARAM [/rosout_disable_topics_generation] by /performance_monitor
[rosmaster.master][INFO] 2026-08-30 08:35:16,424: +CACHEDPARAM [/rosout_disable_topics_generation] by /performance_monitor
[rosmaster.master][INFO] 2026-08-30 08:35:17,411: +CACHEDPARAM [/rosout_disable_topics_generation] by /performance_monitor
[rosmaster.master][INFO] 2026-08-30 08:35:17,659: +CACHEDPARAM [/rosout_disable_topics_generation] by /performance_monitor
[rosmaster.master][INFO] 2026-08-30 08:35:18,399: +CACHEDPARAM [/rosout_disable_topics_generation] by /performance_monitor
[rosmaster.master][INFO] 2026-08-30 08:35:18,403: +CACHEDPARAM [/rosout_disable_topics_generation] by /performance_monitor
[rosmaster.master][INFO] 2026-08-30 08:35:18,420: +CACHEDPARAM [/rosout_disable_topics_generation] by /performance_monitor
[rosmaster.master][INFO] 2026-08-30 08:35:19,411: +CACHEDPARAM [/rosout_disable_topics_generation] by /performance_monitor
[rosmaster.master][INFO] 2026-08-30 08:35:19,675: +CACHEDPARAM [/rosout_disable_topics_generation] by /performance_monitor
[rosmaster.master][INFO] 2026-08-30 08:35:20,382: +CACHEDPARAM [/rosout_disable_topics_generation] by /performance_monitor
[rosmaster.master][INFO] 2026-08-30 08:35:20,409: +CACHEDPARAM [/rosout_disable_topics_generation] by /performance_monitor
[rosmaster.master][INFO] 2026-08-30 08:35:20,423: +CACHEDPARAM [/rosout_disable_topics_generation] by /performance_monitor
[rosmaster.master][INFO] 2026-08-30 08:35:20,964: +CACHEDPARAM [/rosout_disable_topics_generation] by /performance_monitor
[rosmaster.master][INFO] 2026-08-30 08:35:21,081: +CACHEDPARAM [/rosout_disable_topics_generation] by /performance_monitor
[rosmaster.master][INFO] 2026-08-30 08:35:21,115: +CACHEDPARAM [/rosout_disable_topics_generation] by /performance_monitor
[rosmaster.master][INFO] 2026-08-30 08:35:21,414: +CACHEDPARAM [/rosout_disable_topics_generation] by /performance_monitor
[rosmaster.master][INFO] 2026-08-30 08:35:21,768: +CACHEDPARAM [/rosout_disable_topics_generation] by /performance_monitor
[rosmaster.master][INFO] 2026-08-30 08:35:22,420: +CACHEDPARAM [/rosout_disable_topics_generation] by /performance_monitor
[rosmaster.master][INFO] 2026-08-30 08:35:22,436: +CACHEDPARAM [/rosout_disable_topics_generation] by /performance_monitor
[rosmaster.master][INFO] 2026-08-30 08:35:22,571: +CACHEDPARAM [/rosout_disable_topics_generation] by /performance_monitor
[rosmaster.master][INFO] 2026-08-30 08:35:22,911: +CACHEDPARAM [/rosout_disable_topics_generation] by /performance_monitor
[rosmaster.master][INFO] 2026-08-30 08:35:23,022: +CACHEDPARAM [/rosout_disable_topics_generation] by /performance_monitor
[rosmaster.master][INFO] 2026-08-30 08:35:23,035: +CACHEDPARAM [/rosout_disable_topics_generation] by /performance_monitor
[rosmaster.master][INFO] 2026-08-30 08:35:23,408: +CACHEDPARAM [/rosout_disable_topics_generation] by /performance_monitor
[rosmaster.master][INFO] 2026-08-30 08:35:23,861: +CACHEDPARAM [/rosout_disable_topics_generation] by /performance_monitor
[rosmaster.master][INFO] 2026-08-30 08:35:24,435: +CACHEDPARAM [/rosout_disable_topics_generation] by /performance_monitor
[rosmaster.master][INFO] 2026-08-30 08:35:24,451: +CACHEDPARAM [/rosout_disable_topics_generation] by /performance_monitor
[rosmaster.master][INFO] 2026-08-30 08:35:24,719: +CACHEDPARAM [/rosout_disable_topics_generation] by /performance_monitor
[rosmaster.master][INFO] 2026-08-30 08:35:25,089: +CACHEDPARAM [/rosout_disable_topics_generation] by /performance_monitor
[rosmaster.master][INFO] 2026-08-30 08:35:25,173: +CACHEDPARAM [/rosout_disable_topics_generation] by /performance_monitor
[rosmaster.master][INFO] 2026-08-30 08:35:25,181: +CACHEDPARAM [/rosout_disable_topics_generation] by /performance_monitor
[rosmaster.master][INFO] 2026-08-30 08:35:25,424: +CACHEDPARAM [/rosout_disable_topics_generation] by /performance_monitor
[rosmaster.master][INFO] 2026-08-30 08:35:25,957: +CACHEDPARAM [/rosout_disable_topics_generation] by /performance_monitor
[rosmaster.master][INFO] 2026-08-30 08:35:26,154: +CACHEDPARAM [/rosout_disable_topics_generation] by /performance_monitor
[rosmaster.master][INFO] 2026-08-30 08:35:26,453: +CACHEDPARAM [/rosout_disable_topics_generation] by /performance_monitor
[rosmaster.master][INFO] 2026-08-30 08:35:26,455: +CACHEDPARAM [/rosout_disable_topics_generation] by /performance_monitor
[rosmaster.master][INFO] 2026-08-30 08:35:27,349: +CACHEDPARAM [/rosout_disable_topics_generation] by /performance_monitor
[rosmaster.master][INFO] 2026-08-30 08:35:27,423: +CACHEDPARAM [/rosout_disable_topics_generation] by /performance_monitor
[rosmaster.master][INFO] 2026-08-30 08:35:27,989: +CACHEDPARAM [/rosout_disable_topics_generation] by /performance_monitor
[rosmaster.master][INFO] 2026-08-30 08:35:28,080: +CACHEDPARAM [/rosout_disable_topics_generation] by /performance_monitor
[rosmaster.master][INFO] 2026-08-30 08:35:28,105: +CACHEDPARAM [/rosout_disable_topics_generation] by /performance_monitor
[rosmaster.master][INFO] 2026-08-30 08:35:28,129: +CACHEDPARAM [/rosout_disable_topics_generation] by /performance_monitor
[rosmaster.master][INFO] 2026-08-30 08:35:28,427: +CACHEDPARAM [/rosout_disable_topics_generation] by /performance_monitor
[rosmaster.master][INFO] 2026-08-30 08:35:28,588: +CACHEDPARAM [/rosout_disable_topics_generation] by /performance_monitor
[rosmaster.master][INFO] 2026-08-30 08:35:29,463: +CACHEDPARAM [/rosout_disable_topics_generation] by /performance_monitor
[rosmaster.master][INFO] 2026-08-30 08:35:30,162: +CACHEDPARAM [/rosout_disable_topics_generation] by /performance_monitor
[rosmaster.master][INFO] 2026-08-30 08:35:30,233: +CACHEDPARAM [/rosout_disable_topics_generation] by /performance_monitor
[rosmaster.master][INFO] 2026-08-30 08:35:30,601: +CACHEDPARAM [/rosout_disable_topics_generation] by /performance_monitor
[rosmaster.master][INFO] 2026-08-30 08:35:30,812: +CACHEDPARAM [/rosout_disable_topics_generation] by /performance_monitor
[rosmaster.master][INFO] 2026-08-30 08:35:30,870: +CACHEDPARAM [/rosout_disable_topics_generation] by /performance_monitor
[rosmaster.master][INFO] 2026-08-30 08:35:32,005: +CACHEDPARAM [/rosout_disable_topics_generation] by /performance_monitor
[rosmaster.master][INFO] 2026-08-30 08:35:32,629: +CACHEDPARAM [/rosout_disable_topics_generation] by /performance_monitor
[rosmaster.master][INFO] 2026-08-30 08:35:32,753: +CACHEDPARAM [/rosout_disable_topics_generation] by /performance_monitor
[rosmaster.master][INFO] 2026-08-30 08:35:33,207: +CACHEDPARAM [/rosout_disable_topics_generation] by /performance_monitor
[rosmaster.master][INFO] 2026-08-30 08:35:33,456: +CACHEDPARAM [/rosout_disable_topics_generation] by /performance_monitor
[rosmaster.master][INFO] 2026-08-30 08:35:33,581: +CACHEDPARAM [/rosout_disable_topics_generation] by /performance_monitor
[rosmaster.master][INFO] 2026-08-30 08:35:33,961: +CACHEDPARAM [/rosout_disable_topics_generation] by /performance_monitor
[rosmaster.master][INFO] 2026-08-30 08:35:34,503: +CACHEDPARAM [/rosout_disable_topics_generation] by /performance_monitor
[rosmaster.master][INFO] 2026-08-30 08:35:34,516: +CACHEDPARAM [/rosout_disable_topics_generation] by /performance_monitor
[rosmaster.master][INFO] 2026-08-30 08:35:34,875: +CACHEDPARAM [/rosout_disable_topics_generation] by /performance_monitor
[rosmaster.master][INFO] 2026-08-30 08:35:35,700: +CACHEDPARAM [/rosout_disable_topics_generation] by /performance_monitor
[rosmaster.master][INFO] 2026-08-30 08:35:36,478: +CACHEDPARAM [/rosout_disable_topics_generation] by /performance_monitor
[rosmaster.master][INFO] 2026-08-30 08:35:36,967: +CACHEDPARAM [/rosout_disable_topics_generation] by /performance_monitor
[rosmaster.master][INFO] 2026-08-30 08:35:37,091: +CACHEDPARAM [/rosout_disable_topics_generation] by /performance_monitor
[rosmaster.master][INFO] 2026-08-30 08:35:37,581: +CACHEDPARAM [/rosout_disable_topics_generation] by /performance_monitor
[rosmaster.master][INFO] 2026-08-30 08:35:38,058: +CACHEDPARAM [/rosout_disable_topics_generation] by /performance_monitor
[rosmaster.master][INFO] 2026-08-30 08:35:38,134: +CACHEDPARAM [/rosout_disable_topics_generation] by /performance_monitor
[rosmaster.master][INFO] 2026-08-30 08:35:38,664: +CACHEDPARAM [/rosout_disable_topics_generation] by /performance_monitor
[rosmaster.master][INFO] 2026-08-30 08:35:38,716: +CACHEDPARAM [/rosout_disable_topics_generation] by /performance_monitor
[rosmaster.master][INFO] 2026-08-30 08:35:39,653: +CACHEDPARAM [/rosout_disable_topics_generation] by /performance_monitor
[rosmaster.master][INFO] 2026-08-30 08:35:39,903: +CACHEDPARAM [/rosout_disable_topics_generation] by /performance_monitor
[rosmaster.master][INFO] 2026-08-30 08:35:40,477: +CACHEDPARAM [/rosout_disable_topics_generation] by /performance_monitor
[rosmaster.master][INFO] 2026-08-30 08:35:40,563: +CACHEDPARAM [/rosout_disable_topics_generation] by /performance_monitor
[rosmaster.master][INFO] 2026-08-30 08:35:40,613: +CACHEDPARAM [/rosout_disable_topics_generation] by /performance_monitor
[rosmaster.master][INFO] 2026-08-30 08:35:40,977: +CACHEDPARAM [/rosout_disable_topics_generation] by /performance_monitor
[rosmaster.master][INFO] 2026-08-30 08:35:41,622: +CACHEDPARAM [/rosout_disable_topics_generation] by /performance_monitor
[rosmaster.master][INFO] 2026-08-30 08:35:42,603: +CACHEDPARAM [/rosout_disable_topics_generation] by /performance_monitor
[rosmaster.master][INFO] 2026-08-30 08:35:42,781: +CACHEDPARAM [/rosout_disable_topics_generation] by /performance_monitor
[rosmaster.master][INFO] 2026-08-30 08:35:42,931: +CACHEDPARAM [/rosout_disable_topics_generation] by /performance_monitor
[rosmaster.master][INFO] 2026-08-30 08:35:43,540: +CACHEDPARAM [/rosout_disable_topics_generation] by /performance_monitor
[rosmaster.master][INFO] 2026-08-30 08:35:43,634: +CACHEDPARAM [/rosout_disable_topics_generation] by /performance_monitor
[rosmaster.master][INFO] 2026-08-30 08:35:43,700: +CACHEDPARAM [/rosout_disable_topics_generation] by /performance_monitor
[rosmaster.master][INFO] 2026-08-30 08:35:44,177: +CACHEDPARAM [/rosout_disable_topics_generation] by /performance_monitor
[rosmaster.master][INFO] 2026-08-30 08:35:44,726: +CACHEDPARAM [/rosout_disable_topics_generation] by /performance_monitor
[rosmaster.master][INFO] 2026-08-30 08:35:45,169: +CACHEDPARAM [/rosout_disable_topics_generation] by /performance_monitor
[rosmaster.master][INFO] 2026-08-30 08:35:45,410: +CACHEDPARAM [/rosout_disable_topics_generation] by /performance_monitor
[rosmaster.master][INFO] 2026-08-30 08:35:45,699: +CACHEDPARAM [/rosout_disable_topics_generation] by /performance_monitor
[rosmaster.master][INFO] 2026-08-30 08:35:46,221: +CACHEDPARAM [/rosout_disable_topics_generation] by /performance_monitor
[rosmaster.master][INFO] 2026-08-30 08:35:46,690: +CACHEDPARAM [/rosout_disable_topics_generation] by /performance_monitor
[rosmaster.master][INFO] 2026-08-30 08:35:46,954: +CACHEDPARAM [/rosout_disable_topics_generation] by /performance_monitor
[rosmaster.master][INFO] 2026-08-30 08:35:47,719: +CACHEDPARAM [/rosout_disable_topics_generation] by /performance_monitor
[rosmaster.master][INFO] 2026-08-30 08:35:47,829: +CACHEDPARAM [/rosout_disable_topics_generation] by /performance_monitor
[rosmaster.master][INFO] 2026-08-30 08:35:48,400: +CACHEDPARAM [/rosout_disable_topics_generation] by /performance_monitor
[rosmaster.master][INFO] 2026-08-30 08:35:48,511: +CACHEDPARAM [/rosout_disable_topics_generation] by /performance_monitor
[rosmaster.master][INFO] 2026-08-30 08:35:48,628: +CACHEDPARAM [/rosout_disable_topics_generation] by /performance_monitor
[rosmaster.master][INFO] 2026-08-30 08:35:48,711: +CACHEDPARAM [/rosout_disable_topics_generation] by /performance_monitor
[rosmaster.master][INFO] 2026-08-30 08:35:48,929: +CACHEDPARAM [/rosout_disable_topics_generation] by /performance_monitor
[rosmaster.master][INFO] 2026-08-30 08:35:49,655: +CACHEDPARAM [/rosout_disable_topics_generation] by /performance_monitor
[rosmaster.master][INFO] 2026-08-30 08:35:50,644: +CACHEDPARAM [/rosout_disable_topics_generation] by /performance_monitor
[rosmaster.master][INFO] 2026-08-30 08:35:50,945: +CACHEDPARAM [/rosout_disable_topics_generation] by /performance_monitor
[rosmaster.master][INFO] 2026-08-30 08:35:51,079: +CACHEDPARAM [/rosout_disable_topics_generation] by /performance_monitor
[rosmaster.master][INFO] 2026-08-30 08:35:51,159: +CACHEDPARAM [/rosout_disable_topics_generation] by /performance_monitor
[rosmaster.master][INFO] 2026-08-30 08:35:51,528: +CACHEDPARAM [/rosout_disable_topics_generation] by /performance_monitor
[rosmaster.master][INFO] 2026-08-30 08:35:51,658: +CACHEDPARAM [/rosout_disable_topics_generation] by /performance_monitor
[rosmaster.master][INFO] 2026-08-30 08:35:52,712: +CACHEDPARAM [/rosout_disable_topics_generation] by /performance_monitor
[rosmaster.master][INFO] 2026-08-30 08:35:52,956: +CACHEDPARAM [/rosout_disable_topics_generation] by /performance_monitor
[rosmaster.master][INFO] 2026-08-30 08:35:53,139: +CACHEDPARAM [/rosout_disable_topics_generation] by /performance_monitor
[rosmaster.master][INFO] 2026-08-30 08:35:53,146: +CACHEDPARAM [/rosout_disable_topics_generation] by /performance_monitor
[rosmaster.master][INFO] 2026-08-30 08:35:53,568: +CACHEDPARAM [/rosout_disable_topics_generation] by /performance_monitor
[rosmaster.master][INFO] 2026-08-30 08:35:54,701: +CACHEDPARAM [/rosout_disable_topics_generation] by /performance_monitor
[rosmaster.master][INFO] 2026-08-30 08:35:54,859: +CACHEDPARAM [/rosout_disable_topics_generation] by /performance_monitor
[rosmaster.master][INFO] 2026-08-30 08:35:55,662: +CACHEDPARAM [/rosout_disable_topics_generation] by /performance_monitor
[rosmaster.master][INFO] 2026-08-30 08:35:55,847: +CACHEDPARAM [/rosout_disable_topics_generation] by /performance_monitor
[rosmaster.master][INFO] 2026-08-30 08:35:56,066: +CACHEDPARAM [/rosout_disable_topics_generation] by /performance_monitor
[rosmaster.master][INFO] 2026-08-30 08:35:56,192: +CACHEDPARAM [/rosout_disable_topics_generation] by /performance_monitor
[rosmaster.master][INFO] 2026-08-30 08:35:56,621: +CACHEDPARAM [/rosout_disable_topics_generation] by /performance_monitor
[rosmaster.master][INFO] 2026-08-30 08:35:56,719: +CACHEDPARAM [/rosout_disable_topics_generation] by /performance_monitor
[rosmaster.master][INFO] 2026-08-30 08:35:57,508: +CACHEDPARAM [/rosout_disable_topics_generation] by /performance_monitor
[rosmaster.master][INFO] 2026-08-30 08:35:57,621: +CACHEDPARAM [/rosout_disable_topics_generation] by /performance_monitor
[rosmaster.master][INFO] 2026-08-30 08:35:57,982: +CACHEDPARAM [/rosout_disable_topics_generation] by /performance_monitor
[rosmaster.master][INFO] 2026-08-30 08:35:58,822: +CACHEDPARAM [/rosout_disable_topics_generation] by /performance_monitor
[rosmaster.master][INFO] 2026-08-30 08:35:58,912: +CACHEDPARAM [/rosout_disable_topics_generation] by /performance_monitor
[rosmaster.master][INFO] 2026-08-30 08:35:59,857: +CACHEDPARAM [/rosout_disable_topics_generation] by /performance_monitor
[rosmaster.master][INFO] 2026-08-30 08:36:00,654: +CACHEDPARAM [/rosout_disable_topics_generation] by /performance_monitor
[rosmaster.master][INFO] 2026-08-30 08:36:00,776: +CACHEDPARAM [/rosout_disable_topics_generation] by /performance_monitor
[rosmaster.master][INFO] 2026-08-30 08:36:00,873: +CACHEDPARAM [/rosout_disable_topics_generation] by /performance_monitor
[rosmaster.master][INFO] 2026-08-30 08:36:00,982: +CACHEDPARAM [/rosout_disable_topics_generation] by /performance_monitor
[rosmaster.master][INFO] 2026-08-30 08:36:01,100: +CACHEDPARAM [/rosout_disable_topics_generation] by /performance_monitor
[rosmaster.master][INFO] 2026-08-30 08:36:01,551: +CACHEDPARAM [/rosout_disable_topics_generation] by /performance_monitor
[rosmaster.master][INFO] 2026-08-30 08:36:01,731: +CACHEDPARAM [/rosout_disable_topics_generation] by /performance_monitor
[rosmaster.master][INFO] 2026-08-30 08:36:02,207: +CACHEDPARAM [/rosout_disable_topics_generation] by /performance_monitor
[rosmaster.master][INFO] 2026-08-30 08:36:03,170: +CACHEDPARAM [/rosout_disable_topics_generation] by /performance_monitor
[rosmaster.master][INFO] 2026-08-30 08:36:03,692: +CACHEDPARAM [/rosout_disable_topics_generation] by /performance_monitor
[rosmaster.master][INFO] 2026-08-30 08:36:03,853: +CACHEDPARAM [/rosout_disable_topics_generation] by /performance_monitor
[rosmaster.master][INFO] 2026-08-30 08:36:03,962: +CACHEDPARAM [/rosout_disable_topics_generation] by /performance_monitor
[rosmaster.master][INFO] 2026-08-30 08:36:04,489: +CACHEDPARAM [/rosout_disable_topics_generation] by /performance_monitor
[rosmaster.master][INFO] 2026-08-30 08:36:04,780: +CACHEDPARAM [/rosout_disable_topics_generation] by /performance_monitor
[rosmaster.master][INFO] 2026-08-30 08:36:04,938: +CACHEDPARAM [/rosout_disable_topics_generation] by /performance_monitor
[rosmaster.master][INFO] 2026-08-30 08:36:05,049: +CACHEDPARAM [/rosout_disable_topics_generation] by /performance_monitor
[rosmaster.master][INFO] 2026-08-30 08:36:05,382: +CACHEDPARAM [/rosout_disable_topics_generation] by /performance_monitor
[rosmaster.master][INFO] 2026-08-30 08:36:05,471: +CACHEDPARAM [/rosout_disable_topics_generation] by /performance_monitor
[rosmaster.master][INFO] 2026-08-30 08:36:05,717: +CACHEDPARAM [/rosout_disable_topics_generation] by /performance_monitor
[rosmaster.master][INFO] 2026-08-30 08:36:06,651: +CACHEDPARAM [/rosout_disable_topics_generation] by /performance_monitor
[rosmaster.master][INFO] 2026-08-30 08:36:07,210: +CACHEDPARAM [/rosout_disable_topics_generation] by /performance_monitor
[rosmaster.master][INFO] 2026-08-30 08:36:07,272: +CACHEDPARAM [/rosout_disable_topics_generation] by /performance_monitor
[rosmaster.master][INFO] 2026-08-30 08:36:07,368: +CACHEDPARAM [/rosout_disable_topics_generation] by /performance_monitor
[rosmaster.master][INFO] 2026-08-30 08:36:07,912: +CACHEDPARAM [/rosout_disable_topics_generation] by /performance_monitor
[rosmaster.master][INFO] 2026-08-30 08:36:08,624: +CACHEDPARAM [/rosout_disable_topics_generation] by /performance_monitor
[rosmaster.master][INFO] 2026-08-30 08:36:09,339: +CACHEDPARAM [/rosout_disable_topics_generation] by /performance_monitor
[rosmaster.master][INFO] 2026-08-30 08:36:10,277: +CACHEDPARAM [/rosout_disable_topics_generation] by /performance_monitor
[rosmaster.master][INFO] 2026-08-30 08:36:10,651: +CACHEDPARAM [/rosout_disable_topics_generation] by /performance_monitor
[rosmaster.master][INFO] 2026-08-30 08:36:10,911: +CACHEDPARAM [/rosout_disable_topics_generation] by /performance_monitor
[rosmaster.master][INFO] 2026-08-30 08:36:11,051: +CACHEDPARAM [/rosout_disable_topics_generation] by /performance_monitor
[rosmaster.master][INFO] 2026-08-30 08:36:11,165: +CACHEDPARAM [/rosout_disable_topics_generation] by /performance_monitor
[rosmaster.master][INFO] 2026-08-30 08:36:11,780: +CACHEDPARAM [/rosout_disable_topics_generation] by /performance_monitor
[rosmaster.master][INFO] 2026-08-30 08:36:11,895: +CACHEDPARAM [/rosout_disable_topics_generation] by /performance_monitor
[rosmaster.master][INFO] 2026-08-30 08:36:12,202: +CACHEDPARAM [/rosout_disable_topics_generation] by /performance_monitor
[rosmaster.master][INFO] 2026-08-30 08:36:12,848: +CACHEDPARAM [/rosout_disable_topics_generation] by /performance_monitor
[rosmaster.master][INFO] 2026-08-30 08:36:12,997: +CACHEDPARAM [/rosout_disable_topics_generation] by /performance_monitor
[rosmaster.master][INFO] 2026-08-30 08:36:13,255: +CACHEDPARAM [/rosout_disable_topics_generation] by /performance_monitor
[rosmaster.master][INFO] 2026-08-30 08:36:13,803: +CACHEDPARAM [/rosout_disable_topics_generation] by /performance_monitor
[rosmaster.master][INFO] 2026-08-30 08:36:14,054: +CACHEDPARAM [/rosout_disable_topics_generation] by /performance_monitor
[rosmaster.master][INFO] 2026-08-30 08:36:14,196: +CACHEDPARAM [/rosout_disable_topics_generation] by /performance_monitor
[rosmaster.master][INFO] 2026-08-30 08:36:14,581: +CACHEDPARAM [/rosout_disable_topics_generation] by /performance_monitor
[rosmaster.master][INFO] 2026-08-30 08:36:14,665: +CACHEDPARAM [/rosout_disable_topics_generation] by /performance_monitor
[rosmaster.master][INFO] 2026-08-30 08:36:15,810: +CACHEDPARAM [/rosout_disable_topics_generation] by /performance_monitor
[rosmaster.master][INFO] 2026-08-30 08:36:16,213: +CACHEDPARAM [/rosout_disable_topics_generation] by /performance_monitor
[rosmaster.master][INFO] 2026-08-30 08:36:16,446: +CACHEDPARAM [/rosout_disable_topics_generation] by /performance_monitor
[rosmaster.master][INFO] 2026-08-30 08:36:16,534: +CACHEDPARAM [/rosout_disable_topics_generation] by /performance_monitor
[rosmaster.master][INFO] 2026-08-30 08:36:17,033: +CACHEDPARAM [/rosout_disable_topics_generation] by /performance_monitor
[rosmaster.master][INFO] 2026-08-30 08:36:17,255: +CACHEDPARAM [/rosout_disable_topics_generation] by /performance_monitor
[rosmaster.master][INFO] 2026-08-30 08:36:17,576: +CACHEDPARAM [/rosout_disable_topics_generation] by /performance_monitor
[rosmaster.master][INFO] 2026-08-30 08:36:17,626: +CACHEDPARAM [/rosout_disable_topics_generation] by /performance_monitor
[rosmaster.master][INFO] 2026-08-30 08:36:17,865: +CACHEDPARAM [/rosout_disable_topics_generation] by /performance_monitor
[rosmaster.master][INFO] 2026-08-30 08:36:17,950: +CACHEDPARAM [/rosout_disable_topics_generation] by /performance_monitor
[rosmaster.master][INFO] 2026-08-30 08:36:18,477: +CACHEDPARAM [/rosout_disable_topics_generation] by /performance_monitor
[rosmaster.master][INFO] 2026-08-30 08:36:18,645: +CACHEDPARAM [/rosout_disable_topics_generation] by /performance_monitor
[rosmaster.master][INFO] 2026-08-30 08:36:18,914: +CACHEDPARAM [/rosout_disable_topics_generation] by /performance_monitor
[rosmaster.master][INFO] 2026-08-30 08:36:19,375: +CACHEDPARAM [/rosout_disable_topics_generation] by /performance_monitor
[rosmaster.master][INFO] 2026-08-30 08:36:19,457: +CACHEDPARAM [/rosout_disable_topics_generation] by /performance_monitor
[rosmaster.master][INFO] 2026-08-30 08:36:20,143: +CACHEDPARAM [/rosout_disable_topics_generation] by /performance_monitor
[rosmaster.master][INFO] 2026-08-30 08:36:20,744: +CACHEDPARAM [/rosout_disable_topics_generation] by /performance_monitor
[rosmaster.master][INFO] 2026-08-30 08:36:20,880: +CACHEDPARAM [/rosout_disable_topics_generation] by /performance_monitor
[rosmaster.master][INFO] 2026-08-30 08:36:21,145: +CACHEDPARAM [/rosout_disable_topics_generation] by /performance_monitor
[rosmaster.master][INFO] 2026-08-30 08:36:21,181: +CACHEDPARAM [/rosout_disable_topics_generation] by /performance_monitor
[rosmaster.master][INFO] 2026-08-30 08:36:21,504: +CACHEDPARAM [/rosout_disable_topics_generation] by /performance_monitor
[rosmaster.master][INFO] 2026-08-30 08:36:22,941: +CACHEDPARAM [/rosout_disable_topics_generation] by /performance_monitor
[rosmaster.master][INFO] 2026-08-30 08:36:23,309: +CACHEDPARAM [/rosout_disable_topics_generation] by /performance_monitor
[rosmaster.master][INFO] 2026-08-30 08:36:23,483: +CACHEDPARAM [/rosout_disable_topics_generation] by /performance_monitor
[rosmaster.master][INFO] 2026-08-30 08:36:23,577: +CACHEDPARAM [/rosout_disable_topics_generation] by /performance_monitor
[rosmaster.master][INFO] 2026-08-30 08:36:24,051: +CACHEDPARAM [/rosout_disable_topics_generation] by /performance_monitor
[rosmaster.master][INFO] 2026-08-30 08:36:24,489: +CACHEDPARAM [/rosout_disable_topics_generation] by /performance_monitor
[rosmaster.master][INFO] 2026-08-30 08:36:24,813: +CACHEDPARAM [/rosout_disable_topics_generation] by /performance_monitor
[rosmaster.master][INFO] 2026-08-30 08:36:24,861: +CACHEDPARAM [/rosout_disable_topics_generation] by /performance_monitor
[rosmaster.master][INFO] 2026-08-30 08:36:25,095: +CACHEDPARAM [/rosout_disable_topics_generation] by /performance_monitor
[rosmaster.master][INFO] 2026-08-30 08:36:25,441: +CACHEDPARAM [/rosout_disable_topics_generation] by /performance_monitor
[rosmaster.master][INFO] 2026-08-30 08:36:25,833: +CACHEDPARAM [/rosout_disable_topics_generation] by /performance_monitor
[rosmaster.master][INFO] 2026-08-30 08:36:26,378: +CACHEDPARAM [/rosout_disable_topics_generation] by /performance_monitor
[rosmaster.master][INFO] 2026-08-30 08:36:26,788: +CACHEDPARAM [/rosout_disable_topics_generation] by /performance_monitor
[rosmaster.master][INFO] 2026-08-30 08:36:26,892: +CACHEDPARAM [/rosout_disable_topics_generation] by /performance_monitor
[rosmaster.master][INFO] 2026-08-30 08:36:27,872: +CACHEDPARAM [/rosout_disable_topics_generation] by /performance_monitor
[rosmaster.master][INFO] 2026-08-30 08:36:28,242: +CACHEDPARAM [/rosout_disable_topics_generation] by /performance_monitor
[rosmaster.master][INFO] 2026-08-30 08:36:28,620: +CACHEDPARAM [/rosout_disable_topics_generation] by /performance_monitor
[rosmaster.master][INFO] 2026-08-30 08:36:28,750: +CACHEDPARAM [/rosout_disable_topics_generation] by /performance_monitor
[rosmaster.master][INFO] 2026-08-30 08:36:28,889: +CACHEDPARAM [/rosout_disable_topics_generation] by /performance_monitor
[rosmaster.master][INFO] 2026-08-30 08:36:29,082: +CACHEDPARAM [/rosout_disable_topics_generation] by /performance_monitor
[rosmaster.master][INFO] 2026-08-30 08:36:29,186: +CACHEDPARAM [/rosout_disable_topics_generation] by /performance_monitor
[rosmaster.master][INFO] 2026-08-30 08:36:29,738: +CACHEDPARAM [/rosout_disable_topics_generation] by /performance_monitor
[rosmaster.master][INFO] 2026-08-30 08:36:29,865: +CACHEDPARAM [/rosout_disable_topics_generation] by /performance_monitor
[rosmaster.master][INFO] 2026-08-30 08:36:30,380: +CACHEDPARAM [/rosout_disable_topics_generation] by /performance_monitor
[rosmaster.master][INFO] 2026-08-30 08:36:30,961: +CACHEDPARAM [/rosout_disable_topics_generation] by /performance_monitor
[rosmaster.master][INFO] 2026-08-30 08:36:31,047: +CACHEDPARAM [/rosout_disable_topics_generation] by /performance_monitor
[rosmaster.master][INFO] 2026-08-30 08:36:31,071: +CACHEDPARAM [/rosout_disable_topics_generation] by /performance_monitor
[rosmaster.master][INFO] 2026-08-30 08:36:31,553: +CACHEDPARAM [/rosout_disable_topics_generation] by /performance_monitor
[rosmaster.master][INFO] 2026-08-30 08:36:32,985: +CACHEDPARAM [/rosout_disable_topics_generation] by /performance_monitor
[rosmaster.master][INFO] 2026-08-30 08:36:33,021: +CACHEDPARAM [/rosout_disable_topics_generation] by /performance_monitor
[rosmaster.master][INFO] 2026-08-30 08:36:33,618: +CACHEDPARAM [/rosout_disable_topics_generation] by /performance_monitor
[rosmaster.master][INFO] 2026-08-30 08:36:34,005: +CACHEDPARAM [/rosout_disable_topics_generation] by /performance_monitor
[rosmaster.master][INFO] 2026-08-30 08:36:34,593: +CACHEDPARAM [/rosout_disable_topics_generation] by /performance_monitor
[rosmaster.master][INFO] 2026-08-30 08:36:35,275: +CACHEDPARAM [/rosout_disable_topics_generation] by /performance_monitor
[rosmaster.master][INFO] 2026-08-30 08:36:35,639: +CACHEDPARAM [/rosout_disable_topics_generation] by /performance_monitor
[rosmaster.master][INFO] 2026-08-30 08:36:35,685: +CACHEDPARAM [/rosout_disable_topics_generation] by /performance_monitor
[rosmaster.master][INFO] 2026-08-30 08:36:35,765: +CACHEDPARAM [/rosout_disable_topics_generation] by /performance_monitor
[rosmaster.master][INFO] 2026-08-30 08:36:36,073: +CACHEDPARAM [/rosout_disable_topics_generation] by /performance_monitor
[rosmaster.master][INFO] 2026-08-30 08:36:36,644: +CACHEDPARAM [/rosout_disable_topics_generation] by /performance_monitor
[rosmaster.master][INFO] 2026-08-30 08:36:36,917: +CACHEDPARAM [/rosout_disable_topics_generation] by /performance_monitor
[rosmaster.master][INFO] 2026-08-30 08:36:37,261: -SUB [/performance/command] /performance_monitor http://localhost:39531/
[rosmaster.master][INFO] 2026-08-30 08:36:37,262: -SUB [/performance/benchmark] /performance_monitor http://localhost:39531/
[rosmaster.master][INFO] 2026-08-30 08:36:37,262: -PUB [/rosout] /performance_monitor http://localhost:39531/
[rosmaster.master][INFO] 2026-08-30 08:36:37,262: -PUB [/performance/metrics] /performance_monitor http://localhost:39531/
[rosmaster.master][INFO] 2026-08-30 08:36:37,262: -PUB [/performance/benchmark_results] /performance_monitor http://localhost:39531/
[rosmaster.master][INFO] 2026-08-30 08:36:37,262: -PUB [/performance/alert] /performance_monitor http://localhost:39531/
[rosmaster.master][INFO] 2026-08-30 08:36:37,262: -PUB [/diagnostic_status] /performance_monitor http://localhost:39531/
[rosmaster.master][INFO] 2026-08-30 08:36:37,262: -SERVICE [/performance_monitor/get_loggers] /performance_monitor rosrpc://localhost:46737
[rosmaster.master][INFO] 2026-08-30 08:36:37,262: -SERVICE [/performance_monitor/set_logger_level] /performance_monitor rosrpc://localhost:46737
[rosmaster.master][INFO] 2026-08-30 08:36:37,289: publisherUpdate[/rosout] -> http://localhost:42677/ ['http://localhost:40231/', 'http://localhost:42041/', 'http://localhost:40553/', 'http://localhost:43099/', 'http://localhost:33109/', 'http://localhost:40261/', 'http://localhost:38945/', 'http://localhost:46601/', 'http://localhost:39695/', 'http://localhost:32891/', 'http://localhost:38185/']
[rosmaster.master][INFO] 2026-08-30 08:36:37,294: publisherUpdate[/rosout] -> http://localhost:42677/ ['http://localhost:40231/', 'http://localhost:42041/', 'http://localhost:40553/', 'http://localhost:43099/', 'http://localhost:33109/', 'http://localhost:40261/', 'http://localhost:38945/', 'http://localhost:46601/', 'http://localhost:39695/', 'http://localhost:32891/', 'http://localhost:38185/']: sec=0.00, result=[1, '', 0]
[rosmaster.master][INFO] 2026-08-30 08:36:37,684: +CACHEDPARAM [/rosout_disable_topics_generation] by /performance_monitor
[rosmaster.master][INFO] 2026-08-30 08:36:38,015: +CACHEDPARAM [/rosout_disable_topics_generation] by /performance_monitor
[rosmaster.master][INFO] 2026-08-30 08:36:38,205: +CACHEDPARAM [/rosout_disable_topics_generation] by /performance_monitor
[rosmaster.master][INFO] 2026-08-30 08:36:38,340: +CACHEDPARAM [/rosout_disable_topics_generation] by /performance_monitor
[rosmaster.master][INFO] 2026-08-30 08:36:38,416: +CACHEDPARAM [/rosout_disable_topics_generation] by /performance_monitor
[rosmaster.master][INFO] 2026-08-30 08:36:38,867: +CACHEDPARAM [/rosout_disable_topics_generation] by /performance_monitor
[rosmaster.master][INFO] 2026-08-30 08:36:41,868: +PUB [/rosout] /performance_monitor http://localhost:43149/
[rosmaster.master][INFO] 2026-08-30 08:36:41,873: +SERVICE [/performance_monitor/get_loggers] /performance_monitor http://localhost:43149/
[rosmaster.master][INFO] 2026-08-30 08:36:41,874: +SERVICE [/performance_monitor/set_logger_level] /performance_monitor http://localhost:43149/
[rosmaster.master][INFO] 2026-08-30 08:36:41,879: +SUB [/performance/command] /performance_monitor http://localhost:43149/
[rosmaster.master][INFO] 2026-08-30 08:36:41,880: +SUB [/performance/benchmark] /performance_monitor http://localhost:43149/
[rosmaster.master][INFO] 2026-08-30 08:36:41,881: +PUB [/performance/metrics] /performance_monitor http://localhost:43149/
[rosmaster.master][INFO] 2026-08-30 08:36:41,882: +PUB [/performance/benchmark_results] /performance_monitor http://localhost:43149/
[rosmaster.master][INFO] 2026-08-30 08:36:41,883: +PUB [/performance/alert] /performance_monitor http://localhost:43149/
[rosmaster.master][INFO] 2026-08-30 08:36:41,884: +PUB [/diagnostic_status] /performance_monitor http://localhost:43149/
[rosmaster.master][INFO] 2026-08-30 08:36:41,885: +CACHEDPARAM [/rosout_disable_topics_generation] by /performance_monitor
[rosmaster.master][INFO] 2026-08-30 08:36:41,887: publisherUpdate[/rosout] -> http://localhost:42677/ ['http://localhost:40231/', 'http://localhost:42041/', 'http://localhost:40553/', 'http://localhost:43099/', 'http://localhost:33109/', 'http://localhost:40261/', 'http://localhost:38945/', 'http://localhost:46601/', 'http://localhost:39695/', 'http://localhost:32891/', 'http://localhost:38185/', 'http://localhost:43149/']
[rosmaster.master][INFO] 2026-08-30 08:36:41,889: publisherUpdate[/rosout] -> http://localhost:42677/ ['http://localhost:40231/', 'http://localhost:42041/', 'http://localhost:40553/', 'http://localhost:43099/', 'http://localhost:33109/', 'http://localhost:40261/', 'http://localhost:38945/', 'http://localhost:46601/', 'http://localhost:39695/', 'http://localhost:32891/', 'http://localhost:38185/', 'http://localhost:43149/']: sec=0.00, result=[1, '', 0]
[rosmaster.master][INFO] 2026-08-30 08:36:43,897: +CACHEDPARAM [/rosout_disable_topics_generation] by /performance_monitor
[rosmaster.master][INFO] 2026-08-30 08:36:45,899: +CACHEDPARAM [/rosout_disable_topics_generation] by /performance_monitor
[rosmaster.master][INFO] 2026-08-30 08:36:47,899: +CACHEDPARAM [/rosout_disable_topics_generation] by /performance_monitor
[rosmaster.master][INFO] 2026-08-30 08:36:48,899: +CACHEDPARAM [/rosout_disable_topics_generation] by /performance_monitor
[rosmaster.master][INFO] 2026-08-30 08:36:49,897: +CACHEDPARAM [/rosout_disable_topics_generation] by /performance_monitor
[rosmaster.master][INFO] 2026-08-30 08:36:50,897: +CACHEDPARAM [/rosout_disable_topics_generation] by /performance_monitor
[rosmaster.master][INFO] 2026-08-30 08:36:51,892: +CACHEDPARAM [/rosout_disable_topics_generation] by /performance_monitor
[rosmaster.master][INFO] 2026-08-30 08:36:52,903: +CACHEDPARAM [/rosout_disable_topics_generation] by /performance_monitor
[rosmaster.master][INFO] 2026-08-30 08:36:53,899: +CACHEDPARAM [/rosout_disable_topics_generation] by /performance_monitor
[rosmaster.master][INFO] 2026-08-30 08:36:53,908: +CACHEDPARAM [/rosout_disable_topics_generation] by /performance_monitor
[rosmaster.master][INFO] 2026-08-30 08:36:54,910: +CACHEDPARAM [/rosout_disable_topics_generation] by /performance_monitor
[rosmaster.master][INFO] 2026-08-30 08:36:55,146: +CACHEDPARAM [/rosout_disable_topics_generation] by /performance_monitor
[rosmaster.master][INFO] 2026-08-30 08:36:55,899: +CACHEDPARAM [/rosout_disable_topics_generation] by /performance_monitor
[rosmaster.master][INFO] 2026-08-30 08:36:55,902: +CACHEDPARAM [/rosout_disable_topics_generation] by /performance_monitor
[rosmaster.master][INFO] 2026-08-30 08:36:55,904: +CACHEDPARAM [/rosout_disable_topics_generation] by /performance_monitor
[rosmaster.master][INFO] 2026-08-30 08:36:56,901: +CACHEDPARAM [/rosout_disable_topics_generation] by /performance_monitor
[rosmaster.master][INFO] 2026-08-30 08:36:57,131: +CACHEDPARAM [/rosout_disable_topics_generation] by /performance_monitor
[rosmaster.master][INFO] 2026-08-30 08:36:57,854: +CACHEDPARAM [/rosout_disable_topics_generation] by /performance_monitor
[rosmaster.master][INFO] 2026-08-30 08:36:57,891: +CACHEDPARAM [/rosout_disable_topics_generation] by /performance_monitor
[rosmaster.master][INFO] 2026-08-30 08:36:57,908: +CACHEDPARAM [/rosout_disable_topics_generation] by /performance_monitor
[rosmaster.master][INFO] 2026-08-30 08:36:58,310: +CACHEDPARAM [/rosout_disable_topics_generation] by /performance_monitor
[rosmaster.master][INFO] 2026-08-30 08:36:58,443: +CACHEDPARAM [/rosout_disable_topics_generation] by /performance_monitor
[rosmaster.master][INFO] 2026-08-30 08:36:58,470: +CACHEDPARAM [/rosout_disable_topics_generation] by /performance_monitor
[rosmaster.master][INFO] 2026-08-30 08:36:58,898: +CACHEDPARAM [/rosout_disable_topics_generation] by /performance_monitor
[rosmaster.master][INFO] 2026-08-30 08:36:59,227: +CACHEDPARAM [/rosout_disable_topics_generation] by /performance_monitor
[rosmaster.master][INFO] 2026-08-30 08:36:59,932: +CACHEDPARAM [/rosout_disable_topics_generation] by /performance_monitor
[rosmaster.master][INFO] 2026-08-30 08:36:59,979: +CACHEDPARAM [/rosout_disable_topics_generation] by /performance_monitor
[rosmaster.master][INFO] 2026-08-30 08:36:59,989: +CACHEDPARAM [/rosout_disable_topics_generation] by /performance_monitor
[rosmaster.master][INFO] 2026-08-30 08:36:59,997: -SUB [/performance/command] /performance_monitor http://localhost:43149/
[rosmaster.master][INFO] 2026-08-30 08:36:59,997: -SUB [/performance/benchmark] /performance_monitor http://localhost:43149/
[rosmaster.master][INFO] 2026-08-30 08:36:59,997: -PUB [/rosout] /performance_monitor http://localhost:43149/
[rosmaster.master][INFO] 2026-08-30 08:36:59,998: -PUB [/performance/metrics] /performance_monitor http://localhost:43149/
[rosmaster.master][INFO] 2026-08-30 08:36:59,998: -PUB [/performance/benchmark_results] /performance_monitor http://localhost:43149/
[rosmaster.master][INFO] 2026-08-30 08:36:59,998: -PUB [/performance/alert] /performance_monitor http://localhost:43149/
[rosmaster.master][INFO] 2026-08-30 08:36:59,998: -PUB [/diagnostic_status] /performance_monitor http://localhost:43149/
[rosmaster.master][INFO] 2026-08-30 08:36:59,998: -SERVICE [/performance_monitor/get_loggers] /performance_monitor rosrpc://localhost:32785
[rosmaster.master][INFO] 2026-08-30 08:36:59,998: -SERVICE [/performance_monitor/set_logger_level] /performance_monitor rosrpc://localhost:32785
[rosmaster.master][INFO] 2026-08-30 08:37:00,023: publisherUpdate[/rosout] -> http://localhost:42677/ ['http://localhost:40231/', 'http://localhost:42041/', 'http://localhost:40553/', 'http://localhost:43099/', 'http://localhost:33109/', 'http://localhost:40261/', 'http://localhost:38945/', 'http://localhost:46601/', 'http://localhost:39695/', 'http://localhost:32891/', 'http://localhost:38185/']
[rosmaster.master][INFO] 2026-08-30 08:37:00,024: publisherUpdate[/rosout] -> http://localhost:42677/ ['http://localhost:40231/', 'http://localhost:42041/', 'http://localhost:40553/', 'http://localhost:43099/', 'http://localhost:33109/', 'http://localhost:40261/', 'http://localhost:38945/', 'http://localhost:46601/', 'http://localhost:39695/', 'http://localhost:32891/', 'http://localhost:38185/']: sec=0.00, result=[1, '', 0]
[rosmaster.master][INFO] 2026-08-30 08:37:00,266: +CACHEDPARAM [/rosout_disable_topics_generation] by /performance_monitor
[rosmaster.master][INFO] 2026-08-30 08:37:00,415: +CACHEDPARAM [/rosout_disable_topics_generation] by /performance_monitor
[rosmaster.master][INFO] 2026-08-30 08:37:03,523: +PUB [/rosout] /performance_monitor http://localhost:46461/
[rosmaster.master][INFO] 2026-08-30 08:37:03,528: +SERVICE [/performance_monitor/get_loggers] /performance_monitor http://localhost:46461/
[rosmaster.master][INFO] 2026-08-30 08:37:03,529: +SERVICE [/performance_monitor/set_logger_level] /performance_monitor http://localhost:46461/
[rosmaster.master][INFO] 2026-08-30 08:37:03,534: +SUB [/performance/command] /performance_monitor http://localhost:46461/
[rosmaster.master][INFO] 2026-08-30 08:37:03,536: +SUB [/performance/benchmark] /performance_monitor http://localhost:46461/
[rosmaster.master][INFO] 2026-08-30 08:37:03,537: +PUB [/performance/metrics] /performance_monitor http://localhost:46461/
[rosmaster.master][INFO] 2026-08-30 08:37:03,538: +PUB [/performance/benchmark_results] /performance_monitor http://localhost:46461/
[rosmaster.master][INFO] 2026-08-30 08:37:03,539: +PUB [/performance/alert] /performance_monitor http://localhost:46461/
[rosmaster.master][INFO] 2026-08-30 08:37:03,540: +PUB [/diagnostic_status] /performance_monitor http://localhost:46461/
[rosmaster.master][INFO] 2026-08-30 08:37:03,542: +CACHEDPARAM [/rosout_disable_topics_generation] by /performance_monitor
[rosmaster.master][INFO] 2026-08-30 08:37:03,544: publisherUpdate[/rosout] -> http://localhost:42677/ ['http://localhost:40231/', 'http://localhost:42041/', 'http://localhost:40553/', 'http://localhost:43099/', 'http://localhost:33109/', 'http://localhost:40261/', 'http://localhost:38945/', 'http://localhost:46601/', 'http://localhost:39695/', 'http://localhost:32891/', 'http://localhost:38185/', 'http://localhost:46461/']
[rosmaster.master][INFO] 2026-08-30 08:37:03,546: publisherUpdate[/rosout] -> http://localhost:42677/ ['http://localhost:40231/', 'http://localhost:42041/', 'http://localhost:40553/', 'http://localhost:43099/', 'http://localhost:33109/', 'http://localhost:40261/', 'http://localhost:38945/', 'http://localhost:46601/', 'http://localhost:39695/', 'http://localhost:32891/', 'http://localhost:38185/', 'http://localhost:46461/']: sec=0.00, result=[1, '', 0]
[rosmaster.master][INFO] 2026-08-30 08:37:05,553: +CACHEDPARAM [/rosout_disable_topics_generation] by /performance_monitor
[rosmaster.master][INFO] 2026-08-30 08:37:07,545: +CACHEDPARAM [/rosout_disable_topics_generation] by /performance_monitor
[rosmaster.master][INFO] 2026-08-30 08:37:08,988: -SUB [/performance/command] /performance_monitor http://localhost:46461/
[rosmaster.master][INFO] 2026-08-30 08:37:08,988: -SUB [/performance/benchmark] /performance_monitor http://localhost:46461/
[rosmaster.master][INFO] 2026-08-30 08:37:08,989: -PUB [/rosout] /performance_monitor http://localhost:46461/
[rosmaster.master][INFO] 2026-08-30 08:37:08,989: -PUB [/performance/metrics] /performance_monitor http://localhost:46461/
[rosmaster.master][INFO] 2026-08-30 08:37:08,989: -PUB [/performance/benchmark_results] /performance_monitor http://localhost:46461/
[rosmaster.master][INFO] 2026-08-30 08:37:08,989: -PUB [/performance/alert] /performance_monitor http://localhost:46461/
[rosmaster.master][INFO] 2026-08-30 08:37:08,989: -PUB [/diagnostic_status] /performance_monitor http://localhost:46461/
[rosmaster.master][INFO] 2026-08-30 08:37:08,989: -SERVICE [/performance_monitor/get_loggers] /performance_monitor rosrpc://localhost:37195
[rosmaster.master][INFO] 2026-08-30 08:37:08,989: -SERVICE [/performance_monitor/set_logger_level] /performance_monitor rosrpc://localhost:37195
[rosmaster.master][INFO] 2026-08-30 08:37:09,033: publisherUpdate[/rosout] -> http://localhost:42677/ ['http://localhost:40231/', 'http://localhost:42041/', 'http://localhost:40553/', 'http://localhost:43099/', 'http://localhost:33109/', 'http://localhost:40261/', 'http://localhost:38945/', 'http://localhost:46601/', 'http://localhost:39695/', 'http://localhost:32891/', 'http://localhost:38185/']
[rosmaster.master][INFO] 2026-08-30 08:37:09,036: publisherUpdate[/rosout] -> http://localhost:42677/ ['http://localhost:40231/', 'http://localhost:42041/', 'http://localhost:40553/', 'http://localhost:43099/', 'http://localhost:33109/', 'http://localhost:40261/', 'http://localhost:38945/', 'http://localhost:46601/', 'http://localhost:39695/', 'http://localhost:32891/', 'http://localhost:38185/']: sec=0.00, result=[1, '', 0]
[rosmaster.master][INFO] 2026-08-30 08:37:09,550: +CACHEDPARAM [/rosout_disable_topics_generation] by /performance_monitor
[rosmaster.master][INFO] 2026-08-30 08:37:13,767: +PUB [/rosout] /performance_monitor http://localhost:33235/
[rosmaster.master][INFO] 2026-08-30 08:37:13,772: +SERVICE [/performance_monitor/get_loggers] /performance_monitor http://localhost:33235/
[rosmaster.master][INFO] 2026-08-30 08:37:13,773: +SERVICE [/performance_monitor/set_logger_level] /performance_monitor http://localhost:33235/
[rosmaster.master][INFO] 2026-08-30 08:37:13,778: +SUB [/performance/command] /performance_monitor http://localhost:33235/
[rosmaster.master][INFO] 2026-08-30 08:37:13,780: +SUB [/performance/benchmark] /performance_monitor http://localhost:33235/
[rosmaster.master][INFO] 2026-08-30 08:37:13,781: +PUB [/performance/metrics] /performance_monitor http://localhost:33235/
[rosmaster.master][INFO] 2026-08-30 08:37:13,782: +PUB [/performance/benchmark_results] /performance_monitor http://localhost:33235/
[rosmaster.master][INFO] 2026-08-30 08:37:13,783: +PUB [/performance/alert] /performance_monitor http://localhost:33235/
[rosmaster.master][INFO] 2026-08-30 08:37:13,783: +PUB [/diagnostic_status] /performance_monitor http://localhost:33235/
[rosmaster.master][INFO] 2026-08-30 08:37:13,785: +CACHEDPARAM [/rosout_disable_topics_generation] by /performance_monitor
[rosmaster.master][INFO] 2026-08-30 08:37:13,793: publisherUpdate[/rosout] -> http://localhost:42677/ ['http://localhost:40231/', 'http://localhost:42041/', 'http://localhost:40553/', 'http://localhost:43099/', 'http://localhost:33109/', 'http://localhost:40261/', 'http://localhost:38945/', 'http://localhost:46601/', 'http://localhost:39695/', 'http://localhost:32891/', 'http://localhost:38185/', 'http://localhost:33235/']
[rosmaster.master][INFO] 2026-08-30 08:37:13,794: publisherUpdate[/rosout] -> http://localhost:42677/ ['http://localhost:40231/', 'http://localhost:42041/', 'http://localhost:40553/', 'http://localhost:43099/', 'http://localhost:33109/', 'http://localhost:40261/', 'http://localhost:38945/', 'http://localhost:46601/', 'http://localhost:39695/', 'http://localhost:32891/', 'http://localhost:38185/', 'http://localhost:33235/']: sec=0.00, result=[1, '', 0]
[rosmaster.master][INFO] 2026-08-30 08:37:15,794: +CACHEDPARAM [/rosout_disable_topics_generation] by /performance_monitor
[rosmaster.master][INFO] 2026-08-30 08:37:17,794: +CACHEDPARAM [/rosout_disable_topics_generation] by /performance_monitor
[rosmaster.master][INFO] 2026-08-30 08:37:19,797: +CACHEDPARAM [/rosout_disable_topics_generation] by /performance_monitor
[rosmaster.master][INFO] 2026-08-30 08:37:20,802: +CACHEDPARAM [/rosout_disable_topics_generation] by /performance_monitor
[rosmaster.master][INFO] 2026-08-30 08:37:21,790: +CACHEDPARAM [/rosout_disable_topics_generation] by /performance_monitor
[rosmaster.master][INFO] 2026-08-30 08:37:22,801: +CACHEDPARAM [/rosout_disable_topics_generation] by /performance_monitor
[rosmaster.master][INFO] 2026-08-30 08:37:23,793: +CACHEDPARAM [/rosout_disable_topics_generation] by /performance_monitor
[rosmaster.master][INFO] 2026-08-30 08:37:24,800: +CACHEDPARAM [/rosout_disable_topics_generation] by /performance_monitor
[rosmaster.master][INFO] 2026-08-30 08:37:25,477: -SUB [/performance/command] /performance_monitor http://localhost:33235/
[rosmaster.master][INFO] 2026-08-30 08:37:25,477: -SUB [/performance/benchmark] /performance_monitor http://localhost:33235/
[rosmaster.master][INFO] 2026-08-30 08:37:25,477: -PUB [/rosout] /performance_monitor http://localhost:33235/
[rosmaster.master][INFO] 2026-08-30 08:37:25,477: -PUB [/performance/metrics] /performance_monitor http://localhost:33235/
[rosmaster.master][INFO] 2026-08-30 08:37:25,477: -PUB [/performance/benchmark_results] /performance_monitor http://localhost:33235/
[rosmaster.master][INFO] 2026-08-30 08:37:25,478: -PUB [/performance/alert] /performance_monitor http://localhost:33235/
[rosmaster.master][INFO] 2026-08-30 08:37:25,478: -PUB [/diagnostic_status] /performance_monitor http://localhost:33235/
[rosmaster.master][INFO] 2026-08-30 08:37:25,478: -SERVICE [/performance_monitor/get_loggers] /performance_monitor rosrpc://localhost:45767
[rosmaster.master][INFO] 2026-08-30 08:37:25,478: -SERVICE [/performance_monitor/set_logger_level] /performance_monitor rosrpc://localhost:45767
[rosmaster.master][INFO] 2026-08-30 08:37:25,482: publisherUpdate[/rosout] -> http://localhost:42677/ ['http://localhost:40231/', 'http://localhost:42041/', 'http://localhost:40553/', 'http://localhost:43099/', 'http://localhost:33109/', 'http://localhost:40261/', 'http://localhost:38945/', 'http://localhost:46601/', 'http://localhost:39695/', 'http://localhost:32891/', 'http://localhost:38185/']
[rosmaster.master][INFO] 2026-08-30 08:37:25,484: publisherUpdate[/rosout] -> http://localhost:42677/ ['http://localhost:40231/', 'http://localhost:42041/', 'http://localhost:40553/', 'http://localhost:43099/', 'http://localhost:33109/', 'http://localhost:40261/', 'http://localhost:38945/', 'http://localhost:46601/', 'http://localhost:39695/', 'http://localhost:32891/', 'http://localhost:38185/']: sec=0.00, result=[1, '', 0]
[rosmaster.master][INFO] 2026-08-30 08:37:25,797: +CACHEDPARAM [/rosout_disable_topics_generation] by /performance_monitor
[rosmaster.master][INFO] 2026-08-30 08:37:25,805: +CACHEDPARAM [/rosout_disable_topics_generation] by /performance_monitor
[rosmaster.master][INFO] 2026-08-30 08:37:32,155: -SUB [/mavros/local_position/pose] /safety_monitor http://localhost:33109/
[rosmaster.master][INFO] 2026-08-30 08:37:32,163: -SUB [/mavros/local_position/velocity] /safety_monitor http://localhost:33109/
[rosmaster.master][INFO] 2026-08-30 08:37:32,164: -SUB [/mavros/state] /safety_monitor http://localhost:33109/
[rosmaster.master][INFO] 2026-08-30 08:37:32,165: -PUB [/rosout] /safety_monitor http://localhost:33109/
[rosmaster.master][INFO] 2026-08-30 08:37:32,165: -PUB [/safety_status] /safety_monitor http://localhost:33109/
[rosmaster.master][INFO] 2026-08-30 08:37:32,165: -SUB [/drone_control/command] /command_interpreter http://localhost:43099/
[rosmaster.master][INFO] 2026-08-30 08:37:32,165: -SUB [/mavros/local_position/odom] /target_tracking_controller http://localhost:32891/
[rosmaster.master][INFO] 2026-08-30 08:37:32,165: -SUB [/yolo_detector/node_health] /health_checker http://localhost:39695/
[rosmaster.master][INFO] 2026-08-30 08:37:32,165: -PUB [/rosout] /camera_calibration http://localhost:42041/
[rosmaster.master][INFO] 2026-08-30 08:37:32,165: -PUB [/camera/camera_info] /camera_calibration http://localhost:42041/
[rosmaster.master][INFO] 2026-08-30 08:37:32,165: -PUB [/tf] /camera_calibration http://localhost:42041/
[rosmaster.master][INFO] 2026-08-30 08:37:32,166: -SERVICE [/camera_calibration/get_loggers] /camera_calibration rosrpc://localhost:33091
[rosmaster.master][INFO] 2026-08-30 08:37:32,166: -SERVICE [/camera_calibration/set_logger_level] /camera_calibration rosrpc://localhost:33091
[rosmaster.master][INFO] 2026-08-30 08:37:32,166: -SUB [/health/check_all] /system_health_monitor http://localhost:38945/
[rosmaster.master][INFO] 2026-08-30 08:37:32,166: -PUB [/rosout] /system_health_monitor http://localhost:38945/
[rosmaster.master][INFO] 2026-08-30 08:37:32,166: -PUB [/system_health] /system_health_monitor http://localhost:38945/
[rosmaster.master][INFO] 2026-08-30 08:37:32,166: -PUB [/diagnostic_status] /system_health_monitor http://localhost:38945/
[rosmaster.master][INFO] 2026-08-30 08:37:32,166: -PUB [/performance_metrics] /system_health_monitor http://localhost:38945/
[rosmaster.master][INFO] 2026-08-30 08:37:32,166: -PUB [/system_alert] /system_health_monitor http://localhost:38945/
[rosmaster.master][INFO] 2026-08-30 08:37:32,166: -SERVICE [/system_health_monitor/get_loggers] /system_health_monitor rosrpc://localhost:40627
[rosmaster.master][INFO] 2026-08-30 08:37:32,167: -SERVICE [/system_health_monitor/set_logger_level] /system_health_monitor rosrpc://localhost:40627
[rosmaster.master][INFO] 2026-08-30 08:37:32,167: -SUB [/mavros/imu/data] /sensor_fusion http://localhost:40553/
[rosmaster.master][INFO] 2026-08-30 08:37:32,167: -SUB [/mavros/global_position/global] /sensor_fusion http://localhost:40553/
[rosmaster.master][INFO] 2026-08-30 08:37:32,167: -SUB [/mavros/local_position/pose] /sensor_fusion http://localhost:40553/
[rosmaster.master][INFO] 2026-08-30 08:37:32,167: -PUB [/rosout] /sensor_fusion http://localhost:40553/
[rosmaster.master][INFO] 2026-08-30 08:37:32,167: -PUB [/sensor_fusion/node_health] /sensor_fusion http://localhost:40553/
[rosmaster.master][INFO] 2026-08-30 08:37:32,167: -SERVICE [/sensor_fusion/get_loggers] /sensor_fusion rosrpc://localhost:34097
[rosmaster.master][INFO] 2026-08-30 08:37:32,168: -SERVICE [/sensor_fusion/set_logger_level] /sensor_fusion rosrpc://localhost:34097
[rosmaster.master][INFO] 2026-08-30 08:37:32,169: -SUB [/target_tracking_controller/node_health] /health_checker http://localhost:39695/
[rosmaster.master][INFO] 2026-08-30 08:37:32,169: -SUB [/vehicle_state_monitor/node_health] /health_checker http://localhost:39695/
[rosmaster.master][INFO] 2026-08-30 08:37:32,170: -SUB [/mission_manager/node_health] /health_checker http://localhost:39695/
[rosmaster.master][INFO] 2026-08-30 08:37:32,170: -SUB [/safety_monitor/node_health] /health_checker http://localhost:39695/
[rosmaster.master][INFO] 2026-08-30 08:37:32,170: -PUB [/safety_monitor/node_health] /safety_monitor http://localhost:33109/
[rosmaster.master][INFO] 2026-08-30 08:37:32,170: -PUB [/emergency_triggered] /safety_monitor http://localhost:33109/
[rosmaster.master][INFO] 2026-08-30 08:37:32,170: -SERVICE [/safety_monitor/get_loggers] /safety_monitor rosrpc://localhost:46253
[rosmaster.master][INFO] 2026-08-30 08:37:32,170: -SERVICE [/safety_monitor/set_logger_level] /safety_monitor rosrpc://localhost:46253
[rosmaster.master][INFO] 2026-08-30 08:37:32,170: -SERVICE [/safety/geofence_enable] /safety_monitor rosrpc://localhost:46253
[rosmaster.master][INFO] 2026-08-30 08:37:32,170: -SERVICE [/safety/geofence_disable] /safety_monitor rosrpc://localhost:46253
[rosmaster.master][INFO] 2026-08-30 08:37:32,170: -SERVICE [/safety/check] /safety_monitor rosrpc://localhost:46253
[rosmaster.master][INFO] 2026-08-30 08:37:32,170: -SERVICE [/safety/status] /safety_monitor rosrpc://localhost:46253
[rosmaster.master][INFO] 2026-08-30 08:37:32,171: -PUB [/rosout] /command_interpreter http://localhost:43099/
[rosmaster.master][INFO] 2026-08-30 08:37:32,171: -PUB [/drone_control/command_response] /command_interpreter http://localhost:43099/
[rosmaster.master][INFO] 2026-08-30 08:37:32,171: -PUB [/command_interpreter/node_health] /command_interpreter http://localhost:43099/
[rosmaster.master][INFO] 2026-08-30 08:37:32,171: -SERVICE [/command_interpreter/get_loggers] /command_interpreter rosrpc://localhost:38905
[rosmaster.master][INFO] 2026-08-30 08:37:32,171: -SERVICE [/command_interpreter/set_logger_level] /command_interpreter rosrpc://localhost:38905
[rosmaster.master][INFO] 2026-08-30 08:37:32,172: -SUB [/command_interpreter/node_health] /health_checker http://localhost:39695/
[rosmaster.master][INFO] 2026-08-30 08:37:32,172: -PUB [/rosout] /health_checker http://localhost:39695/
[rosmaster.master][INFO] 2026-08-30 08:37:32,172: -PUB [/system_health] /health_checker http://localhost:39695/
[rosmaster.master][INFO] 2026-08-30 08:37:32,172: -SERVICE [/health_checker/get_loggers] /health_checker rosrpc://localhost:36653
[rosmaster.master][INFO] 2026-08-30 08:37:32,172: -SUB [/detected_objects] /target_tracking_controller http://localhost:32891/
[rosmaster.master][INFO] 2026-08-30 08:37:32,173: -SUB [/mavros/state] /target_tracking_controller http://localhost:32891/
[rosmaster.master][INFO] 2026-08-30 08:37:32,173: -SUB [/mission_status] /target_tracking_controller http://localhost:32891/
[rosmaster.master][INFO] 2026-08-30 08:37:32,173: -SERVICE [/health_checker/set_logger_level] /health_checker rosrpc://localhost:36653
[rosmaster.master][INFO] 2026-08-30 08:37:32,173: -SERVICE [/health/check_all] /health_checker rosrpc://localhost:36653
[rosmaster.master][INFO] 2026-08-30 08:37:32,173: -SERVICE [/health/restart_node] /health_checker rosrpc://localhost:36653
[rosmaster.master][INFO] 2026-08-30 08:37:32,174: -SUB [/drone_control/command] /mission_manager http://localhost:40261/
[rosmaster.master][INFO] 2026-08-30 08:37:32,174: -SUB [/safety_status] /mission_manager http://localhost:40261/
[rosmaster.master][INFO] 2026-08-30 08:37:32,177: -SUB [/drone_control/command] /yolo_detector http://localhost:38185/
[rosmaster.master][INFO] 2026-08-30 08:37:32,177: -SUB [/mission_status] /yolo_detector http://localhost:38185/
[rosmaster.master][INFO] 2026-08-30 08:37:32,177: -SUB [/camera/color/image_raw] /yolo_detector http://localhost:38185/
[rosmaster.master][INFO] 2026-08-30 08:37:32,179: -SUB [/tracked_targets] /mission_manager http://localhost:40261/
[rosmaster.master][INFO] 2026-08-30 08:37:32,179: -PUB [/rosout] /mission_manager http://localhost:40261/
[rosmaster.master][INFO] 2026-08-30 08:37:32,179: -PUB [/mission_status] /mission_manager http://localhost:40261/
[rosmaster.master][INFO] 2026-08-30 08:37:32,179: -PUB [/mission_manager/node_health] /mission_manager http://localhost:40261/
[rosmaster.master][INFO] 2026-08-30 08:37:32,179: -SUB [/mavros/state] /vehicle_state_monitor http://localhost:46601/
[rosmaster.master][INFO] 2026-08-30 08:37:32,179: -SUB [/mavros/battery] /vehicle_state_monitor http://localhost:46601/
[rosmaster.master][INFO] 2026-08-30 08:37:32,180: -SUB [/mavros/local_position/velocity] /vehicle_state_monitor http://localhost:46601/
[rosmaster.master][INFO] 2026-08-30 08:37:32,180: -PUB [/rosout] /vehicle_state_monitor http://localhost:46601/
[rosmaster.master][INFO] 2026-08-30 08:37:32,180: -SERVICE [/mission_manager/get_loggers] /mission_manager rosrpc://localhost:44381
[rosmaster.master][INFO] 2026-08-30 08:37:32,180: -SERVICE [/mission_manager/set_logger_level] /mission_manager rosrpc://localhost:44381
[rosmaster.master][INFO] 2026-08-30 08:37:32,180: -PUB [/rosout] /yolo_detector http://localhost:38185/
[rosmaster.master][INFO] 2026-08-30 08:37:32,181: -PUB [/yolo_detector/node_health] /yolo_detector http://localhost:38185/
[rosmaster.master][INFO] 2026-08-30 08:37:32,181: -PUB [/command_response] /yolo_detector http://localhost:38185/
[rosmaster.master][INFO] 2026-08-30 08:37:32,181: -PUB [/detected_objects] /yolo_detector http://localhost:38185/
[rosmaster.master][INFO] 2026-08-30 08:37:32,181: -SERVICE [/yolo_detector/get_loggers] /yolo_detector rosrpc://localhost:35173
[rosmaster.master][INFO] 2026-08-30 08:37:32,181: -SERVICE [/yolo_detector/set_logger_level] /yolo_detector rosrpc://localhost:35173
[rosmaster.master][INFO] 2026-08-30 08:37:32,184: -PUB [/rosout] /target_tracking_controller http://localhost:32891/
[rosmaster.master][INFO] 2026-08-30 08:37:32,185: -PUB [/tracked_targets] /target_tracking_controller http://localhost:32891/
[rosmaster.master][INFO] 2026-08-30 08:37:32,185: -PUB [/mavros/setpoint_velocity/cmd_vel_unstamped] /target_tracking_controller http://localhost:32891/
[rosmaster.master][INFO] 2026-08-30 08:37:32,185: -PUB [/mavros/setpoint_raw/local] /target_tracking_controller http://localhost:32891/
[rosmaster.master][INFO] 2026-08-30 08:37:32,185: -PUB [/target_tracking_controller/node_health] /target_tracking_controller http://localhost:32891/
[rosmaster.master][INFO] 2026-08-30 08:37:32,185: -SERVICE [/target_tracking_controller/get_loggers] /target_tracking_controller rosrpc://localhost:42653
[rosmaster.master][INFO] 2026-08-30 08:37:32,185: -SERVICE [/target_tracking_controller/set_logger_level] /target_tracking_controller rosrpc://localhost:42653
[rosmaster.master][INFO] 2026-08-30 08:37:32,186: -PUB [/drone_status] /vehicle_state_monitor http://localhost:46601/
[rosmaster.master][INFO] 2026-08-30 08:37:32,186: -PUB [/diagnostic_status] /vehicle_state_monitor http://localhost:46601/
[rosmaster.master][INFO] 2026-08-30 08:37:32,186: -PUB [/vehicle_state_monitor/node_health] /vehicle_state_monitor http://localhost:46601/
[rosmaster.master][INFO] 2026-08-30 08:37:32,186: -PUB [/battery_percentage] /vehicle_state_monitor http://localhost:46601/
[rosmaster.master][INFO] 2026-08-30 08:37:32,186: -SERVICE [/vehicle_state_monitor/get_loggers] /vehicle_state_monitor rosrpc://localhost:44313
[rosmaster.master][INFO] 2026-08-30 08:37:32,186: -SERVICE [/vehicle_state_monitor/set_logger_level] /vehicle_state_monitor rosrpc://localhost:44313
[rosmaster.master][INFO] 2026-08-30 08:37:32,186: -SERVICE [/drone_emergency_stop] /vehicle_state_monitor rosrpc://localhost:44313
[rosmaster.master][INFO] 2026-08-30 08:37:32,187: -SERVICE [/drone_arm] /vehicle_state_monitor rosrpc://localhost:44313
[rosmaster.master][INFO] 2026-08-30 08:37:32,187: -SERVICE [/drone_disarm] /vehicle_state_monitor rosrpc://localhost:44313
[rosmaster.master][INFO] 2026-08-30 08:37:32,187: -SERVICE [/drone_get_status] /vehicle_state_monitor rosrpc://localhost:44313
[rosmaster.master][INFO] 2026-08-30 08:37:32,193: publisherUpdate[/rosout] -> http://localhost:42677/ ['http://localhost:40231/', 'http://localhost:42041/', 'http://localhost:40553/', 'http://localhost:43099/', 'http://localhost:40261/', 'http://localhost:38945/', 'http://localhost:46601/', 'http://localhost:39695/', 'http://localhost:32891/', 'http://localhost:38185/']
[rosmaster.master][INFO] 2026-08-30 08:37:32,194: publisherUpdate[/rosout] -> http://localhost:42677/ ['http://localhost:40231/', 'http://localhost:42041/', 'http://localhost:40553/', 'http://localhost:43099/', 'http://localhost:40261/', 'http://localhost:38945/', 'http://localhost:46601/', 'http://localhost:39695/', 'http://localhost:32891/', 'http://localhost:38185/']: sec=0.00, result=[1, '', 0]
[rosmaster.master][INFO] 2026-08-30 08:37:32,194: publisherUpdate[/safety_status] -> http://localhost:40261/ []
[rosmaster.master][INFO] 2026-08-30 08:37:32,196: publisherUpdate[/safety_status] -> http://localhost:40261/ []: sec=0.00, exception=[Errno 111] Connection refused
[rosmaster.threadpool][ERROR] 2026-08-30 08:37:32,198: Traceback (most recent call last):
  File "/opt/ros/noetic/lib/python3/dist-packages/rosmaster/threadpool.py", line 218, in run
    result = cmd(*args)
  File "/opt/ros/noetic/lib/python3/dist-packages/rosmaster/master_api.py", line 210, in publisher_update_task
    ret = xmlrpcapi(api).publisherUpdate('/master', topic, pub_uris)
  File "/usr/lib/python3.8/xmlrpc/client.py", line 1109, in __call__
    return self.__send(self.__name, args)
  File "/usr/lib/python3.8/xmlrpc/client.py", line 1450, in __request
    response = self.__transport.request(
  File "/usr/lib/python3.8/xmlrpc/client.py", line 1153, in request
    return self.single_request(host, handler, request_body, verbose)
  File "/usr/lib/python3.8/xmlrpc/client.py", line 1165, in single_request
    http_conn = self.send_request(host, handler, request_body, verbose)
  File "/usr/lib/python3.8/xmlrpc/client.py", line 1278, in send_request
    self.send_content(connection, request_body)
  File "/usr/lib/python3.8/xmlrpc/client.py", line 1308, in send_content
    connection.endheaders(request_body)
  File "/usr/lib/python3.8/http/client.py", line 1251, in endheaders
    self._send_output(message_body, encode_chunked=encode_chunked)
  File "/usr/lib/python3.8/http/client.py", line 1011, in _send_output
    self.send(msg)
  File "/usr/lib/python3.8/http/client.py", line 951, in send
    self.connect()
  File "/usr/lib/python3.8/http/client.py", line 922, in connect
    self.sock = self._create_connection(
  File "/usr/lib/python3.8/socket.py", line 808, in create_connection
    raise err
  File "/usr/lib/python3.8/socket.py", line 796, in create_connection
    sock.connect(sa)
ConnectionRefusedError: [Errno 111] Connection refused

[rosmaster.master][INFO] 2026-08-30 08:37:32,198: publisherUpdate[/rosout] -> http://localhost:42677/ ['http://localhost:40231/', 'http://localhost:40553/', 'http://localhost:43099/', 'http://localhost:40261/', 'http://localhost:38945/', 'http://localhost:46601/', 'http://localhost:39695/', 'http://localhost:32891/', 'http://localhost:38185/']
[rosmaster.master][INFO] 2026-08-30 08:37:32,198: publisherUpdate[/rosout] -> http://localhost:42677/ ['http://localhost:40231/', 'http://localhost:40553/', 'http://localhost:43099/', 'http://localhost:40261/', 'http://localhost:38945/', 'http://localhost:46601/', 'http://localhost:39695/', 'http://localhost:32891/', 'http://localhost:38185/']: sec=0.00, result=[1, '', 0]
[rosmaster.master][INFO] 2026-08-30 08:37:32,198: publisherUpdate[/rosout] -> http://localhost:42677/ ['http://localhost:40231/', 'http://localhost:40553/', 'http://localhost:43099/', 'http://localhost:40261/', 'http://localhost:46601/', 'http://localhost:39695/', 'http://localhost:32891/', 'http://localhost:38185/']
[rosmaster.master][INFO] 2026-08-30 08:37:32,199: publisherUpdate[/rosout] -> http://localhost:42677/ ['http://localhost:40231/', 'http://localhost:40553/', 'http://localhost:43099/', 'http://localhost:40261/', 'http://localhost:46601/', 'http://localhost:39695/', 'http://localhost:32891/', 'http://localhost:38185/']: sec=0.00, result=[1, '', 0]
[rosmaster.master][INFO] 2026-08-30 08:37:32,199: publisherUpdate[/rosout] -> http://localhost:42677/ ['http://localhost:40231/', 'http://localhost:43099/', 'http://localhost:40261/', 'http://localhost:46601/', 'http://localhost:39695/', 'http://localhost:32891/', 'http://localhost:38185/']
[rosmaster.master][INFO] 2026-08-30 08:37:32,199: publisherUpdate[/rosout] -> http://localhost:42677/ ['http://localhost:40231/', 'http://localhost:43099/', 'http://localhost:40261/', 'http://localhost:46601/', 'http://localhost:39695/', 'http://localhost:32891/', 'http://localhost:38185/']: sec=0.00, result=[1, '', 0]
[rosmaster.master][INFO] 2026-08-30 08:37:32,200: publisherUpdate[/rosout] -> http://localhost:42677/ ['http://localhost:40231/', 'http://localhost:40261/', 'http://localhost:46601/', 'http://localhost:39695/', 'http://localhost:32891/', 'http://localhost:38185/']
[rosmaster.master][INFO] 2026-08-30 08:37:32,200: publisherUpdate[/rosout] -> http://localhost:42677/ ['http://localhost:40231/', 'http://localhost:40261/', 'http://localhost:46601/', 'http://localhost:39695/', 'http://localhost:32891/', 'http://localhost:38185/']: sec=0.00, result=[1, '', 0]
[rosmaster.master][INFO] 2026-08-30 08:37:32,200: publisherUpdate[/command_interpreter/node_health] -> http://localhost:39695/ []
[rosmaster.master][INFO] 2026-08-30 08:37:32,205: publisherUpdate[/command_interpreter/node_health] -> http://localhost:39695/ []: sec=0.00, exception=[Errno 111] Connection refused
[rosmaster.threadpool][ERROR] 2026-08-30 08:37:32,205: Traceback (most recent call last):
  File "/opt/ros/noetic/lib/python3/dist-packages/rosmaster/threadpool.py", line 218, in run
    result = cmd(*args)
  File "/opt/ros/noetic/lib/python3/dist-packages/rosmaster/master_api.py", line 210, in publisher_update_task
    ret = xmlrpcapi(api).publisherUpdate('/master', topic, pub_uris)
  File "/usr/lib/python3.8/xmlrpc/client.py", line 1109, in __call__
    return self.__send(self.__name, args)
  File "/usr/lib/python3.8/xmlrpc/client.py", line 1450, in __request
    response = self.__transport.request(
  File "/usr/lib/python3.8/xmlrpc/client.py", line 1153, in request
    return self.single_request(host, handler, request_body, verbose)
  File "/usr/lib/python3.8/xmlrpc/client.py", line 1165, in single_request
    http_conn = self.send_request(host, handler, request_body, verbose)
  File "/usr/lib/python3.8/xmlrpc/client.py", line 1278, in send_request
    self.send_content(connection, request_body)
  File "/usr/lib/python3.8/xmlrpc/client.py", line 1308, in send_content
    connection.endheaders(request_body)
  File "/usr/lib/python3.8/http/client.py", line 1251, in endheaders
    self._send_output(message_body, encode_chunked=encode_chunked)
  File "/usr/lib/python3.8/http/client.py", line 1011, in _send_output
    self.send(msg)
  File "/usr/lib/python3.8/http/client.py", line 951, in send
    self.connect()
  File "/usr/lib/python3.8/http/client.py", line 922, in connect
    self.sock = self._create_connection(
  File "/usr/lib/python3.8/socket.py", line 808, in create_connection
    raise err
  File "/usr/lib/python3.8/socket.py", line 796, in create_connection
    sock.connect(sa)
ConnectionRefusedError: [Errno 111] Connection refused

[rosmaster.master][INFO] 2026-08-30 08:37:32,205: publisherUpdate[/rosout] -> http://localhost:42677/ ['http://localhost:40231/', 'http://localhost:40261/', 'http://localhost:46601/', 'http://localhost:32891/', 'http://localhost:38185/']
[rosmaster.master][INFO] 2026-08-30 08:37:32,205: publisherUpdate[/rosout] -> http://localhost:42677/ ['http://localhost:40231/', 'http://localhost:40261/', 'http://localhost:46601/', 'http://localhost:32891/', 'http://localhost:38185/']: sec=0.00, result=[1, '', 0]
[rosmaster.master][INFO] 2026-08-30 08:37:32,206: publisherUpdate[/rosout] -> http://localhost:42677/ ['http://localhost:40231/', 'http://localhost:46601/', 'http://localhost:32891/', 'http://localhost:38185/']
[rosmaster.master][INFO] 2026-08-30 08:37:32,206: publisherUpdate[/rosout] -> http://localhost:42677/ ['http://localhost:40231/', 'http://localhost:46601/', 'http://localhost:32891/', 'http://localhost:38185/']: sec=0.00, result=[1, '', 0]
[rosmaster.master][INFO] 2026-08-30 08:37:32,206: publisherUpdate[/rosout] -> http://localhost:42677/ ['http://localhost:40231/', 'http://localhost:32891/', 'http://localhost:38185/']
[rosmaster.master][INFO] 2026-08-30 08:37:32,206: publisherUpdate[/rosout] -> http://localhost:42677/ ['http://localhost:40231/', 'http://localhost:32891/', 'http://localhost:38185/']: sec=0.00, result=[1, '', 0]
[rosmaster.master][INFO] 2026-08-30 08:37:32,207: publisherUpdate[/rosout] -> http://localhost:42677/ ['http://localhost:40231/', 'http://localhost:32891/']
[rosmaster.master][INFO] 2026-08-30 08:37:32,207: publisherUpdate[/rosout] -> http://localhost:42677/ ['http://localhost:40231/', 'http://localhost:32891/']: sec=0.00, result=[1, '', 0]
[rosmaster.master][INFO] 2026-08-30 08:37:32,207: publisherUpdate[/rosout] -> http://localhost:42677/ ['http://localhost:40231/']
[rosmaster.master][INFO] 2026-08-30 08:37:32,207: publisherUpdate[/rosout] -> http://localhost:42677/ ['http://localhost:40231/']: sec=0.00, result=[1, '', 0]
[rosmaster.master][INFO] 2026-08-30 08:37:33,064: -PUB [/rosout] /parameter_validator http://localhost:40231/
[rosmaster.master][INFO] 2026-08-30 08:37:33,064: -SERVICE [/parameter_validator/get_loggers] /parameter_validator rosrpc://localhost:43555
[rosmaster.master][INFO] 2026-08-30 08:37:33,064: -SERVICE [/parameter_validator/set_logger_level] /parameter_validator rosrpc://localhost:43555
[rosmaster.master][INFO] 2026-08-30 08:37:33,134: publisherUpdate[/rosout] -> http://localhost:42677/ []
[rosmaster.master][INFO] 2026-08-30 08:37:33,135: publisherUpdate[/rosout] -> http://localhost:42677/ []: sec=0.00, result=[1, '', 0]
[rosmaster.master][INFO] 2026-08-30 08:37:33,952: -PUB [/rosout_agg] /rosout http://localhost:42677/
[rosmaster.master][INFO] 2026-08-30 08:37:33,953: -SUB [/rosout] /rosout http://localhost:42677/
[rosmaster.master][INFO] 2026-08-30 08:37:33,954: -SERVICE [/rosout/get_loggers] /rosout rosrpc://localhost:34229
[rosmaster.master][INFO] 2026-08-30 08:37:33,955: -SERVICE [/rosout/set_logger_level] /rosout rosrpc://localhost:34229
[rosmaster.master][INFO] 2026-08-30 08:37:33,956: -CACHEDPARAM [/rosout/omit_topics] by /rosout
[rosmaster.main][INFO] 2026-08-30 08:37:33,974: keyboard interrupt, will exit
[rosmaster.main][INFO] 2026-08-30 08:37:33,975: stopping master...
[rospy.core][INFO] 2026-08-30 08:37:33,975: signal_shutdown [atexit]
