[rosmaster.main][INFO] 2026-08-30 02:32:32,796: initialization complete, waiting for shutdown
[rosmaster.main][INFO] 2026-08-30 02:32:32,800: Starting ROS Master Node
[xmlrpc][INFO] 2026-08-30 02:32:32,807: XML-RPC server binding to 127.0.0.1:11311
[xmlrpc][INFO] 2026-08-30 02:32:32,812: Started XML-RPC server [http://localhost:11311/]
[xmlrpc][INFO] 2026-08-30 02:32:32,812: xml rpc node: starting XML-RPC server
[rosmaster.master][INFO] 2026-08-30 02:32:32,812: Master initialized: port[11311], uri[http://localhost:11311/]
[rosmaster.master][INFO] 2026-08-30 02:32:32,909: +PARAM [/run_id] by /roslaunch
[rosmaster.master][INFO] 2026-08-30 02:32:32,912: +PARAM [/roslaunch/uris/host_localhost__35799] by /roslaunch
[rosmaster.master][INFO] 2026-08-30 02:32:32,994: +PARAM [/rosversion] by /roslaunch
[rosmaster.master][INFO] 2026-08-30 02:32:32,995: +PARAM [/rosdistro] by /roslaunch
[rosmaster.master][INFO] 2026-08-30 02:32:32,995: +PARAM [/target_params/detection/model/path] by /roslaunch
[rosmaster.master][INFO] 2026-08-30 02:32:32,995: +PARAM [/target_params/detection/model/device] by /roslaunch
[rosmaster.master][INFO] 2026-08-30 02:32:32,995: +PARAM [/target_params/detection/model/input_size] by /roslaunch
[rosmaster.master][INFO] 2026-08-30 02:32:32,995: +PARAM [/target_params/detection/model/batch_size] by /roslaunch
[rosmaster.master][INFO] 2026-08-30 02:32:32,996: +PARAM [/target_params/detection/confidence_threshold] by /roslaunch
[rosmaster.master][INFO] 2026-08-30 02:32:32,996: +PARAM [/target_params/detection/nms_threshold] by /roslaunch
[rosmaster.master][INFO] 2026-08-30 02:32:32,996: +PARAM [/target_params/detection/max_detections] by /roslaunch
[rosmaster.master][INFO] 2026-08-30 02:32:32,996: +PARAM [/target_params/detection/vehicle_classes] by /roslaunch
[rosmaster.master][INFO] 2026-08-30 02:32:32,997: +PARAM [/target_params/detection/class_thresholds/class_1] by /roslaunch
[rosmaster.master][INFO] 2026-08-30 02:32:32,997: +PARAM [/target_params/detection/class_thresholds/class_2] by /roslaunch
[rosmaster.master][INFO] 2026-08-30 02:32:32,997: +PARAM [/target_params/detection/class_thresholds/class_3] by /roslaunch
[rosmaster.master][INFO] 2026-08-30 02:32:32,998: +PARAM [/target_params/detection/class_thresholds/class_5] by /roslaunch
[rosmaster.master][INFO] 2026-08-30 02:32:32,998: +PARAM [/target_params/detection/class_thresholds/class_6] by /roslaunch
[rosmaster.master][INFO] 2026-08-30 02:32:32,998: +PARAM [/target_params/detection/class_thresholds/class_7] by /roslaunch
[rosmaster.master][INFO] 2026-08-30 02:32:32,998: +PARAM [/target_params/detection/class_thresholds/class_8] by /roslaunch
[rosmaster.master][INFO] 2026-08-30 02:32:32,999: +PARAM [/target_params/detection/performance/max_fps] by /roslaunch
[rosmaster.master][INFO] 2026-08-30 02:32:32,999: +PARAM [/target_params/detection/performance/frame_skip] by /roslaunch
[rosmaster.master][INFO] 2026-08-30 02:32:32,999: +PARAM [/target_params/detection/performance/parallel_inference] by /roslaunch
[rosmaster.master][INFO] 2026-08-30 02:32:32,999: +PARAM [/target_params/detection/performance/gpu_memory_limit] by /roslaunch
[rosmaster.master][INFO] 2026-08-30 02:32:32,999: +PARAM [/target_params/tracking/engagement_distance] by /roslaunch
[rosmaster.master][INFO] 2026-08-30 02:32:32,999: +PARAM [/target_params/tracking/attack_distance] by /roslaunch
[rosmaster.master][INFO] 2026-08-30 02:32:32,999: +PARAM [/target_params/tracking/disengagement_distance] by /roslaunch
[rosmaster.master][INFO] 2026-08-30 02:32:33,000: +PARAM [/target_params/tracking/max_tracks] by /roslaunch
[rosmaster.master][INFO] 2026-08-30 02:32:33,000: +PARAM [/target_params/tracking/max_lost_frames] by /roslaunch
[rosmaster.master][INFO] 2026-08-30 02:32:33,000: +PARAM [/target_params/tracking/min_track_length] by /roslaunch
[rosmaster.master][INFO] 2026-08-30 02:32:33,000: +PARAM [/target_params/tracking/track_confidence_threshold] by /roslaunch
[rosmaster.master][INFO] 2026-08-30 02:32:33,001: +PARAM [/target_params/tracking/association/iou_threshold] by /roslaunch
[rosmaster.master][INFO] 2026-08-30 02:32:33,001: +PARAM [/target_params/tracking/association/distance_threshold] by /roslaunch
[rosmaster.master][INFO] 2026-08-30 02:32:33,001: +PARAM [/target_params/tracking/association/appearance_weight] by /roslaunch
[rosmaster.master][INFO] 2026-08-30 02:32:33,001: +PARAM [/target_params/tracking/association/motion_weight] by /roslaunch
[rosmaster.master][INFO] 2026-08-30 02:32:33,001: +PARAM [/target_params/tracking/kalman/dt] by /roslaunch
[rosmaster.master][INFO] 2026-08-30 02:32:33,001: +PARAM [/target_params/tracking/kalman/process_noise] by /roslaunch
[rosmaster.master][INFO] 2026-08-30 02:32:33,002: +PARAM [/target_params/tracking/kalman/measurement_noise] by /roslaunch
[rosmaster.master][INFO] 2026-08-30 02:32:33,002: +PARAM [/target_params/tracking/kalman/initial_velocity] by /roslaunch
[rosmaster.master][INFO] 2026-08-30 02:32:33,003: +PARAM [/target_params/tracking/kalman/state_dim] by /roslaunch
[rosmaster.master][INFO] 2026-08-30 02:32:33,003: +PARAM [/target_params/tracking/kalman/measurement_dim] by /roslaunch
[rosmaster.master][INFO] 2026-08-30 02:32:33,003: +PARAM [/target_params/behavior/speed_classes/stationary] by /roslaunch
[rosmaster.master][INFO] 2026-08-30 02:32:33,004: +PARAM [/target_params/behavior/speed_classes/slow] by /roslaunch
[rosmaster.master][INFO] 2026-08-30 02:32:33,005: +PARAM [/target_params/behavior/speed_classes/medium] by /roslaunch
[rosmaster.master][INFO] 2026-08-30 02:32:33,005: +PARAM [/target_params/behavior/speed_classes/fast] by /roslaunch
[rosmaster.master][INFO] 2026-08-30 02:32:33,005: +PARAM [/target_params/behavior/speed_classes/extreme] by /roslaunch
[rosmaster.master][INFO] 2026-08-30 02:32:33,005: +PARAM [/target_params/behavior/models/random_walk/noise_scale] by /roslaunch
[rosmaster.master][INFO] 2026-08-30 02:32:33,005: +PARAM [/target_params/behavior/models/random_walk/persistence] by /roslaunch
[rosmaster.master][INFO] 2026-08-30 02:32:33,005: +PARAM [/target_params/behavior/models/pursuit/max_acceleration] by /roslaunch
[rosmaster.master][INFO] 2026-08-30 02:32:33,006: +PARAM [/target_params/behavior/models/pursuit/max_turn_rate] by /roslaunch
[rosmaster.master][INFO] 2026-08-30 02:32:33,006: +PARAM [/target_params/behavior/models/evasion/max_acceleration] by /roslaunch
[rosmaster.master][INFO] 2026-08-30 02:32:33,006: +PARAM [/target_params/behavior/models/evasion/max_turn_rate] by /roslaunch
[rosmaster.master][INFO] 2026-08-30 02:32:33,006: +PARAM [/target_params/behavior/threat/distance_weights] by /roslaunch
[rosmaster.master][INFO] 2026-08-30 02:32:33,006: +PARAM [/target_params/behavior/threat/speed_thresholds/low] by /roslaunch
[rosmaster.master][INFO] 2026-08-30 02:32:33,006: +PARAM [/target_params/behavior/threat/speed_thresholds/medium] by /roslaunch
[rosmaster.master][INFO] 2026-08-30 02:32:33,007: +PARAM [/target_params/behavior/threat/speed_thresholds/high] by /roslaunch
[rosmaster.master][INFO] 2026-08-30 02:32:33,007: +PARAM [/target_params/behavior/threat/priority_boost] by /roslaunch
[rosmaster.master][INFO] 2026-08-30 02:32:33,007: +PARAM [/target_params/performance/update_rates/detection] by /roslaunch
[rosmaster.master][INFO] 2026-08-30 02:32:33,008: +PARAM [/target_params/performance/update_rates/tracking] by /roslaunch
[rosmaster.master][INFO] 2026-08-30 02:32:33,008: +PARAM [/target_params/performance/update_rates/control] by /roslaunch
[rosmaster.master][INFO] 2026-08-30 02:32:33,008: +PARAM [/target_params/performance/update_rates/state] by /roslaunch
[rosmaster.master][INFO] 2026-08-30 02:32:33,008: +PARAM [/target_params/performance/latency/max_detection] by /roslaunch
[rosmaster.master][INFO] 2026-08-30 02:32:33,008: +PARAM [/target_params/performance/latency/max_tracking] by /roslaunch
[rosmaster.master][INFO] 2026-08-30 02:32:33,009: +PARAM [/target_params/performance/latency/max_control] by /roslaunch
[rosmaster.master][INFO] 2026-08-30 02:32:33,009: +PARAM [/target_params/performance/resources/max_memory_mb] by /roslaunch
[rosmaster.master][INFO] 2026-08-30 02:32:33,009: +PARAM [/target_params/performance/resources/max_cpu_percent] by /roslaunch
[rosmaster.master][INFO] 2026-08-30 02:32:33,010: +PARAM [/target_params/performance/resources/max_gpu_memory_mb] by /roslaunch
[rosmaster.master][INFO] 2026-08-30 02:32:33,010: +PARAM [/target_params/camera/fx] by /roslaunch
[rosmaster.master][INFO] 2026-08-30 02:32:33,010: +PARAM [/target_params/camera/fy] by /roslaunch
[rosmaster.master][INFO] 2026-08-30 02:32:33,010: +PARAM [/target_params/camera/cx] by /roslaunch
[rosmaster.master][INFO] 2026-08-30 02:32:33,011: +PARAM [/target_params/camera/cy] by /roslaunch
[rosmaster.master][INFO] 2026-08-30 02:32:33,011: +PARAM [/target_params/camera/width] by /roslaunch
[rosmaster.master][INFO] 2026-08-30 02:32:33,011: +PARAM [/target_params/camera/height] by /roslaunch
[rosmaster.master][INFO] 2026-08-30 02:32:33,011: +PARAM [/target_params/camera/fov] by /roslaunch
[rosmaster.master][INFO] 2026-08-30 02:32:33,012: +PARAM [/camera_calib/camera/id] by /roslaunch
[rosmaster.master][INFO] 2026-08-30 02:32:33,012: +PARAM [/camera_calib/camera/model] by /roslaunch
[rosmaster.master][INFO] 2026-08-30 02:32:33,012: +PARAM [/camera_calib/camera/width] by /roslaunch
[rosmaster.master][INFO] 2026-08-30 02:32:33,012: +PARAM [/camera_calib/camera/height] by /roslaunch
[rosmaster.master][INFO] 2026-08-30 02:32:33,012: +PARAM [/camera_calib/camera/intrinsic/fx] by /roslaunch
[rosmaster.master][INFO] 2026-08-30 02:32:33,013: +PARAM [/camera_calib/camera/intrinsic/fy] by /roslaunch
[rosmaster.master][INFO] 2026-08-30 02:32:33,013: +PARAM [/camera_calib/camera/intrinsic/cx] by /roslaunch
[rosmaster.master][INFO] 2026-08-30 02:32:33,013: +PARAM [/camera_calib/camera/intrinsic/cy] by /roslaunch
[rosmaster.master][INFO] 2026-08-30 02:32:33,015: +PARAM [/camera_calib/camera/intrinsic/fov] by /roslaunch
[rosmaster.master][INFO] 2026-08-30 02:32:33,015: +PARAM [/camera_calib/camera/distortion/model] by /roslaunch
[rosmaster.master][INFO] 2026-08-30 02:32:33,016: +PARAM [/camera_calib/camera/distortion/coefficients/k1] by /roslaunch
[rosmaster.master][INFO] 2026-08-30 02:32:33,016: +PARAM [/camera_calib/camera/distortion/coefficients/k2] by /roslaunch
[rosmaster.master][INFO] 2026-08-30 02:32:33,016: +PARAM [/camera_calib/camera/distortion/coefficients/p1] by /roslaunch
[rosmaster.master][INFO] 2026-08-30 02:32:33,016: +PARAM [/camera_calib/camera/distortion/coefficients/p2] by /roslaunch
[rosmaster.master][INFO] 2026-08-30 02:32:33,016: +PARAM [/camera_calib/camera/distortion/coefficients/k3] by /roslaunch
[rosmaster.master][INFO] 2026-08-30 02:32:33,017: +PARAM [/camera_calib/camera/projection/P] by /roslaunch
[rosmaster.master][INFO] 2026-08-30 02:32:33,017: +PARAM [/camera_calib/camera/rectification/R] by /roslaunch
[rosmaster.master][INFO] 2026-08-30 02:32:33,017: +PARAM [/camera_calib/camera/extrinsic/translation] by /roslaunch
[rosmaster.master][INFO] 2026-08-30 02:32:33,017: +PARAM [/camera_calib/camera/extrinsic/rotation] by /roslaunch
[rosmaster.master][INFO] 2026-08-30 02:32:33,017: +PARAM [/camera_calib/camera/extrinsic/rotation_matrix] by /roslaunch
[rosmaster.master][INFO] 2026-08-30 02:32:33,018: +PARAM [/camera_calib/camera/calibration/date] by /roslaunch
[rosmaster.master][INFO] 2026-08-30 02:32:33,018: +PARAM [/camera_calib/camera/calibration/method] by /roslaunch
[rosmaster.master][INFO] 2026-08-30 02:32:33,018: +PARAM [/camera_calib/camera/calibration/reprojection_error] by /roslaunch
[rosmaster.master][INFO] 2026-08-30 02:32:33,019: +PARAM [/camera_calib/camera/calibration/status] by /roslaunch
[rosmaster.master][INFO] 2026-08-30 02:32:33,019: +PARAM [/camera_calib/image_processing/preprocessing/resize] by /roslaunch
[rosmaster.master][INFO] 2026-08-30 02:32:33,019: +PARAM [/camera_calib/image_processing/preprocessing/normalize] by /roslaunch
[rosmaster.master][INFO] 2026-08-30 02:32:33,019: +PARAM [/camera_calib/image_processing/preprocessing/mean] by /roslaunch
[rosmaster.master][INFO] 2026-08-30 02:32:33,019: +PARAM [/camera_calib/image_processing/preprocessing/std] by /roslaunch
[rosmaster.master][INFO] 2026-08-30 02:32:33,020: +PARAM [/camera_calib/image_processing/color_space] by /roslaunch
[rosmaster.master][INFO] 2026-08-30 02:32:33,020: +PARAM [/camera_calib/image_processing/roi/enabled] by /roslaunch
[rosmaster.master][INFO] 2026-08-30 02:32:33,020: +PARAM [/camera_calib/image_processing/roi/x] by /roslaunch
[rosmaster.master][INFO] 2026-08-30 02:32:33,020: +PARAM [/camera_calib/image_processing/roi/y] by /roslaunch
[rosmaster.master][INFO] 2026-08-30 02:32:33,021: +PARAM [/camera_calib/image_processing/roi/width] by /roslaunch
[rosmaster.master][INFO] 2026-08-30 02:32:33,021: +PARAM [/camera_calib/image_processing/roi/height] by /roslaunch
[rosmaster.master][INFO] 2026-08-30 02:32:33,022: +PARAM [/camera_calib/image_processing/augmentation/horizontal_flip] by /roslaunch
[rosmaster.master][INFO] 2026-08-30 02:32:33,022: +PARAM [/camera_calib/image_processing/augmentation/rotation] by /roslaunch
[rosmaster.master][INFO] 2026-08-30 02:32:33,022: +PARAM [/camera_calib/image_processing/augmentation/scale] by /roslaunch
[rosmaster.master][INFO] 2026-08-30 02:32:33,022: +PARAM [/camera_calib/image_processing/augmentation/brightness] by /roslaunch
[rosmaster.master][INFO] 2026-08-30 02:32:33,023: +PARAM [/camera_calib/stereo/enabled] by /roslaunch
[rosmaster.master][INFO] 2026-08-30 02:32:33,023: +PARAM [/camera_calib/stereo/baseline] by /roslaunch
[rosmaster.master][INFO] 2026-08-30 02:32:33,023: +PARAM [/camera_calib/stereo/depth/min_distance] by /roslaunch
[rosmaster.master][INFO] 2026-08-30 02:32:33,024: +PARAM [/camera_calib/stereo/depth/max_distance] by /roslaunch
[rosmaster.master][INFO] 2026-08-30 02:32:33,024: +PARAM [/camera_calib/stereo/depth/disparity_range] by /roslaunch
[rosmaster.master][INFO] 2026-08-30 02:32:33,024: +PARAM [/camera_calib/stereo/matching/algorithm] by /roslaunch
[rosmaster.master][INFO] 2026-08-30 02:32:33,024: +PARAM [/camera_calib/stereo/matching/num_disparities] by /roslaunch
[rosmaster.master][INFO] 2026-08-30 02:32:33,024: +PARAM [/camera_calib/stereo/matching/block_size] by /roslaunch
[rosmaster.master][INFO] 2026-08-30 02:32:33,025: +PARAM [/camera_calib/stereo/matching/p1] by /roslaunch
[rosmaster.master][INFO] 2026-08-30 02:32:33,025: +PARAM [/camera_calib/stereo/matching/p2] by /roslaunch
[rosmaster.master][INFO] 2026-08-30 02:32:33,025: +PARAM [/flight_control/pid/position/x/p] by /roslaunch
[rosmaster.master][INFO] 2026-08-30 02:32:33,025: +PARAM [/flight_control/pid/position/x/i] by /roslaunch
[rosmaster.master][INFO] 2026-08-30 02:32:33,025: +PARAM [/flight_control/pid/position/x/d] by /roslaunch
[rosmaster.master][INFO] 2026-08-30 02:32:33,026: +PARAM [/flight_control/pid/position/x/integral_clamp] by /roslaunch
[rosmaster.master][INFO] 2026-08-30 02:32:33,026: +PARAM [/flight_control/pid/position/y/p] by /roslaunch
[rosmaster.master][INFO] 2026-08-30 02:32:33,026: +PARAM [/flight_control/pid/position/y/i] by /roslaunch
[rosmaster.master][INFO] 2026-08-30 02:32:33,026: +PARAM [/flight_control/pid/position/y/d] by /roslaunch
[rosmaster.master][INFO] 2026-08-30 02:32:33,027: +PARAM [/flight_control/pid/position/y/integral_clamp] by /roslaunch
[rosmaster.master][INFO] 2026-08-30 02:32:33,027: +PARAM [/flight_control/pid/position/z/p] by /roslaunch
[rosmaster.master][INFO] 2026-08-30 02:32:33,027: +PARAM [/flight_control/pid/position/z/i] by /roslaunch
[rosmaster.master][INFO] 2026-08-30 02:32:33,027: +PARAM [/flight_control/pid/position/z/d] by /roslaunch
[rosmaster.master][INFO] 2026-08-30 02:32:33,027: +PARAM [/flight_control/pid/position/z/integral_clamp] by /roslaunch
[rosmaster.master][INFO] 2026-08-30 02:32:33,028: +PARAM [/flight_control/pid/velocity/x/p] by /roslaunch
[rosmaster.master][INFO] 2026-08-30 02:32:33,028: +PARAM [/flight_control/pid/velocity/x/i] by /roslaunch
[rosmaster.master][INFO] 2026-08-30 02:32:33,028: +PARAM [/flight_control/pid/velocity/x/d] by /roslaunch
[rosmaster.master][INFO] 2026-08-30 02:32:33,028: +PARAM [/flight_control/pid/velocity/y/p] by /roslaunch
[rosmaster.master][INFO] 2026-08-30 02:32:33,028: +PARAM [/flight_control/pid/velocity/y/i] by /roslaunch
[rosmaster.master][INFO] 2026-08-30 02:32:33,029: +PARAM [/flight_control/pid/velocity/y/d] by /roslaunch
[rosmaster.master][INFO] 2026-08-30 02:32:33,029: +PARAM [/flight_control/pid/velocity/z/p] by /roslaunch
[rosmaster.master][INFO] 2026-08-30 02:32:33,029: +PARAM [/flight_control/pid/velocity/z/i] by /roslaunch
[rosmaster.master][INFO] 2026-08-30 02:32:33,029: +PARAM [/flight_control/pid/velocity/z/d] by /roslaunch
[rosmaster.master][INFO] 2026-08-30 02:32:33,030: +PARAM [/flight_control/pid/attitude/roll/p] by /roslaunch
[rosmaster.master][INFO] 2026-08-30 02:32:33,030: +PARAM [/flight_control/pid/attitude/roll/i] by /roslaunch
[rosmaster.master][INFO] 2026-08-30 02:32:33,030: +PARAM [/flight_control/pid/attitude/roll/d] by /roslaunch
[rosmaster.master][INFO] 2026-08-30 02:32:33,030: +PARAM [/flight_control/pid/attitude/pitch/p] by /roslaunch
[rosmaster.master][INFO] 2026-08-30 02:32:33,031: +PARAM [/flight_control/pid/attitude/pitch/i] by /roslaunch
[rosmaster.master][INFO] 2026-08-30 02:32:33,031: +PARAM [/flight_control/pid/attitude/pitch/d] by /roslaunch
[rosmaster.master][INFO] 2026-08-30 02:32:33,031: +PARAM [/flight_control/pid/attitude/yaw/p] by /roslaunch
[rosmaster.master][INFO] 2026-08-30 02:32:33,032: +PARAM [/flight_control/pid/attitude/yaw/i] by /roslaunch
[rosmaster.master][INFO] 2026-08-30 02:32:33,032: +PARAM [/flight_control/pid/attitude/yaw/d] by /roslaunch
[rosmaster.master][INFO] 2026-08-30 02:32:33,032: +PARAM [/flight_control/pid/rate/roll/p] by /roslaunch
[rosmaster.master][INFO] 2026-08-30 02:32:33,033: +PARAM [/flight_control/pid/rate/roll/i] by /roslaunch
[rosmaster.master][INFO] 2026-08-30 02:32:33,033: +PARAM [/flight_control/pid/rate/roll/d] by /roslaunch
[rosmaster.master][INFO] 2026-08-30 02:32:33,033: +PARAM [/flight_control/pid/rate/pitch/p] by /roslaunch
[rosmaster.master][INFO] 2026-08-30 02:32:33,033: +PARAM [/flight_control/pid/rate/pitch/i] by /roslaunch
[rosmaster.master][INFO] 2026-08-30 02:32:33,034: +PARAM [/flight_control/pid/rate/pitch/d] by /roslaunch
[rosmaster.master][INFO] 2026-08-30 02:32:33,034: +PARAM [/flight_control/pid/rate/yaw/p] by /roslaunch
[rosmaster.master][INFO] 2026-08-30 02:32:33,034: +PARAM [/flight_control/pid/rate/yaw/i] by /roslaunch
[rosmaster.master][INFO] 2026-08-30 02:32:33,034: +PARAM [/flight_control/pid/rate/yaw/d] by /roslaunch
[rosmaster.master][INFO] 2026-08-30 02:32:33,034: +PARAM [/flight_control/dynamics/constraints/max_velocity] by /roslaunch
[rosmaster.master][INFO] 2026-08-30 02:32:33,035: +PARAM [/flight_control/dynamics/constraints/max_acceleration] by /roslaunch
[rosmaster.master][INFO] 2026-08-30 02:32:33,035: +PARAM [/flight_control/dynamics/constraints/max_yaw_rate] by /roslaunch
[rosmaster.master][INFO] 2026-08-30 02:32:33,035: +PARAM [/flight_control/dynamics/safety_margins/min_altitude] by /roslaunch
[rosmaster.master][INFO] 2026-08-30 02:32:33,036: +PARAM [/flight_control/dynamics/safety_margins/max_altitude] by /roslaunch
[rosmaster.master][INFO] 2026-08-30 02:32:33,036: +PARAM [/flight_control/dynamics/safety_margins/max_tilt] by /roslaunch
[rosmaster.master][INFO] 2026-08-30 02:32:33,036: +PARAM [/flight_control/dynamics/safety_margins/max_rotation_rate] by /roslaunch
[rosmaster.master][INFO] 2026-08-30 02:32:33,036: +PARAM [/flight_control/dynamics/vehicle/mass] by /roslaunch
[rosmaster.master][INFO] 2026-08-30 02:32:33,037: +PARAM [/flight_control/dynamics/vehicle/moment_of_inertia] by /roslaunch
[rosmaster.master][INFO] 2026-08-30 02:32:33,037: +PARAM [/flight_control/dynamics/vehicle/thrust_to_weight] by /roslaunch
[rosmaster.master][INFO] 2026-08-30 02:32:33,037: +PARAM [/flight_control/dynamics/vehicle/max_thrust] by /roslaunch
[rosmaster.master][INFO] 2026-08-30 02:32:33,037: +PARAM [/flight_control/mission/search_patterns/type] by /roslaunch
[rosmaster.master][INFO] 2026-08-30 02:32:33,037: +PARAM [/flight_control/mission/search_patterns/params/radius] by /roslaunch
[rosmaster.master][INFO] 2026-08-30 02:32:33,037: +PARAM [/flight_control/mission/search_patterns/params/spacing] by /roslaunch
[rosmaster.master][INFO] 2026-08-30 02:32:33,038: +PARAM [/flight_control/mission/search_patterns/params/altitude] by /roslaunch
[rosmaster.master][INFO] 2026-08-30 02:32:33,038: +PARAM [/flight_control/mission/engagement/mode] by /roslaunch
[rosmaster.master][INFO] 2026-08-30 02:32:33,038: +PARAM [/flight_control/mission/engagement/priority_high] by /roslaunch
[rosmaster.master][INFO] 2026-08-30 02:32:33,038: +PARAM [/flight_control/mission/engagement/priority_low] by /roslaunch
[rosmaster.master][INFO] 2026-08-30 02:32:33,038: +PARAM [/flight_control/mission/collision_avoidance/enable] by /roslaunch
[rosmaster.master][INFO] 2026-08-30 02:32:33,038: +PARAM [/flight_control/mission/collision_avoidance/min_distance] by /roslaunch
[rosmaster.master][INFO] 2026-08-30 02:32:33,038: +PARAM [/flight_control/mission/collision_avoidance/safety_margin] by /roslaunch
[rosmaster.master][INFO] 2026-08-30 02:32:33,039: +PARAM [/flight_control/mission/collision_avoidance/avoidance_method] by /roslaunch
[rosmaster.master][INFO] 2026-08-30 02:32:33,039: +PARAM [/flight_control/mission/waypoints/tolerance] by /roslaunch
[rosmaster.master][INFO] 2026-08-30 02:32:33,039: +PARAM [/flight_control/mission/waypoints/loiter_time] by /roslaunch
[rosmaster.master][INFO] 2026-08-30 02:32:33,040: +PARAM [/flight_control/mission/waypoints/approach_speed] by /roslaunch
[rosmaster.master][INFO] 2026-08-30 02:32:33,040: +PARAM [/flight_control/simulation/physics/enable_gravity] by /roslaunch
[rosmaster.master][INFO] 2026-08-30 02:32:33,040: +PARAM [/flight_control/simulation/physics/enable_wind] by /roslaunch
[rosmaster.master][INFO] 2026-08-30 02:32:33,040: +PARAM [/flight_control/simulation/physics/enable_turbulence] by /roslaunch
[rosmaster.master][INFO] 2026-08-30 02:32:33,041: +PARAM [/flight_control/simulation/environment/wind_speed] by /roslaunch
[rosmaster.master][INFO] 2026-08-30 02:32:33,041: +PARAM [/flight_control/simulation/environment/wind_direction] by /roslaunch
[rosmaster.master][INFO] 2026-08-30 02:32:33,041: +PARAM [/flight_control/simulation/environment/turbulence_intensity] by /roslaunch
[rosmaster.master][INFO] 2026-08-30 02:32:33,041: +PARAM [/flight_control/simulation/noise/sensor_noise] by /roslaunch
[rosmaster.master][INFO] 2026-08-30 02:32:33,041: +PARAM [/flight_control/simulation/noise/actuator_noise] by /roslaunch
[rosmaster.master][INFO] 2026-08-30 02:32:33,042: +PARAM [/flight_control/simulation/noise/time_delay] by /roslaunch
[rosmaster.master][INFO] 2026-08-30 02:32:33,042: +PARAM [/flight_control/simulation/speed/simulation_speed] by /roslaunch
[rosmaster.master][INFO] 2026-08-30 02:32:33,042: +PARAM [/flight_control/simulation/speed/real_time_factor] by /roslaunch
[rosmaster.master][INFO] 2026-08-30 02:32:33,042: +PARAM [/kalman_filter/kalman_filter/type] by /roslaunch
[rosmaster.master][INFO] 2026-08-30 02:32:33,043: +PARAM [/kalman_filter/kalman_filter/state_dim] by /roslaunch
[rosmaster.master][INFO] 2026-08-30 02:32:33,043: +PARAM [/kalman_filter/kalman_filter/measurement_dim] by /roslaunch
[rosmaster.master][INFO] 2026-08-30 02:32:33,043: +PARAM [/kalman_filter/kalman_filter/noise/process/position] by /roslaunch
[rosmaster.master][INFO] 2026-08-30 02:32:33,043: +PARAM [/kalman_filter/kalman_filter/noise/process/velocity] by /roslaunch
[rosmaster.master][INFO] 2026-08-30 02:32:33,043: +PARAM [/kalman_filter/kalman_filter/noise/process/acceleration] by /roslaunch
[rosmaster.master][INFO] 2026-08-30 02:32:33,043: +PARAM [/kalman_filter/kalman_filter/noise/measurement/position] by /roslaunch
[rosmaster.master][INFO] 2026-08-30 02:32:33,048: +PARAM [/kalman_filter/kalman_filter/parameters/dt] by /roslaunch
[rosmaster.master][INFO] 2026-08-30 02:32:33,049: +PARAM [/kalman_filter/kalman_filter/parameters/adaptive/enabled] by /roslaunch
[rosmaster.master][INFO] 2026-08-30 02:32:33,050: +PARAM [/kalman_filter/kalman_filter/parameters/adaptive/update_rate] by /roslaunch
[rosmaster.master][INFO] 2026-08-30 02:32:33,050: +PARAM [/kalman_filter/kalman_filter/parameters/adaptive/innovation_threshold] by /roslaunch
[rosmaster.master][INFO] 2026-08-30 02:32:33,051: +PARAM [/kalman_filter/kalman_filter/parameters/outlier_rejection/enabled] by /roslaunch
[rosmaster.master][INFO] 2026-08-30 02:32:33,051: +PARAM [/kalman_filter/kalman_filter/parameters/outlier_rejection/mahalanobis_threshold] by /roslaunch
[rosmaster.master][INFO] 2026-08-30 02:32:33,051: +PARAM [/kalman_filter/kalman_filter/parameters/outlier_rejection/gating] by /roslaunch
[rosmaster.master][INFO] 2026-08-30 02:32:33,052: +PARAM [/kalman_filter/kalman_filter/parameters/initialization/max_measurements] by /roslaunch
[rosmaster.master][INFO] 2026-08-30 02:32:33,052: +PARAM [/kalman_filter/kalman_filter/parameters/initialization/min_velocity_samples] by /roslaunch
[rosmaster.master][INFO] 2026-08-30 02:32:33,053: +PARAM [/kalman_filter/kalman_filter/parameters/convergence/max_iterations] by /roslaunch
[rosmaster.master][INFO] 2026-08-30 02:32:33,053: +PARAM [/kalman_filter/kalman_filter/parameters/convergence/epsilon] by /roslaunch
[rosmaster.master][INFO] 2026-08-30 02:32:33,053: +PARAM [/kalman_filter/kalman_filter/multi_target/enabled] by /roslaunch
[rosmaster.master][INFO] 2026-08-30 02:32:33,054: +PARAM [/kalman_filter/kalman_filter/multi_target/max_targets] by /roslaunch
[rosmaster.master][INFO] 2026-08-30 02:32:33,055: +PARAM [/kalman_filter/kalman_filter/multi_target/association/method] by /roslaunch
[rosmaster.master][INFO] 2026-08-30 02:32:33,055: +PARAM [/kalman_filter/kalman_filter/multi_target/association/gating/enabled] by /roslaunch
[rosmaster.master][INFO] 2026-08-30 02:32:33,055: +PARAM [/kalman_filter/kalman_filter/multi_target/association/gating/gate_size] by /roslaunch
[rosmaster.master][INFO] 2026-08-30 02:32:33,055: +PARAM [/kalman_filter/kalman_filter/multi_target/association/gating/dynamic_gating] by /roslaunch
[rosmaster.master][INFO] 2026-08-30 02:32:33,055: +PARAM [/kalman_filter/kalman_filter/multi_target/association/track_management/birth_probability] by /roslaunch
[rosmaster.master][INFO] 2026-08-30 02:32:33,056: +PARAM [/kalman_filter/kalman_filter/multi_target/association/track_management/death_threshold] by /roslaunch
[rosmaster.master][INFO] 2026-08-30 02:32:33,056: +PARAM [/kalman_filter/kalman_filter/multi_target/association/track_management/merge_threshold] by /roslaunch
[rosmaster.master][INFO] 2026-08-30 02:32:33,056: +PARAM [/kalman_filter/kalman_filter/multi_target/scoring/position_weight] by /roslaunch
[rosmaster.master][INFO] 2026-08-30 02:32:33,057: +PARAM [/kalman_filter/kalman_filter/multi_target/scoring/velocity_weight] by /roslaunch
[rosmaster.master][INFO] 2026-08-30 02:32:33,057: +PARAM [/kalman_filter/kalman_filter/multi_target/scoring/appearance_weight] by /roslaunch
[rosmaster.master][INFO] 2026-08-30 02:32:33,057: +PARAM [/kalman_filter/kalman_filter/multi_target/scoring/history_length] by /roslaunch
[rosmaster.master][INFO] 2026-08-30 02:32:33,058: +PARAM [/kalman_filter/sensor_fusion/sensors] by /roslaunch
[rosmaster.master][INFO] 2026-08-30 02:32:33,058: +PARAM [/kalman_filter/sensor_fusion/algorithms/type] by /roslaunch
[rosmaster.master][INFO] 2026-08-30 02:32:33,058: +PARAM [/kalman_filter/sensor_fusion/algorithms/centralized/measurement_dim] by /roslaunch
[rosmaster.master][INFO] 2026-08-30 02:32:33,058: +PARAM [/kalman_filter/sensor_fusion/algorithms/track_to_track/covariance_intersection] by /roslaunch
[rosmaster.master][INFO] 2026-08-30 02:32:33,058: +PARAM [/kalman_filter/sensor_fusion/algorithms/track_to_track/gamma] by /roslaunch
[rosmaster.master][INFO] 2026-08-30 02:32:33,058: +PARAM [/system_params/ros/master/uri] by /roslaunch
[rosmaster.master][INFO] 2026-08-30 02:32:33,059: +PARAM [/system_params/ros/master/timeout] by /roslaunch
[rosmaster.master][INFO] 2026-08-30 02:32:33,059: +PARAM [/system_params/ros/node/name] by /roslaunch
[rosmaster.master][INFO] 2026-08-30 02:32:33,059: +PARAM [/system_params/ros/node/namespace] by /roslaunch
[rosmaster.master][INFO] 2026-08-30 02:32:33,059: +PARAM [/system_params/ros/topics/camera_image] by /roslaunch
[rosmaster.master][INFO] 2026-08-30 02:32:33,059: +PARAM [/system_params/ros/topics/camera_info] by /roslaunch
[rosmaster.master][INFO] 2026-08-30 02:32:33,059: +PARAM [/system_params/ros/topics/vehicle_state] by /roslaunch
[rosmaster.master][INFO] 2026-08-30 02:32:33,060: +PARAM [/system_params/ros/topics/vehicle_position] by /roslaunch
[rosmaster.master][INFO] 2026-08-30 02:32:33,060: +PARAM [/system_params/ros/topics/vehicle_velocity] by /roslaunch
[rosmaster.master][INFO] 2026-08-30 02:32:33,060: +PARAM [/system_params/ros/topics/vehicle_attitude] by /roslaunch
[rosmaster.master][INFO] 2026-08-30 02:32:33,061: +PARAM [/system_params/ros/topics/battery_status] by /roslaunch
[rosmaster.master][INFO] 2026-08-30 02:32:33,061: +PARAM [/system_params/ros/topics/detection_output] by /roslaunch
[rosmaster.master][INFO] 2026-08-30 02:32:33,061: +PARAM [/system_params/ros/topics/tracked_targets] by /roslaunch
[rosmaster.master][INFO] 2026-08-30 02:32:33,062: +PARAM [/system_params/ros/topics/control_command] by /roslaunch
[rosmaster.master][INFO] 2026-08-30 02:32:33,062: +PARAM [/system_params/ros/topics/safety_status] by /roslaunch
[rosmaster.master][INFO] 2026-08-30 02:32:33,062: +PARAM [/system_params/ros/topics/diagnostic_status] by /roslaunch
[rosmaster.master][INFO] 2026-08-30 02:32:33,062: +PARAM [/system_params/ros/topics/debug_info] by /roslaunch
[rosmaster.master][INFO] 2026-08-30 02:32:33,062: +PARAM [/system_params/ros/topics/performance_metrics] by /roslaunch
[rosmaster.master][INFO] 2026-08-30 02:32:33,062: +PARAM [/system_params/ros/topics/test_results] by /roslaunch
[rosmaster.master][INFO] 2026-08-30 02:32:33,063: +PARAM [/system_params/ros/topics/test_status] by /roslaunch
[rosmaster.master][INFO] 2026-08-30 02:32:33,063: +PARAM [/system_params/logging/level] by /roslaunch
[rosmaster.master][INFO] 2026-08-30 02:32:33,063: +PARAM [/system_params/logging/outputs/console] by /roslaunch
[rosmaster.master][INFO] 2026-08-30 02:32:33,063: +PARAM [/system_params/logging/outputs/file] by /roslaunch
[rosmaster.master][INFO] 2026-08-30 02:32:33,064: +PARAM [/system_params/logging/outputs/rosout] by /roslaunch
[rosmaster.master][INFO] 2026-08-30 02:32:33,064: +PARAM [/system_params/logging/file/directory] by /roslaunch
[rosmaster.master][INFO] 2026-08-30 02:32:33,064: +PARAM [/system_params/logging/file/max_size] by /roslaunch
[rosmaster.master][INFO] 2026-08-30 02:32:33,064: +PARAM [/system_params/logging/file/max_files] by /roslaunch
[rosmaster.master][INFO] 2026-08-30 02:32:33,065: +PARAM [/system_params/logging/file/format] by /roslaunch
[rosmaster.master][INFO] 2026-08-30 02:32:33,065: +PARAM [/system_params/logging/performance/enabled] by /roslaunch
[rosmaster.master][INFO] 2026-08-30 02:32:33,065: +PARAM [/system_params/logging/performance/interval] by /roslaunch
[rosmaster.master][INFO] 2026-08-30 02:32:33,065: +PARAM [/system_params/logging/performance/metrics] by /roslaunch
[rosmaster.master][INFO] 2026-08-30 02:32:33,066: +PARAM [/system_params/logging/performance/output_file] by /roslaunch
[rosmaster.master][INFO] 2026-08-30 02:32:33,066: +PARAM [/system_params/safety/geofence/enabled] by /roslaunch
[rosmaster.master][INFO] 2026-08-30 02:32:33,066: +PARAM [/system_params/safety/geofence/shape] by /roslaunch
[rosmaster.master][INFO] 2026-08-30 02:32:33,067: +PARAM [/system_params/safety/geofence/radius] by /roslaunch
[rosmaster.master][INFO] 2026-08-30 02:32:33,067: +PARAM [/system_params/safety/geofence/height] by /roslaunch
[rosmaster.master][INFO] 2026-08-30 02:32:33,067: +PARAM [/system_params/safety/emergency/action] by /roslaunch
[rosmaster.master][INFO] 2026-08-30 02:32:33,067: +PARAM [/system_params/safety/emergency/altitude_min] by /roslaunch
[rosmaster.master][INFO] 2026-08-30 02:32:33,068: +PARAM [/system_params/safety/emergency/altitude_max] by /roslaunch
[rosmaster.master][INFO] 2026-08-30 02:32:33,068: +PARAM [/system_params/safety/failsafe/battery_critical] by /roslaunch
[rosmaster.master][INFO] 2026-08-30 02:32:33,068: +PARAM [/system_params/safety/failsafe/lost_connection] by /roslaunch
[rosmaster.master][INFO] 2026-08-30 02:32:33,068: +PARAM [/system_params/safety/failsafe/gps_failure] by /roslaunch
[rosmaster.master][INFO] 2026-08-30 02:32:33,068: +PARAM [/system_params/safety/failsafe/sensor_failure] by /roslaunch
[rosmaster.master][INFO] 2026-08-30 02:32:33,068: +PARAM [/system_params/safety/failsafe/exceeded_geofence] by /roslaunch
[rosmaster.master][INFO] 2026-08-30 02:32:33,068: +PARAM [/system_params/safety/health/check_interval] by /roslaunch
[rosmaster.master][INFO] 2026-08-30 02:32:33,069: +PARAM [/system_params/safety/health/restart_on_failure] by /roslaunch
[rosmaster.master][INFO] 2026-08-30 02:32:33,069: +PARAM [/system_params/safety/health/max_restarts] by /roslaunch
[rosmaster.master][INFO] 2026-08-30 02:32:33,069: +PARAM [/system_params/safety/health/restart_delay] by /roslaunch
[rosmaster.master][INFO] 2026-08-30 02:32:33,069: +PARAM [/system_params/performance/threads/detection_pool] by /roslaunch
[rosmaster.master][INFO] 2026-08-30 02:32:33,069: +PARAM [/system_params/performance/threads/control_pool] by /roslaunch
[rosmaster.master][INFO] 2026-08-30 02:32:33,069: +PARAM [/system_params/performance/queues/input_queue_size] by /roslaunch
[rosmaster.master][INFO] 2026-08-30 02:32:33,069: +PARAM [/system_params/performance/queues/output_queue_size] by /roslaunch
[rosmaster.master][INFO] 2026-08-30 02:32:33,070: +PARAM [/system_params/performance/memory/cache_images] by /roslaunch
[rosmaster.master][INFO] 2026-08-30 02:32:33,070: +PARAM [/system_params/performance/memory/max_cache_size] by /roslaunch
[rosmaster.master][INFO] 2026-08-30 02:32:33,070: +PARAM [/system_params/performance/memory/max_cached_messages] by /roslaunch
[rosmaster.master][INFO] 2026-08-30 02:32:33,070: +PARAM [/system_params/performance/timing/use_sim_time] by /roslaunch
[rosmaster.master][INFO] 2026-08-30 02:32:33,070: +PARAM [/system_params/performance/timing/publish_rate] by /roslaunch
[rosmaster.master][INFO] 2026-08-30 02:32:33,070: +PARAM [/system_params/performance/timing/control_rate] by /roslaunch
[rosmaster.master][INFO] 2026-08-30 02:32:33,070: +PARAM [/system_params/network/px4/udp_port] by /roslaunch
[rosmaster.master][INFO] 2026-08-30 02:32:33,071: +PARAM [/system_params/network/px4/tcp_port] by /roslaunch
[rosmaster.master][INFO] 2026-08-30 02:32:33,071: +PARAM [/system_params/network/px4/heartbeat_rate] by /roslaunch
[rosmaster.master][INFO] 2026-08-30 02:32:33,071: +PARAM [/system_params/network/mavros/fcu_url] by /roslaunch
[rosmaster.master][INFO] 2026-08-30 02:32:33,071: +PARAM [/system_params/network/mavros/gcs_url] by /roslaunch
[rosmaster.master][INFO] 2026-08-30 02:32:33,071: +PARAM [/system_params/network/timeout] by /roslaunch
[rosmaster.master][INFO] 2026-08-30 02:32:33,071: +PARAM [/system_params/network/reconnect_attempts] by /roslaunch
[rosmaster.master][INFO] 2026-08-30 02:32:33,071: +PARAM [/system_params/network/reconnect_delay] by /roslaunch
[rosmaster.master][INFO] 2026-08-30 02:32:33,072: +PARAM [/system_params/performance/publish_rate] by /roslaunch
[rosmaster.master][INFO] 2026-08-30 02:32:33,072: +PARAM [/use_simulation] by /roslaunch
[rosmaster.master][INFO] 2026-08-30 02:32:33,072: +PARAM [/parameter_validator/config_dir] by /roslaunch
[rosmaster.master][INFO] 2026-08-30 02:32:33,072: +PARAM [/parameter_validator/validate_on_startup] by /roslaunch
[rosmaster.master][INFO] 2026-08-30 02:32:33,072: +PARAM [/mission_manager/mission_config] by /roslaunch
[rosmaster.master][INFO] 2026-08-30 02:32:33,072: +PARAM [/camera_calibration/simulation_mode] by /roslaunch
[rosmaster.master][INFO] 2026-08-30 02:32:33,072: +PARAM [/yolo_detector/model_path] by /roslaunch
[rosmaster.master][INFO] 2026-08-30 02:32:33,073: +PARAM [/yolo_detector/device] by /roslaunch
[rosmaster.master][INFO] 2026-08-30 02:32:33,073: +PARAM [/sensor_fusion/publish_rate] by /roslaunch
[rosmaster.master][INFO] 2026-08-30 02:32:33,073: +PARAM [/sensor_fusion/simulation_mode] by /roslaunch
[rosmaster.master][INFO] 2026-08-30 02:32:33,073: +PARAM [/target_tracking_controller/simulation_mode] by /roslaunch
[rosmaster.master][INFO] 2026-08-30 02:32:33,073: +PARAM [/vehicle_state_monitor/simulation_mode] by /roslaunch
[rosmaster.master][INFO] 2026-08-30 02:32:33,073: +PARAM [/safety_monitor/enable_geofence] by /roslaunch
[rosmaster.master][INFO] 2026-08-30 02:32:33,073: +PARAM [/safety_monitor/simulation_mode] by /roslaunch
[rosmaster.master][INFO] 2026-08-30 02:32:33,074: +PARAM [/system_health_monitor/monitoring_interval] by /roslaunch
[rosmaster.master][INFO] 2026-08-30 02:32:33,074: +PARAM [/system_health_monitor/critical_threshold_cpu] by /roslaunch
[rosmaster.master][INFO] 2026-08-30 02:32:33,074: +PARAM [/system_health_monitor/critical_threshold_memory] by /roslaunch
[rosmaster.master][INFO] 2026-08-30 02:32:33,074: +PARAM [/system_health_monitor/warning_threshold_cpu] by /roslaunch
[rosmaster.master][INFO] 2026-08-30 02:32:33,075: +PARAM [/system_health_monitor/warning_threshold_memory] by /roslaunch
[rosmaster.master][INFO] 2026-08-30 02:32:33,075: +PARAM [/system_health_monitor/enable_network_monitoring] by /roslaunch
[rosmaster.master][INFO] 2026-08-30 02:32:33,075: +PARAM [/system_health_monitor/enable_disk_monitoring] by /roslaunch
[rosmaster.master][INFO] 2026-08-30 02:32:33,075: +PARAM [/system_health_monitor/enable_process_monitoring] by /roslaunch
[rosmaster.master][INFO] 2026-08-30 02:32:33,076: +PARAM [/health_checker/monitored_nodes] by /roslaunch
[rosmaster.master][INFO] 2026-08-30 02:32:33,076: +PARAM [/health_checker/check_interval] by /roslaunch
[rosmaster.master][INFO] 2026-08-30 02:32:33,076: +PARAM [/health_checker/timeout_threshold] by /roslaunch
[rosmaster.master][INFO] 2026-08-30 02:32:33,076: +PARAM [/health_checker/restart_on_failure] by /roslaunch
[rosmaster.master][INFO] 2026-08-30 02:32:33,077: +PARAM [/health_checker/max_restarts] by /roslaunch
[rosmaster.master][INFO] 2026-08-30 02:32:33,131: +SERVICE [/rosout/get_loggers] /rosout http://localhost:36221/
[rosmaster.master][INFO] 2026-08-30 02:32:33,134: +SERVICE [/rosout/set_logger_level] /rosout http://localhost:36221/
[rosmaster.master][INFO] 2026-08-30 02:32:33,148: +PUB [/rosout_agg] /rosout http://localhost:36221/
[rosmaster.master][INFO] 2026-08-30 02:32:33,160: +SUB [/rosout] /rosout http://localhost:36221/
[rosmaster.master][INFO] 2026-08-30 02:32:37,573: +PUB [/rosout] /command_interpreter http://localhost:41467/
[rosmaster.master][INFO] 2026-08-30 02:32:37,620: publisherUpdate[/rosout] -> http://localhost:36221/ ['http://localhost:41467/']
[rosmaster.master][INFO] 2026-08-30 02:32:37,647: +SERVICE [/command_interpreter/get_loggers] /command_interpreter http://localhost:41467/
[rosmaster.master][INFO] 2026-08-30 02:32:37,650: +SERVICE [/command_interpreter/set_logger_level] /command_interpreter http://localhost:41467/
[rosmaster.master][INFO] 2026-08-30 02:32:37,669: +SUB [/drone_control/command] /command_interpreter http://localhost:41467/
[rosmaster.master][INFO] 2026-08-30 02:32:37,718: +PUB [/drone_control/command_response] /command_interpreter http://localhost:41467/
[rosmaster.master][INFO] 2026-08-30 02:32:37,724: +PUB [/command_interpreter/node_health] /command_interpreter http://localhost:41467/
[rosmaster.master][INFO] 2026-08-30 02:32:37,733: +CACHEDPARAM [/rosout_disable_topics_generation] by /command_interpreter
[rosmaster.master][INFO] 2026-08-30 02:32:37,747: publisherUpdate[/rosout] -> http://localhost:36221/ ['http://localhost:41467/']: sec=0.12, result=[1, '', 0]
[rosmaster.master][INFO] 2026-08-30 02:32:37,750: +PUB [/rosout] /sensor_fusion http://localhost:33255/
[rosmaster.master][INFO] 2026-08-30 02:32:37,770: publisherUpdate[/rosout] -> http://localhost:36221/ ['http://localhost:41467/', 'http://localhost:33255/']
[rosmaster.master][INFO] 2026-08-30 02:32:37,775: publisherUpdate[/rosout] -> http://localhost:36221/ ['http://localhost:41467/', 'http://localhost:33255/']: sec=0.00, result=[1, '', 0]
[rosmaster.master][INFO] 2026-08-30 02:32:37,777: +SERVICE [/sensor_fusion/get_loggers] /sensor_fusion http://localhost:33255/
[rosmaster.master][INFO] 2026-08-30 02:32:37,829: +PUB [/rosout] /camera_calibration http://localhost:46341/
[rosmaster.master][INFO] 2026-08-30 02:32:37,834: publisherUpdate[/rosout] -> http://localhost:36221/ ['http://localhost:41467/', 'http://localhost:33255/', 'http://localhost:46341/']
[rosmaster.master][INFO] 2026-08-30 02:32:37,835: +SERVICE [/sensor_fusion/set_logger_level] /sensor_fusion http://localhost:33255/
[rosmaster.master][INFO] 2026-08-30 02:32:37,849: publisherUpdate[/rosout] -> http://localhost:36221/ ['http://localhost:41467/', 'http://localhost:33255/', 'http://localhost:46341/']: sec=0.01, result=[1, '', 0]
[rosmaster.master][INFO] 2026-08-30 02:32:37,860: +SUB [/mavros/imu/data] /sensor_fusion http://localhost:33255/
[rosmaster.master][INFO] 2026-08-30 02:32:37,924: +SERVICE [/camera_calibration/get_loggers] /camera_calibration http://localhost:46341/
[rosmaster.master][INFO] 2026-08-30 02:32:37,929: +SUB [/mavros/global_position/global] /sensor_fusion http://localhost:33255/
[rosmaster.master][INFO] 2026-08-30 02:32:37,933: +SERVICE [/camera_calibration/set_logger_level] /camera_calibration http://localhost:46341/
[rosmaster.master][INFO] 2026-08-30 02:32:37,944: +SUB [/mavros/local_position/pose] /sensor_fusion http://localhost:33255/
[rosmaster.master][INFO] 2026-08-30 02:32:37,951: +PUB [/sensor_fusion/node_health] /sensor_fusion http://localhost:33255/
[rosmaster.master][INFO] 2026-08-30 02:32:37,953: +PUB [/camera/camera_info] /camera_calibration http://localhost:46341/
[rosmaster.master][INFO] 2026-08-30 02:32:37,955: +PUB [/tf] /camera_calibration http://localhost:46341/
[rosmaster.master][INFO] 2026-08-30 02:32:37,959: +CACHEDPARAM [/rosout_disable_topics_generation] by /sensor_fusion
[rosmaster.master][INFO] 2026-08-30 02:32:37,961: +CACHEDPARAM [/rosout_disable_topics_generation] by /camera_calibration
[rosmaster.master][INFO] 2026-08-30 02:32:38,053: +CACHEDPARAM [/rosout/omit_topics] by /rosout
[rosmaster.master][INFO] 2026-08-30 02:32:38,139: +PUB [/rosout] /parameter_validator http://localhost:42531/
[rosmaster.master][INFO] 2026-08-30 02:32:38,154: publisherUpdate[/rosout] -> http://localhost:36221/ ['http://localhost:41467/', 'http://localhost:33255/', 'http://localhost:46341/', 'http://localhost:42531/']
[rosmaster.master][INFO] 2026-08-30 02:32:38,220: publisherUpdate[/rosout] -> http://localhost:36221/ ['http://localhost:41467/', 'http://localhost:33255/', 'http://localhost:46341/', 'http://localhost:42531/']: sec=0.07, result=[1, '', 0]
[rosmaster.master][INFO] 2026-08-30 02:32:38,221: +SERVICE [/parameter_validator/get_loggers] /parameter_validator http://localhost:42531/
[rosmaster.master][INFO] 2026-08-30 02:32:38,336: +SERVICE [/parameter_validator/set_logger_level] /parameter_validator http://localhost:42531/
[rosmaster.master][INFO] 2026-08-30 02:32:38,355: +PUB [/rosout] /mission_manager http://localhost:43293/
[rosmaster.master][INFO] 2026-08-30 02:32:38,425: publisherUpdate[/rosout] -> http://localhost:36221/ ['http://localhost:41467/', 'http://localhost:33255/', 'http://localhost:46341/', 'http://localhost:42531/', 'http://localhost:43293/']
[rosmaster.master][INFO] 2026-08-30 02:32:38,428: publisherUpdate[/rosout] -> http://localhost:36221/ ['http://localhost:41467/', 'http://localhost:33255/', 'http://localhost:46341/', 'http://localhost:42531/', 'http://localhost:43293/']: sec=0.00, result=[1, '', 0]
[rosmaster.master][INFO] 2026-08-30 02:32:38,455: +SERVICE [/mission_manager/get_loggers] /mission_manager http://localhost:43293/
[rosmaster.master][INFO] 2026-08-30 02:32:38,457: +SERVICE [/mission_manager/set_logger_level] /mission_manager http://localhost:43293/
[rosmaster.master][INFO] 2026-08-30 02:32:38,524: +PUB [/mission_status] /mission_manager http://localhost:43293/
[rosmaster.master][INFO] 2026-08-30 02:32:38,526: +PUB [/mission_manager/node_health] /mission_manager http://localhost:43293/
[rosmaster.master][INFO] 2026-08-30 02:32:38,533: +SUB [/drone_control/command] /mission_manager http://localhost:43293/
[rosmaster.master][INFO] 2026-08-30 02:32:38,542: +SUB [/safety_status] /mission_manager http://localhost:43293/
[rosmaster.master][INFO] 2026-08-30 02:32:38,546: +CACHEDPARAM [/rosout_disable_topics_generation] by /parameter_validator
[rosmaster.master][INFO] 2026-08-30 02:32:38,549: +SUB [/tracked_targets] /mission_manager http://localhost:43293/
[rosmaster.master][INFO] 2026-08-30 02:32:38,557: +CACHEDPARAM [/rosout_disable_topics_generation] by /mission_manager
[rosmaster.master][INFO] 2026-08-30 02:32:38,575: +CACHEDPARAM [/rosout_disable_topics_generation] by /parameter_validator
[rosmaster.master][INFO] 2026-08-30 02:32:38,697: +PUB [/rosout] /vehicle_state_monitor http://localhost:35865/
[rosmaster.master][INFO] 2026-08-30 02:32:38,713: +SERVICE [/vehicle_state_monitor/get_loggers] /vehicle_state_monitor http://localhost:35865/
[rosmaster.master][INFO] 2026-08-30 02:32:38,715: +SERVICE [/vehicle_state_monitor/set_logger_level] /vehicle_state_monitor http://localhost:35865/
[rosmaster.master][INFO] 2026-08-30 02:32:38,721: +SUB [/mavros/state] /vehicle_state_monitor http://localhost:35865/
[rosmaster.master][INFO] 2026-08-30 02:32:38,724: +SUB [/mavros/battery] /vehicle_state_monitor http://localhost:35865/
[rosmaster.master][INFO] 2026-08-30 02:32:38,728: +SUB [/mavros/local_position/velocity] /vehicle_state_monitor http://localhost:35865/
[rosmaster.master][INFO] 2026-08-30 02:32:38,729: publisherUpdate[/rosout] -> http://localhost:36221/ ['http://localhost:41467/', 'http://localhost:33255/', 'http://localhost:46341/', 'http://localhost:42531/', 'http://localhost:43293/', 'http://localhost:35865/']
[rosmaster.master][INFO] 2026-08-30 02:32:38,731: +PUB [/drone_status] /vehicle_state_monitor http://localhost:35865/
[rosmaster.master][INFO] 2026-08-30 02:32:38,732: publisherUpdate[/rosout] -> http://localhost:36221/ ['http://localhost:41467/', 'http://localhost:33255/', 'http://localhost:46341/', 'http://localhost:42531/', 'http://localhost:43293/', 'http://localhost:35865/']: sec=0.00, result=[1, '', 0]
[rosmaster.master][INFO] 2026-08-30 02:32:38,735: +PUB [/diagnostic_status] /vehicle_state_monitor http://localhost:35865/
[rosmaster.master][INFO] 2026-08-30 02:32:38,737: +PUB [/vehicle_state_monitor/node_health] /vehicle_state_monitor http://localhost:35865/
[rosmaster.master][INFO] 2026-08-30 02:32:38,738: +PUB [/battery_percentage] /vehicle_state_monitor http://localhost:35865/
[rosmaster.master][INFO] 2026-08-30 02:32:38,740: +SERVICE [/drone_emergency_stop] /vehicle_state_monitor http://localhost:35865/
[rosmaster.master][INFO] 2026-08-30 02:32:38,742: +SERVICE [/drone_arm] /vehicle_state_monitor http://localhost:35865/
[rosmaster.master][INFO] 2026-08-30 02:32:38,744: +SERVICE [/drone_disarm] /vehicle_state_monitor http://localhost:35865/
[rosmaster.master][INFO] 2026-08-30 02:32:38,746: +SERVICE [/drone_get_status] /vehicle_state_monitor http://localhost:35865/
[rosmaster.master][INFO] 2026-08-30 02:32:38,751: +CACHEDPARAM [/rosout_disable_topics_generation] by /vehicle_state_monitor
[rosmaster.master][INFO] 2026-08-30 02:32:38,785: +PUB [/rosout] /health_checker http://localhost:41591/
[rosmaster.master][INFO] 2026-08-30 02:32:38,788: +PUB [/rosout] /system_health_monitor http://localhost:39461/
[rosmaster.master][INFO] 2026-08-30 02:32:38,796: +SERVICE [/health_checker/get_loggers] /health_checker http://localhost:41591/
[rosmaster.master][INFO] 2026-08-30 02:32:38,798: +SERVICE [/system_health_monitor/get_loggers] /system_health_monitor http://localhost:39461/
[rosmaster.master][INFO] 2026-08-30 02:32:38,799: +SERVICE [/health_checker/set_logger_level] /health_checker http://localhost:41591/
[rosmaster.master][INFO] 2026-08-30 02:32:38,800: +SERVICE [/system_health_monitor/set_logger_level] /system_health_monitor http://localhost:39461/
[rosmaster.master][INFO] 2026-08-30 02:32:38,806: +PUB [/rosout] /safety_monitor http://localhost:39897/
[rosmaster.master][INFO] 2026-08-30 02:32:38,820: +SERVICE [/safety_monitor/get_loggers] /safety_monitor http://localhost:39897/
[rosmaster.master][INFO] 2026-08-30 02:32:38,821: +SUB [/yolo_detector/node_health] /health_checker http://localhost:41591/
[rosmaster.master][INFO] 2026-08-30 02:32:38,824: +SERVICE [/safety_monitor/set_logger_level] /safety_monitor http://localhost:39897/
[rosmaster.master][INFO] 2026-08-30 02:32:38,825: +SUB [/health/check_all] /system_health_monitor http://localhost:39461/
[rosmaster.master][INFO] 2026-08-30 02:32:38,827: +SUB [/target_tracking_controller/node_health] /health_checker http://localhost:41591/
[rosmaster.master][INFO] 2026-08-30 02:32:38,830: +PUB [/system_health] /system_health_monitor http://localhost:39461/
[rosmaster.master][INFO] 2026-08-30 02:32:38,831: publisherUpdate[/rosout] -> http://localhost:36221/ ['http://localhost:41467/', 'http://localhost:33255/', 'http://localhost:46341/', 'http://localhost:42531/', 'http://localhost:43293/', 'http://localhost:35865/', 'http://localhost:41591/']
[rosmaster.master][INFO] 2026-08-30 02:32:38,834: +PUB [/diagnostic_status] /system_health_monitor http://localhost:39461/
[rosmaster.master][INFO] 2026-08-30 02:32:38,837: +SUB [/vehicle_state_monitor/node_health] /health_checker http://localhost:41591/
[rosmaster.master][INFO] 2026-08-30 02:32:38,836: publisherUpdate[/rosout] -> http://localhost:36221/ ['http://localhost:41467/', 'http://localhost:33255/', 'http://localhost:46341/', 'http://localhost:42531/', 'http://localhost:43293/', 'http://localhost:35865/', 'http://localhost:41591/']: sec=0.00, result=[1, '', 0]
[rosmaster.master][INFO] 2026-08-30 02:32:38,838: publisherUpdate[/rosout] -> http://localhost:36221/ ['http://localhost:41467/', 'http://localhost:33255/', 'http://localhost:46341/', 'http://localhost:42531/', 'http://localhost:43293/', 'http://localhost:35865/', 'http://localhost:41591/', 'http://localhost:39461/']
[rosmaster.master][INFO] 2026-08-30 02:32:38,841: +PUB [/performance_metrics] /system_health_monitor http://localhost:39461/
[rosmaster.master][INFO] 2026-08-30 02:32:38,842: publisherUpdate[/rosout] -> http://localhost:36221/ ['http://localhost:41467/', 'http://localhost:33255/', 'http://localhost:46341/', 'http://localhost:42531/', 'http://localhost:43293/', 'http://localhost:35865/', 'http://localhost:41591/', 'http://localhost:39461/']: sec=0.00, result=[1, '', 0]
[rosmaster.master][INFO] 2026-08-30 02:32:38,845: publisherUpdate[/rosout] -> http://localhost:36221/ ['http://localhost:41467/', 'http://localhost:33255/', 'http://localhost:46341/', 'http://localhost:42531/', 'http://localhost:43293/', 'http://localhost:35865/', 'http://localhost:41591/', 'http://localhost:39461/', 'http://localhost:39897/']
[rosmaster.master][INFO] 2026-08-30 02:32:38,846: +SUB [/mission_manager/node_health] /health_checker http://localhost:41591/
[rosmaster.master][INFO] 2026-08-30 02:32:38,849: +SUB [/mavros/local_position/pose] /safety_monitor http://localhost:39897/
[rosmaster.master][INFO] 2026-08-30 02:32:38,851: publisherUpdate[/rosout] -> http://localhost:36221/ ['http://localhost:41467/', 'http://localhost:33255/', 'http://localhost:46341/', 'http://localhost:42531/', 'http://localhost:43293/', 'http://localhost:35865/', 'http://localhost:41591/', 'http://localhost:39461/', 'http://localhost:39897/']: sec=0.00, result=[1, '', 0]
[rosmaster.master][INFO] 2026-08-30 02:32:38,851: +PUB [/system_alert] /system_health_monitor http://localhost:39461/
[rosmaster.master][INFO] 2026-08-30 02:32:38,857: +CACHEDPARAM [/rosout_disable_topics_generation] by /system_health_monitor
[rosmaster.master][INFO] 2026-08-30 02:32:38,858: +SUB [/mavros/local_position/velocity] /safety_monitor http://localhost:39897/
[rosmaster.master][INFO] 2026-08-30 02:32:38,864: +SUB [/mavros/state] /safety_monitor http://localhost:39897/
[rosmaster.master][INFO] 2026-08-30 02:32:38,867: +PUB [/safety_status] /safety_monitor http://localhost:39897/
[rosmaster.master][INFO] 2026-08-30 02:32:38,869: +SUB [/safety_monitor/node_health] /health_checker http://localhost:41591/
[rosmaster.master][INFO] 2026-08-30 02:32:38,871: +PUB [/safety_monitor/node_health] /safety_monitor http://localhost:39897/
[rosmaster.master][INFO] 2026-08-30 02:32:38,873: +PUB [/emergency_triggered] /safety_monitor http://localhost:39897/
[rosmaster.master][INFO] 2026-08-30 02:32:38,876: +SERVICE [/safety/geofence_enable] /safety_monitor http://localhost:39897/
[rosmaster.master][INFO] 2026-08-30 02:32:38,877: +SUB [/command_interpreter/node_health] /health_checker http://localhost:41591/
[rosmaster.master][INFO] 2026-08-30 02:32:38,881: +SERVICE [/safety/geofence_disable] /safety_monitor http://localhost:39897/
[rosmaster.master][INFO] 2026-08-30 02:32:38,882: +PUB [/system_health] /health_checker http://localhost:41591/
[rosmaster.master][INFO] 2026-08-30 02:32:38,883: +SERVICE [/safety/check] /safety_monitor http://localhost:39897/
[rosmaster.master][INFO] 2026-08-30 02:32:38,884: +SERVICE [/health/check_all] /health_checker http://localhost:41591/
[rosmaster.master][INFO] 2026-08-30 02:32:38,885: +SERVICE [/safety/status] /safety_monitor http://localhost:39897/
[rosmaster.master][INFO] 2026-08-30 02:32:38,887: +SERVICE [/health/restart_node] /health_checker http://localhost:41591/
[rosmaster.master][INFO] 2026-08-30 02:32:38,890: +CACHEDPARAM [/rosout_disable_topics_generation] by /health_checker
[rosmaster.master][INFO] 2026-08-30 02:32:38,892: +CACHEDPARAM [/rosout_disable_topics_generation] by /safety_monitor
[rosmaster.master][INFO] 2026-08-30 02:32:38,895: +CACHEDPARAM [/rosout_disable_topics_generation] by /safety_monitor
[rosmaster.master][INFO] 2026-08-30 02:32:38,934: publisherUpdate[/safety_status] -> http://localhost:43293/ ['http://localhost:39897/']
[rosmaster.master][INFO] 2026-08-30 02:32:38,937: publisherUpdate[/safety_status] -> http://localhost:43293/ ['http://localhost:39897/']: sec=0.00, result=[1, '', 0]
[rosmaster.master][INFO] 2026-08-30 02:32:38,938: publisherUpdate[/safety_monitor/node_health] -> http://localhost:41591/ ['http://localhost:39897/']
[rosmaster.master][INFO] 2026-08-30 02:32:38,943: publisherUpdate[/safety_monitor/node_health] -> http://localhost:41591/ ['http://localhost:39897/']: sec=0.00, result=[1, '', 0]
[rosmaster.master][INFO] 2026-08-30 02:32:40,242: +PUB [/rosout] /target_tracking_controller http://localhost:39597/
[rosmaster.master][INFO] 2026-08-30 02:32:40,252: +SERVICE [/target_tracking_controller/get_loggers] /target_tracking_controller http://localhost:39597/
[rosmaster.master][INFO] 2026-08-30 02:32:40,252: publisherUpdate[/rosout] -> http://localhost:36221/ ['http://localhost:41467/', 'http://localhost:33255/', 'http://localhost:46341/', 'http://localhost:42531/', 'http://localhost:43293/', 'http://localhost:35865/', 'http://localhost:41591/', 'http://localhost:39461/', 'http://localhost:39897/', 'http://localhost:39597/']
[rosmaster.master][INFO] 2026-08-30 02:32:40,254: +SERVICE [/target_tracking_controller/set_logger_level] /target_tracking_controller http://localhost:39597/
[rosmaster.master][INFO] 2026-08-30 02:32:40,255: publisherUpdate[/rosout] -> http://localhost:36221/ ['http://localhost:41467/', 'http://localhost:33255/', 'http://localhost:46341/', 'http://localhost:42531/', 'http://localhost:43293/', 'http://localhost:35865/', 'http://localhost:41591/', 'http://localhost:39461/', 'http://localhost:39897/', 'http://localhost:39597/']: sec=0.00, result=[1, '', 0]
[rosmaster.master][INFO] 2026-08-30 02:32:40,268: +SUB [/mavros/local_position/odom] /target_tracking_controller http://localhost:39597/
[rosmaster.master][INFO] 2026-08-30 02:32:40,271: +SUB [/detected_objects] /target_tracking_controller http://localhost:39597/
[rosmaster.master][INFO] 2026-08-30 02:32:40,276: +SUB [/mavros/state] /target_tracking_controller http://localhost:39597/
[rosmaster.master][INFO] 2026-08-30 02:32:40,280: +SUB [/mission_status] /target_tracking_controller http://localhost:39597/
[rosmaster.master][INFO] 2026-08-30 02:32:40,282: +PUB [/tracked_targets] /target_tracking_controller http://localhost:39597/
[rosmaster.master][INFO] 2026-08-30 02:32:40,286: +PUB [/mavros/setpoint_velocity/cmd_vel_unstamped] /target_tracking_controller http://localhost:39597/
[rosmaster.master][INFO] 2026-08-30 02:32:40,289: +PUB [/mavros/setpoint_raw/local] /target_tracking_controller http://localhost:39597/
[rosmaster.master][INFO] 2026-08-30 02:32:40,292: +PUB [/target_tracking_controller/node_health] /target_tracking_controller http://localhost:39597/
[rosmaster.master][INFO] 2026-08-30 02:32:40,358: publisherUpdate[/tracked_targets] -> http://localhost:43293/ ['http://localhost:39597/']
[rosmaster.master][INFO] 2026-08-30 02:32:40,360: publisherUpdate[/tracked_targets] -> http://localhost:43293/ ['http://localhost:39597/']: sec=0.00, result=[1, '', 0]
[rosmaster.master][INFO] 2026-08-30 02:32:40,361: publisherUpdate[/target_tracking_controller/node_health] -> http://localhost:41591/ ['http://localhost:39597/']
[rosmaster.master][INFO] 2026-08-30 02:32:40,364: publisherUpdate[/target_tracking_controller/node_health] -> http://localhost:41591/ ['http://localhost:39597/']: sec=0.00, result=[1, '', 0]
[rosmaster.master][INFO] 2026-08-30 02:32:42,440: +CACHEDPARAM [/rosout_disable_topics_generation] by /target_tracking_controller
[rosmaster.master][INFO] 2026-08-30 02:32:42,486: +PUB [/rosout] /yolo_detector http://localhost:43587/
[rosmaster.master][INFO] 2026-08-30 02:32:42,490: +SERVICE [/yolo_detector/get_loggers] /yolo_detector http://localhost:43587/
[rosmaster.master][INFO] 2026-08-30 02:32:42,491: +SERVICE [/yolo_detector/set_logger_level] /yolo_detector http://localhost:43587/
[rosmaster.master][INFO] 2026-08-30 02:32:42,497: +PUB [/yolo_detector/node_health] /yolo_detector http://localhost:43587/
[rosmaster.master][INFO] 2026-08-30 02:32:42,500: +SUB [/drone_control/command] /yolo_detector http://localhost:43587/
[rosmaster.master][INFO] 2026-08-30 02:32:42,501: +PUB [/command_response] /yolo_detector http://localhost:43587/
[rosmaster.master][INFO] 2026-08-30 02:32:42,502: +SUB [/mission_status] /yolo_detector http://localhost:43587/
[rosmaster.master][INFO] 2026-08-30 02:32:42,504: +CACHEDPARAM [/rosout_disable_topics_generation] by /yolo_detector
[rosmaster.master][INFO] 2026-08-30 02:32:42,543: publisherUpdate[/rosout] -> http://localhost:36221/ ['http://localhost:41467/', 'http://localhost:33255/', 'http://localhost:46341/', 'http://localhost:42531/', 'http://localhost:43293/', 'http://localhost:35865/', 'http://localhost:41591/', 'http://localhost:39461/', 'http://localhost:39897/', 'http://localhost:39597/', 'http://localhost:43587/']
[rosmaster.master][INFO] 2026-08-30 02:32:42,546: publisherUpdate[/rosout] -> http://localhost:36221/ ['http://localhost:41467/', 'http://localhost:33255/', 'http://localhost:46341/', 'http://localhost:42531/', 'http://localhost:43293/', 'http://localhost:35865/', 'http://localhost:41591/', 'http://localhost:39461/', 'http://localhost:39897/', 'http://localhost:39597/', 'http://localhost:43587/']: sec=0.00, result=[1, '', 0]
[rosmaster.master][INFO] 2026-08-30 02:32:42,546: publisherUpdate[/yolo_detector/node_health] -> http://localhost:41591/ ['http://localhost:43587/']
[rosmaster.master][INFO] 2026-08-30 02:32:42,548: publisherUpdate[/yolo_detector/node_health] -> http://localhost:41591/ ['http://localhost:43587/']: sec=0.00, result=[1, '', 0]
[rosmaster.master][INFO] 2026-08-30 02:32:42,655: +CACHEDPARAM [/rosout_disable_topics_generation] by /yolo_detector
[rosmaster.master][INFO] 2026-08-30 02:32:42,657: +SUB [/camera/color/image_raw] /yolo_detector http://localhost:43587/
[rosmaster.master][INFO] 2026-08-30 02:32:42,658: +PUB [/detected_objects] /yolo_detector http://localhost:43587/
[rosmaster.master][INFO] 2026-08-30 02:32:42,659: +CACHEDPARAM [/rosout_disable_topics_generation] by /yolo_detector
[rosmaster.master][INFO] 2026-08-30 02:32:42,661: +CACHEDPARAM [/rosout_disable_topics_generation] by /yolo_detector
[rosmaster.master][INFO] 2026-08-30 02:32:42,692: publisherUpdate[/detected_objects] -> http://localhost:39597/ ['http://localhost:43587/']
[rosmaster.master][INFO] 2026-08-30 02:32:42,695: publisherUpdate[/detected_objects] -> http://localhost:39597/ ['http://localhost:43587/']: sec=0.00, result=[1, '', 0]
[rosmaster.master][INFO] 2026-08-30 02:32:43,898: +CACHEDPARAM [/rosout_disable_topics_generation] by /health_checker
[rosmaster.master][INFO] 2026-08-30 02:32:43,902: +CACHEDPARAM [/rosout_disable_topics_generation] by /health_checker
[rosmaster.master][INFO] 2026-08-30 02:32:44,616: +CACHEDPARAM [/rosout_disable_topics_generation] by /target_tracking_controller
[rosmaster.master][INFO] 2026-08-30 02:32:44,624: +CACHEDPARAM [/rosout_disable_topics_generation] by /target_tracking_controller
[rosmaster.master][INFO] 2026-08-30 02:33:53,150: +PUB [/rosout] /trajectory_planner http://localhost:34361/
[rosmaster.master][INFO] 2026-08-30 02:33:53,155: +SERVICE [/trajectory_planner/get_loggers] /trajectory_planner http://localhost:34361/
[rosmaster.master][INFO] 2026-08-30 02:33:53,156: +SERVICE [/trajectory_planner/set_logger_level] /trajectory_planner http://localhost:34361/
[rosmaster.master][INFO] 2026-08-30 02:33:53,161: +SUB [/mavros/local_position/odom] /trajectory_planner http://localhost:34361/
[rosmaster.master][INFO] 2026-08-30 02:33:53,162: publisherUpdate[/rosout] -> http://localhost:36221/ ['http://localhost:41467/', 'http://localhost:33255/', 'http://localhost:46341/', 'http://localhost:42531/', 'http://localhost:43293/', 'http://localhost:35865/', 'http://localhost:41591/', 'http://localhost:39461/', 'http://localhost:39897/', 'http://localhost:39597/', 'http://localhost:43587/', 'http://localhost:34361/']
[rosmaster.master][INFO] 2026-08-30 02:33:53,164: publisherUpdate[/rosout] -> http://localhost:36221/ ['http://localhost:41467/', 'http://localhost:33255/', 'http://localhost:46341/', 'http://localhost:42531/', 'http://localhost:43293/', 'http://localhost:35865/', 'http://localhost:41591/', 'http://localhost:39461/', 'http://localhost:39897/', 'http://localhost:39597/', 'http://localhost:43587/', 'http://localhost:34361/']: sec=0.00, result=[1, '', 0]
[rosmaster.master][INFO] 2026-08-30 02:33:53,166: -SUB [/mavros/local_position/odom] /trajectory_planner http://localhost:34361/
[rosmaster.master][INFO] 2026-08-30 02:33:53,166: -PUB [/rosout] /trajectory_planner http://localhost:34361/
[rosmaster.master][INFO] 2026-08-30 02:33:53,166: -SERVICE [/trajectory_planner/get_loggers] /trajectory_planner rosrpc://localhost:39159
[rosmaster.master][INFO] 2026-08-30 02:33:53,166: -SERVICE [/trajectory_planner/set_logger_level] /trajectory_planner rosrpc://localhost:39159
[rosmaster.master][INFO] 2026-08-30 02:33:53,220: publisherUpdate[/rosout] -> http://localhost:36221/ ['http://localhost:41467/', 'http://localhost:33255/', 'http://localhost:46341/', 'http://localhost:42531/', 'http://localhost:43293/', 'http://localhost:35865/', 'http://localhost:41591/', 'http://localhost:39461/', 'http://localhost:39897/', 'http://localhost:39597/', 'http://localhost:43587/']
[rosmaster.master][INFO] 2026-08-30 02:33:53,221: publisherUpdate[/rosout] -> http://localhost:36221/ ['http://localhost:41467/', 'http://localhost:33255/', 'http://localhost:46341/', 'http://localhost:42531/', 'http://localhost:43293/', 'http://localhost:35865/', 'http://localhost:41591/', 'http://localhost:39461/', 'http://localhost:39897/', 'http://localhost:39597/', 'http://localhost:43587/']: sec=0.00, result=[1, '', 0]
[rosmaster.master][INFO] 2026-08-30 02:33:58,031: +PUB [/rosout] /trajectory_planner http://localhost:40669/
[rosmaster.master][INFO] 2026-08-30 02:33:58,036: +SERVICE [/trajectory_planner/get_loggers] /trajectory_planner http://localhost:40669/
[rosmaster.master][INFO] 2026-08-30 02:33:58,037: +SERVICE [/trajectory_planner/set_logger_level] /trajectory_planner http://localhost:40669/
[rosmaster.master][INFO] 2026-08-30 02:33:58,042: +SUB [/mavros/local_position/odom] /trajectory_planner http://localhost:40669/
[rosmaster.master][INFO] 2026-08-30 02:33:58,046: -SUB [/mavros/local_position/odom] /trajectory_planner http://localhost:40669/
[rosmaster.master][INFO] 2026-08-30 02:33:58,046: -PUB [/rosout] /trajectory_planner http://localhost:40669/
[rosmaster.master][INFO] 2026-08-30 02:33:58,046: -SERVICE [/trajectory_planner/get_loggers] /trajectory_planner rosrpc://localhost:39555
[rosmaster.master][INFO] 2026-08-30 02:33:58,046: -SERVICE [/trajectory_planner/set_logger_level] /trajectory_planner rosrpc://localhost:39555
[rosmaster.master][INFO] 2026-08-30 02:33:58,057: publisherUpdate[/rosout] -> http://localhost:36221/ ['http://localhost:41467/', 'http://localhost:33255/', 'http://localhost:46341/', 'http://localhost:42531/', 'http://localhost:43293/', 'http://localhost:35865/', 'http://localhost:41591/', 'http://localhost:39461/', 'http://localhost:39897/', 'http://localhost:39597/', 'http://localhost:43587/', 'http://localhost:40669/']
[rosmaster.master][INFO] 2026-08-30 02:33:58,062: publisherUpdate[/rosout] -> http://localhost:36221/ ['http://localhost:41467/', 'http://localhost:33255/', 'http://localhost:46341/', 'http://localhost:42531/', 'http://localhost:43293/', 'http://localhost:35865/', 'http://localhost:41591/', 'http://localhost:39461/', 'http://localhost:39897/', 'http://localhost:39597/', 'http://localhost:43587/', 'http://localhost:40669/']: sec=0.00, result=[1, '', 0]
[rosmaster.master][INFO] 2026-08-30 02:33:58,062: publisherUpdate[/rosout] -> http://localhost:36221/ ['http://localhost:41467/', 'http://localhost:33255/', 'http://localhost:46341/', 'http://localhost:42531/', 'http://localhost:43293/', 'http://localhost:35865/', 'http://localhost:41591/', 'http://localhost:39461/', 'http://localhost:39897/', 'http://localhost:39597/', 'http://localhost:43587/']
[rosmaster.master][INFO] 2026-08-30 02:33:58,063: publisherUpdate[/rosout] -> http://localhost:36221/ ['http://localhost:41467/', 'http://localhost:33255/', 'http://localhost:46341/', 'http://localhost:42531/', 'http://localhost:43293/', 'http://localhost:35865/', 'http://localhost:41591/', 'http://localhost:39461/', 'http://localhost:39897/', 'http://localhost:39597/', 'http://localhost:43587/']: sec=0.00, result=[1, '', 0]
[rosmaster.master][INFO] 2026-08-30 02:34:03,223: +PUB [/rosout] /trajectory_planner http://localhost:41161/
[rosmaster.master][INFO] 2026-08-30 02:34:03,228: +SERVICE [/trajectory_planner/get_loggers] /trajectory_planner http://localhost:41161/
[rosmaster.master][INFO] 2026-08-30 02:34:03,230: +SERVICE [/trajectory_planner/set_logger_level] /trajectory_planner http://localhost:41161/
[rosmaster.master][INFO] 2026-08-30 02:34:03,236: +SUB [/mavros/local_position/odom] /trajectory_planner http://localhost:41161/
[rosmaster.master][INFO] 2026-08-30 02:34:03,241: -SUB [/mavros/local_position/odom] /trajectory_planner http://localhost:41161/
[rosmaster.master][INFO] 2026-08-30 02:34:03,241: -PUB [/rosout] /trajectory_planner http://localhost:41161/
[rosmaster.master][INFO] 2026-08-30 02:34:03,241: -SERVICE [/trajectory_planner/get_loggers] /trajectory_planner rosrpc://localhost:34129
[rosmaster.master][INFO] 2026-08-30 02:34:03,241: -SERVICE [/trajectory_planner/set_logger_level] /trajectory_planner rosrpc://localhost:34129
[rosmaster.master][INFO] 2026-08-30 02:34:03,272: publisherUpdate[/rosout] -> http://localhost:36221/ ['http://localhost:41467/', 'http://localhost:33255/', 'http://localhost:46341/', 'http://localhost:42531/', 'http://localhost:43293/', 'http://localhost:35865/', 'http://localhost:41591/', 'http://localhost:39461/', 'http://localhost:39897/', 'http://localhost:39597/', 'http://localhost:43587/', 'http://localhost:41161/']
[rosmaster.master][INFO] 2026-08-30 02:34:03,277: publisherUpdate[/rosout] -> http://localhost:36221/ ['http://localhost:41467/', 'http://localhost:33255/', 'http://localhost:46341/', 'http://localhost:42531/', 'http://localhost:43293/', 'http://localhost:35865/', 'http://localhost:41591/', 'http://localhost:39461/', 'http://localhost:39897/', 'http://localhost:39597/', 'http://localhost:43587/', 'http://localhost:41161/']: sec=0.00, result=[1, '', 0]
[rosmaster.master][INFO] 2026-08-30 02:34:03,277: publisherUpdate[/rosout] -> http://localhost:36221/ ['http://localhost:41467/', 'http://localhost:33255/', 'http://localhost:46341/', 'http://localhost:42531/', 'http://localhost:43293/', 'http://localhost:35865/', 'http://localhost:41591/', 'http://localhost:39461/', 'http://localhost:39897/', 'http://localhost:39597/', 'http://localhost:43587/']
[rosmaster.master][INFO] 2026-08-30 02:34:03,278: publisherUpdate[/rosout] -> http://localhost:36221/ ['http://localhost:41467/', 'http://localhost:33255/', 'http://localhost:46341/', 'http://localhost:42531/', 'http://localhost:43293/', 'http://localhost:35865/', 'http://localhost:41591/', 'http://localhost:39461/', 'http://localhost:39897/', 'http://localhost:39597/', 'http://localhost:43587/']: sec=0.00, result=[1, '', 0]
[rosmaster.master][INFO] 2026-08-30 02:34:08,349: +PUB [/rosout] /trajectory_planner http://localhost:41025/
[rosmaster.master][INFO] 2026-08-30 02:34:08,354: +SERVICE [/trajectory_planner/get_loggers] /trajectory_planner http://localhost:41025/
[rosmaster.master][INFO] 2026-08-30 02:34:08,355: +SERVICE [/trajectory_planner/set_logger_level] /trajectory_planner http://localhost:41025/
[rosmaster.master][INFO] 2026-08-30 02:34:08,360: +SUB [/mavros/local_position/odom] /trajectory_planner http://localhost:41025/
[rosmaster.master][INFO] 2026-08-30 02:34:08,364: -SUB [/mavros/local_position/odom] /trajectory_planner http://localhost:41025/
[rosmaster.master][INFO] 2026-08-30 02:34:08,364: -PUB [/rosout] /trajectory_planner http://localhost:41025/
[rosmaster.master][INFO] 2026-08-30 02:34:08,364: -SERVICE [/trajectory_planner/get_loggers] /trajectory_planner rosrpc://localhost:46657
[rosmaster.master][INFO] 2026-08-30 02:34:08,364: -SERVICE [/trajectory_planner/set_logger_level] /trajectory_planner rosrpc://localhost:46657
[rosmaster.master][INFO] 2026-08-30 02:34:08,373: publisherUpdate[/rosout] -> http://localhost:36221/ ['http://localhost:41467/', 'http://localhost:33255/', 'http://localhost:46341/', 'http://localhost:42531/', 'http://localhost:43293/', 'http://localhost:35865/', 'http://localhost:41591/', 'http://localhost:39461/', 'http://localhost:39897/', 'http://localhost:39597/', 'http://localhost:43587/', 'http://localhost:41025/']
[rosmaster.master][INFO] 2026-08-30 02:34:08,375: publisherUpdate[/rosout] -> http://localhost:36221/ ['http://localhost:41467/', 'http://localhost:33255/', 'http://localhost:46341/', 'http://localhost:42531/', 'http://localhost:43293/', 'http://localhost:35865/', 'http://localhost:41591/', 'http://localhost:39461/', 'http://localhost:39897/', 'http://localhost:39597/', 'http://localhost:43587/', 'http://localhost:41025/']: sec=0.00, result=[1, '', 0]
[rosmaster.master][INFO] 2026-08-30 02:34:08,375: publisherUpdate[/rosout] -> http://localhost:36221/ ['http://localhost:41467/', 'http://localhost:33255/', 'http://localhost:46341/', 'http://localhost:42531/', 'http://localhost:43293/', 'http://localhost:35865/', 'http://localhost:41591/', 'http://localhost:39461/', 'http://localhost:39897/', 'http://localhost:39597/', 'http://localhost:43587/']
[rosmaster.master][INFO] 2026-08-30 02:34:08,376: publisherUpdate[/rosout] -> http://localhost:36221/ ['http://localhost:41467/', 'http://localhost:33255/', 'http://localhost:46341/', 'http://localhost:42531/', 'http://localhost:43293/', 'http://localhost:35865/', 'http://localhost:41591/', 'http://localhost:39461/', 'http://localhost:39897/', 'http://localhost:39597/', 'http://localhost:43587/']: sec=0.00, result=[1, '', 0]
[rosmaster.master][INFO] 2026-08-30 02:34:13,814: +PUB [/rosout] /trajectory_planner http://localhost:43419/
[rosmaster.master][INFO] 2026-08-30 02:34:13,819: +SERVICE [/trajectory_planner/get_loggers] /trajectory_planner http://localhost:43419/
[rosmaster.master][INFO] 2026-08-30 02:34:13,820: +SERVICE [/trajectory_planner/set_logger_level] /trajectory_planner http://localhost:43419/
[rosmaster.master][INFO] 2026-08-30 02:34:13,825: +SUB [/mavros/local_position/odom] /trajectory_planner http://localhost:43419/
[rosmaster.master][INFO] 2026-08-30 02:34:13,828: publisherUpdate[/rosout] -> http://localhost:36221/ ['http://localhost:41467/', 'http://localhost:33255/', 'http://localhost:46341/', 'http://localhost:42531/', 'http://localhost:43293/', 'http://localhost:35865/', 'http://localhost:41591/', 'http://localhost:39461/', 'http://localhost:39897/', 'http://localhost:39597/', 'http://localhost:43587/', 'http://localhost:43419/']
[rosmaster.master][INFO] 2026-08-30 02:34:13,830: -SUB [/mavros/local_position/odom] /trajectory_planner http://localhost:43419/
[rosmaster.master][INFO] 2026-08-30 02:34:13,830: -PUB [/rosout] /trajectory_planner http://localhost:43419/
[rosmaster.master][INFO] 2026-08-30 02:34:13,830: -SERVICE [/trajectory_planner/get_loggers] /trajectory_planner rosrpc://localhost:37173
[rosmaster.master][INFO] 2026-08-30 02:34:13,830: -SERVICE [/trajectory_planner/set_logger_level] /trajectory_planner rosrpc://localhost:37173
[rosmaster.master][INFO] 2026-08-30 02:34:13,830: publisherUpdate[/rosout] -> http://localhost:36221/ ['http://localhost:41467/', 'http://localhost:33255/', 'http://localhost:46341/', 'http://localhost:42531/', 'http://localhost:43293/', 'http://localhost:35865/', 'http://localhost:41591/', 'http://localhost:39461/', 'http://localhost:39897/', 'http://localhost:39597/', 'http://localhost:43587/', 'http://localhost:43419/']: sec=0.00, result=[1, '', 0]
[rosmaster.master][INFO] 2026-08-30 02:34:13,831: publisherUpdate[/rosout] -> http://localhost:36221/ ['http://localhost:41467/', 'http://localhost:33255/', 'http://localhost:46341/', 'http://localhost:42531/', 'http://localhost:43293/', 'http://localhost:35865/', 'http://localhost:41591/', 'http://localhost:39461/', 'http://localhost:39897/', 'http://localhost:39597/', 'http://localhost:43587/']
[rosmaster.master][INFO] 2026-08-30 02:34:13,831: publisherUpdate[/rosout] -> http://localhost:36221/ ['http://localhost:41467/', 'http://localhost:33255/', 'http://localhost:46341/', 'http://localhost:42531/', 'http://localhost:43293/', 'http://localhost:35865/', 'http://localhost:41591/', 'http://localhost:39461/', 'http://localhost:39897/', 'http://localhost:39597/', 'http://localhost:43587/']: sec=0.00, result=[1, '', 0]
[rosmaster.master][INFO] 2026-08-30 02:34:20,259: +PUB [/rosout] /trajectory_planner http://localhost:43051/
[rosmaster.master][INFO] 2026-08-30 02:34:20,265: +SERVICE [/trajectory_planner/get_loggers] /trajectory_planner http://localhost:43051/
[rosmaster.master][INFO] 2026-08-30 02:34:20,265: publisherUpdate[/rosout] -> http://localhost:36221/ ['http://localhost:41467/', 'http://localhost:33255/', 'http://localhost:46341/', 'http://localhost:42531/', 'http://localhost:43293/', 'http://localhost:35865/', 'http://localhost:41591/', 'http://localhost:39461/', 'http://localhost:39897/', 'http://localhost:39597/', 'http://localhost:43587/', 'http://localhost:43051/']
[rosmaster.master][INFO] 2026-08-30 02:34:20,266: +SERVICE [/trajectory_planner/set_logger_level] /trajectory_planner http://localhost:43051/
[rosmaster.master][INFO] 2026-08-30 02:34:20,266: publisherUpdate[/rosout] -> http://localhost:36221/ ['http://localhost:41467/', 'http://localhost:33255/', 'http://localhost:46341/', 'http://localhost:42531/', 'http://localhost:43293/', 'http://localhost:35865/', 'http://localhost:41591/', 'http://localhost:39461/', 'http://localhost:39897/', 'http://localhost:39597/', 'http://localhost:43587/', 'http://localhost:43051/']: sec=0.00, result=[1, '', 0]
[rosmaster.master][INFO] 2026-08-30 02:34:20,271: +SUB [/mavros/local_position/odom] /trajectory_planner http://localhost:43051/
[rosmaster.master][INFO] 2026-08-30 02:34:20,275: -SUB [/mavros/local_position/odom] /trajectory_planner http://localhost:43051/
[rosmaster.master][INFO] 2026-08-30 02:34:20,275: -PUB [/rosout] /trajectory_planner http://localhost:43051/
[rosmaster.master][INFO] 2026-08-30 02:34:20,275: -SERVICE [/trajectory_planner/get_loggers] /trajectory_planner rosrpc://localhost:44655
[rosmaster.master][INFO] 2026-08-30 02:34:20,275: -SERVICE [/trajectory_planner/set_logger_level] /trajectory_planner rosrpc://localhost:44655
[rosmaster.master][INFO] 2026-08-30 02:34:20,353: publisherUpdate[/rosout] -> http://localhost:36221/ ['http://localhost:41467/', 'http://localhost:33255/', 'http://localhost:46341/', 'http://localhost:42531/', 'http://localhost:43293/', 'http://localhost:35865/', 'http://localhost:41591/', 'http://localhost:39461/', 'http://localhost:39897/', 'http://localhost:39597/', 'http://localhost:43587/']
[rosmaster.master][INFO] 2026-08-30 02:34:20,354: publisherUpdate[/rosout] -> http://localhost:36221/ ['http://localhost:41467/', 'http://localhost:33255/', 'http://localhost:46341/', 'http://localhost:42531/', 'http://localhost:43293/', 'http://localhost:35865/', 'http://localhost:41591/', 'http://localhost:39461/', 'http://localhost:39897/', 'http://localhost:39597/', 'http://localhost:43587/']: sec=0.00, result=[1, '', 0]
[rosmaster.master][INFO] 2026-08-30 02:34:28,317: +PUB [/rosout] /trajectory_planner http://localhost:35663/
[rosmaster.master][INFO] 2026-08-30 02:34:28,318: publisherUpdate[/rosout] -> http://localhost:36221/ ['http://localhost:41467/', 'http://localhost:33255/', 'http://localhost:46341/', 'http://localhost:42531/', 'http://localhost:43293/', 'http://localhost:35865/', 'http://localhost:41591/', 'http://localhost:39461/', 'http://localhost:39897/', 'http://localhost:39597/', 'http://localhost:43587/', 'http://localhost:35663/']
[rosmaster.master][INFO] 2026-08-30 02:34:28,319: publisherUpdate[/rosout] -> http://localhost:36221/ ['http://localhost:41467/', 'http://localhost:33255/', 'http://localhost:46341/', 'http://localhost:42531/', 'http://localhost:43293/', 'http://localhost:35865/', 'http://localhost:41591/', 'http://localhost:39461/', 'http://localhost:39897/', 'http://localhost:39597/', 'http://localhost:43587/', 'http://localhost:35663/']: sec=0.00, result=[1, '', 0]
[rosmaster.master][INFO] 2026-08-30 02:34:28,323: +SERVICE [/trajectory_planner/get_loggers] /trajectory_planner http://localhost:35663/
[rosmaster.master][INFO] 2026-08-30 02:34:28,324: +SERVICE [/trajectory_planner/set_logger_level] /trajectory_planner http://localhost:35663/
[rosmaster.master][INFO] 2026-08-30 02:34:28,329: +SUB [/mavros/local_position/odom] /trajectory_planner http://localhost:35663/
[rosmaster.master][INFO] 2026-08-30 02:34:28,333: -SUB [/mavros/local_position/odom] /trajectory_planner http://localhost:35663/
[rosmaster.master][INFO] 2026-08-30 02:34:28,333: -PUB [/rosout] /trajectory_planner http://localhost:35663/
[rosmaster.master][INFO] 2026-08-30 02:34:28,333: -SERVICE [/trajectory_planner/get_loggers] /trajectory_planner rosrpc://localhost:41159
[rosmaster.master][INFO] 2026-08-30 02:34:28,333: -SERVICE [/trajectory_planner/set_logger_level] /trajectory_planner rosrpc://localhost:41159
[rosmaster.master][INFO] 2026-08-30 02:34:28,368: publisherUpdate[/rosout] -> http://localhost:36221/ ['http://localhost:41467/', 'http://localhost:33255/', 'http://localhost:46341/', 'http://localhost:42531/', 'http://localhost:43293/', 'http://localhost:35865/', 'http://localhost:41591/', 'http://localhost:39461/', 'http://localhost:39897/', 'http://localhost:39597/', 'http://localhost:43587/']
[rosmaster.master][INFO] 2026-08-30 02:34:28,369: publisherUpdate[/rosout] -> http://localhost:36221/ ['http://localhost:41467/', 'http://localhost:33255/', 'http://localhost:46341/', 'http://localhost:42531/', 'http://localhost:43293/', 'http://localhost:35865/', 'http://localhost:41591/', 'http://localhost:39461/', 'http://localhost:39897/', 'http://localhost:39597/', 'http://localhost:43587/']: sec=0.00, result=[1, '', 0]
[rosmaster.master][INFO] 2026-08-30 02:34:40,247: +PUB [/rosout] /trajectory_planner http://localhost:38311/
[rosmaster.master][INFO] 2026-08-30 02:34:40,253: +SERVICE [/trajectory_planner/get_loggers] /trajectory_planner http://localhost:38311/
[rosmaster.master][INFO] 2026-08-30 02:34:40,254: +SERVICE [/trajectory_planner/set_logger_level] /trajectory_planner http://localhost:38311/
[rosmaster.master][INFO] 2026-08-30 02:34:40,259: +SUB [/mavros/local_position/odom] /trajectory_planner http://localhost:38311/
[rosmaster.master][INFO] 2026-08-30 02:34:40,263: -SUB [/mavros/local_position/odom] /trajectory_planner http://localhost:38311/
[rosmaster.master][INFO] 2026-08-30 02:34:40,263: -PUB [/rosout] /trajectory_planner http://localhost:38311/
[rosmaster.master][INFO] 2026-08-30 02:34:40,263: -SERVICE [/trajectory_planner/get_loggers] /trajectory_planner rosrpc://localhost:35427
[rosmaster.master][INFO] 2026-08-30 02:34:40,263: -SERVICE [/trajectory_planner/set_logger_level] /trajectory_planner rosrpc://localhost:35427
[rosmaster.master][INFO] 2026-08-30 02:34:40,275: publisherUpdate[/rosout] -> http://localhost:36221/ ['http://localhost:41467/', 'http://localhost:33255/', 'http://localhost:46341/', 'http://localhost:42531/', 'http://localhost:43293/', 'http://localhost:35865/', 'http://localhost:41591/', 'http://localhost:39461/', 'http://localhost:39897/', 'http://localhost:39597/', 'http://localhost:43587/', 'http://localhost:38311/']
[rosmaster.master][INFO] 2026-08-30 02:34:40,276: publisherUpdate[/rosout] -> http://localhost:36221/ ['http://localhost:41467/', 'http://localhost:33255/', 'http://localhost:46341/', 'http://localhost:42531/', 'http://localhost:43293/', 'http://localhost:35865/', 'http://localhost:41591/', 'http://localhost:39461/', 'http://localhost:39897/', 'http://localhost:39597/', 'http://localhost:43587/', 'http://localhost:38311/']: sec=0.00, result=[1, '', 0]
[rosmaster.master][INFO] 2026-08-30 02:34:40,276: publisherUpdate[/rosout] -> http://localhost:36221/ ['http://localhost:41467/', 'http://localhost:33255/', 'http://localhost:46341/', 'http://localhost:42531/', 'http://localhost:43293/', 'http://localhost:35865/', 'http://localhost:41591/', 'http://localhost:39461/', 'http://localhost:39897/', 'http://localhost:39597/', 'http://localhost:43587/']
[rosmaster.master][INFO] 2026-08-30 02:34:40,277: publisherUpdate[/rosout] -> http://localhost:36221/ ['http://localhost:41467/', 'http://localhost:33255/', 'http://localhost:46341/', 'http://localhost:42531/', 'http://localhost:43293/', 'http://localhost:35865/', 'http://localhost:41591/', 'http://localhost:39461/', 'http://localhost:39897/', 'http://localhost:39597/', 'http://localhost:43587/']: sec=0.00, result=[1, '', 0]
[rosmaster.master][INFO] 2026-08-30 02:34:57,805: +PUB [/rosout] /trajectory_planner http://localhost:45759/
[rosmaster.master][INFO] 2026-08-30 02:34:57,811: +SERVICE [/trajectory_planner/get_loggers] /trajectory_planner http://localhost:45759/
[rosmaster.master][INFO] 2026-08-30 02:34:57,811: +SERVICE [/trajectory_planner/set_logger_level] /trajectory_planner http://localhost:45759/
[rosmaster.master][INFO] 2026-08-30 02:34:57,817: +SUB [/mavros/local_position/odom] /trajectory_planner http://localhost:45759/
[rosmaster.master][INFO] 2026-08-30 02:34:57,821: -SUB [/mavros/local_position/odom] /trajectory_planner http://localhost:45759/
[rosmaster.master][INFO] 2026-08-30 02:34:57,821: -PUB [/rosout] /trajectory_planner http://localhost:45759/
[rosmaster.master][INFO] 2026-08-30 02:34:57,821: -SERVICE [/trajectory_planner/get_loggers] /trajectory_planner rosrpc://localhost:46379
[rosmaster.master][INFO] 2026-08-30 02:34:57,821: -SERVICE [/trajectory_planner/set_logger_level] /trajectory_planner rosrpc://localhost:46379
[rosmaster.master][INFO] 2026-08-30 02:34:57,855: publisherUpdate[/rosout] -> http://localhost:36221/ ['http://localhost:41467/', 'http://localhost:33255/', 'http://localhost:46341/', 'http://localhost:42531/', 'http://localhost:43293/', 'http://localhost:35865/', 'http://localhost:41591/', 'http://localhost:39461/', 'http://localhost:39897/', 'http://localhost:39597/', 'http://localhost:43587/', 'http://localhost:45759/']
[rosmaster.master][INFO] 2026-08-30 02:34:57,858: publisherUpdate[/rosout] -> http://localhost:36221/ ['http://localhost:41467/', 'http://localhost:33255/', 'http://localhost:46341/', 'http://localhost:42531/', 'http://localhost:43293/', 'http://localhost:35865/', 'http://localhost:41591/', 'http://localhost:39461/', 'http://localhost:39897/', 'http://localhost:39597/', 'http://localhost:43587/', 'http://localhost:45759/']: sec=0.00, result=[1, '', 0]
[rosmaster.master][INFO] 2026-08-30 02:34:57,859: publisherUpdate[/rosout] -> http://localhost:36221/ ['http://localhost:41467/', 'http://localhost:33255/', 'http://localhost:46341/', 'http://localhost:42531/', 'http://localhost:43293/', 'http://localhost:35865/', 'http://localhost:41591/', 'http://localhost:39461/', 'http://localhost:39897/', 'http://localhost:39597/', 'http://localhost:43587/']
[rosmaster.master][INFO] 2026-08-30 02:34:57,859: publisherUpdate[/rosout] -> http://localhost:36221/ ['http://localhost:41467/', 'http://localhost:33255/', 'http://localhost:46341/', 'http://localhost:42531/', 'http://localhost:43293/', 'http://localhost:35865/', 'http://localhost:41591/', 'http://localhost:39461/', 'http://localhost:39897/', 'http://localhost:39597/', 'http://localhost:43587/']: sec=0.00, result=[1, '', 0]
[rosmaster.master][INFO] 2026-08-30 02:35:28,348: +PUB [/rosout] /trajectory_planner http://localhost:45635/
[rosmaster.master][INFO] 2026-08-30 02:35:28,353: publisherUpdate[/rosout] -> http://localhost:36221/ ['http://localhost:41467/', 'http://localhost:33255/', 'http://localhost:46341/', 'http://localhost:42531/', 'http://localhost:43293/', 'http://localhost:35865/', 'http://localhost:41591/', 'http://localhost:39461/', 'http://localhost:39897/', 'http://localhost:39597/', 'http://localhost:43587/', 'http://localhost:45635/']
[rosmaster.master][INFO] 2026-08-30 02:35:28,354: publisherUpdate[/rosout] -> http://localhost:36221/ ['http://localhost:41467/', 'http://localhost:33255/', 'http://localhost:46341/', 'http://localhost:42531/', 'http://localhost:43293/', 'http://localhost:35865/', 'http://localhost:41591/', 'http://localhost:39461/', 'http://localhost:39897/', 'http://localhost:39597/', 'http://localhost:43587/', 'http://localhost:45635/']: sec=0.00, result=[1, '', 0]
[rosmaster.master][INFO] 2026-08-30 02:35:28,354: +SERVICE [/trajectory_planner/get_loggers] /trajectory_planner http://localhost:45635/
[rosmaster.master][INFO] 2026-08-30 02:35:28,355: +SERVICE [/trajectory_planner/set_logger_level] /trajectory_planner http://localhost:45635/
[rosmaster.master][INFO] 2026-08-30 02:35:28,360: +SUB [/mavros/local_position/odom] /trajectory_planner http://localhost:45635/
[rosmaster.master][INFO] 2026-08-30 02:35:28,364: -SUB [/mavros/local_position/odom] /trajectory_planner http://localhost:45635/
[rosmaster.master][INFO] 2026-08-30 02:35:28,364: -PUB [/rosout] /trajectory_planner http://localhost:45635/
[rosmaster.master][INFO] 2026-08-30 02:35:28,364: -SERVICE [/trajectory_planner/get_loggers] /trajectory_planner rosrpc://localhost:38143
[rosmaster.master][INFO] 2026-08-30 02:35:28,364: -SERVICE [/trajectory_planner/set_logger_level] /trajectory_planner rosrpc://localhost:38143
[rosmaster.master][INFO] 2026-08-30 02:35:28,426: publisherUpdate[/rosout] -> http://localhost:36221/ ['http://localhost:41467/', 'http://localhost:33255/', 'http://localhost:46341/', 'http://localhost:42531/', 'http://localhost:43293/', 'http://localhost:35865/', 'http://localhost:41591/', 'http://localhost:39461/', 'http://localhost:39897/', 'http://localhost:39597/', 'http://localhost:43587/']
[rosmaster.master][INFO] 2026-08-30 02:35:28,427: publisherUpdate[/rosout] -> http://localhost:36221/ ['http://localhost:41467/', 'http://localhost:33255/', 'http://localhost:46341/', 'http://localhost:42531/', 'http://localhost:43293/', 'http://localhost:35865/', 'http://localhost:41591/', 'http://localhost:39461/', 'http://localhost:39897/', 'http://localhost:39597/', 'http://localhost:43587/']: sec=0.00, result=[1, '', 0]
[rosmaster.master][INFO] 2026-08-30 02:36:24,271: +PUB [/rosout] /trajectory_planner http://localhost:34417/
[rosmaster.master][INFO] 2026-08-30 02:36:24,277: +SERVICE [/trajectory_planner/get_loggers] /trajectory_planner http://localhost:34417/
[rosmaster.master][INFO] 2026-08-30 02:36:24,278: +SERVICE [/trajectory_planner/set_logger_level] /trajectory_planner http://localhost:34417/
[rosmaster.master][INFO] 2026-08-30 02:36:24,283: +SUB [/mavros/local_position/odom] /trajectory_planner http://localhost:34417/
[rosmaster.master][INFO] 2026-08-30 02:36:24,284: publisherUpdate[/rosout] -> http://localhost:36221/ ['http://localhost:41467/', 'http://localhost:33255/', 'http://localhost:46341/', 'http://localhost:42531/', 'http://localhost:43293/', 'http://localhost:35865/', 'http://localhost:41591/', 'http://localhost:39461/', 'http://localhost:39897/', 'http://localhost:39597/', 'http://localhost:43587/', 'http://localhost:34417/']
[rosmaster.master][INFO] 2026-08-30 02:36:24,286: publisherUpdate[/rosout] -> http://localhost:36221/ ['http://localhost:41467/', 'http://localhost:33255/', 'http://localhost:46341/', 'http://localhost:42531/', 'http://localhost:43293/', 'http://localhost:35865/', 'http://localhost:41591/', 'http://localhost:39461/', 'http://localhost:39897/', 'http://localhost:39597/', 'http://localhost:43587/', 'http://localhost:34417/']: sec=0.00, result=[1, '', 0]
[rosmaster.master][INFO] 2026-08-30 02:36:24,287: -SUB [/mavros/local_position/odom] /trajectory_planner http://localhost:34417/
[rosmaster.master][INFO] 2026-08-30 02:36:24,287: -PUB [/rosout] /trajectory_planner http://localhost:34417/
[rosmaster.master][INFO] 2026-08-30 02:36:24,287: -SERVICE [/trajectory_planner/get_loggers] /trajectory_planner rosrpc://localhost:35471
[rosmaster.master][INFO] 2026-08-30 02:36:24,287: -SERVICE [/trajectory_planner/set_logger_level] /trajectory_planner rosrpc://localhost:35471
[rosmaster.master][INFO] 2026-08-30 02:36:24,314: publisherUpdate[/rosout] -> http://localhost:36221/ ['http://localhost:41467/', 'http://localhost:33255/', 'http://localhost:46341/', 'http://localhost:42531/', 'http://localhost:43293/', 'http://localhost:35865/', 'http://localhost:41591/', 'http://localhost:39461/', 'http://localhost:39897/', 'http://localhost:39597/', 'http://localhost:43587/']
[rosmaster.master][INFO] 2026-08-30 02:36:24,315: publisherUpdate[/rosout] -> http://localhost:36221/ ['http://localhost:41467/', 'http://localhost:33255/', 'http://localhost:46341/', 'http://localhost:42531/', 'http://localhost:43293/', 'http://localhost:35865/', 'http://localhost:41591/', 'http://localhost:39461/', 'http://localhost:39897/', 'http://localhost:39597/', 'http://localhost:43587/']: sec=0.00, result=[1, '', 0]
[rosmaster.master][INFO] 2026-08-30 02:37:29,466: +PUB [/rosout] /trajectory_planner http://localhost:34625/
[rosmaster.master][INFO] 2026-08-30 02:37:29,472: +SERVICE [/trajectory_planner/get_loggers] /trajectory_planner http://localhost:34625/
[rosmaster.master][INFO] 2026-08-30 02:37:29,473: +SERVICE [/trajectory_planner/set_logger_level] /trajectory_planner http://localhost:34625/
[rosmaster.master][INFO] 2026-08-30 02:37:29,478: +SUB [/mavros/local_position/odom] /trajectory_planner http://localhost:34625/
[rosmaster.master][INFO] 2026-08-30 02:37:29,482: -SUB [/mavros/local_position/odom] /trajectory_planner http://localhost:34625/
[rosmaster.master][INFO] 2026-08-30 02:37:29,483: -PUB [/rosout] /trajectory_planner http://localhost:34625/
[rosmaster.master][INFO] 2026-08-30 02:37:29,483: -SERVICE [/trajectory_planner/get_loggers] /trajectory_planner rosrpc://localhost:36003
[rosmaster.master][INFO] 2026-08-30 02:37:29,483: -SERVICE [/trajectory_planner/set_logger_level] /trajectory_planner rosrpc://localhost:36003
[rosmaster.master][INFO] 2026-08-30 02:37:29,530: publisherUpdate[/rosout] -> http://localhost:36221/ ['http://localhost:41467/', 'http://localhost:33255/', 'http://localhost:46341/', 'http://localhost:42531/', 'http://localhost:43293/', 'http://localhost:35865/', 'http://localhost:41591/', 'http://localhost:39461/', 'http://localhost:39897/', 'http://localhost:39597/', 'http://localhost:43587/', 'http://localhost:34625/']
[rosmaster.master][INFO] 2026-08-30 02:37:29,533: publisherUpdate[/rosout] -> http://localhost:36221/ ['http://localhost:41467/', 'http://localhost:33255/', 'http://localhost:46341/', 'http://localhost:42531/', 'http://localhost:43293/', 'http://localhost:35865/', 'http://localhost:41591/', 'http://localhost:39461/', 'http://localhost:39897/', 'http://localhost:39597/', 'http://localhost:43587/', 'http://localhost:34625/']: sec=0.00, result=[1, '', 0]
[rosmaster.master][INFO] 2026-08-30 02:37:29,533: publisherUpdate[/rosout] -> http://localhost:36221/ ['http://localhost:41467/', 'http://localhost:33255/', 'http://localhost:46341/', 'http://localhost:42531/', 'http://localhost:43293/', 'http://localhost:35865/', 'http://localhost:41591/', 'http://localhost:39461/', 'http://localhost:39897/', 'http://localhost:39597/', 'http://localhost:43587/']
[rosmaster.master][INFO] 2026-08-30 02:37:29,535: publisherUpdate[/rosout] -> http://localhost:36221/ ['http://localhost:41467/', 'http://localhost:33255/', 'http://localhost:46341/', 'http://localhost:42531/', 'http://localhost:43293/', 'http://localhost:35865/', 'http://localhost:41591/', 'http://localhost:39461/', 'http://localhost:39897/', 'http://localhost:39597/', 'http://localhost:43587/']: sec=0.00, result=[1, '', 0]
[rosmaster.master][INFO] 2026-08-30 02:38:34,346: +PUB [/rosout] /trajectory_planner http://localhost:36997/
[rosmaster.master][INFO] 2026-08-30 02:38:34,352: +SERVICE [/trajectory_planner/get_loggers] /trajectory_planner http://localhost:36997/
[rosmaster.master][INFO] 2026-08-30 02:38:34,353: +SERVICE [/trajectory_planner/set_logger_level] /trajectory_planner http://localhost:36997/
[rosmaster.master][INFO] 2026-08-30 02:38:34,358: +SUB [/mavros/local_position/odom] /trajectory_planner http://localhost:36997/
[rosmaster.master][INFO] 2026-08-30 02:38:34,361: -SUB [/mavros/local_position/odom] /trajectory_planner http://localhost:36997/
[rosmaster.master][INFO] 2026-08-30 02:38:34,362: -PUB [/rosout] /trajectory_planner http://localhost:36997/
[rosmaster.master][INFO] 2026-08-30 02:38:34,362: -SERVICE [/trajectory_planner/get_loggers] /trajectory_planner rosrpc://localhost:32785
[rosmaster.master][INFO] 2026-08-30 02:38:34,362: -SERVICE [/trajectory_planner/set_logger_level] /trajectory_planner rosrpc://localhost:32785
[rosmaster.master][INFO] 2026-08-30 02:38:34,394: publisherUpdate[/rosout] -> http://localhost:36221/ ['http://localhost:41467/', 'http://localhost:33255/', 'http://localhost:46341/', 'http://localhost:42531/', 'http://localhost:43293/', 'http://localhost:35865/', 'http://localhost:41591/', 'http://localhost:39461/', 'http://localhost:39897/', 'http://localhost:39597/', 'http://localhost:43587/', 'http://localhost:36997/']
[rosmaster.master][INFO] 2026-08-30 02:38:34,399: publisherUpdate[/rosout] -> http://localhost:36221/ ['http://localhost:41467/', 'http://localhost:33255/', 'http://localhost:46341/', 'http://localhost:42531/', 'http://localhost:43293/', 'http://localhost:35865/', 'http://localhost:41591/', 'http://localhost:39461/', 'http://localhost:39897/', 'http://localhost:39597/', 'http://localhost:43587/', 'http://localhost:36997/']: sec=0.00, result=[1, '', 0]
[rosmaster.master][INFO] 2026-08-30 02:38:34,399: publisherUpdate[/rosout] -> http://localhost:36221/ ['http://localhost:41467/', 'http://localhost:33255/', 'http://localhost:46341/', 'http://localhost:42531/', 'http://localhost:43293/', 'http://localhost:35865/', 'http://localhost:41591/', 'http://localhost:39461/', 'http://localhost:39897/', 'http://localhost:39597/', 'http://localhost:43587/']
[rosmaster.master][INFO] 2026-08-30 02:38:34,399: publisherUpdate[/rosout] -> http://localhost:36221/ ['http://localhost:41467/', 'http://localhost:33255/', 'http://localhost:46341/', 'http://localhost:42531/', 'http://localhost:43293/', 'http://localhost:35865/', 'http://localhost:41591/', 'http://localhost:39461/', 'http://localhost:39897/', 'http://localhost:39597/', 'http://localhost:43587/']: sec=0.00, result=[1, '', 0]
[rosmaster.master][INFO] 2026-08-30 02:39:39,233: +PUB [/rosout] /trajectory_planner http://localhost:40645/
[rosmaster.master][INFO] 2026-08-30 02:39:39,239: +SERVICE [/trajectory_planner/get_loggers] /trajectory_planner http://localhost:40645/
[rosmaster.master][INFO] 2026-08-30 02:39:39,240: +SERVICE [/trajectory_planner/set_logger_level] /trajectory_planner http://localhost:40645/
[rosmaster.master][INFO] 2026-08-30 02:39:39,245: publisherUpdate[/rosout] -> http://localhost:36221/ ['http://localhost:41467/', 'http://localhost:33255/', 'http://localhost:46341/', 'http://localhost:42531/', 'http://localhost:43293/', 'http://localhost:35865/', 'http://localhost:41591/', 'http://localhost:39461/', 'http://localhost:39897/', 'http://localhost:39597/', 'http://localhost:43587/', 'http://localhost:40645/']
[rosmaster.master][INFO] 2026-08-30 02:39:39,247: publisherUpdate[/rosout] -> http://localhost:36221/ ['http://localhost:41467/', 'http://localhost:33255/', 'http://localhost:46341/', 'http://localhost:42531/', 'http://localhost:43293/', 'http://localhost:35865/', 'http://localhost:41591/', 'http://localhost:39461/', 'http://localhost:39897/', 'http://localhost:39597/', 'http://localhost:43587/', 'http://localhost:40645/']: sec=0.00, result=[1, '', 0]
[rosmaster.master][INFO] 2026-08-30 02:39:39,247: +SUB [/mavros/local_position/odom] /trajectory_planner http://localhost:40645/
[rosmaster.master][INFO] 2026-08-30 02:39:39,252: -SUB [/mavros/local_position/odom] /trajectory_planner http://localhost:40645/
[rosmaster.master][INFO] 2026-08-30 02:39:39,252: -PUB [/rosout] /trajectory_planner http://localhost:40645/
[rosmaster.master][INFO] 2026-08-30 02:39:39,252: -SERVICE [/trajectory_planner/get_loggers] /trajectory_planner rosrpc://localhost:39181
[rosmaster.master][INFO] 2026-08-30 02:39:39,253: -SERVICE [/trajectory_planner/set_logger_level] /trajectory_planner rosrpc://localhost:39181
[rosmaster.master][INFO] 2026-08-30 02:39:39,283: publisherUpdate[/rosout] -> http://localhost:36221/ ['http://localhost:41467/', 'http://localhost:33255/', 'http://localhost:46341/', 'http://localhost:42531/', 'http://localhost:43293/', 'http://localhost:35865/', 'http://localhost:41591/', 'http://localhost:39461/', 'http://localhost:39897/', 'http://localhost:39597/', 'http://localhost:43587/']
[rosmaster.master][INFO] 2026-08-30 02:39:39,284: publisherUpdate[/rosout] -> http://localhost:36221/ ['http://localhost:41467/', 'http://localhost:33255/', 'http://localhost:46341/', 'http://localhost:42531/', 'http://localhost:43293/', 'http://localhost:35865/', 'http://localhost:41591/', 'http://localhost:39461/', 'http://localhost:39897/', 'http://localhost:39597/', 'http://localhost:43587/']: sec=0.00, result=[1, '', 0]
[rosmaster.master][INFO] 2026-08-30 02:40:44,021: +PUB [/rosout] /trajectory_planner http://localhost:39967/
[rosmaster.master][INFO] 2026-08-30 02:40:44,027: +SERVICE [/trajectory_planner/get_loggers] /trajectory_planner http://localhost:39967/
[rosmaster.master][INFO] 2026-08-30 02:40:44,028: +SERVICE [/trajectory_planner/set_logger_level] /trajectory_planner http://localhost:39967/
[rosmaster.master][INFO] 2026-08-30 02:40:44,032: +SUB [/mavros/local_position/odom] /trajectory_planner http://localhost:39967/
[rosmaster.master][INFO] 2026-08-30 02:40:44,036: -SUB [/mavros/local_position/odom] /trajectory_planner http://localhost:39967/
[rosmaster.master][INFO] 2026-08-30 02:40:44,037: -PUB [/rosout] /trajectory_planner http://localhost:39967/
[rosmaster.master][INFO] 2026-08-30 02:40:44,037: -SERVICE [/trajectory_planner/get_loggers] /trajectory_planner rosrpc://localhost:35195
[rosmaster.master][INFO] 2026-08-30 02:40:44,037: -SERVICE [/trajectory_planner/set_logger_level] /trajectory_planner rosrpc://localhost:35195
[rosmaster.master][INFO] 2026-08-30 02:40:44,073: publisherUpdate[/rosout] -> http://localhost:36221/ ['http://localhost:41467/', 'http://localhost:33255/', 'http://localhost:46341/', 'http://localhost:42531/', 'http://localhost:43293/', 'http://localhost:35865/', 'http://localhost:41591/', 'http://localhost:39461/', 'http://localhost:39897/', 'http://localhost:39597/', 'http://localhost:43587/', 'http://localhost:39967/']
[rosmaster.master][INFO] 2026-08-30 02:40:44,078: publisherUpdate[/rosout] -> http://localhost:36221/ ['http://localhost:41467/', 'http://localhost:33255/', 'http://localhost:46341/', 'http://localhost:42531/', 'http://localhost:43293/', 'http://localhost:35865/', 'http://localhost:41591/', 'http://localhost:39461/', 'http://localhost:39897/', 'http://localhost:39597/', 'http://localhost:43587/', 'http://localhost:39967/']: sec=0.00, result=[1, '', 0]
[rosmaster.master][INFO] 2026-08-30 02:40:44,078: publisherUpdate[/rosout] -> http://localhost:36221/ ['http://localhost:41467/', 'http://localhost:33255/', 'http://localhost:46341/', 'http://localhost:42531/', 'http://localhost:43293/', 'http://localhost:35865/', 'http://localhost:41591/', 'http://localhost:39461/', 'http://localhost:39897/', 'http://localhost:39597/', 'http://localhost:43587/']
[rosmaster.master][INFO] 2026-08-30 02:40:44,079: publisherUpdate[/rosout] -> http://localhost:36221/ ['http://localhost:41467/', 'http://localhost:33255/', 'http://localhost:46341/', 'http://localhost:42531/', 'http://localhost:43293/', 'http://localhost:35865/', 'http://localhost:41591/', 'http://localhost:39461/', 'http://localhost:39897/', 'http://localhost:39597/', 'http://localhost:43587/']: sec=0.00, result=[1, '', 0]
[rosmaster.master][INFO] 2026-08-30 02:41:50,708: +PUB [/rosout] /trajectory_planner http://localhost:42179/
[rosmaster.master][INFO] 2026-08-30 02:41:50,714: +SERVICE [/trajectory_planner/get_loggers] /trajectory_planner http://localhost:42179/
[rosmaster.master][INFO] 2026-08-30 02:41:50,715: +SERVICE [/trajectory_planner/set_logger_level] /trajectory_planner http://localhost:42179/
[rosmaster.master][INFO] 2026-08-30 02:41:50,720: +SUB [/mavros/local_position/odom] /trajectory_planner http://localhost:42179/
[rosmaster.master][INFO] 2026-08-30 02:41:50,724: -SUB [/mavros/local_position/odom] /trajectory_planner http://localhost:42179/
[rosmaster.master][INFO] 2026-08-30 02:41:50,725: -PUB [/rosout] /trajectory_planner http://localhost:42179/
[rosmaster.master][INFO] 2026-08-30 02:41:50,725: -SERVICE [/trajectory_planner/get_loggers] /trajectory_planner rosrpc://localhost:43227
[rosmaster.master][INFO] 2026-08-30 02:41:50,725: -SERVICE [/trajectory_planner/set_logger_level] /trajectory_planner rosrpc://localhost:43227
[rosmaster.master][INFO] 2026-08-30 02:41:50,737: publisherUpdate[/rosout] -> http://localhost:36221/ ['http://localhost:41467/', 'http://localhost:33255/', 'http://localhost:46341/', 'http://localhost:42531/', 'http://localhost:43293/', 'http://localhost:35865/', 'http://localhost:41591/', 'http://localhost:39461/', 'http://localhost:39897/', 'http://localhost:39597/', 'http://localhost:43587/', 'http://localhost:42179/']
[rosmaster.master][INFO] 2026-08-30 02:41:50,738: publisherUpdate[/rosout] -> http://localhost:36221/ ['http://localhost:41467/', 'http://localhost:33255/', 'http://localhost:46341/', 'http://localhost:42531/', 'http://localhost:43293/', 'http://localhost:35865/', 'http://localhost:41591/', 'http://localhost:39461/', 'http://localhost:39897/', 'http://localhost:39597/', 'http://localhost:43587/', 'http://localhost:42179/']: sec=0.00, result=[1, '', 0]
[rosmaster.master][INFO] 2026-08-30 02:41:50,739: publisherUpdate[/rosout] -> http://localhost:36221/ ['http://localhost:41467/', 'http://localhost:33255/', 'http://localhost:46341/', 'http://localhost:42531/', 'http://localhost:43293/', 'http://localhost:35865/', 'http://localhost:41591/', 'http://localhost:39461/', 'http://localhost:39897/', 'http://localhost:39597/', 'http://localhost:43587/']
[rosmaster.master][INFO] 2026-08-30 02:41:50,739: publisherUpdate[/rosout] -> http://localhost:36221/ ['http://localhost:41467/', 'http://localhost:33255/', 'http://localhost:46341/', 'http://localhost:42531/', 'http://localhost:43293/', 'http://localhost:35865/', 'http://localhost:41591/', 'http://localhost:39461/', 'http://localhost:39897/', 'http://localhost:39597/', 'http://localhost:43587/']: sec=0.00, result=[1, '', 0]
[rosmaster.master][INFO] 2026-08-30 02:42:55,918: +PUB [/rosout] /trajectory_planner http://localhost:41415/
[rosmaster.master][INFO] 2026-08-30 02:42:55,924: +SERVICE [/trajectory_planner/get_loggers] /trajectory_planner http://localhost:41415/
[rosmaster.master][INFO] 2026-08-30 02:42:55,925: +SERVICE [/trajectory_planner/set_logger_level] /trajectory_planner http://localhost:41415/
[rosmaster.master][INFO] 2026-08-30 02:42:55,930: +SUB [/mavros/local_position/odom] /trajectory_planner http://localhost:41415/
[rosmaster.master][INFO] 2026-08-30 02:42:55,934: -SUB [/mavros/local_position/odom] /trajectory_planner http://localhost:41415/
[rosmaster.master][INFO] 2026-08-30 02:42:55,934: -PUB [/rosout] /trajectory_planner http://localhost:41415/
[rosmaster.master][INFO] 2026-08-30 02:42:55,934: -SERVICE [/trajectory_planner/get_loggers] /trajectory_planner rosrpc://localhost:36389
[rosmaster.master][INFO] 2026-08-30 02:42:55,934: publisherUpdate[/rosout] -> http://localhost:36221/ ['http://localhost:41467/', 'http://localhost:33255/', 'http://localhost:46341/', 'http://localhost:42531/', 'http://localhost:43293/', 'http://localhost:35865/', 'http://localhost:41591/', 'http://localhost:39461/', 'http://localhost:39897/', 'http://localhost:39597/', 'http://localhost:43587/', 'http://localhost:41415/']
[rosmaster.master][INFO] 2026-08-30 02:42:55,934: -SERVICE [/trajectory_planner/set_logger_level] /trajectory_planner rosrpc://localhost:36389
[rosmaster.master][INFO] 2026-08-30 02:42:55,936: publisherUpdate[/rosout] -> http://localhost:36221/ ['http://localhost:41467/', 'http://localhost:33255/', 'http://localhost:46341/', 'http://localhost:42531/', 'http://localhost:43293/', 'http://localhost:35865/', 'http://localhost:41591/', 'http://localhost:39461/', 'http://localhost:39897/', 'http://localhost:39597/', 'http://localhost:43587/', 'http://localhost:41415/']: sec=0.00, result=[1, '', 0]
[rosmaster.master][INFO] 2026-08-30 02:42:55,936: publisherUpdate[/rosout] -> http://localhost:36221/ ['http://localhost:41467/', 'http://localhost:33255/', 'http://localhost:46341/', 'http://localhost:42531/', 'http://localhost:43293/', 'http://localhost:35865/', 'http://localhost:41591/', 'http://localhost:39461/', 'http://localhost:39897/', 'http://localhost:39597/', 'http://localhost:43587/']
[rosmaster.master][INFO] 2026-08-30 02:42:55,936: publisherUpdate[/rosout] -> http://localhost:36221/ ['http://localhost:41467/', 'http://localhost:33255/', 'http://localhost:46341/', 'http://localhost:42531/', 'http://localhost:43293/', 'http://localhost:35865/', 'http://localhost:41591/', 'http://localhost:39461/', 'http://localhost:39897/', 'http://localhost:39597/', 'http://localhost:43587/']: sec=0.00, result=[1, '', 0]
[rosmaster.master][INFO] 2026-08-30 02:44:00,963: +PUB [/rosout] /trajectory_planner http://localhost:35815/
[rosmaster.master][INFO] 2026-08-30 02:44:00,968: +SERVICE [/trajectory_planner/get_loggers] /trajectory_planner http://localhost:35815/
[rosmaster.master][INFO] 2026-08-30 02:44:00,969: +SERVICE [/trajectory_planner/set_logger_level] /trajectory_planner http://localhost:35815/
[rosmaster.master][INFO] 2026-08-30 02:44:00,975: +SUB [/mavros/local_position/odom] /trajectory_planner http://localhost:35815/
[rosmaster.master][INFO] 2026-08-30 02:44:00,979: -SUB [/mavros/local_position/odom] /trajectory_planner http://localhost:35815/
[rosmaster.master][INFO] 2026-08-30 02:44:00,979: -PUB [/rosout] /trajectory_planner http://localhost:35815/
[rosmaster.master][INFO] 2026-08-30 02:44:00,979: -SERVICE [/trajectory_planner/get_loggers] /trajectory_planner rosrpc://localhost:36451
[rosmaster.master][INFO] 2026-08-30 02:44:00,979: -SERVICE [/trajectory_planner/set_logger_level] /trajectory_planner rosrpc://localhost:36451
[rosmaster.master][INFO] 2026-08-30 02:44:00,983: publisherUpdate[/rosout] -> http://localhost:36221/ ['http://localhost:41467/', 'http://localhost:33255/', 'http://localhost:46341/', 'http://localhost:42531/', 'http://localhost:43293/', 'http://localhost:35865/', 'http://localhost:41591/', 'http://localhost:39461/', 'http://localhost:39897/', 'http://localhost:39597/', 'http://localhost:43587/', 'http://localhost:35815/']
[rosmaster.master][INFO] 2026-08-30 02:44:00,987: publisherUpdate[/rosout] -> http://localhost:36221/ ['http://localhost:41467/', 'http://localhost:33255/', 'http://localhost:46341/', 'http://localhost:42531/', 'http://localhost:43293/', 'http://localhost:35865/', 'http://localhost:41591/', 'http://localhost:39461/', 'http://localhost:39897/', 'http://localhost:39597/', 'http://localhost:43587/', 'http://localhost:35815/']: sec=0.00, result=[1, '', 0]
[rosmaster.master][INFO] 2026-08-30 02:44:00,988: publisherUpdate[/rosout] -> http://localhost:36221/ ['http://localhost:41467/', 'http://localhost:33255/', 'http://localhost:46341/', 'http://localhost:42531/', 'http://localhost:43293/', 'http://localhost:35865/', 'http://localhost:41591/', 'http://localhost:39461/', 'http://localhost:39897/', 'http://localhost:39597/', 'http://localhost:43587/']
[rosmaster.master][INFO] 2026-08-30 02:44:00,988: publisherUpdate[/rosout] -> http://localhost:36221/ ['http://localhost:41467/', 'http://localhost:33255/', 'http://localhost:46341/', 'http://localhost:42531/', 'http://localhost:43293/', 'http://localhost:35865/', 'http://localhost:41591/', 'http://localhost:39461/', 'http://localhost:39897/', 'http://localhost:39597/', 'http://localhost:43587/']: sec=0.00, result=[1, '', 0]
[rosmaster.master][INFO] 2026-08-30 02:45:05,827: +PUB [/rosout] /trajectory_planner http://localhost:40535/
[rosmaster.master][INFO] 2026-08-30 02:45:05,827: publisherUpdate[/rosout] -> http://localhost:36221/ ['http://localhost:41467/', 'http://localhost:33255/', 'http://localhost:46341/', 'http://localhost:42531/', 'http://localhost:43293/', 'http://localhost:35865/', 'http://localhost:41591/', 'http://localhost:39461/', 'http://localhost:39897/', 'http://localhost:39597/', 'http://localhost:43587/', 'http://localhost:40535/']
[rosmaster.master][INFO] 2026-08-30 02:45:05,829: publisherUpdate[/rosout] -> http://localhost:36221/ ['http://localhost:41467/', 'http://localhost:33255/', 'http://localhost:46341/', 'http://localhost:42531/', 'http://localhost:43293/', 'http://localhost:35865/', 'http://localhost:41591/', 'http://localhost:39461/', 'http://localhost:39897/', 'http://localhost:39597/', 'http://localhost:43587/', 'http://localhost:40535/']: sec=0.00, result=[1, '', 0]
[rosmaster.master][INFO] 2026-08-30 02:45:05,833: +SERVICE [/trajectory_planner/get_loggers] /trajectory_planner http://localhost:40535/
[rosmaster.master][INFO] 2026-08-30 02:45:05,835: +SERVICE [/trajectory_planner/set_logger_level] /trajectory_planner http://localhost:40535/
[rosmaster.master][INFO] 2026-08-30 02:45:05,840: +SUB [/mavros/local_position/odom] /trajectory_planner http://localhost:40535/
[rosmaster.master][INFO] 2026-08-30 02:45:05,843: -SUB [/mavros/local_position/odom] /trajectory_planner http://localhost:40535/
[rosmaster.master][INFO] 2026-08-30 02:45:05,844: -PUB [/rosout] /trajectory_planner http://localhost:40535/
[rosmaster.master][INFO] 2026-08-30 02:45:05,844: -SERVICE [/trajectory_planner/get_loggers] /trajectory_planner rosrpc://localhost:39607
[rosmaster.master][INFO] 2026-08-30 02:45:05,844: -SERVICE [/trajectory_planner/set_logger_level] /trajectory_planner rosrpc://localhost:39607
[rosmaster.master][INFO] 2026-08-30 02:45:05,876: publisherUpdate[/rosout] -> http://localhost:36221/ ['http://localhost:41467/', 'http://localhost:33255/', 'http://localhost:46341/', 'http://localhost:42531/', 'http://localhost:43293/', 'http://localhost:35865/', 'http://localhost:41591/', 'http://localhost:39461/', 'http://localhost:39897/', 'http://localhost:39597/', 'http://localhost:43587/']
[rosmaster.master][INFO] 2026-08-30 02:45:05,877: publisherUpdate[/rosout] -> http://localhost:36221/ ['http://localhost:41467/', 'http://localhost:33255/', 'http://localhost:46341/', 'http://localhost:42531/', 'http://localhost:43293/', 'http://localhost:35865/', 'http://localhost:41591/', 'http://localhost:39461/', 'http://localhost:39897/', 'http://localhost:39597/', 'http://localhost:43587/']: sec=0.00, result=[1, '', 0]
[rosmaster.master][INFO] 2026-08-30 02:46:10,735: +PUB [/rosout] /trajectory_planner http://localhost:40475/
[rosmaster.master][INFO] 2026-08-30 02:46:10,735: publisherUpdate[/rosout] -> http://localhost:36221/ ['http://localhost:41467/', 'http://localhost:33255/', 'http://localhost:46341/', 'http://localhost:42531/', 'http://localhost:43293/', 'http://localhost:35865/', 'http://localhost:41591/', 'http://localhost:39461/', 'http://localhost:39897/', 'http://localhost:39597/', 'http://localhost:43587/', 'http://localhost:40475/']
[rosmaster.master][INFO] 2026-08-30 02:46:10,737: publisherUpdate[/rosout] -> http://localhost:36221/ ['http://localhost:41467/', 'http://localhost:33255/', 'http://localhost:46341/', 'http://localhost:42531/', 'http://localhost:43293/', 'http://localhost:35865/', 'http://localhost:41591/', 'http://localhost:39461/', 'http://localhost:39897/', 'http://localhost:39597/', 'http://localhost:43587/', 'http://localhost:40475/']: sec=0.00, result=[1, '', 0]
[rosmaster.master][INFO] 2026-08-30 02:46:10,742: +SERVICE [/trajectory_planner/get_loggers] /trajectory_planner http://localhost:40475/
[rosmaster.master][INFO] 2026-08-30 02:46:10,743: +SERVICE [/trajectory_planner/set_logger_level] /trajectory_planner http://localhost:40475/
[rosmaster.master][INFO] 2026-08-30 02:46:10,748: +SUB [/mavros/local_position/odom] /trajectory_planner http://localhost:40475/
[rosmaster.master][INFO] 2026-08-30 02:46:10,752: -SUB [/mavros/local_position/odom] /trajectory_planner http://localhost:40475/
[rosmaster.master][INFO] 2026-08-30 02:46:10,752: -PUB [/rosout] /trajectory_planner http://localhost:40475/
[rosmaster.master][INFO] 2026-08-30 02:46:10,752: -SERVICE [/trajectory_planner/get_loggers] /trajectory_planner rosrpc://localhost:35575
[rosmaster.master][INFO] 2026-08-30 02:46:10,752: -SERVICE [/trajectory_planner/set_logger_level] /trajectory_planner rosrpc://localhost:35575
[rosmaster.master][INFO] 2026-08-30 02:46:10,764: publisherUpdate[/rosout] -> http://localhost:36221/ ['http://localhost:41467/', 'http://localhost:33255/', 'http://localhost:46341/', 'http://localhost:42531/', 'http://localhost:43293/', 'http://localhost:35865/', 'http://localhost:41591/', 'http://localhost:39461/', 'http://localhost:39897/', 'http://localhost:39597/', 'http://localhost:43587/']
[rosmaster.master][INFO] 2026-08-30 02:46:10,765: publisherUpdate[/rosout] -> http://localhost:36221/ ['http://localhost:41467/', 'http://localhost:33255/', 'http://localhost:46341/', 'http://localhost:42531/', 'http://localhost:43293/', 'http://localhost:35865/', 'http://localhost:41591/', 'http://localhost:39461/', 'http://localhost:39897/', 'http://localhost:39597/', 'http://localhost:43587/']: sec=0.00, result=[1, '', 0]
[rosmaster.master][INFO] 2026-08-30 02:47:15,487: +PUB [/rosout] /trajectory_planner http://localhost:41625/
[rosmaster.master][INFO] 2026-08-30 02:47:15,492: +SERVICE [/trajectory_planner/get_loggers] /trajectory_planner http://localhost:41625/
[rosmaster.master][INFO] 2026-08-30 02:47:15,493: +SERVICE [/trajectory_planner/set_logger_level] /trajectory_planner http://localhost:41625/
[rosmaster.master][INFO] 2026-08-30 02:47:15,498: +SUB [/mavros/local_position/odom] /trajectory_planner http://localhost:41625/
[rosmaster.master][INFO] 2026-08-30 02:47:15,501: -SUB [/mavros/local_position/odom] /trajectory_planner http://localhost:41625/
[rosmaster.master][INFO] 2026-08-30 02:47:15,502: -PUB [/rosout] /trajectory_planner http://localhost:41625/
[rosmaster.master][INFO] 2026-08-30 02:47:15,502: -SERVICE [/trajectory_planner/get_loggers] /trajectory_planner rosrpc://localhost:44015
[rosmaster.master][INFO] 2026-08-30 02:47:15,502: -SERVICE [/trajectory_planner/set_logger_level] /trajectory_planner rosrpc://localhost:44015
[rosmaster.master][INFO] 2026-08-30 02:47:15,547: publisherUpdate[/rosout] -> http://localhost:36221/ ['http://localhost:41467/', 'http://localhost:33255/', 'http://localhost:46341/', 'http://localhost:42531/', 'http://localhost:43293/', 'http://localhost:35865/', 'http://localhost:41591/', 'http://localhost:39461/', 'http://localhost:39897/', 'http://localhost:39597/', 'http://localhost:43587/', 'http://localhost:41625/']
[rosmaster.master][INFO] 2026-08-30 02:47:15,548: publisherUpdate[/rosout] -> http://localhost:36221/ ['http://localhost:41467/', 'http://localhost:33255/', 'http://localhost:46341/', 'http://localhost:42531/', 'http://localhost:43293/', 'http://localhost:35865/', 'http://localhost:41591/', 'http://localhost:39461/', 'http://localhost:39897/', 'http://localhost:39597/', 'http://localhost:43587/', 'http://localhost:41625/']: sec=0.00, result=[1, '', 0]
[rosmaster.master][INFO] 2026-08-30 02:47:15,549: publisherUpdate[/rosout] -> http://localhost:36221/ ['http://localhost:41467/', 'http://localhost:33255/', 'http://localhost:46341/', 'http://localhost:42531/', 'http://localhost:43293/', 'http://localhost:35865/', 'http://localhost:41591/', 'http://localhost:39461/', 'http://localhost:39897/', 'http://localhost:39597/', 'http://localhost:43587/']
[rosmaster.master][INFO] 2026-08-30 02:47:15,549: publisherUpdate[/rosout] -> http://localhost:36221/ ['http://localhost:41467/', 'http://localhost:33255/', 'http://localhost:46341/', 'http://localhost:42531/', 'http://localhost:43293/', 'http://localhost:35865/', 'http://localhost:41591/', 'http://localhost:39461/', 'http://localhost:39897/', 'http://localhost:39597/', 'http://localhost:43587/']: sec=0.00, result=[1, '', 0]
[rosmaster.master][INFO] 2026-08-30 02:48:21,458: +PUB [/rosout] /trajectory_planner http://localhost:33565/
[rosmaster.master][INFO] 2026-08-30 02:48:21,465: +SERVICE [/trajectory_planner/get_loggers] /trajectory_planner http://localhost:33565/
[rosmaster.master][INFO] 2026-08-30 02:48:21,466: +SERVICE [/trajectory_planner/set_logger_level] /trajectory_planner http://localhost:33565/
[rosmaster.master][INFO] 2026-08-30 02:48:21,471: +SUB [/mavros/local_position/odom] /trajectory_planner http://localhost:33565/
[rosmaster.master][INFO] 2026-08-30 02:48:21,475: -SUB [/mavros/local_position/odom] /trajectory_planner http://localhost:33565/
[rosmaster.master][INFO] 2026-08-30 02:48:21,475: -PUB [/rosout] /trajectory_planner http://localhost:33565/
[rosmaster.master][INFO] 2026-08-30 02:48:21,475: -SERVICE [/trajectory_planner/get_loggers] /trajectory_planner rosrpc://localhost:43381
[rosmaster.master][INFO] 2026-08-30 02:48:21,475: -SERVICE [/trajectory_planner/set_logger_level] /trajectory_planner rosrpc://localhost:43381
[rosmaster.master][INFO] 2026-08-30 02:48:21,511: publisherUpdate[/rosout] -> http://localhost:36221/ ['http://localhost:41467/', 'http://localhost:33255/', 'http://localhost:46341/', 'http://localhost:42531/', 'http://localhost:43293/', 'http://localhost:35865/', 'http://localhost:41591/', 'http://localhost:39461/', 'http://localhost:39897/', 'http://localhost:39597/', 'http://localhost:43587/', 'http://localhost:33565/']
[rosmaster.master][INFO] 2026-08-30 02:48:21,513: publisherUpdate[/rosout] -> http://localhost:36221/ ['http://localhost:41467/', 'http://localhost:33255/', 'http://localhost:46341/', 'http://localhost:42531/', 'http://localhost:43293/', 'http://localhost:35865/', 'http://localhost:41591/', 'http://localhost:39461/', 'http://localhost:39897/', 'http://localhost:39597/', 'http://localhost:43587/', 'http://localhost:33565/']: sec=0.00, result=[1, '', 0]
[rosmaster.master][INFO] 2026-08-30 02:48:21,514: publisherUpdate[/rosout] -> http://localhost:36221/ ['http://localhost:41467/', 'http://localhost:33255/', 'http://localhost:46341/', 'http://localhost:42531/', 'http://localhost:43293/', 'http://localhost:35865/', 'http://localhost:41591/', 'http://localhost:39461/', 'http://localhost:39897/', 'http://localhost:39597/', 'http://localhost:43587/']
[rosmaster.master][INFO] 2026-08-30 02:48:21,514: publisherUpdate[/rosout] -> http://localhost:36221/ ['http://localhost:41467/', 'http://localhost:33255/', 'http://localhost:46341/', 'http://localhost:42531/', 'http://localhost:43293/', 'http://localhost:35865/', 'http://localhost:41591/', 'http://localhost:39461/', 'http://localhost:39897/', 'http://localhost:39597/', 'http://localhost:43587/']: sec=0.00, result=[1, '', 0]
[rosmaster.master][INFO] 2026-08-30 02:49:27,681: +PUB [/rosout] /trajectory_planner http://localhost:46111/
[rosmaster.master][INFO] 2026-08-30 02:49:27,685: publisherUpdate[/rosout] -> http://localhost:36221/ ['http://localhost:41467/', 'http://localhost:33255/', 'http://localhost:46341/', 'http://localhost:42531/', 'http://localhost:43293/', 'http://localhost:35865/', 'http://localhost:41591/', 'http://localhost:39461/', 'http://localhost:39897/', 'http://localhost:39597/', 'http://localhost:43587/', 'http://localhost:46111/']
[rosmaster.master][INFO] 2026-08-30 02:49:27,688: publisherUpdate[/rosout] -> http://localhost:36221/ ['http://localhost:41467/', 'http://localhost:33255/', 'http://localhost:46341/', 'http://localhost:42531/', 'http://localhost:43293/', 'http://localhost:35865/', 'http://localhost:41591/', 'http://localhost:39461/', 'http://localhost:39897/', 'http://localhost:39597/', 'http://localhost:43587/', 'http://localhost:46111/']: sec=0.00, result=[1, '', 0]
[rosmaster.master][INFO] 2026-08-30 02:49:27,691: +SERVICE [/trajectory_planner/get_loggers] /trajectory_planner http://localhost:46111/
[rosmaster.master][INFO] 2026-08-30 02:49:27,692: +SERVICE [/trajectory_planner/set_logger_level] /trajectory_planner http://localhost:46111/
[rosmaster.master][INFO] 2026-08-30 02:49:27,700: +SUB [/mavros/local_position/odom] /trajectory_planner http://localhost:46111/
[rosmaster.master][INFO] 2026-08-30 02:49:27,705: -SUB [/mavros/local_position/odom] /trajectory_planner http://localhost:46111/
[rosmaster.master][INFO] 2026-08-30 02:49:27,706: -PUB [/rosout] /trajectory_planner http://localhost:46111/
[rosmaster.master][INFO] 2026-08-30 02:49:27,706: -SERVICE [/trajectory_planner/get_loggers] /trajectory_planner rosrpc://localhost:41311
[rosmaster.master][INFO] 2026-08-30 02:49:27,706: -SERVICE [/trajectory_planner/set_logger_level] /trajectory_planner rosrpc://localhost:41311
[rosmaster.master][INFO] 2026-08-30 02:49:27,732: publisherUpdate[/rosout] -> http://localhost:36221/ ['http://localhost:41467/', 'http://localhost:33255/', 'http://localhost:46341/', 'http://localhost:42531/', 'http://localhost:43293/', 'http://localhost:35865/', 'http://localhost:41591/', 'http://localhost:39461/', 'http://localhost:39897/', 'http://localhost:39597/', 'http://localhost:43587/']
[rosmaster.master][INFO] 2026-08-30 02:49:27,733: publisherUpdate[/rosout] -> http://localhost:36221/ ['http://localhost:41467/', 'http://localhost:33255/', 'http://localhost:46341/', 'http://localhost:42531/', 'http://localhost:43293/', 'http://localhost:35865/', 'http://localhost:41591/', 'http://localhost:39461/', 'http://localhost:39897/', 'http://localhost:39597/', 'http://localhost:43587/']: sec=0.00, result=[1, '', 0]
[rosmaster.master][INFO] 2026-08-30 02:50:32,628: +PUB [/rosout] /trajectory_planner http://localhost:45265/
[rosmaster.master][INFO] 2026-08-30 02:50:32,633: +SERVICE [/trajectory_planner/get_loggers] /trajectory_planner http://localhost:45265/
[rosmaster.master][INFO] 2026-08-30 02:50:32,634: +SERVICE [/trajectory_planner/set_logger_level] /trajectory_planner http://localhost:45265/
[rosmaster.master][INFO] 2026-08-30 02:50:32,639: +SUB [/mavros/local_position/odom] /trajectory_planner http://localhost:45265/
[rosmaster.master][INFO] 2026-08-30 02:50:32,640: publisherUpdate[/rosout] -> http://localhost:36221/ ['http://localhost:41467/', 'http://localhost:33255/', 'http://localhost:46341/', 'http://localhost:42531/', 'http://localhost:43293/', 'http://localhost:35865/', 'http://localhost:41591/', 'http://localhost:39461/', 'http://localhost:39897/', 'http://localhost:39597/', 'http://localhost:43587/', 'http://localhost:45265/']
[rosmaster.master][INFO] 2026-08-30 02:50:32,641: publisherUpdate[/rosout] -> http://localhost:36221/ ['http://localhost:41467/', 'http://localhost:33255/', 'http://localhost:46341/', 'http://localhost:42531/', 'http://localhost:43293/', 'http://localhost:35865/', 'http://localhost:41591/', 'http://localhost:39461/', 'http://localhost:39897/', 'http://localhost:39597/', 'http://localhost:43587/', 'http://localhost:45265/']: sec=0.00, result=[1, '', 0]
[rosmaster.master][INFO] 2026-08-30 02:50:32,644: -SUB [/mavros/local_position/odom] /trajectory_planner http://localhost:45265/
[rosmaster.master][INFO] 2026-08-30 02:50:32,644: -PUB [/rosout] /trajectory_planner http://localhost:45265/
[rosmaster.master][INFO] 2026-08-30 02:50:32,644: -SERVICE [/trajectory_planner/get_loggers] /trajectory_planner rosrpc://localhost:42545
[rosmaster.master][INFO] 2026-08-30 02:50:32,645: -SERVICE [/trajectory_planner/set_logger_level] /trajectory_planner rosrpc://localhost:42545
[rosmaster.master][INFO] 2026-08-30 02:50:32,716: publisherUpdate[/rosout] -> http://localhost:36221/ ['http://localhost:41467/', 'http://localhost:33255/', 'http://localhost:46341/', 'http://localhost:42531/', 'http://localhost:43293/', 'http://localhost:35865/', 'http://localhost:41591/', 'http://localhost:39461/', 'http://localhost:39897/', 'http://localhost:39597/', 'http://localhost:43587/']
[rosmaster.master][INFO] 2026-08-30 02:50:32,717: publisherUpdate[/rosout] -> http://localhost:36221/ ['http://localhost:41467/', 'http://localhost:33255/', 'http://localhost:46341/', 'http://localhost:42531/', 'http://localhost:43293/', 'http://localhost:35865/', 'http://localhost:41591/', 'http://localhost:39461/', 'http://localhost:39897/', 'http://localhost:39597/', 'http://localhost:43587/']: sec=0.00, result=[1, '', 0]
[rosmaster.master][INFO] 2026-08-30 02:51:37,540: +PUB [/rosout] /trajectory_planner http://localhost:44331/
[rosmaster.master][INFO] 2026-08-30 02:51:37,545: +SERVICE [/trajectory_planner/get_loggers] /trajectory_planner http://localhost:44331/
[rosmaster.master][INFO] 2026-08-30 02:51:37,546: +SERVICE [/trajectory_planner/set_logger_level] /trajectory_planner http://localhost:44331/
[rosmaster.master][INFO] 2026-08-30 02:51:37,548: publisherUpdate[/rosout] -> http://localhost:36221/ ['http://localhost:41467/', 'http://localhost:33255/', 'http://localhost:46341/', 'http://localhost:42531/', 'http://localhost:43293/', 'http://localhost:35865/', 'http://localhost:41591/', 'http://localhost:39461/', 'http://localhost:39897/', 'http://localhost:39597/', 'http://localhost:43587/', 'http://localhost:44331/']
[rosmaster.master][INFO] 2026-08-30 02:51:37,549: publisherUpdate[/rosout] -> http://localhost:36221/ ['http://localhost:41467/', 'http://localhost:33255/', 'http://localhost:46341/', 'http://localhost:42531/', 'http://localhost:43293/', 'http://localhost:35865/', 'http://localhost:41591/', 'http://localhost:39461/', 'http://localhost:39897/', 'http://localhost:39597/', 'http://localhost:43587/', 'http://localhost:44331/']: sec=0.00, result=[1, '', 0]
[rosmaster.master][INFO] 2026-08-30 02:51:37,552: +SUB [/mavros/local_position/odom] /trajectory_planner http://localhost:44331/
[rosmaster.master][INFO] 2026-08-30 02:51:37,556: -SUB [/mavros/local_position/odom] /trajectory_planner http://localhost:44331/
[rosmaster.master][INFO] 2026-08-30 02:51:37,557: -PUB [/rosout] /trajectory_planner http://localhost:44331/
[rosmaster.master][INFO] 2026-08-30 02:51:37,557: -SERVICE [/trajectory_planner/get_loggers] /trajectory_planner rosrpc://localhost:35441
[rosmaster.master][INFO] 2026-08-30 02:51:37,557: -SERVICE [/trajectory_planner/set_logger_level] /trajectory_planner rosrpc://localhost:35441
[rosmaster.master][INFO] 2026-08-30 02:51:37,601: publisherUpdate[/rosout] -> http://localhost:36221/ ['http://localhost:41467/', 'http://localhost:33255/', 'http://localhost:46341/', 'http://localhost:42531/', 'http://localhost:43293/', 'http://localhost:35865/', 'http://localhost:41591/', 'http://localhost:39461/', 'http://localhost:39897/', 'http://localhost:39597/', 'http://localhost:43587/']
[rosmaster.master][INFO] 2026-08-30 02:51:37,602: publisherUpdate[/rosout] -> http://localhost:36221/ ['http://localhost:41467/', 'http://localhost:33255/', 'http://localhost:46341/', 'http://localhost:42531/', 'http://localhost:43293/', 'http://localhost:35865/', 'http://localhost:41591/', 'http://localhost:39461/', 'http://localhost:39897/', 'http://localhost:39597/', 'http://localhost:43587/']: sec=0.00, result=[1, '', 0]
[rosmaster.master][INFO] 2026-08-30 02:52:42,752: +PUB [/rosout] /trajectory_planner http://localhost:46025/
[rosmaster.master][INFO] 2026-08-30 02:52:42,758: +SERVICE [/trajectory_planner/get_loggers] /trajectory_planner http://localhost:46025/
[rosmaster.master][INFO] 2026-08-30 02:52:42,759: +SERVICE [/trajectory_planner/set_logger_level] /trajectory_planner http://localhost:46025/
[rosmaster.master][INFO] 2026-08-30 02:52:42,764: +SUB [/mavros/local_position/odom] /trajectory_planner http://localhost:46025/
[rosmaster.master][INFO] 2026-08-30 02:52:42,769: -SUB [/mavros/local_position/odom] /trajectory_planner http://localhost:46025/
[rosmaster.master][INFO] 2026-08-30 02:52:42,769: -PUB [/rosout] /trajectory_planner http://localhost:46025/
[rosmaster.master][INFO] 2026-08-30 02:52:42,769: -SERVICE [/trajectory_planner/get_loggers] /trajectory_planner rosrpc://localhost:34365
[rosmaster.master][INFO] 2026-08-30 02:52:42,769: -SERVICE [/trajectory_planner/set_logger_level] /trajectory_planner rosrpc://localhost:34365
[rosmaster.master][INFO] 2026-08-30 02:52:42,773: publisherUpdate[/rosout] -> http://localhost:36221/ ['http://localhost:41467/', 'http://localhost:33255/', 'http://localhost:46341/', 'http://localhost:42531/', 'http://localhost:43293/', 'http://localhost:35865/', 'http://localhost:41591/', 'http://localhost:39461/', 'http://localhost:39897/', 'http://localhost:39597/', 'http://localhost:43587/', 'http://localhost:46025/']
[rosmaster.master][INFO] 2026-08-30 02:52:42,774: publisherUpdate[/rosout] -> http://localhost:36221/ ['http://localhost:41467/', 'http://localhost:33255/', 'http://localhost:46341/', 'http://localhost:42531/', 'http://localhost:43293/', 'http://localhost:35865/', 'http://localhost:41591/', 'http://localhost:39461/', 'http://localhost:39897/', 'http://localhost:39597/', 'http://localhost:43587/', 'http://localhost:46025/']: sec=0.00, result=[1, '', 0]
[rosmaster.master][INFO] 2026-08-30 02:52:42,775: publisherUpdate[/rosout] -> http://localhost:36221/ ['http://localhost:41467/', 'http://localhost:33255/', 'http://localhost:46341/', 'http://localhost:42531/', 'http://localhost:43293/', 'http://localhost:35865/', 'http://localhost:41591/', 'http://localhost:39461/', 'http://localhost:39897/', 'http://localhost:39597/', 'http://localhost:43587/']
[rosmaster.master][INFO] 2026-08-30 02:52:42,775: publisherUpdate[/rosout] -> http://localhost:36221/ ['http://localhost:41467/', 'http://localhost:33255/', 'http://localhost:46341/', 'http://localhost:42531/', 'http://localhost:43293/', 'http://localhost:35865/', 'http://localhost:41591/', 'http://localhost:39461/', 'http://localhost:39897/', 'http://localhost:39597/', 'http://localhost:43587/']: sec=0.00, result=[1, '', 0]
[rosmaster.master][INFO] 2026-08-30 02:53:48,004: +PUB [/rosout] /trajectory_planner http://localhost:40117/
[rosmaster.master][INFO] 2026-08-30 02:53:48,010: +SERVICE [/trajectory_planner/get_loggers] /trajectory_planner http://localhost:40117/
[rosmaster.master][INFO] 2026-08-30 02:53:48,011: +SERVICE [/trajectory_planner/set_logger_level] /trajectory_planner http://localhost:40117/
[rosmaster.master][INFO] 2026-08-30 02:53:48,017: +SUB [/mavros/local_position/odom] /trajectory_planner http://localhost:40117/
[rosmaster.master][INFO] 2026-08-30 02:53:48,020: -SUB [/mavros/local_position/odom] /trajectory_planner http://localhost:40117/
[rosmaster.master][INFO] 2026-08-30 02:53:48,021: -PUB [/rosout] /trajectory_planner http://localhost:40117/
[rosmaster.master][INFO] 2026-08-30 02:53:48,021: -SERVICE [/trajectory_planner/get_loggers] /trajectory_planner rosrpc://localhost:36255
[rosmaster.master][INFO] 2026-08-30 02:53:48,021: -SERVICE [/trajectory_planner/set_logger_level] /trajectory_planner rosrpc://localhost:36255
[rosmaster.master][INFO] 2026-08-30 02:53:48,053: publisherUpdate[/rosout] -> http://localhost:36221/ ['http://localhost:41467/', 'http://localhost:33255/', 'http://localhost:46341/', 'http://localhost:42531/', 'http://localhost:43293/', 'http://localhost:35865/', 'http://localhost:41591/', 'http://localhost:39461/', 'http://localhost:39897/', 'http://localhost:39597/', 'http://localhost:43587/', 'http://localhost:40117/']
[rosmaster.master][INFO] 2026-08-30 02:53:48,058: publisherUpdate[/rosout] -> http://localhost:36221/ ['http://localhost:41467/', 'http://localhost:33255/', 'http://localhost:46341/', 'http://localhost:42531/', 'http://localhost:43293/', 'http://localhost:35865/', 'http://localhost:41591/', 'http://localhost:39461/', 'http://localhost:39897/', 'http://localhost:39597/', 'http://localhost:43587/', 'http://localhost:40117/']: sec=0.00, result=[1, '', 0]
[rosmaster.master][INFO] 2026-08-30 02:53:48,058: publisherUpdate[/rosout] -> http://localhost:36221/ ['http://localhost:41467/', 'http://localhost:33255/', 'http://localhost:46341/', 'http://localhost:42531/', 'http://localhost:43293/', 'http://localhost:35865/', 'http://localhost:41591/', 'http://localhost:39461/', 'http://localhost:39897/', 'http://localhost:39597/', 'http://localhost:43587/']
[rosmaster.master][INFO] 2026-08-30 02:53:48,058: publisherUpdate[/rosout] -> http://localhost:36221/ ['http://localhost:41467/', 'http://localhost:33255/', 'http://localhost:46341/', 'http://localhost:42531/', 'http://localhost:43293/', 'http://localhost:35865/', 'http://localhost:41591/', 'http://localhost:39461/', 'http://localhost:39897/', 'http://localhost:39597/', 'http://localhost:43587/']: sec=0.00, result=[1, '', 0]
[rosmaster.master][INFO] 2026-08-30 02:54:54,009: +PUB [/rosout] /trajectory_planner http://localhost:33917/
[rosmaster.master][INFO] 2026-08-30 02:54:54,012: publisherUpdate[/rosout] -> http://localhost:36221/ ['http://localhost:41467/', 'http://localhost:33255/', 'http://localhost:46341/', 'http://localhost:42531/', 'http://localhost:43293/', 'http://localhost:35865/', 'http://localhost:41591/', 'http://localhost:39461/', 'http://localhost:39897/', 'http://localhost:39597/', 'http://localhost:43587/', 'http://localhost:33917/']
[rosmaster.master][INFO] 2026-08-30 02:54:54,014: publisherUpdate[/rosout] -> http://localhost:36221/ ['http://localhost:41467/', 'http://localhost:33255/', 'http://localhost:46341/', 'http://localhost:42531/', 'http://localhost:43293/', 'http://localhost:35865/', 'http://localhost:41591/', 'http://localhost:39461/', 'http://localhost:39897/', 'http://localhost:39597/', 'http://localhost:43587/', 'http://localhost:33917/']: sec=0.00, result=[1, '', 0]
[rosmaster.master][INFO] 2026-08-30 02:54:54,017: +SERVICE [/trajectory_planner/get_loggers] /trajectory_planner http://localhost:33917/
[rosmaster.master][INFO] 2026-08-30 02:54:54,018: +SERVICE [/trajectory_planner/set_logger_level] /trajectory_planner http://localhost:33917/
[rosmaster.master][INFO] 2026-08-30 02:54:54,024: +SUB [/mavros/local_position/odom] /trajectory_planner http://localhost:33917/
[rosmaster.master][INFO] 2026-08-30 02:54:54,029: -SUB [/mavros/local_position/odom] /trajectory_planner http://localhost:33917/
[rosmaster.master][INFO] 2026-08-30 02:54:54,029: -PUB [/rosout] /trajectory_planner http://localhost:33917/
[rosmaster.master][INFO] 2026-08-30 02:54:54,030: -SERVICE [/trajectory_planner/get_loggers] /trajectory_planner rosrpc://localhost:42781
[rosmaster.master][INFO] 2026-08-30 02:54:54,030: -SERVICE [/trajectory_planner/set_logger_level] /trajectory_planner rosrpc://localhost:42781
[rosmaster.master][INFO] 2026-08-30 02:54:54,049: publisherUpdate[/rosout] -> http://localhost:36221/ ['http://localhost:41467/', 'http://localhost:33255/', 'http://localhost:46341/', 'http://localhost:42531/', 'http://localhost:43293/', 'http://localhost:35865/', 'http://localhost:41591/', 'http://localhost:39461/', 'http://localhost:39897/', 'http://localhost:39597/', 'http://localhost:43587/']
[rosmaster.master][INFO] 2026-08-30 02:54:54,049: publisherUpdate[/rosout] -> http://localhost:36221/ ['http://localhost:41467/', 'http://localhost:33255/', 'http://localhost:46341/', 'http://localhost:42531/', 'http://localhost:43293/', 'http://localhost:35865/', 'http://localhost:41591/', 'http://localhost:39461/', 'http://localhost:39897/', 'http://localhost:39597/', 'http://localhost:43587/']: sec=0.00, result=[1, '', 0]
[rosmaster.master][INFO] 2026-08-30 02:55:59,865: +PUB [/rosout] /trajectory_planner http://localhost:39143/
[rosmaster.master][INFO] 2026-08-30 02:55:59,872: +SERVICE [/trajectory_planner/get_loggers] /trajectory_planner http://localhost:39143/
[rosmaster.master][INFO] 2026-08-30 02:55:59,873: +SERVICE [/trajectory_planner/set_logger_level] /trajectory_planner http://localhost:39143/
[rosmaster.master][INFO] 2026-08-30 02:55:59,875: publisherUpdate[/rosout] -> http://localhost:36221/ ['http://localhost:41467/', 'http://localhost:33255/', 'http://localhost:46341/', 'http://localhost:42531/', 'http://localhost:43293/', 'http://localhost:35865/', 'http://localhost:41591/', 'http://localhost:39461/', 'http://localhost:39897/', 'http://localhost:39597/', 'http://localhost:43587/', 'http://localhost:39143/']
[rosmaster.master][INFO] 2026-08-30 02:55:59,879: publisherUpdate[/rosout] -> http://localhost:36221/ ['http://localhost:41467/', 'http://localhost:33255/', 'http://localhost:46341/', 'http://localhost:42531/', 'http://localhost:43293/', 'http://localhost:35865/', 'http://localhost:41591/', 'http://localhost:39461/', 'http://localhost:39897/', 'http://localhost:39597/', 'http://localhost:43587/', 'http://localhost:39143/']: sec=0.00, result=[1, '', 0]
[rosmaster.master][INFO] 2026-08-30 02:55:59,881: +SUB [/mavros/local_position/odom] /trajectory_planner http://localhost:39143/
[rosmaster.master][INFO] 2026-08-30 02:55:59,885: -SUB [/mavros/local_position/odom] /trajectory_planner http://localhost:39143/
[rosmaster.master][INFO] 2026-08-30 02:55:59,885: -PUB [/rosout] /trajectory_planner http://localhost:39143/
[rosmaster.master][INFO] 2026-08-30 02:55:59,886: -SERVICE [/trajectory_planner/get_loggers] /trajectory_planner rosrpc://localhost:44309
[rosmaster.master][INFO] 2026-08-30 02:55:59,886: -SERVICE [/trajectory_planner/set_logger_level] /trajectory_planner rosrpc://localhost:44309
[rosmaster.master][INFO] 2026-08-30 02:55:59,919: publisherUpdate[/rosout] -> http://localhost:36221/ ['http://localhost:41467/', 'http://localhost:33255/', 'http://localhost:46341/', 'http://localhost:42531/', 'http://localhost:43293/', 'http://localhost:35865/', 'http://localhost:41591/', 'http://localhost:39461/', 'http://localhost:39897/', 'http://localhost:39597/', 'http://localhost:43587/']
[rosmaster.master][INFO] 2026-08-30 02:55:59,920: publisherUpdate[/rosout] -> http://localhost:36221/ ['http://localhost:41467/', 'http://localhost:33255/', 'http://localhost:46341/', 'http://localhost:42531/', 'http://localhost:43293/', 'http://localhost:35865/', 'http://localhost:41591/', 'http://localhost:39461/', 'http://localhost:39897/', 'http://localhost:39597/', 'http://localhost:43587/']: sec=0.00, result=[1, '', 0]
[rosmaster.master][INFO] 2026-08-30 02:57:05,960: +PUB [/rosout] /trajectory_planner http://localhost:45617/
[rosmaster.master][INFO] 2026-08-30 02:57:05,967: +SERVICE [/trajectory_planner/get_loggers] /trajectory_planner http://localhost:45617/
[rosmaster.master][INFO] 2026-08-30 02:57:05,967: +SERVICE [/trajectory_planner/set_logger_level] /trajectory_planner http://localhost:45617/
[rosmaster.master][INFO] 2026-08-30 02:57:05,973: +SUB [/mavros/local_position/odom] /trajectory_planner http://localhost:45617/
[rosmaster.master][INFO] 2026-08-30 02:57:05,978: -SUB [/mavros/local_position/odom] /trajectory_planner http://localhost:45617/
[rosmaster.master][INFO] 2026-08-30 02:57:05,978: -PUB [/rosout] /trajectory_planner http://localhost:45617/
[rosmaster.master][INFO] 2026-08-30 02:57:05,978: -SERVICE [/trajectory_planner/get_loggers] /trajectory_planner rosrpc://localhost:33979
[rosmaster.master][INFO] 2026-08-30 02:57:05,979: -SERVICE [/trajectory_planner/set_logger_level] /trajectory_planner rosrpc://localhost:33979
[rosmaster.master][INFO] 2026-08-30 02:57:06,020: publisherUpdate[/rosout] -> http://localhost:36221/ ['http://localhost:41467/', 'http://localhost:33255/', 'http://localhost:46341/', 'http://localhost:42531/', 'http://localhost:43293/', 'http://localhost:35865/', 'http://localhost:41591/', 'http://localhost:39461/', 'http://localhost:39897/', 'http://localhost:39597/', 'http://localhost:43587/', 'http://localhost:45617/']
[rosmaster.master][INFO] 2026-08-30 02:57:06,021: publisherUpdate[/rosout] -> http://localhost:36221/ ['http://localhost:41467/', 'http://localhost:33255/', 'http://localhost:46341/', 'http://localhost:42531/', 'http://localhost:43293/', 'http://localhost:35865/', 'http://localhost:41591/', 'http://localhost:39461/', 'http://localhost:39897/', 'http://localhost:39597/', 'http://localhost:43587/', 'http://localhost:45617/']: sec=0.00, result=[1, '', 0]
[rosmaster.master][INFO] 2026-08-30 02:57:06,022: publisherUpdate[/rosout] -> http://localhost:36221/ ['http://localhost:41467/', 'http://localhost:33255/', 'http://localhost:46341/', 'http://localhost:42531/', 'http://localhost:43293/', 'http://localhost:35865/', 'http://localhost:41591/', 'http://localhost:39461/', 'http://localhost:39897/', 'http://localhost:39597/', 'http://localhost:43587/']
[rosmaster.master][INFO] 2026-08-30 02:57:06,022: publisherUpdate[/rosout] -> http://localhost:36221/ ['http://localhost:41467/', 'http://localhost:33255/', 'http://localhost:46341/', 'http://localhost:42531/', 'http://localhost:43293/', 'http://localhost:35865/', 'http://localhost:41591/', 'http://localhost:39461/', 'http://localhost:39897/', 'http://localhost:39597/', 'http://localhost:43587/']: sec=0.00, result=[1, '', 0]
[rosmaster.master][INFO] 2026-08-30 02:58:11,386: +PUB [/rosout] /trajectory_planner http://localhost:45655/
[rosmaster.master][INFO] 2026-08-30 02:58:11,386: publisherUpdate[/rosout] -> http://localhost:36221/ ['http://localhost:41467/', 'http://localhost:33255/', 'http://localhost:46341/', 'http://localhost:42531/', 'http://localhost:43293/', 'http://localhost:35865/', 'http://localhost:41591/', 'http://localhost:39461/', 'http://localhost:39897/', 'http://localhost:39597/', 'http://localhost:43587/', 'http://localhost:45655/']
[rosmaster.master][INFO] 2026-08-30 02:58:11,389: publisherUpdate[/rosout] -> http://localhost:36221/ ['http://localhost:41467/', 'http://localhost:33255/', 'http://localhost:46341/', 'http://localhost:42531/', 'http://localhost:43293/', 'http://localhost:35865/', 'http://localhost:41591/', 'http://localhost:39461/', 'http://localhost:39897/', 'http://localhost:39597/', 'http://localhost:43587/', 'http://localhost:45655/']: sec=0.00, result=[1, '', 0]
[rosmaster.master][INFO] 2026-08-30 02:58:11,396: +SERVICE [/trajectory_planner/get_loggers] /trajectory_planner http://localhost:45655/
[rosmaster.master][INFO] 2026-08-30 02:58:11,397: +SERVICE [/trajectory_planner/set_logger_level] /trajectory_planner http://localhost:45655/
[rosmaster.master][INFO] 2026-08-30 02:58:11,409: +SUB [/mavros/local_position/odom] /trajectory_planner http://localhost:45655/
[rosmaster.master][INFO] 2026-08-30 02:58:11,416: -SUB [/mavros/local_position/odom] /trajectory_planner http://localhost:45655/
[rosmaster.master][INFO] 2026-08-30 02:58:11,417: -PUB [/rosout] /trajectory_planner http://localhost:45655/
[rosmaster.master][INFO] 2026-08-30 02:58:11,417: -SERVICE [/trajectory_planner/get_loggers] /trajectory_planner rosrpc://localhost:44485
[rosmaster.master][INFO] 2026-08-30 02:58:11,417: -SERVICE [/trajectory_planner/set_logger_level] /trajectory_planner rosrpc://localhost:44485
[rosmaster.master][INFO] 2026-08-30 02:58:11,469: publisherUpdate[/rosout] -> http://localhost:36221/ ['http://localhost:41467/', 'http://localhost:33255/', 'http://localhost:46341/', 'http://localhost:42531/', 'http://localhost:43293/', 'http://localhost:35865/', 'http://localhost:41591/', 'http://localhost:39461/', 'http://localhost:39897/', 'http://localhost:39597/', 'http://localhost:43587/']
[rosmaster.master][INFO] 2026-08-30 02:58:11,471: publisherUpdate[/rosout] -> http://localhost:36221/ ['http://localhost:41467/', 'http://localhost:33255/', 'http://localhost:46341/', 'http://localhost:42531/', 'http://localhost:43293/', 'http://localhost:35865/', 'http://localhost:41591/', 'http://localhost:39461/', 'http://localhost:39897/', 'http://localhost:39597/', 'http://localhost:43587/']: sec=0.00, result=[1, '', 0]
[rosmaster.master][INFO] 2026-08-30 02:59:17,664: +PUB [/rosout] /trajectory_planner http://localhost:44925/
[rosmaster.master][INFO] 2026-08-30 02:59:17,670: +SERVICE [/trajectory_planner/get_loggers] /trajectory_planner http://localhost:44925/
[rosmaster.master][INFO] 2026-08-30 02:59:17,671: +SERVICE [/trajectory_planner/set_logger_level] /trajectory_planner http://localhost:44925/
[rosmaster.master][INFO] 2026-08-30 02:59:17,677: +SUB [/mavros/local_position/odom] /trajectory_planner http://localhost:44925/
[rosmaster.master][INFO] 2026-08-30 02:59:17,678: publisherUpdate[/rosout] -> http://localhost:36221/ ['http://localhost:41467/', 'http://localhost:33255/', 'http://localhost:46341/', 'http://localhost:42531/', 'http://localhost:43293/', 'http://localhost:35865/', 'http://localhost:41591/', 'http://localhost:39461/', 'http://localhost:39897/', 'http://localhost:39597/', 'http://localhost:43587/', 'http://localhost:44925/']
[rosmaster.master][INFO] 2026-08-30 02:59:17,680: publisherUpdate[/rosout] -> http://localhost:36221/ ['http://localhost:41467/', 'http://localhost:33255/', 'http://localhost:46341/', 'http://localhost:42531/', 'http://localhost:43293/', 'http://localhost:35865/', 'http://localhost:41591/', 'http://localhost:39461/', 'http://localhost:39897/', 'http://localhost:39597/', 'http://localhost:43587/', 'http://localhost:44925/']: sec=0.00, result=[1, '', 0]
[rosmaster.master][INFO] 2026-08-30 02:59:17,682: -SUB [/mavros/local_position/odom] /trajectory_planner http://localhost:44925/
[rosmaster.master][INFO] 2026-08-30 02:59:17,682: -PUB [/rosout] /trajectory_planner http://localhost:44925/
[rosmaster.master][INFO] 2026-08-30 02:59:17,682: -SERVICE [/trajectory_planner/get_loggers] /trajectory_planner rosrpc://localhost:36959
[rosmaster.master][INFO] 2026-08-30 02:59:17,683: -SERVICE [/trajectory_planner/set_logger_level] /trajectory_planner rosrpc://localhost:36959
[rosmaster.master][INFO] 2026-08-30 02:59:17,711: publisherUpdate[/rosout] -> http://localhost:36221/ ['http://localhost:41467/', 'http://localhost:33255/', 'http://localhost:46341/', 'http://localhost:42531/', 'http://localhost:43293/', 'http://localhost:35865/', 'http://localhost:41591/', 'http://localhost:39461/', 'http://localhost:39897/', 'http://localhost:39597/', 'http://localhost:43587/']
[rosmaster.master][INFO] 2026-08-30 02:59:17,712: publisherUpdate[/rosout] -> http://localhost:36221/ ['http://localhost:41467/', 'http://localhost:33255/', 'http://localhost:46341/', 'http://localhost:42531/', 'http://localhost:43293/', 'http://localhost:35865/', 'http://localhost:41591/', 'http://localhost:39461/', 'http://localhost:39897/', 'http://localhost:39597/', 'http://localhost:43587/']: sec=0.00, result=[1, '', 0]
[rosmaster.master][INFO] 2026-08-30 03:00:23,818: +PUB [/rosout] /trajectory_planner http://localhost:35479/
[rosmaster.master][INFO] 2026-08-30 03:00:23,825: +SERVICE [/trajectory_planner/get_loggers] /trajectory_planner http://localhost:35479/
[rosmaster.master][INFO] 2026-08-30 03:00:23,827: +SERVICE [/trajectory_planner/set_logger_level] /trajectory_planner http://localhost:35479/
[rosmaster.master][INFO] 2026-08-30 03:00:23,835: +SUB [/mavros/local_position/odom] /trajectory_planner http://localhost:35479/
[rosmaster.master][INFO] 2026-08-30 03:00:23,844: -SUB [/mavros/local_position/odom] /trajectory_planner http://localhost:35479/
[rosmaster.master][INFO] 2026-08-30 03:00:23,845: -PUB [/rosout] /trajectory_planner http://localhost:35479/
[rosmaster.master][INFO] 2026-08-30 03:00:23,845: -SERVICE [/trajectory_planner/get_loggers] /trajectory_planner rosrpc://localhost:34009
[rosmaster.master][INFO] 2026-08-30 03:00:23,845: -SERVICE [/trajectory_planner/set_logger_level] /trajectory_planner rosrpc://localhost:34009
[rosmaster.master][INFO] 2026-08-30 03:00:23,882: publisherUpdate[/rosout] -> http://localhost:36221/ ['http://localhost:41467/', 'http://localhost:33255/', 'http://localhost:46341/', 'http://localhost:42531/', 'http://localhost:43293/', 'http://localhost:35865/', 'http://localhost:41591/', 'http://localhost:39461/', 'http://localhost:39897/', 'http://localhost:39597/', 'http://localhost:43587/', 'http://localhost:35479/']
[rosmaster.master][INFO] 2026-08-30 03:00:23,884: publisherUpdate[/rosout] -> http://localhost:36221/ ['http://localhost:41467/', 'http://localhost:33255/', 'http://localhost:46341/', 'http://localhost:42531/', 'http://localhost:43293/', 'http://localhost:35865/', 'http://localhost:41591/', 'http://localhost:39461/', 'http://localhost:39897/', 'http://localhost:39597/', 'http://localhost:43587/', 'http://localhost:35479/']: sec=0.00, result=[1, '', 0]
[rosmaster.master][INFO] 2026-08-30 03:00:23,884: publisherUpdate[/rosout] -> http://localhost:36221/ ['http://localhost:41467/', 'http://localhost:33255/', 'http://localhost:46341/', 'http://localhost:42531/', 'http://localhost:43293/', 'http://localhost:35865/', 'http://localhost:41591/', 'http://localhost:39461/', 'http://localhost:39897/', 'http://localhost:39597/', 'http://localhost:43587/']
[rosmaster.master][INFO] 2026-08-30 03:00:23,885: publisherUpdate[/rosout] -> http://localhost:36221/ ['http://localhost:41467/', 'http://localhost:33255/', 'http://localhost:46341/', 'http://localhost:42531/', 'http://localhost:43293/', 'http://localhost:35865/', 'http://localhost:41591/', 'http://localhost:39461/', 'http://localhost:39897/', 'http://localhost:39597/', 'http://localhost:43587/']: sec=0.00, result=[1, '', 0]
[rosmaster.master][INFO] 2026-08-30 03:01:30,249: +PUB [/rosout] /trajectory_planner http://localhost:42589/
[rosmaster.master][INFO] 2026-08-30 03:01:30,254: +SERVICE [/trajectory_planner/get_loggers] /trajectory_planner http://localhost:42589/
[rosmaster.master][INFO] 2026-08-30 03:01:30,255: +SERVICE [/trajectory_planner/set_logger_level] /trajectory_planner http://localhost:42589/
[rosmaster.master][INFO] 2026-08-30 03:01:30,261: publisherUpdate[/rosout] -> http://localhost:36221/ ['http://localhost:41467/', 'http://localhost:33255/', 'http://localhost:46341/', 'http://localhost:42531/', 'http://localhost:43293/', 'http://localhost:35865/', 'http://localhost:41591/', 'http://localhost:39461/', 'http://localhost:39897/', 'http://localhost:39597/', 'http://localhost:43587/', 'http://localhost:42589/']
[rosmaster.master][INFO] 2026-08-30 03:01:30,263: publisherUpdate[/rosout] -> http://localhost:36221/ ['http://localhost:41467/', 'http://localhost:33255/', 'http://localhost:46341/', 'http://localhost:42531/', 'http://localhost:43293/', 'http://localhost:35865/', 'http://localhost:41591/', 'http://localhost:39461/', 'http://localhost:39897/', 'http://localhost:39597/', 'http://localhost:43587/', 'http://localhost:42589/']: sec=0.00, result=[1, '', 0]
[rosmaster.master][INFO] 2026-08-30 03:01:30,265: +SUB [/mavros/local_position/odom] /trajectory_planner http://localhost:42589/
[rosmaster.master][INFO] 2026-08-30 03:01:30,271: -SUB [/mavros/local_position/odom] /trajectory_planner http://localhost:42589/
[rosmaster.master][INFO] 2026-08-30 03:01:30,271: -PUB [/rosout] /trajectory_planner http://localhost:42589/
[rosmaster.master][INFO] 2026-08-30 03:01:30,271: -SERVICE [/trajectory_planner/get_loggers] /trajectory_planner rosrpc://localhost:42267
[rosmaster.master][INFO] 2026-08-30 03:01:30,271: -SERVICE [/trajectory_planner/set_logger_level] /trajectory_planner rosrpc://localhost:42267
[rosmaster.master][INFO] 2026-08-30 03:01:30,364: publisherUpdate[/rosout] -> http://localhost:36221/ ['http://localhost:41467/', 'http://localhost:33255/', 'http://localhost:46341/', 'http://localhost:42531/', 'http://localhost:43293/', 'http://localhost:35865/', 'http://localhost:41591/', 'http://localhost:39461/', 'http://localhost:39897/', 'http://localhost:39597/', 'http://localhost:43587/']
[rosmaster.master][INFO] 2026-08-30 03:01:30,366: publisherUpdate[/rosout] -> http://localhost:36221/ ['http://localhost:41467/', 'http://localhost:33255/', 'http://localhost:46341/', 'http://localhost:42531/', 'http://localhost:43293/', 'http://localhost:35865/', 'http://localhost:41591/', 'http://localhost:39461/', 'http://localhost:39897/', 'http://localhost:39597/', 'http://localhost:43587/']: sec=0.00, result=[1, '', 0]
[rosmaster.master][INFO] 2026-08-30 03:02:36,027: +PUB [/rosout] /trajectory_planner http://localhost:36873/
[rosmaster.master][INFO] 2026-08-30 03:02:36,036: +SERVICE [/trajectory_planner/get_loggers] /trajectory_planner http://localhost:36873/
[rosmaster.master][INFO] 2026-08-30 03:02:36,037: +SERVICE [/trajectory_planner/set_logger_level] /trajectory_planner http://localhost:36873/
[rosmaster.master][INFO] 2026-08-30 03:02:36,047: +SUB [/mavros/local_position/odom] /trajectory_planner http://localhost:36873/
[rosmaster.master][INFO] 2026-08-30 03:02:36,053: -SUB [/mavros/local_position/odom] /trajectory_planner http://localhost:36873/
[rosmaster.master][INFO] 2026-08-30 03:02:36,053: -PUB [/rosout] /trajectory_planner http://localhost:36873/
[rosmaster.master][INFO] 2026-08-30 03:02:36,054: -SERVICE [/trajectory_planner/get_loggers] /trajectory_planner rosrpc://localhost:34965
[rosmaster.master][INFO] 2026-08-30 03:02:36,054: -SERVICE [/trajectory_planner/set_logger_level] /trajectory_planner rosrpc://localhost:34965
[rosmaster.master][INFO] 2026-08-30 03:02:36,088: publisherUpdate[/rosout] -> http://localhost:36221/ ['http://localhost:41467/', 'http://localhost:33255/', 'http://localhost:46341/', 'http://localhost:42531/', 'http://localhost:43293/', 'http://localhost:35865/', 'http://localhost:41591/', 'http://localhost:39461/', 'http://localhost:39897/', 'http://localhost:39597/', 'http://localhost:43587/', 'http://localhost:36873/']
[rosmaster.master][INFO] 2026-08-30 03:02:36,090: publisherUpdate[/rosout] -> http://localhost:36221/ ['http://localhost:41467/', 'http://localhost:33255/', 'http://localhost:46341/', 'http://localhost:42531/', 'http://localhost:43293/', 'http://localhost:35865/', 'http://localhost:41591/', 'http://localhost:39461/', 'http://localhost:39897/', 'http://localhost:39597/', 'http://localhost:43587/', 'http://localhost:36873/']: sec=0.00, result=[1, '', 0]
[rosmaster.master][INFO] 2026-08-30 03:02:36,090: publisherUpdate[/rosout] -> http://localhost:36221/ ['http://localhost:41467/', 'http://localhost:33255/', 'http://localhost:46341/', 'http://localhost:42531/', 'http://localhost:43293/', 'http://localhost:35865/', 'http://localhost:41591/', 'http://localhost:39461/', 'http://localhost:39897/', 'http://localhost:39597/', 'http://localhost:43587/']
[rosmaster.master][INFO] 2026-08-30 03:02:36,090: publisherUpdate[/rosout] -> http://localhost:36221/ ['http://localhost:41467/', 'http://localhost:33255/', 'http://localhost:46341/', 'http://localhost:42531/', 'http://localhost:43293/', 'http://localhost:35865/', 'http://localhost:41591/', 'http://localhost:39461/', 'http://localhost:39897/', 'http://localhost:39597/', 'http://localhost:43587/']: sec=0.00, result=[1, '', 0]
[rosmaster.master][INFO] 2026-08-30 03:03:42,748: +PUB [/rosout] /trajectory_planner http://localhost:38517/
[rosmaster.master][INFO] 2026-08-30 03:03:42,760: publisherUpdate[/rosout] -> http://localhost:36221/ ['http://localhost:41467/', 'http://localhost:33255/', 'http://localhost:46341/', 'http://localhost:42531/', 'http://localhost:43293/', 'http://localhost:35865/', 'http://localhost:41591/', 'http://localhost:39461/', 'http://localhost:39897/', 'http://localhost:39597/', 'http://localhost:43587/', 'http://localhost:38517/']
[rosmaster.master][INFO] 2026-08-30 03:03:42,761: publisherUpdate[/rosout] -> http://localhost:36221/ ['http://localhost:41467/', 'http://localhost:33255/', 'http://localhost:46341/', 'http://localhost:42531/', 'http://localhost:43293/', 'http://localhost:35865/', 'http://localhost:41591/', 'http://localhost:39461/', 'http://localhost:39897/', 'http://localhost:39597/', 'http://localhost:43587/', 'http://localhost:38517/']: sec=0.00, result=[1, '', 0]
[rosmaster.master][INFO] 2026-08-30 03:03:42,770: +SERVICE [/trajectory_planner/get_loggers] /trajectory_planner http://localhost:38517/
[rosmaster.master][INFO] 2026-08-30 03:03:42,772: +SERVICE [/trajectory_planner/set_logger_level] /trajectory_planner http://localhost:38517/
[rosmaster.master][INFO] 2026-08-30 03:03:42,781: +SUB [/mavros/local_position/odom] /trajectory_planner http://localhost:38517/
[rosmaster.master][INFO] 2026-08-30 03:03:42,790: -SUB [/mavros/local_position/odom] /trajectory_planner http://localhost:38517/
[rosmaster.master][INFO] 2026-08-30 03:03:42,790: -PUB [/rosout] /trajectory_planner http://localhost:38517/
[rosmaster.master][INFO] 2026-08-30 03:03:42,791: -SERVICE [/trajectory_planner/get_loggers] /trajectory_planner rosrpc://localhost:41441
[rosmaster.master][INFO] 2026-08-30 03:03:42,792: -SERVICE [/trajectory_planner/set_logger_level] /trajectory_planner rosrpc://localhost:41441
[rosmaster.master][INFO] 2026-08-30 03:03:42,862: publisherUpdate[/rosout] -> http://localhost:36221/ ['http://localhost:41467/', 'http://localhost:33255/', 'http://localhost:46341/', 'http://localhost:42531/', 'http://localhost:43293/', 'http://localhost:35865/', 'http://localhost:41591/', 'http://localhost:39461/', 'http://localhost:39897/', 'http://localhost:39597/', 'http://localhost:43587/']
[rosmaster.master][INFO] 2026-08-30 03:03:42,864: publisherUpdate[/rosout] -> http://localhost:36221/ ['http://localhost:41467/', 'http://localhost:33255/', 'http://localhost:46341/', 'http://localhost:42531/', 'http://localhost:43293/', 'http://localhost:35865/', 'http://localhost:41591/', 'http://localhost:39461/', 'http://localhost:39897/', 'http://localhost:39597/', 'http://localhost:43587/']: sec=0.00, result=[1, '', 0]
[rosmaster.master][INFO] 2026-08-30 03:04:49,389: +PUB [/rosout] /trajectory_planner http://localhost:33639/
[rosmaster.master][INFO] 2026-08-30 03:04:49,396: +SERVICE [/trajectory_planner/get_loggers] /trajectory_planner http://localhost:33639/
[rosmaster.master][INFO] 2026-08-30 03:04:49,397: +SERVICE [/trajectory_planner/set_logger_level] /trajectory_planner http://localhost:33639/
[rosmaster.master][INFO] 2026-08-30 03:04:49,403: +SUB [/mavros/local_position/odom] /trajectory_planner http://localhost:33639/
[rosmaster.master][INFO] 2026-08-30 03:04:49,406: -SUB [/mavros/local_position/odom] /trajectory_planner http://localhost:33639/
[rosmaster.master][INFO] 2026-08-30 03:04:49,406: -PUB [/rosout] /trajectory_planner http://localhost:33639/
[rosmaster.master][INFO] 2026-08-30 03:04:49,407: -SERVICE [/trajectory_planner/get_loggers] /trajectory_planner rosrpc://localhost:37199
[rosmaster.master][INFO] 2026-08-30 03:04:49,407: -SERVICE [/trajectory_planner/set_logger_level] /trajectory_planner rosrpc://localhost:37199
[rosmaster.master][INFO] 2026-08-30 03:04:49,420: publisherUpdate[/rosout] -> http://localhost:36221/ ['http://localhost:41467/', 'http://localhost:33255/', 'http://localhost:46341/', 'http://localhost:42531/', 'http://localhost:43293/', 'http://localhost:35865/', 'http://localhost:41591/', 'http://localhost:39461/', 'http://localhost:39897/', 'http://localhost:39597/', 'http://localhost:43587/', 'http://localhost:33639/']
[rosmaster.master][INFO] 2026-08-30 03:04:49,425: publisherUpdate[/rosout] -> http://localhost:36221/ ['http://localhost:41467/', 'http://localhost:33255/', 'http://localhost:46341/', 'http://localhost:42531/', 'http://localhost:43293/', 'http://localhost:35865/', 'http://localhost:41591/', 'http://localhost:39461/', 'http://localhost:39897/', 'http://localhost:39597/', 'http://localhost:43587/', 'http://localhost:33639/']: sec=0.00, result=[1, '', 0]
[rosmaster.master][INFO] 2026-08-30 03:04:49,425: publisherUpdate[/rosout] -> http://localhost:36221/ ['http://localhost:41467/', 'http://localhost:33255/', 'http://localhost:46341/', 'http://localhost:42531/', 'http://localhost:43293/', 'http://localhost:35865/', 'http://localhost:41591/', 'http://localhost:39461/', 'http://localhost:39897/', 'http://localhost:39597/', 'http://localhost:43587/']
[rosmaster.master][INFO] 2026-08-30 03:04:49,426: publisherUpdate[/rosout] -> http://localhost:36221/ ['http://localhost:41467/', 'http://localhost:33255/', 'http://localhost:46341/', 'http://localhost:42531/', 'http://localhost:43293/', 'http://localhost:35865/', 'http://localhost:41591/', 'http://localhost:39461/', 'http://localhost:39897/', 'http://localhost:39597/', 'http://localhost:43587/']: sec=0.00, result=[1, '', 0]
[rosmaster.master][INFO] 2026-08-30 03:05:56,345: +PUB [/rosout] /trajectory_planner http://localhost:46545/
[rosmaster.master][INFO] 2026-08-30 03:05:56,346: publisherUpdate[/rosout] -> http://localhost:36221/ ['http://localhost:41467/', 'http://localhost:33255/', 'http://localhost:46341/', 'http://localhost:42531/', 'http://localhost:43293/', 'http://localhost:35865/', 'http://localhost:41591/', 'http://localhost:39461/', 'http://localhost:39897/', 'http://localhost:39597/', 'http://localhost:43587/', 'http://localhost:46545/']
[rosmaster.master][INFO] 2026-08-30 03:05:56,350: publisherUpdate[/rosout] -> http://localhost:36221/ ['http://localhost:41467/', 'http://localhost:33255/', 'http://localhost:46341/', 'http://localhost:42531/', 'http://localhost:43293/', 'http://localhost:35865/', 'http://localhost:41591/', 'http://localhost:39461/', 'http://localhost:39897/', 'http://localhost:39597/', 'http://localhost:43587/', 'http://localhost:46545/']: sec=0.00, result=[1, '', 0]
[rosmaster.master][INFO] 2026-08-30 03:05:56,373: +SERVICE [/trajectory_planner/get_loggers] /trajectory_planner http://localhost:46545/
[rosmaster.master][INFO] 2026-08-30 03:05:56,376: +SERVICE [/trajectory_planner/set_logger_level] /trajectory_planner http://localhost:46545/
[rosmaster.master][INFO] 2026-08-30 03:05:56,387: +SUB [/mavros/local_position/odom] /trajectory_planner http://localhost:46545/
[rosmaster.master][INFO] 2026-08-30 03:05:56,396: -SUB [/mavros/local_position/odom] /trajectory_planner http://localhost:46545/
[rosmaster.master][INFO] 2026-08-30 03:05:56,397: -PUB [/rosout] /trajectory_planner http://localhost:46545/
[rosmaster.master][INFO] 2026-08-30 03:05:56,397: -SERVICE [/trajectory_planner/get_loggers] /trajectory_planner rosrpc://localhost:35687
[rosmaster.master][INFO] 2026-08-30 03:05:56,397: -SERVICE [/trajectory_planner/set_logger_level] /trajectory_planner rosrpc://localhost:35687
[rosmaster.master][INFO] 2026-08-30 03:05:56,418: publisherUpdate[/rosout] -> http://localhost:36221/ ['http://localhost:41467/', 'http://localhost:33255/', 'http://localhost:46341/', 'http://localhost:42531/', 'http://localhost:43293/', 'http://localhost:35865/', 'http://localhost:41591/', 'http://localhost:39461/', 'http://localhost:39897/', 'http://localhost:39597/', 'http://localhost:43587/']
[rosmaster.master][INFO] 2026-08-30 03:05:56,419: publisherUpdate[/rosout] -> http://localhost:36221/ ['http://localhost:41467/', 'http://localhost:33255/', 'http://localhost:46341/', 'http://localhost:42531/', 'http://localhost:43293/', 'http://localhost:35865/', 'http://localhost:41591/', 'http://localhost:39461/', 'http://localhost:39897/', 'http://localhost:39597/', 'http://localhost:43587/']: sec=0.00, result=[1, '', 0]
[rosmaster.master][INFO] 2026-08-30 03:07:03,067: +PUB [/rosout] /trajectory_planner http://localhost:32927/
[rosmaster.master][INFO] 2026-08-30 03:07:03,079: +SERVICE [/trajectory_planner/get_loggers] /trajectory_planner http://localhost:32927/
[rosmaster.master][INFO] 2026-08-30 03:07:03,080: +SERVICE [/trajectory_planner/set_logger_level] /trajectory_planner http://localhost:32927/
[rosmaster.master][INFO] 2026-08-30 03:07:03,086: +SUB [/mavros/local_position/odom] /trajectory_planner http://localhost:32927/
[rosmaster.master][INFO] 2026-08-30 03:07:03,090: -SUB [/mavros/local_position/odom] /trajectory_planner http://localhost:32927/
[rosmaster.master][INFO] 2026-08-30 03:07:03,090: -PUB [/rosout] /trajectory_planner http://localhost:32927/
[rosmaster.master][INFO] 2026-08-30 03:07:03,090: -SERVICE [/trajectory_planner/get_loggers] /trajectory_planner rosrpc://localhost:35815
[rosmaster.master][INFO] 2026-08-30 03:07:03,091: -SERVICE [/trajectory_planner/set_logger_level] /trajectory_planner rosrpc://localhost:35815
[rosmaster.master][INFO] 2026-08-30 03:07:03,128: publisherUpdate[/rosout] -> http://localhost:36221/ ['http://localhost:41467/', 'http://localhost:33255/', 'http://localhost:46341/', 'http://localhost:42531/', 'http://localhost:43293/', 'http://localhost:35865/', 'http://localhost:41591/', 'http://localhost:39461/', 'http://localhost:39897/', 'http://localhost:39597/', 'http://localhost:43587/', 'http://localhost:32927/']
[rosmaster.master][INFO] 2026-08-30 03:07:03,135: publisherUpdate[/rosout] -> http://localhost:36221/ ['http://localhost:41467/', 'http://localhost:33255/', 'http://localhost:46341/', 'http://localhost:42531/', 'http://localhost:43293/', 'http://localhost:35865/', 'http://localhost:41591/', 'http://localhost:39461/', 'http://localhost:39897/', 'http://localhost:39597/', 'http://localhost:43587/', 'http://localhost:32927/']: sec=0.01, result=[1, '', 0]
[rosmaster.master][INFO] 2026-08-30 03:07:03,135: publisherUpdate[/rosout] -> http://localhost:36221/ ['http://localhost:41467/', 'http://localhost:33255/', 'http://localhost:46341/', 'http://localhost:42531/', 'http://localhost:43293/', 'http://localhost:35865/', 'http://localhost:41591/', 'http://localhost:39461/', 'http://localhost:39897/', 'http://localhost:39597/', 'http://localhost:43587/']
[rosmaster.master][INFO] 2026-08-30 03:07:03,137: publisherUpdate[/rosout] -> http://localhost:36221/ ['http://localhost:41467/', 'http://localhost:33255/', 'http://localhost:46341/', 'http://localhost:42531/', 'http://localhost:43293/', 'http://localhost:35865/', 'http://localhost:41591/', 'http://localhost:39461/', 'http://localhost:39897/', 'http://localhost:39597/', 'http://localhost:43587/']: sec=0.00, result=[1, '', 0]
[rosmaster.master][INFO] 2026-08-30 03:07:09,461: -SUB [/yolo_detector/node_health] /health_checker http://localhost:41591/
[rosmaster.master][INFO] 2026-08-30 03:07:09,462: -SUB [/target_tracking_controller/node_health] /health_checker http://localhost:41591/
[rosmaster.master][INFO] 2026-08-30 03:07:09,462: -SUB [/vehicle_state_monitor/node_health] /health_checker http://localhost:41591/
[rosmaster.master][INFO] 2026-08-30 03:07:09,467: -SUB [/mission_manager/node_health] /health_checker http://localhost:41591/
[rosmaster.master][INFO] 2026-08-30 03:07:09,468: -SUB [/safety_monitor/node_health] /health_checker http://localhost:41591/
[rosmaster.master][INFO] 2026-08-30 03:07:09,468: -SUB [/command_interpreter/node_health] /health_checker http://localhost:41591/
[rosmaster.master][INFO] 2026-08-30 03:07:09,484: -SUB [/mavros/local_position/pose] /safety_monitor http://localhost:39897/
[rosmaster.master][INFO] 2026-08-30 03:07:09,492: -SUB [/mavros/local_position/velocity] /safety_monitor http://localhost:39897/
[rosmaster.master][INFO] 2026-08-30 03:07:09,525: -SUB [/mavros/state] /safety_monitor http://localhost:39897/
[rosmaster.master][INFO] 2026-08-30 03:07:09,526: -PUB [/rosout] /safety_monitor http://localhost:39897/
[rosmaster.master][INFO] 2026-08-30 03:07:09,526: -PUB [/safety_status] /safety_monitor http://localhost:39897/
[rosmaster.master][INFO] 2026-08-30 03:07:09,526: -PUB [/safety_monitor/node_health] /safety_monitor http://localhost:39897/
[rosmaster.master][INFO] 2026-08-30 03:07:09,541: -PUB [/rosout] /health_checker http://localhost:41591/
[rosmaster.master][INFO] 2026-08-30 03:07:09,547: -SUB [/mavros/state] /vehicle_state_monitor http://localhost:35865/
[rosmaster.master][INFO] 2026-08-30 03:07:09,547: -SUB [/mavros/battery] /vehicle_state_monitor http://localhost:35865/
[rosmaster.master][INFO] 2026-08-30 03:07:09,547: -SUB [/mavros/local_position/velocity] /vehicle_state_monitor http://localhost:35865/
[rosmaster.master][INFO] 2026-08-30 03:07:09,547: -PUB [/rosout] /vehicle_state_monitor http://localhost:35865/
[rosmaster.master][INFO] 2026-08-30 03:07:09,547: -PUB [/emergency_triggered] /safety_monitor http://localhost:39897/
[rosmaster.master][INFO] 2026-08-30 03:07:09,548: -SERVICE [/safety_monitor/get_loggers] /safety_monitor rosrpc://localhost:42543
[rosmaster.master][INFO] 2026-08-30 03:07:09,549: -SERVICE [/safety_monitor/set_logger_level] /safety_monitor rosrpc://localhost:42543
[rosmaster.master][INFO] 2026-08-30 03:07:09,550: -PUB [/system_health] /health_checker http://localhost:41591/
[rosmaster.master][INFO] 2026-08-30 03:07:09,550: -SERVICE [/health_checker/get_loggers] /health_checker rosrpc://localhost:37197
[rosmaster.master][INFO] 2026-08-30 03:07:09,551: -SUB [/health/check_all] /system_health_monitor http://localhost:39461/
[rosmaster.master][INFO] 2026-08-30 03:07:09,552: -PUB [/rosout] /system_health_monitor http://localhost:39461/
[rosmaster.master][INFO] 2026-08-30 03:07:09,552: -PUB [/system_health] /system_health_monitor http://localhost:39461/
[rosmaster.master][INFO] 2026-08-30 03:07:09,552: -SUB [/mavros/imu/data] /sensor_fusion http://localhost:33255/
[rosmaster.master][INFO] 2026-08-30 03:07:09,552: -SUB [/mavros/global_position/global] /sensor_fusion http://localhost:33255/
[rosmaster.master][INFO] 2026-08-30 03:07:09,553: -SUB [/drone_control/command] /mission_manager http://localhost:43293/
[rosmaster.master][INFO] 2026-08-30 03:07:09,553: -SUB [/safety_status] /mission_manager http://localhost:43293/
[rosmaster.master][INFO] 2026-08-30 03:07:09,553: -SUB [/tracked_targets] /mission_manager http://localhost:43293/
[rosmaster.master][INFO] 2026-08-30 03:07:09,555: -SUB [/mavros/local_position/odom] /target_tracking_controller http://localhost:39597/
[rosmaster.master][INFO] 2026-08-30 03:07:09,556: -SUB [/detected_objects] /target_tracking_controller http://localhost:39597/
[rosmaster.master][INFO] 2026-08-30 03:07:09,556: -SUB [/mavros/state] /target_tracking_controller http://localhost:39597/
[rosmaster.master][INFO] 2026-08-30 03:07:09,559: -SUB [/mission_status] /target_tracking_controller http://localhost:39597/
[rosmaster.master][INFO] 2026-08-30 03:07:09,560: -PUB [/rosout] /camera_calibration http://localhost:46341/
[rosmaster.master][INFO] 2026-08-30 03:07:09,560: -PUB [/camera/camera_info] /camera_calibration http://localhost:46341/
[rosmaster.master][INFO] 2026-08-30 03:07:09,560: -PUB [/tf] /camera_calibration http://localhost:46341/
[rosmaster.master][INFO] 2026-08-30 03:07:09,560: -PUB [/drone_status] /vehicle_state_monitor http://localhost:35865/
[rosmaster.master][INFO] 2026-08-30 03:07:09,560: -PUB [/diagnostic_status] /vehicle_state_monitor http://localhost:35865/
[rosmaster.master][INFO] 2026-08-30 03:07:09,560: -PUB [/vehicle_state_monitor/node_health] /vehicle_state_monitor http://localhost:35865/
[rosmaster.master][INFO] 2026-08-30 03:07:09,561: -PUB [/battery_percentage] /vehicle_state_monitor http://localhost:35865/
[rosmaster.master][INFO] 2026-08-30 03:07:09,561: -SERVICE [/vehicle_state_monitor/get_loggers] /vehicle_state_monitor rosrpc://localhost:34429
[rosmaster.master][INFO] 2026-08-30 03:07:09,561: -SERVICE [/vehicle_state_monitor/set_logger_level] /vehicle_state_monitor rosrpc://localhost:34429
[rosmaster.master][INFO] 2026-08-30 03:07:09,561: -SERVICE [/drone_emergency_stop] /vehicle_state_monitor rosrpc://localhost:34429
[rosmaster.master][INFO] 2026-08-30 03:07:09,561: -SERVICE [/drone_arm] /vehicle_state_monitor rosrpc://localhost:34429
[rosmaster.master][INFO] 2026-08-30 03:07:09,561: -SERVICE [/drone_disarm] /vehicle_state_monitor rosrpc://localhost:34429
[rosmaster.master][INFO] 2026-08-30 03:07:09,561: -SERVICE [/drone_get_status] /vehicle_state_monitor rosrpc://localhost:34429
[rosmaster.master][INFO] 2026-08-30 03:07:09,563: -SERVICE [/camera_calibration/get_loggers] /camera_calibration rosrpc://localhost:35781
[rosmaster.master][INFO] 2026-08-30 03:07:09,564: -PUB [/diagnostic_status] /system_health_monitor http://localhost:39461/
[rosmaster.master][INFO] 2026-08-30 03:07:09,564: -PUB [/performance_metrics] /system_health_monitor http://localhost:39461/
[rosmaster.master][INFO] 2026-08-30 03:07:09,565: -SUB [/drone_control/command] /command_interpreter http://localhost:41467/
[rosmaster.master][INFO] 2026-08-30 03:07:09,565: -SERVICE [/health_checker/set_logger_level] /health_checker rosrpc://localhost:37197
[rosmaster.master][INFO] 2026-08-30 03:07:09,566: -SERVICE [/health/check_all] /health_checker rosrpc://localhost:37197
[rosmaster.master][INFO] 2026-08-30 03:07:09,567: -PUB [/rosout] /target_tracking_controller http://localhost:39597/
[rosmaster.master][INFO] 2026-08-30 03:07:09,567: -SUB [/mavros/local_position/pose] /sensor_fusion http://localhost:33255/
[rosmaster.master][INFO] 2026-08-30 03:07:09,567: -PUB [/rosout] /mission_manager http://localhost:43293/
[rosmaster.master][INFO] 2026-08-30 03:07:09,567: -PUB [/mission_status] /mission_manager http://localhost:43293/
[rosmaster.master][INFO] 2026-08-30 03:07:09,567: -PUB [/mission_manager/node_health] /mission_manager http://localhost:43293/
[rosmaster.master][INFO] 2026-08-30 03:07:09,567: -SERVICE [/mission_manager/get_loggers] /mission_manager rosrpc://localhost:44313
[rosmaster.master][INFO] 2026-08-30 03:07:09,568: -SERVICE [/mission_manager/set_logger_level] /mission_manager rosrpc://localhost:44313
[rosmaster.master][INFO] 2026-08-30 03:07:09,568: -SUB [/drone_control/command] /yolo_detector http://localhost:43587/
[rosmaster.master][INFO] 2026-08-30 03:07:09,568: -SUB [/mission_status] /yolo_detector http://localhost:43587/
[rosmaster.master][INFO] 2026-08-30 03:07:09,568: -SUB [/camera/color/image_raw] /yolo_detector http://localhost:43587/
[rosmaster.master][INFO] 2026-08-30 03:07:09,569: -PUB [/rosout] /yolo_detector http://localhost:43587/
[rosmaster.master][INFO] 2026-08-30 03:07:09,569: -PUB [/yolo_detector/node_health] /yolo_detector http://localhost:43587/
[rosmaster.master][INFO] 2026-08-30 03:07:09,571: -PUB [/system_alert] /system_health_monitor http://localhost:39461/
[rosmaster.master][INFO] 2026-08-30 03:07:09,571: -SERVICE [/system_health_monitor/get_loggers] /system_health_monitor rosrpc://localhost:37153
[rosmaster.master][INFO] 2026-08-30 03:07:09,573: -SERVICE [/safety/geofence_enable] /safety_monitor rosrpc://localhost:42543
[rosmaster.master][INFO] 2026-08-30 03:07:09,573: -SERVICE [/safety/geofence_disable] /safety_monitor rosrpc://localhost:42543
[rosmaster.master][INFO] 2026-08-30 03:07:09,574: -SERVICE [/safety/check] /safety_monitor rosrpc://localhost:42543
[rosmaster.master][INFO] 2026-08-30 03:07:09,574: publisherUpdate[/rosout] -> http://localhost:36221/ ['http://localhost:41467/', 'http://localhost:33255/', 'http://localhost:46341/', 'http://localhost:42531/', 'http://localhost:43293/', 'http://localhost:35865/', 'http://localhost:41591/', 'http://localhost:39461/', 'http://localhost:39597/', 'http://localhost:43587/']
[rosmaster.master][INFO] 2026-08-30 03:07:09,575: -SERVICE [/safety/status] /safety_monitor rosrpc://localhost:42543
[rosmaster.master][INFO] 2026-08-30 03:07:09,581: -PUB [/command_response] /yolo_detector http://localhost:43587/
[rosmaster.master][INFO] 2026-08-30 03:07:09,581: -PUB [/detected_objects] /yolo_detector http://localhost:43587/
[rosmaster.master][INFO] 2026-08-30 03:07:09,582: -PUB [/rosout] /command_interpreter http://localhost:41467/
[rosmaster.master][INFO] 2026-08-30 03:07:09,583: -SERVICE [/health/restart_node] /health_checker rosrpc://localhost:37197
[rosmaster.master][INFO] 2026-08-30 03:07:09,584: -PUB [/rosout] /sensor_fusion http://localhost:33255/
[rosmaster.master][INFO] 2026-08-30 03:07:09,584: -PUB [/sensor_fusion/node_health] /sensor_fusion http://localhost:33255/
[rosmaster.master][INFO] 2026-08-30 03:07:09,585: -SERVICE [/system_health_monitor/set_logger_level] /system_health_monitor rosrpc://localhost:37153
[rosmaster.master][INFO] 2026-08-30 03:07:09,586: -PUB [/tracked_targets] /target_tracking_controller http://localhost:39597/
[rosmaster.master][INFO] 2026-08-30 03:07:09,586: -PUB [/mavros/setpoint_velocity/cmd_vel_unstamped] /target_tracking_controller http://localhost:39597/
[rosmaster.master][INFO] 2026-08-30 03:07:09,586: -PUB [/mavros/setpoint_raw/local] /target_tracking_controller http://localhost:39597/
[rosmaster.master][INFO] 2026-08-30 03:07:09,586: -PUB [/target_tracking_controller/node_health] /target_tracking_controller http://localhost:39597/
[rosmaster.master][INFO] 2026-08-30 03:07:09,587: -SERVICE [/target_tracking_controller/get_loggers] /target_tracking_controller rosrpc://localhost:43197
[rosmaster.master][INFO] 2026-08-30 03:07:09,587: -SERVICE [/target_tracking_controller/set_logger_level] /target_tracking_controller rosrpc://localhost:43197
[rosmaster.master][INFO] 2026-08-30 03:07:09,587: -PUB [/drone_control/command_response] /command_interpreter http://localhost:41467/
[rosmaster.master][INFO] 2026-08-30 03:07:09,587: -PUB [/command_interpreter/node_health] /command_interpreter http://localhost:41467/
[rosmaster.master][INFO] 2026-08-30 03:07:09,587: -SERVICE [/command_interpreter/get_loggers] /command_interpreter rosrpc://localhost:42841
[rosmaster.master][INFO] 2026-08-30 03:07:09,588: -SERVICE [/command_interpreter/set_logger_level] /command_interpreter rosrpc://localhost:42841
[rosmaster.master][INFO] 2026-08-30 03:07:09,588: -SERVICE [/camera_calibration/set_logger_level] /camera_calibration rosrpc://localhost:35781
[rosmaster.master][INFO] 2026-08-30 03:07:09,597: publisherUpdate[/safety_status] -> http://localhost:43293/ []
[rosmaster.master][INFO] 2026-08-30 03:07:09,600: -SERVICE [/yolo_detector/get_loggers] /yolo_detector rosrpc://localhost:37149
[rosmaster.master][INFO] 2026-08-30 03:07:09,600: -SERVICE [/yolo_detector/set_logger_level] /yolo_detector rosrpc://localhost:37149
[rosmaster.master][INFO] 2026-08-30 03:07:09,601: -SERVICE [/sensor_fusion/get_loggers] /sensor_fusion rosrpc://localhost:37893
[rosmaster.master][INFO] 2026-08-30 03:07:09,601: -SERVICE [/sensor_fusion/set_logger_level] /sensor_fusion rosrpc://localhost:37893
[rosmaster.master][INFO] 2026-08-30 03:07:09,598: publisherUpdate[/rosout] -> http://localhost:36221/ ['http://localhost:41467/', 'http://localhost:33255/', 'http://localhost:46341/', 'http://localhost:42531/', 'http://localhost:43293/', 'http://localhost:35865/', 'http://localhost:41591/', 'http://localhost:39461/', 'http://localhost:39597/', 'http://localhost:43587/']: sec=0.02, result=[1, '', 0]
[rosmaster.master][INFO] 2026-08-30 03:07:09,602: publisherUpdate[/rosout] -> http://localhost:36221/ ['http://localhost:41467/', 'http://localhost:33255/', 'http://localhost:46341/', 'http://localhost:42531/', 'http://localhost:43293/', 'http://localhost:35865/', 'http://localhost:39461/', 'http://localhost:39597/', 'http://localhost:43587/']
[rosmaster.master][INFO] 2026-08-30 03:07:09,610: publisherUpdate[/rosout] -> http://localhost:36221/ ['http://localhost:41467/', 'http://localhost:33255/', 'http://localhost:46341/', 'http://localhost:42531/', 'http://localhost:43293/', 'http://localhost:35865/', 'http://localhost:39461/', 'http://localhost:39597/', 'http://localhost:43587/']: sec=0.01, result=[1, '', 0]
[rosmaster.master][INFO] 2026-08-30 03:07:09,614: publisherUpdate[/rosout] -> http://localhost:36221/ ['http://localhost:41467/', 'http://localhost:33255/', 'http://localhost:46341/', 'http://localhost:42531/', 'http://localhost:43293/', 'http://localhost:39461/', 'http://localhost:39597/', 'http://localhost:43587/']
[rosmaster.master][INFO] 2026-08-30 03:07:09,626: publisherUpdate[/mission_status] -> http://localhost:43587/ []
[rosmaster.master][INFO] 2026-08-30 03:07:09,643: publisherUpdate[/rosout] -> http://localhost:36221/ ['http://localhost:41467/', 'http://localhost:33255/', 'http://localhost:46341/', 'http://localhost:42531/', 'http://localhost:43293/', 'http://localhost:39461/', 'http://localhost:39597/', 'http://localhost:43587/']: sec=0.03, result=[1, '', 0]
[rosmaster.master][INFO] 2026-08-30 03:07:09,643: publisherUpdate[/rosout] -> http://localhost:36221/ ['http://localhost:41467/', 'http://localhost:33255/', 'http://localhost:46341/', 'http://localhost:42531/', 'http://localhost:43293/', 'http://localhost:39597/', 'http://localhost:43587/']
[rosmaster.master][INFO] 2026-08-30 03:07:09,644: publisherUpdate[/rosout] -> http://localhost:36221/ ['http://localhost:41467/', 'http://localhost:33255/', 'http://localhost:46341/', 'http://localhost:42531/', 'http://localhost:43293/', 'http://localhost:39597/', 'http://localhost:43587/']: sec=0.00, result=[1, '', 0]
[rosmaster.master][INFO] 2026-08-30 03:07:09,644: publisherUpdate[/rosout] -> http://localhost:36221/ ['http://localhost:41467/', 'http://localhost:33255/', 'http://localhost:42531/', 'http://localhost:43293/', 'http://localhost:39597/', 'http://localhost:43587/']
[rosmaster.master][INFO] 2026-08-30 03:07:09,645: publisherUpdate[/rosout] -> http://localhost:36221/ ['http://localhost:41467/', 'http://localhost:33255/', 'http://localhost:42531/', 'http://localhost:43293/', 'http://localhost:39597/', 'http://localhost:43587/']: sec=0.00, result=[1, '', 0]
[rosmaster.master][INFO] 2026-08-30 03:07:09,647: publisherUpdate[/rosout] -> http://localhost:36221/ ['http://localhost:41467/', 'http://localhost:33255/', 'http://localhost:42531/', 'http://localhost:43293/', 'http://localhost:43587/']
[rosmaster.master][INFO] 2026-08-30 03:07:09,648: publisherUpdate[/rosout] -> http://localhost:36221/ ['http://localhost:41467/', 'http://localhost:33255/', 'http://localhost:42531/', 'http://localhost:43293/', 'http://localhost:43587/']: sec=0.00, result=[1, '', 0]
[rosmaster.master][INFO] 2026-08-30 03:07:09,648: publisherUpdate[/rosout] -> http://localhost:36221/ ['http://localhost:41467/', 'http://localhost:33255/', 'http://localhost:42531/', 'http://localhost:43587/']
[rosmaster.master][INFO] 2026-08-30 03:07:09,649: publisherUpdate[/rosout] -> http://localhost:36221/ ['http://localhost:41467/', 'http://localhost:33255/', 'http://localhost:42531/', 'http://localhost:43587/']: sec=0.00, result=[1, '', 0]
[rosmaster.master][INFO] 2026-08-30 03:07:09,649: publisherUpdate[/rosout] -> http://localhost:36221/ ['http://localhost:41467/', 'http://localhost:33255/', 'http://localhost:42531/']
[rosmaster.master][INFO] 2026-08-30 03:07:09,650: publisherUpdate[/rosout] -> http://localhost:36221/ ['http://localhost:41467/', 'http://localhost:33255/', 'http://localhost:42531/']: sec=0.00, result=[1, '', 0]
[rosmaster.master][INFO] 2026-08-30 03:07:09,650: publisherUpdate[/rosout] -> http://localhost:36221/ ['http://localhost:33255/', 'http://localhost:42531/']
[rosmaster.master][INFO] 2026-08-30 03:07:09,651: publisherUpdate[/rosout] -> http://localhost:36221/ ['http://localhost:33255/', 'http://localhost:42531/']: sec=0.00, result=[1, '', 0]
[rosmaster.master][INFO] 2026-08-30 03:07:09,651: publisherUpdate[/rosout] -> http://localhost:36221/ ['http://localhost:42531/']
[rosmaster.master][INFO] 2026-08-30 03:07:09,653: publisherUpdate[/rosout] -> http://localhost:36221/ ['http://localhost:42531/']: sec=0.00, result=[1, '', 0]
[rosmaster.master][INFO] 2026-08-30 03:07:09,668: publisherUpdate[/mission_status] -> http://localhost:43587/ []: sec=0.03, exception=[Errno 111] Connection refused
[rosmaster.master][INFO] 2026-08-30 03:07:09,684: publisherUpdate[/safety_status] -> http://localhost:43293/ []: sec=0.08, result=[1, '', 0]
[rosmaster.threadpool][ERROR] 2026-08-30 03:07:09,742: Traceback (most recent call last):
  File "/opt/ros/noetic/lib/python3/dist-packages/rosmaster/threadpool.py", line 218, in run
    result = cmd(*args)
  File "/opt/ros/noetic/lib/python3/dist-packages/rosmaster/master_api.py", line 210, in publisher_update_task
    ret = xmlrpcapi(api).publisherUpdate('/master', topic, pub_uris)
  File "/usr/lib/python3.8/xmlrpc/client.py", line 1109, in __call__
    return self.__send(self.__name, args)
  File "/usr/lib/python3.8/xmlrpc/client.py", line 1450, in __request
    response = self.__transport.request(
  File "/usr/lib/python3.8/xmlrpc/client.py", line 1153, in request
    return self.single_request(host, handler, request_body, verbose)
  File "/usr/lib/python3.8/xmlrpc/client.py", line 1165, in single_request
    http_conn = self.send_request(host, handler, request_body, verbose)
  File "/usr/lib/python3.8/xmlrpc/client.py", line 1278, in send_request
    self.send_content(connection, request_body)
  File "/usr/lib/python3.8/xmlrpc/client.py", line 1308, in send_content
    connection.endheaders(request_body)
  File "/usr/lib/python3.8/http/client.py", line 1251, in endheaders
    self._send_output(message_body, encode_chunked=encode_chunked)
  File "/usr/lib/python3.8/http/client.py", line 1011, in _send_output
    self.send(msg)
  File "/usr/lib/python3.8/http/client.py", line 951, in send
    self.connect()
  File "/usr/lib/python3.8/http/client.py", line 922, in connect
    self.sock = self._create_connection(
  File "/usr/lib/python3.8/socket.py", line 808, in create_connection
    raise err
  File "/usr/lib/python3.8/socket.py", line 796, in create_connection
    sock.connect(sa)
ConnectionRefusedError: [Errno 111] Connection refused

[rosmaster.master][INFO] 2026-08-30 03:07:10,721: -PUB [/rosout] /parameter_validator http://localhost:42531/
[rosmaster.master][INFO] 2026-08-30 03:07:10,722: -SERVICE [/parameter_validator/get_loggers] /parameter_validator rosrpc://localhost:34617
[rosmaster.master][INFO] 2026-08-30 03:07:10,722: -SERVICE [/parameter_validator/set_logger_level] /parameter_validator rosrpc://localhost:34617
[rosmaster.master][INFO] 2026-08-30 03:07:10,749: publisherUpdate[/rosout] -> http://localhost:36221/ []
[rosmaster.master][INFO] 2026-08-30 03:07:10,753: publisherUpdate[/rosout] -> http://localhost:36221/ []: sec=0.00, result=[1, '', 0]
[rosmaster.master][INFO] 2026-08-30 03:07:13,193: -PUB [/rosout_agg] /rosout http://localhost:36221/
[rosmaster.master][INFO] 2026-08-30 03:07:13,200: -SUB [/rosout] /rosout http://localhost:36221/
[rosmaster.master][INFO] 2026-08-30 03:07:13,202: -SERVICE [/rosout/get_loggers] /rosout rosrpc://localhost:36843
[rosmaster.master][INFO] 2026-08-30 03:07:13,203: -SERVICE [/rosout/set_logger_level] /rosout rosrpc://localhost:36843
[rosmaster.master][INFO] 2026-08-30 03:07:13,207: -CACHEDPARAM [/rosout/omit_topics] by /rosout
[rosmaster.main][INFO] 2026-08-30 03:07:13,396: keyboard interrupt, will exit
[rosmaster.main][INFO] 2026-08-30 03:07:13,397: stopping master...
[rospy.core][INFO] 2026-08-30 03:07:13,398: signal_shutdown [atexit]
