

1788085082.428771936  Node Startup
1788085085.527335643 INFO /command_interpreter [command_interpreter.py:65(CommandInterpreter.__init__)] [topics: /drone_control/command_response, /drone_control/command, /command_interpreter/node_health, /rosout] Command Interpreter initialized
1788085085.572418212 INFO /camera_calibration [camera_calibration.py:29(CameraCalibration.__init__)] [topics: /camera/camera_info, /rosout, /tf] Camera calibration node started
1788085085.850079774 INFO /parameter_validator [parameter_validator.py:65(ParameterValidator.__init__)] [topics: /rosout] Parameter validator initialized successfully
1788085086.233869075 INFO /vehicle_state_monitor [vehicle_state_monitor.py:83(VehicleStateMonitor.__init__)] [topics: /drone_status, /diagnostic_status, /mavros/state, /battery_percentage, /mavros/battery, /rosout, /vehicle_state_monitor/node_health, /mavros/local_position/velocity] Vehicle State Monitor started
1788085086.652096033 INFO /sensor_fusion [sensor_fusion.py:40(SensorFusion.__init__)] [topics: /mavros/local_position/pose, /mavros/global_position/global, /sensor_fusion/node_health, /rosout, /mavros/imu/data] Sensor Fusion initialized
1788085086.664557456 INFO /mission_manager [mission_manager.py:115(MissionManager.__init__)] [topics: /tracked_targets, /mission_manager/node_health, /drone_control/command, /mission_status, /safety_status, /rosout] Mission Manager initialized
1788085087.590234518 INFO /safety_monitor [safety_monitor.py:78(SafetyMonitor.__init__)] [topics: /mavros/state, /mavros/local_position/velocity, /emergency_triggered, /safety_monitor/node_health, /safety_status, /mavros/local_position/pose, /rosout] Health publisher: /safety_monitor/node_health
1788085087.595583200 INFO /system_health_monitor [system_health_monitor.py:77(SystemHealthMonitor.__init__)] [topics: /performance_metrics, /health/check_all, /system_health, /system_alert, /diagnostic_status, /rosout] System Health Monitor initialized
1788085087.594958782 INFO /health_checker [health_checker.py:58(HealthChecker.__init__)] [topics: /target_tracking_controller/node_health, /vehicle_state_monitor/node_health, /mission_manager/node_health, /yolo_detector/node_health, /safety_monitor/node_health, /rosout, /system_health, /command_interpreter/node_health] Health Checker initialized
1788085090.869736671 WARN /target_tracking_controller [target_tracking_controller.py:103(TargetTrackingController.__init__)] [topics: /mavros/local_position/odom, /mavros/state, /target_tracking_controller/node_health, /rosout, /mavros/setpoint_raw/local, /detected_objects, /tracked_targets, /mission_status, /mavros/setpoint_velocity/cmd_vel_unstamped] MAVROS set_mode service not available: timeout exceeded while waiting for service /mavros/set_mode
1788085092.477626562 WARN /health_checker [health_checker.py:90(HealthChecker._check_health)] [topics: /target_tracking_controller/node_health, /vehicle_state_monitor/node_health, /mission_manager/node_health, /yolo_detector/node_health, /safety_monitor/node_health, /rosout, /system_health, /command_interpreter/node_health] Unhealthy nodes: 2
1788085092.486549615 WARN /health_checker [health_checker.py:92(HealthChecker._check_health)] [topics: /target_tracking_controller/node_health, /vehicle_state_monitor/node_health, /mission_manager/node_health, /yolo_detector/node_health, /safety_monitor/node_health, /rosout, /system_health, /command_interpreter/node_health]   yolo_detector: No health report
1788085092.494662046 WARN /health_checker [health_checker.py:92(HealthChecker._check_health)] [topics: /target_tracking_controller/node_health, /vehicle_state_monitor/node_health, /mission_manager/node_health, /yolo_detector/node_health, /safety_monitor/node_health, /rosout, /system_health, /command_interpreter/node_health]   target_tracking_controller: No health report
1788085092.473900318 INFO /trajectory_planner [trajectory_planner.py:94(TrajectoryPlanner.__init__)] [topics: /mavros/local_position/odom, /mission_status, /tracked_targets, /planner_status, /planned_trajectory, /waypoints, /rosout, /path] Trajectory Planner initialized
1788085092.718926429 INFO /performance_monitor [performance_monitor.py:103(PerformanceMonitor.__init__)] [topics: /performance/benchmark, /diagnostic_status, /rosout, /performance/metrics, /performance/alert, /performance/command, /performance/benchmark_results] Performance Monitor initialized
1788085093.004456758 WARN /target_tracking_controller [target_tracking_controller.py:110(TargetTrackingController.__init__)] [topics: /mavros/local_position/odom, /mavros/state, /target_tracking_controller/node_health, /rosout, /mavros/setpoint_raw/local, /detected_objects, /tracked_targets, /mission_status, /mavros/setpoint_velocity/cmd_vel_unstamped] MAVROS arming service not available: timeout exceeded while waiting for service /mavros/cmd/arming
1788085093.014574766 INFO /target_tracking_controller [target_tracking_controller.py:126(TargetTrackingController.__init__)] [topics: /mavros/local_position/odom, /mavros/state, /target_tracking_controller/node_health, /rosout, /mavros/setpoint_raw/local, /detected_objects, /tracked_targets, /mission_status, /mavros/setpoint_velocity/cmd_vel_unstamped] Target Tracking Controller started in SEARCHING mode
1788085093.056578397 INFO /yolo_detector [yolo_detector.py:97(YOLODetector.__init__)] [topics: /camera/color/image_raw, /drone_control/command, /mission_status, /detected_objects, /command_response, /rosout, /yolo_detector/node_health] Vehicle classes: [2, 3, 5, 6, 7]
1788085094.721027374 INFO /performance_monitor [performance_monitor.py:121(PerformanceMonitor.start_monitoring)] [topics: /performance/benchmark, /diagnostic_status, /rosout, /performance/metrics, /performance/alert, /performance/command, /performance/benchmark_results] Performance monitoring started
1788085099.727290868 INFO /performance_monitor [performance_monitor.py:381(PerformanceMonitor.benchmark_fps)] [topics: /performance/benchmark, /diagnostic_status, /rosout, /performance/metrics, /performance/alert, /performance/command, /performance/benchmark_results] Running FPS benchmark...
1788085104.731417655 INFO /performance_monitor [performance_monitor.py:414(PerformanceMonitor.benchmark_cpu)] [topics: /performance/benchmark, /diagnostic_status, /rosout, /performance/metrics, /performance/alert, /performance/command, /performance/benchmark_results] Running CPU benchmark...
1788085106.006425142 INFO /performance_monitor [performance_monitor.py:438(PerformanceMonitor.benchmark_memory)] [topics: /performance/benchmark, /diagnostic_status, /rosout, /performance/metrics, /performance/alert, /performance/command, /performance/benchmark_results] Running memory benchmark...
1788085106.730722188 INFO /performance_monitor [performance_monitor.py:474(PerformanceMonitor.benchmark_network)] [topics: /performance/benchmark, /diagnostic_status, /rosout, /performance/metrics, /performance/alert, /performance/command, /performance/benchmark_results] Running network benchmark...
1788085107.909012317 INFO /performance_monitor [performance_monitor.py:520(PerformanceMonitor.benchmark_application)] [topics: /performance/benchmark, /diagnostic_status, /rosout, /performance/metrics, /performance/alert, /performance/command, /performance/benchmark_results] Running application benchmark...
1788085107.972193479 INFO /performance_monitor [performance_monitor.py:373(PerformanceMonitor.run_benchmark)] [topics: /performance/benchmark, /diagnostic_status, /rosout, /performance/metrics, /performance/alert, /performance/command, /performance/benchmark_results] Benchmark completed with overall score: 0.63
1788085107.974344730 INFO /performance_monitor [performance_monitor.py:381(PerformanceMonitor.benchmark_fps)] [topics: /performance/benchmark, /diagnostic_status, /rosout, /performance/metrics, /performance/alert, /performance/command, /performance/benchmark_results] Running FPS benchmark...
1788085112.976845026 INFO /performance_monitor [performance_monitor.py:414(PerformanceMonitor.benchmark_cpu)] [topics: /performance/benchmark, /diagnostic_status, /rosout, /performance/metrics, /performance/alert, /performance/command, /performance/benchmark_results] Running CPU benchmark...
1788085114.288439512 INFO /performance_monitor [performance_monitor.py:438(PerformanceMonitor.benchmark_memory)] [topics: /performance/benchmark, /diagnostic_status, /rosout, /performance/metrics, /performance/alert, /performance/command, /performance/benchmark_results] Running memory benchmark...
1788085114.991929531 INFO /performance_monitor [performance_monitor.py:474(PerformanceMonitor.benchmark_network)] [topics: /performance/benchmark, /diagnostic_status, /rosout, /performance/metrics, /performance/alert, /performance/command, /performance/benchmark_results] Running network benchmark...
1788085116.146748304 INFO /performance_monitor [performance_monitor.py:520(PerformanceMonitor.benchmark_application)] [topics: /performance/benchmark, /diagnostic_status, /rosout, /performance/metrics, /performance/alert, /performance/command, /performance/benchmark_results] Running application benchmark...
1788085116.199101209 INFO /performance_monitor [performance_monitor.py:373(PerformanceMonitor.run_benchmark)] [topics: /performance/benchmark, /diagnostic_status, /rosout, /performance/metrics, /performance/alert, /performance/command, /performance/benchmark_results] Benchmark completed with overall score: 0.63
1788085116.200588703 INFO /performance_monitor [performance_monitor.py:381(PerformanceMonitor.benchmark_fps)] [topics: /performance/benchmark, /diagnostic_status, /rosout, /performance/metrics, /performance/alert, /performance/command, /performance/benchmark_results] Running FPS benchmark...
1788085121.203038930 INFO /performance_monitor [performance_monitor.py:414(PerformanceMonitor.benchmark_cpu)] [topics: /performance/benchmark, /diagnostic_status, /rosout, /performance/metrics, /performance/alert, /performance/command, /performance/benchmark_results] Running CPU benchmark...
1788085122.426149129 INFO /performance_monitor [performance_monitor.py:438(PerformanceMonitor.benchmark_memory)] [topics: /performance/benchmark, /diagnostic_status, /rosout, /performance/metrics, /performance/alert, /performance/command, /performance/benchmark_results] Running memory benchmark...
1788085123.105081796 INFO /performance_monitor [performance_monitor.py:474(PerformanceMonitor.benchmark_network)] [topics: /performance/benchmark, /diagnostic_status, /rosout, /performance/metrics, /performance/alert, /performance/command, /performance/benchmark_results] Running network benchmark...
1788085124.288549661 INFO /performance_monitor [performance_monitor.py:520(PerformanceMonitor.benchmark_application)] [topics: /performance/benchmark, /diagnostic_status, /rosout, /performance/metrics, /performance/alert, /performance/command, /performance/benchmark_results] Running application benchmark...
1788085124.340685367 INFO /performance_monitor [performance_monitor.py:373(PerformanceMonitor.run_benchmark)] [topics: /performance/benchmark, /diagnostic_status, /rosout, /performance/metrics, /performance/alert, /performance/command, /performance/benchmark_results] Benchmark completed with overall score: 0.63
1788085124.342097520 INFO /performance_monitor [performance_monitor.py:381(PerformanceMonitor.benchmark_fps)] [topics: /performance/benchmark, /diagnostic_status, /rosout, /performance/metrics, /performance/alert, /performance/command, /performance/benchmark_results] Running FPS benchmark...
1788085129.343830347 INFO /performance_monitor [performance_monitor.py:414(PerformanceMonitor.benchmark_cpu)] [topics: /performance/benchmark, /diagnostic_status, /rosout, /performance/metrics, /performance/alert, /performance/command, /performance/benchmark_results] Running CPU benchmark...
1788085130.577425479 INFO /performance_monitor [performance_monitor.py:438(PerformanceMonitor.benchmark_memory)] [topics: /performance/benchmark, /diagnostic_status, /rosout, /performance/metrics, /performance/alert, /performance/command, /performance/benchmark_results] Running memory benchmark...
1788085131.269297361 INFO /performance_monitor [performance_monitor.py:474(PerformanceMonitor.benchmark_network)] [topics: /performance/benchmark, /diagnostic_status, /rosout, /performance/metrics, /performance/alert, /performance/command, /performance/benchmark_results] Running network benchmark...
1788085132.454455375 INFO /performance_monitor [performance_monitor.py:520(PerformanceMonitor.benchmark_application)] [topics: /performance/benchmark, /diagnostic_status, /rosout, /performance/metrics, /performance/alert, /performance/command, /performance/benchmark_results] Running application benchmark...
1788085132.505150318 INFO /performance_monitor [performance_monitor.py:373(PerformanceMonitor.run_benchmark)] [topics: /performance/benchmark, /diagnostic_status, /rosout, /performance/metrics, /performance/alert, /performance/command, /performance/benchmark_results] Benchmark completed with overall score: 0.63
1788085132.506706953 INFO /performance_monitor [performance_monitor.py:381(PerformanceMonitor.benchmark_fps)] [topics: /performance/benchmark, /diagnostic_status, /rosout, /performance/metrics, /performance/alert, /performance/command, /performance/benchmark_results] Running FPS benchmark...
1788085137.509749412 INFO /performance_monitor [performance_monitor.py:414(PerformanceMonitor.benchmark_cpu)] [topics: /performance/benchmark, /diagnostic_status, /rosout, /performance/metrics, /performance/alert, /performance/command, /performance/benchmark_results] Running CPU benchmark...
1788085138.775342702 INFO /performance_monitor [performance_monitor.py:438(PerformanceMonitor.benchmark_memory)] [topics: /performance/benchmark, /diagnostic_status, /rosout, /performance/metrics, /performance/alert, /performance/command, /performance/benchmark_results] Running memory benchmark...
1788085139.470719575 INFO /performance_monitor [performance_monitor.py:474(PerformanceMonitor.benchmark_network)] [topics: /performance/benchmark, /diagnostic_status, /rosout, /performance/metrics, /performance/alert, /performance/command, /performance/benchmark_results] Running network benchmark...
1788085140.581476926 INFO /performance_monitor [performance_monitor.py:520(PerformanceMonitor.benchmark_application)] [topics: /performance/benchmark, /diagnostic_status, /rosout, /performance/metrics, /performance/alert, /performance/command, /performance/benchmark_results] Running application benchmark...
1788085140.635237455 INFO /performance_monitor [performance_monitor.py:373(PerformanceMonitor.run_benchmark)] [topics: /performance/benchmark, /diagnostic_status, /rosout, /performance/metrics, /performance/alert, /performance/command, /performance/benchmark_results] Benchmark completed with overall score: 0.63
1788085140.637363910 INFO /performance_monitor [performance_monitor.py:381(PerformanceMonitor.benchmark_fps)] [topics: /performance/benchmark, /diagnostic_status, /rosout, /performance/metrics, /performance/alert, /performance/command, /performance/benchmark_results] Running FPS benchmark...
1788085145.640888929 INFO /performance_monitor [performance_monitor.py:414(PerformanceMonitor.benchmark_cpu)] [topics: /performance/benchmark, /diagnostic_status, /rosout, /performance/metrics, /performance/alert, /performance/command, /performance/benchmark_results] Running CPU benchmark...
1788085146.885163784 INFO /performance_monitor [performance_monitor.py:438(PerformanceMonitor.benchmark_memory)] [topics: /performance/benchmark, /diagnostic_status, /rosout, /performance/metrics, /performance/alert, /performance/command, /performance/benchmark_results] Running memory benchmark...
1788085147.565324544 INFO /performance_monitor [performance_monitor.py:474(PerformanceMonitor.benchmark_network)] [topics: /performance/benchmark, /diagnostic_status, /rosout, /performance/metrics, /performance/alert, /performance/command, /performance/benchmark_results] Running network benchmark...
1788085148.708381175 INFO /performance_monitor [performance_monitor.py:520(PerformanceMonitor.benchmark_application)] [topics: /performance/benchmark, /diagnostic_status, /rosout, /performance/metrics, /performance/alert, /performance/command, /performance/benchmark_results] Running application benchmark...
1788085148.760508060 INFO /performance_monitor [performance_monitor.py:373(PerformanceMonitor.run_benchmark)] [topics: /performance/benchmark, /diagnostic_status, /rosout, /performance/metrics, /performance/alert, /performance/command, /performance/benchmark_results] Benchmark completed with overall score: 0.63
1788085148.763281345 INFO /performance_monitor [performance_monitor.py:381(PerformanceMonitor.benchmark_fps)] [topics: /performance/benchmark, /diagnostic_status, /rosout, /performance/metrics, /performance/alert, /performance/command, /performance/benchmark_results] Running FPS benchmark...
1788085153.769347906 INFO /performance_monitor [performance_monitor.py:414(PerformanceMonitor.benchmark_cpu)] [topics: /performance/benchmark, /diagnostic_status, /rosout, /performance/metrics, /performance/alert, /performance/command, /performance/benchmark_results] Running CPU benchmark...
1788085155.302582502 INFO /performance_monitor [performance_monitor.py:438(PerformanceMonitor.benchmark_memory)] [topics: /performance/benchmark, /diagnostic_status, /rosout, /performance/metrics, /performance/alert, /performance/command, /performance/benchmark_results] Running memory benchmark...
1788085156.000958681 INFO /performance_monitor [performance_monitor.py:474(PerformanceMonitor.benchmark_network)] [topics: /performance/benchmark, /diagnostic_status, /rosout, /performance/metrics, /performance/alert, /performance/command, /performance/benchmark_results] Running network benchmark...
1788085157.212228536 INFO /performance_monitor [performance_monitor.py:520(PerformanceMonitor.benchmark_application)] [topics: /performance/benchmark, /diagnostic_status, /rosout, /performance/metrics, /performance/alert, /performance/command, /performance/benchmark_results] Running application benchmark...
1788085157.265156507 INFO /performance_monitor [performance_monitor.py:373(PerformanceMonitor.run_benchmark)] [topics: /performance/benchmark, /diagnostic_status, /rosout, /performance/metrics, /performance/alert, /performance/command, /performance/benchmark_results] Benchmark completed with overall score: 0.63
1788085157.266657590 INFO /performance_monitor [performance_monitor.py:381(PerformanceMonitor.benchmark_fps)] [topics: /performance/benchmark, /diagnostic_status, /rosout, /performance/metrics, /performance/alert, /performance/command, /performance/benchmark_results] Running FPS benchmark...
1788085162.270215511 INFO /performance_monitor [performance_monitor.py:414(PerformanceMonitor.benchmark_cpu)] [topics: /performance/benchmark, /diagnostic_status, /rosout, /performance/metrics, /performance/alert, /performance/command, /performance/benchmark_results] Running CPU benchmark...
1788085163.545578002 INFO /performance_monitor [performance_monitor.py:438(PerformanceMonitor.benchmark_memory)] [topics: /performance/benchmark, /diagnostic_status, /rosout, /performance/metrics, /performance/alert, /performance/command, /performance/benchmark_results] Running memory benchmark...
1788085164.243565559 INFO /performance_monitor [performance_monitor.py:474(PerformanceMonitor.benchmark_network)] [topics: /performance/benchmark, /diagnostic_status, /rosout, /performance/metrics, /performance/alert, /performance/command, /performance/benchmark_results] Running network benchmark...
1788085165.445311307 INFO /performance_monitor [performance_monitor.py:520(PerformanceMonitor.benchmark_application)] [topics: /performance/benchmark, /diagnostic_status, /rosout, /performance/metrics, /performance/alert, /performance/command, /performance/benchmark_results] Running application benchmark...
1788085165.501702070 INFO /performance_monitor [performance_monitor.py:373(PerformanceMonitor.run_benchmark)] [topics: /performance/benchmark, /diagnostic_status, /rosout, /performance/metrics, /performance/alert, /performance/command, /performance/benchmark_results] Benchmark completed with overall score: 0.63
1788085165.502984046 INFO /performance_monitor [performance_monitor.py:381(PerformanceMonitor.benchmark_fps)] [topics: /performance/benchmark, /diagnostic_status, /rosout, /performance/metrics, /performance/alert, /performance/command, /performance/benchmark_results] Running FPS benchmark...
1788085170.505428791 INFO /performance_monitor [performance_monitor.py:414(PerformanceMonitor.benchmark_cpu)] [topics: /performance/benchmark, /diagnostic_status, /rosout, /performance/metrics, /performance/alert, /performance/command, /performance/benchmark_results] Running CPU benchmark...
1788085171.775578975 INFO /performance_monitor [performance_monitor.py:438(PerformanceMonitor.benchmark_memory)] [topics: /performance/benchmark, /diagnostic_status, /rosout, /performance/metrics, /performance/alert, /performance/command, /performance/benchmark_results] Running memory benchmark...
1788085172.477386236 INFO /performance_monitor [performance_monitor.py:474(PerformanceMonitor.benchmark_network)] [topics: /performance/benchmark, /diagnostic_status, /rosout, /performance/metrics, /performance/alert, /performance/command, /performance/benchmark_results] Running network benchmark...
1788085173.637911081 INFO /performance_monitor [performance_monitor.py:520(PerformanceMonitor.benchmark_application)] [topics: /performance/benchmark, /diagnostic_status, /rosout, /performance/metrics, /performance/alert, /performance/command, /performance/benchmark_results] Running application benchmark...
1788085173.686185121 INFO /performance_monitor [performance_monitor.py:373(PerformanceMonitor.run_benchmark)] [topics: /performance/benchmark, /diagnostic_status, /rosout, /performance/metrics, /performance/alert, /performance/command, /performance/benchmark_results] Benchmark completed with overall score: 0.63
1788085173.687433719 INFO /performance_monitor [performance_monitor.py:381(PerformanceMonitor.benchmark_fps)] [topics: /performance/benchmark, /diagnostic_status, /rosout, /performance/metrics, /performance/alert, /performance/command, /performance/benchmark_results] Running FPS benchmark...
1788085178.689606904 INFO /performance_monitor [performance_monitor.py:414(PerformanceMonitor.benchmark_cpu)] [topics: /performance/benchmark, /diagnostic_status, /rosout, /performance/metrics, /performance/alert, /performance/command, /performance/benchmark_results] Running CPU benchmark...
1788085179.935217857 INFO /performance_monitor [performance_monitor.py:438(PerformanceMonitor.benchmark_memory)] [topics: /performance/benchmark, /diagnostic_status, /rosout, /performance/metrics, /performance/alert, /performance/command, /performance/benchmark_results] Running memory benchmark...
1788085180.660052299 INFO /performance_monitor [performance_monitor.py:474(PerformanceMonitor.benchmark_network)] [topics: /performance/benchmark, /diagnostic_status, /rosout, /performance/metrics, /performance/alert, /performance/command, /performance/benchmark_results] Running network benchmark...
1788085181.807385206 INFO /performance_monitor [performance_monitor.py:520(PerformanceMonitor.benchmark_application)] [topics: /performance/benchmark, /diagnostic_status, /rosout, /performance/metrics, /performance/alert, /performance/command, /performance/benchmark_results] Running application benchmark...
1788085181.860566616 INFO /performance_monitor [performance_monitor.py:373(PerformanceMonitor.run_benchmark)] [topics: /performance/benchmark, /diagnostic_status, /rosout, /performance/metrics, /performance/alert, /performance/command, /performance/benchmark_results] Benchmark completed with overall score: 0.63
1788085181.862021684 INFO /performance_monitor [performance_monitor.py:381(PerformanceMonitor.benchmark_fps)] [topics: /performance/benchmark, /diagnostic_status, /rosout, /performance/metrics, /performance/alert, /performance/command, /performance/benchmark_results] Running FPS benchmark...
1788085186.865869522 INFO /performance_monitor [performance_monitor.py:414(PerformanceMonitor.benchmark_cpu)] [topics: /performance/benchmark, /diagnostic_status, /rosout, /performance/metrics, /performance/alert, /performance/command, /performance/benchmark_results] Running CPU benchmark...
1788085188.108805179 INFO /performance_monitor [performance_monitor.py:438(PerformanceMonitor.benchmark_memory)] [topics: /performance/benchmark, /diagnostic_status, /rosout, /performance/metrics, /performance/alert, /performance/command, /performance/benchmark_results] Running memory benchmark...
1788085188.793107032 INFO /performance_monitor [performance_monitor.py:474(PerformanceMonitor.benchmark_network)] [topics: /performance/benchmark, /diagnostic_status, /rosout, /performance/metrics, /performance/alert, /performance/command, /performance/benchmark_results] Running network benchmark...
1788085189.978313207 INFO /performance_monitor [performance_monitor.py:520(PerformanceMonitor.benchmark_application)] [topics: /performance/benchmark, /diagnostic_status, /rosout, /performance/metrics, /performance/alert, /performance/command, /performance/benchmark_results] Running application benchmark...
1788085190.033436059 INFO /performance_monitor [performance_monitor.py:373(PerformanceMonitor.run_benchmark)] [topics: /performance/benchmark, /diagnostic_status, /rosout, /performance/metrics, /performance/alert, /performance/command, /performance/benchmark_results] Benchmark completed with overall score: 0.63
1788085190.036343812 INFO /performance_monitor [performance_monitor.py:381(PerformanceMonitor.benchmark_fps)] [topics: /performance/benchmark, /diagnostic_status, /rosout, /performance/metrics, /performance/alert, /performance/command, /performance/benchmark_results] Running FPS benchmark...
1788085195.041275739 INFO /performance_monitor [performance_monitor.py:414(PerformanceMonitor.benchmark_cpu)] [topics: /performance/benchmark, /diagnostic_status, /rosout, /performance/metrics, /performance/alert, /performance/command, /performance/benchmark_results] Running CPU benchmark...
1788085196.335247755 INFO /performance_monitor [performance_monitor.py:438(PerformanceMonitor.benchmark_memory)] [topics: /performance/benchmark, /diagnostic_status, /rosout, /performance/metrics, /performance/alert, /performance/command, /performance/benchmark_results] Running memory benchmark...
1788085197.024296522 INFO /performance_monitor [performance_monitor.py:474(PerformanceMonitor.benchmark_network)] [topics: /performance/benchmark, /diagnostic_status, /rosout, /performance/metrics, /performance/alert, /performance/command, /performance/benchmark_results] Running network benchmark...
1788085198.163393020 INFO /performance_monitor [performance_monitor.py:520(PerformanceMonitor.benchmark_application)] [topics: /performance/benchmark, /diagnostic_status, /rosout, /performance/metrics, /performance/alert, /performance/command, /performance/benchmark_results] Running application benchmark...
1788085198.209526062 INFO /performance_monitor [performance_monitor.py:373(PerformanceMonitor.run_benchmark)] [topics: /performance/benchmark, /diagnostic_status, /rosout, /performance/metrics, /performance/alert, /performance/command, /performance/benchmark_results] Benchmark completed with overall score: 0.63
1788085198.211504459 INFO /performance_monitor [performance_monitor.py:381(PerformanceMonitor.benchmark_fps)] [topics: /performance/benchmark, /diagnostic_status, /rosout, /performance/metrics, /performance/alert, /performance/command, /performance/benchmark_results] Running FPS benchmark...
1788085203.217941999 INFO /performance_monitor [performance_monitor.py:414(PerformanceMonitor.benchmark_cpu)] [topics: /performance/benchmark, /diagnostic_status, /rosout, /performance/metrics, /performance/alert, /performance/command, /performance/benchmark_results] Running CPU benchmark...
1788085204.457732200 INFO /performance_monitor [performance_monitor.py:438(PerformanceMonitor.benchmark_memory)] [topics: /performance/benchmark, /diagnostic_status, /rosout, /performance/metrics, /performance/alert, /performance/command, /performance/benchmark_results] Running memory benchmark...
1788085205.144973278 INFO /performance_monitor [performance_monitor.py:474(PerformanceMonitor.benchmark_network)] [topics: /performance/benchmark, /diagnostic_status, /rosout, /performance/metrics, /performance/alert, /performance/command, /performance/benchmark_results] Running network benchmark...
1788085206.313575744 INFO /performance_monitor [performance_monitor.py:520(PerformanceMonitor.benchmark_application)] [topics: /performance/benchmark, /diagnostic_status, /rosout, /performance/metrics, /performance/alert, /performance/command, /performance/benchmark_results] Running application benchmark...
1788085206.369582891 INFO /performance_monitor [performance_monitor.py:373(PerformanceMonitor.run_benchmark)] [topics: /performance/benchmark, /diagnostic_status, /rosout, /performance/metrics, /performance/alert, /performance/command, /performance/benchmark_results] Benchmark completed with overall score: 0.63
1788085206.371049404 INFO /performance_monitor [performance_monitor.py:381(PerformanceMonitor.benchmark_fps)] [topics: /performance/benchmark, /diagnostic_status, /rosout, /performance/metrics, /performance/alert, /performance/command, /performance/benchmark_results] Running FPS benchmark...
1788085211.373551607 INFO /performance_monitor [performance_monitor.py:414(PerformanceMonitor.benchmark_cpu)] [topics: /performance/benchmark, /diagnostic_status, /rosout, /performance/metrics, /performance/alert, /performance/command, /performance/benchmark_results] Running CPU benchmark...
1788085212.651250600 INFO /performance_monitor [performance_monitor.py:438(PerformanceMonitor.benchmark_memory)] [topics: /performance/benchmark, /diagnostic_status, /rosout, /performance/metrics, /performance/alert, /performance/command, /performance/benchmark_results] Running memory benchmark...
1788085213.420081615 INFO /performance_monitor [performance_monitor.py:474(PerformanceMonitor.benchmark_network)] [topics: /performance/benchmark, /diagnostic_status, /rosout, /performance/metrics, /performance/alert, /performance/command, /performance/benchmark_results] Running network benchmark...
1788085214.629013299 INFO /performance_monitor [performance_monitor.py:520(PerformanceMonitor.benchmark_application)] [topics: /performance/benchmark, /diagnostic_status, /rosout, /performance/metrics, /performance/alert, /performance/command, /performance/benchmark_results] Running application benchmark...
1788085214.680385351 INFO /performance_monitor [performance_monitor.py:373(PerformanceMonitor.run_benchmark)] [topics: /performance/benchmark, /diagnostic_status, /rosout, /performance/metrics, /performance/alert, /performance/command, /performance/benchmark_results] Benchmark completed with overall score: 0.63
1788085214.681990146 INFO /performance_monitor [performance_monitor.py:381(PerformanceMonitor.benchmark_fps)] [topics: /performance/benchmark, /diagnostic_status, /rosout, /performance/metrics, /performance/alert, /performance/command, /performance/benchmark_results] Running FPS benchmark...
1788085219.686413049 INFO /performance_monitor [performance_monitor.py:414(PerformanceMonitor.benchmark_cpu)] [topics: /performance/benchmark, /diagnostic_status, /rosout, /performance/metrics, /performance/alert, /performance/command, /performance/benchmark_results] Running CPU benchmark...
1788085220.926601409 INFO /performance_monitor [performance_monitor.py:438(PerformanceMonitor.benchmark_memory)] [topics: /performance/benchmark, /diagnostic_status, /rosout, /performance/metrics, /performance/alert, /performance/command, /performance/benchmark_results] Running memory benchmark...
1788085221.612067937 INFO /performance_monitor [performance_monitor.py:474(PerformanceMonitor.benchmark_network)] [topics: /performance/benchmark, /diagnostic_status, /rosout, /performance/metrics, /performance/alert, /performance/command, /performance/benchmark_results] Running network benchmark...
1788085222.805241107 INFO /performance_monitor [performance_monitor.py:520(PerformanceMonitor.benchmark_application)] [topics: /performance/benchmark, /diagnostic_status, /rosout, /performance/metrics, /performance/alert, /performance/command, /performance/benchmark_results] Running application benchmark...
1788085222.857628345 INFO /performance_monitor [performance_monitor.py:373(PerformanceMonitor.run_benchmark)] [topics: /performance/benchmark, /diagnostic_status, /rosout, /performance/metrics, /performance/alert, /performance/command, /performance/benchmark_results] Benchmark completed with overall score: 0.63
1788085222.859184265 INFO /performance_monitor [performance_monitor.py:381(PerformanceMonitor.benchmark_fps)] [topics: /performance/benchmark, /diagnostic_status, /rosout, /performance/metrics, /performance/alert, /performance/command, /performance/benchmark_results] Running FPS benchmark...
1788085227.862666845 INFO /performance_monitor [performance_monitor.py:414(PerformanceMonitor.benchmark_cpu)] [topics: /performance/benchmark, /diagnostic_status, /rosout, /performance/metrics, /performance/alert, /performance/command, /performance/benchmark_results] Running CPU benchmark...
1788085229.091871023 INFO /performance_monitor [performance_monitor.py:438(PerformanceMonitor.benchmark_memory)] [topics: /performance/benchmark, /diagnostic_status, /rosout, /performance/metrics, /performance/alert, /performance/command, /performance/benchmark_results] Running memory benchmark...
1788085229.808429002 INFO /performance_monitor [performance_monitor.py:474(PerformanceMonitor.benchmark_network)] [topics: /performance/benchmark, /diagnostic_status, /rosout, /performance/metrics, /performance/alert, /performance/command, /performance/benchmark_results] Running network benchmark...
1788085230.985185384 INFO /performance_monitor [performance_monitor.py:520(PerformanceMonitor.benchmark_application)] [topics: /performance/benchmark, /diagnostic_status, /rosout, /performance/metrics, /performance/alert, /performance/command, /performance/benchmark_results] Running application benchmark...
1788085231.039209365 INFO /performance_monitor [performance_monitor.py:373(PerformanceMonitor.run_benchmark)] [topics: /performance/benchmark, /diagnostic_status, /rosout, /performance/metrics, /performance/alert, /performance/command, /performance/benchmark_results] Benchmark completed with overall score: 0.63
1788085231.041761398 INFO /performance_monitor [performance_monitor.py:381(PerformanceMonitor.benchmark_fps)] [topics: /performance/benchmark, /diagnostic_status, /rosout, /performance/metrics, /performance/alert, /performance/command, /performance/benchmark_results] Running FPS benchmark...
1788085236.045893669 INFO /performance_monitor [performance_monitor.py:414(PerformanceMonitor.benchmark_cpu)] [topics: /performance/benchmark, /diagnostic_status, /rosout, /performance/metrics, /performance/alert, /performance/command, /performance/benchmark_results] Running CPU benchmark...
1788085237.705524206 INFO /performance_monitor [performance_monitor.py:438(PerformanceMonitor.benchmark_memory)] [topics: /performance/benchmark, /diagnostic_status, /rosout, /performance/metrics, /performance/alert, /performance/command, /performance/benchmark_results] Running memory benchmark...
1788085238.737993001 INFO /performance_monitor [performance_monitor.py:474(PerformanceMonitor.benchmark_network)] [topics: /performance/benchmark, /diagnostic_status, /rosout, /performance/metrics, /performance/alert, /performance/command, /performance/benchmark_results] Running network benchmark...
1788085239.925104856 INFO /performance_monitor [performance_monitor.py:520(PerformanceMonitor.benchmark_application)] [topics: /performance/benchmark, /diagnostic_status, /rosout, /performance/metrics, /performance/alert, /performance/command, /performance/benchmark_results] Running application benchmark...
1788085239.981165409 INFO /performance_monitor [performance_monitor.py:373(PerformanceMonitor.run_benchmark)] [topics: /performance/benchmark, /diagnostic_status, /rosout, /performance/metrics, /performance/alert, /performance/command, /performance/benchmark_results] Benchmark completed with overall score: 0.63
1788085239.983648777 INFO /performance_monitor [performance_monitor.py:381(PerformanceMonitor.benchmark_fps)] [topics: /performance/benchmark, /diagnostic_status, /rosout, /performance/metrics, /performance/alert, /performance/command, /performance/benchmark_results] Running FPS benchmark...
1788085244.986578941 INFO /performance_monitor [performance_monitor.py:414(PerformanceMonitor.benchmark_cpu)] [topics: /performance/benchmark, /diagnostic_status, /rosout, /performance/metrics, /performance/alert, /performance/command, /performance/benchmark_results] Running CPU benchmark...
1788085246.279162406 INFO /performance_monitor [performance_monitor.py:438(PerformanceMonitor.benchmark_memory)] [topics: /performance/benchmark, /diagnostic_status, /rosout, /performance/metrics, /performance/alert, /performance/command, /performance/benchmark_results] Running memory benchmark...
1788085247.020903825 INFO /performance_monitor [performance_monitor.py:474(PerformanceMonitor.benchmark_network)] [topics: /performance/benchmark, /diagnostic_status, /rosout, /performance/metrics, /performance/alert, /performance/command, /performance/benchmark_results] Running network benchmark...
1788085248.216930389 INFO /performance_monitor [performance_monitor.py:520(PerformanceMonitor.benchmark_application)] [topics: /performance/benchmark, /diagnostic_status, /rosout, /performance/metrics, /performance/alert, /performance/command, /performance/benchmark_results] Running application benchmark...
1788085248.266901969 INFO /performance_monitor [performance_monitor.py:373(PerformanceMonitor.run_benchmark)] [topics: /performance/benchmark, /diagnostic_status, /rosout, /performance/metrics, /performance/alert, /performance/command, /performance/benchmark_results] Benchmark completed with overall score: 0.63
1788085248.268400669 INFO /performance_monitor [performance_monitor.py:381(PerformanceMonitor.benchmark_fps)] [topics: /performance/benchmark, /diagnostic_status, /rosout, /performance/metrics, /performance/alert, /performance/command, /performance/benchmark_results] Running FPS benchmark...
1788085253.270761489 INFO /performance_monitor [performance_monitor.py:414(PerformanceMonitor.benchmark_cpu)] [topics: /performance/benchmark, /diagnostic_status, /rosout, /performance/metrics, /performance/alert, /performance/command, /performance/benchmark_results] Running CPU benchmark...
1788085254.504110574 INFO /performance_monitor [performance_monitor.py:438(PerformanceMonitor.benchmark_memory)] [topics: /performance/benchmark, /diagnostic_status, /rosout, /performance/metrics, /performance/alert, /performance/command, /performance/benchmark_results] Running memory benchmark...
1788085255.181929588 INFO /performance_monitor [performance_monitor.py:474(PerformanceMonitor.benchmark_network)] [topics: /performance/benchmark, /diagnostic_status, /rosout, /performance/metrics, /performance/alert, /performance/command, /performance/benchmark_results] Running network benchmark...
1788085256.369944334 INFO /performance_monitor [performance_monitor.py:520(PerformanceMonitor.benchmark_application)] [topics: /performance/benchmark, /diagnostic_status, /rosout, /performance/metrics, /performance/alert, /performance/command, /performance/benchmark_results] Running application benchmark...
1788085256.416711330 INFO /performance_monitor [performance_monitor.py:373(PerformanceMonitor.run_benchmark)] [topics: /performance/benchmark, /diagnostic_status, /rosout, /performance/metrics, /performance/alert, /performance/command, /performance/benchmark_results] Benchmark completed with overall score: 0.63
1788085256.418007612 INFO /performance_monitor [performance_monitor.py:381(PerformanceMonitor.benchmark_fps)] [topics: /performance/benchmark, /diagnostic_status, /rosout, /performance/metrics, /performance/alert, /performance/command, /performance/benchmark_results] Running FPS benchmark...
1788085261.421777009 INFO /performance_monitor [performance_monitor.py:414(PerformanceMonitor.benchmark_cpu)] [topics: /performance/benchmark, /diagnostic_status, /rosout, /performance/metrics, /performance/alert, /performance/command, /performance/benchmark_results] Running CPU benchmark...
1788085262.671785354 INFO /performance_monitor [performance_monitor.py:438(PerformanceMonitor.benchmark_memory)] [topics: /performance/benchmark, /diagnostic_status, /rosout, /performance/metrics, /performance/alert, /performance/command, /performance/benchmark_results] Running memory benchmark...
1788085263.448523044 INFO /performance_monitor [performance_monitor.py:474(PerformanceMonitor.benchmark_network)] [topics: /performance/benchmark, /diagnostic_status, /rosout, /performance/metrics, /performance/alert, /performance/command, /performance/benchmark_results] Running network benchmark...
1788085264.639150619 INFO /performance_monitor [performance_monitor.py:520(PerformanceMonitor.benchmark_application)] [topics: /performance/benchmark, /diagnostic_status, /rosout, /performance/metrics, /performance/alert, /performance/command, /performance/benchmark_results] Running application benchmark...
1788085264.695802927 INFO /performance_monitor [performance_monitor.py:373(PerformanceMonitor.run_benchmark)] [topics: /performance/benchmark, /diagnostic_status, /rosout, /performance/metrics, /performance/alert, /performance/command, /performance/benchmark_results] Benchmark completed with overall score: 0.63
1788085264.698633193 INFO /performance_monitor [performance_monitor.py:381(PerformanceMonitor.benchmark_fps)] [topics: /performance/benchmark, /diagnostic_status, /rosout, /performance/metrics, /performance/alert, /performance/command, /performance/benchmark_results] Running FPS benchmark...
1788085269.704581975 INFO /performance_monitor [performance_monitor.py:414(PerformanceMonitor.benchmark_cpu)] [topics: /performance/benchmark, /diagnostic_status, /rosout, /performance/metrics, /performance/alert, /performance/command, /performance/benchmark_results] Running CPU benchmark...
1788085270.951032876 INFO /performance_monitor [performance_monitor.py:438(PerformanceMonitor.benchmark_memory)] [topics: /performance/benchmark, /diagnostic_status, /rosout, /performance/metrics, /performance/alert, /performance/command, /performance/benchmark_results] Running memory benchmark...
1788085271.744508504 INFO /performance_monitor [performance_monitor.py:474(PerformanceMonitor.benchmark_network)] [topics: /performance/benchmark, /diagnostic_status, /rosout, /performance/metrics, /performance/alert, /performance/command, /performance/benchmark_results] Running network benchmark...
1788085272.963288307 INFO /performance_monitor [performance_monitor.py:520(PerformanceMonitor.benchmark_application)] [topics: /performance/benchmark, /diagnostic_status, /rosout, /performance/metrics, /performance/alert, /performance/command, /performance/benchmark_results] Running application benchmark...
1788085273.027212858 INFO /performance_monitor [performance_monitor.py:373(PerformanceMonitor.run_benchmark)] [topics: /performance/benchmark, /diagnostic_status, /rosout, /performance/metrics, /performance/alert, /performance/command, /performance/benchmark_results] Benchmark completed with overall score: 0.63
1788085273.028572082 INFO /performance_monitor [performance_monitor.py:381(PerformanceMonitor.benchmark_fps)] [topics: /performance/benchmark, /diagnostic_status, /rosout, /performance/metrics, /performance/alert, /performance/command, /performance/benchmark_results] Running FPS benchmark...
1788085278.030949831 INFO /performance_monitor [performance_monitor.py:414(PerformanceMonitor.benchmark_cpu)] [topics: /performance/benchmark, /diagnostic_status, /rosout, /performance/metrics, /performance/alert, /performance/command, /performance/benchmark_results] Running CPU benchmark...
1788085279.266661167 INFO /performance_monitor [performance_monitor.py:438(PerformanceMonitor.benchmark_memory)] [topics: /performance/benchmark, /diagnostic_status, /rosout, /performance/metrics, /performance/alert, /performance/command, /performance/benchmark_results] Running memory benchmark...
1788085279.961203813 INFO /performance_monitor [performance_monitor.py:474(PerformanceMonitor.benchmark_network)] [topics: /performance/benchmark, /diagnostic_status, /rosout, /performance/metrics, /performance/alert, /performance/command, /performance/benchmark_results] Running network benchmark...
1788085281.123974800 INFO /performance_monitor [performance_monitor.py:520(PerformanceMonitor.benchmark_application)] [topics: /performance/benchmark, /diagnostic_status, /rosout, /performance/metrics, /performance/alert, /performance/command, /performance/benchmark_results] Running application benchmark...
1788085281.174510955 INFO /performance_monitor [performance_monitor.py:373(PerformanceMonitor.run_benchmark)] [topics: /performance/benchmark, /diagnostic_status, /rosout, /performance/metrics, /performance/alert, /performance/command, /performance/benchmark_results] Benchmark completed with overall score: 0.63
1788085281.177417278 INFO /performance_monitor [performance_monitor.py:381(PerformanceMonitor.benchmark_fps)] [topics: /performance/benchmark, /diagnostic_status, /rosout, /performance/metrics, /performance/alert, /performance/command, /performance/benchmark_results] Running FPS benchmark...
1788085286.183155775 INFO /performance_monitor [performance_monitor.py:414(PerformanceMonitor.benchmark_cpu)] [topics: /performance/benchmark, /diagnostic_status, /rosout, /performance/metrics, /performance/alert, /performance/command, /performance/benchmark_results] Running CPU benchmark...
1788085287.508445739 INFO /performance_monitor [performance_monitor.py:438(PerformanceMonitor.benchmark_memory)] [topics: /performance/benchmark, /diagnostic_status, /rosout, /performance/metrics, /performance/alert, /performance/command, /performance/benchmark_results] Running memory benchmark...
1788085288.265144586 INFO /performance_monitor [performance_monitor.py:474(PerformanceMonitor.benchmark_network)] [topics: /performance/benchmark, /diagnostic_status, /rosout, /performance/metrics, /performance/alert, /performance/command, /performance/benchmark_results] Running network benchmark...
1788085289.464218139 INFO /performance_monitor [performance_monitor.py:520(PerformanceMonitor.benchmark_application)] [topics: /performance/benchmark, /diagnostic_status, /rosout, /performance/metrics, /performance/alert, /performance/command, /performance/benchmark_results] Running application benchmark...
1788085289.531447887 INFO /performance_monitor [performance_monitor.py:373(PerformanceMonitor.run_benchmark)] [topics: /performance/benchmark, /diagnostic_status, /rosout, /performance/metrics, /performance/alert, /performance/command, /performance/benchmark_results] Benchmark completed with overall score: 0.63
1788085289.535059213 INFO /performance_monitor [performance_monitor.py:381(PerformanceMonitor.benchmark_fps)] [topics: /performance/benchmark, /diagnostic_status, /rosout, /performance/metrics, /performance/alert, /performance/command, /performance/benchmark_results] Running FPS benchmark...
1788085294.537571668 INFO /performance_monitor [performance_monitor.py:414(PerformanceMonitor.benchmark_cpu)] [topics: /performance/benchmark, /diagnostic_status, /rosout, /performance/metrics, /performance/alert, /performance/command, /performance/benchmark_results] Running CPU benchmark...
1788085295.768000364 INFO /performance_monitor [performance_monitor.py:438(PerformanceMonitor.benchmark_memory)] [topics: /performance/benchmark, /diagnostic_status, /rosout, /performance/metrics, /performance/alert, /performance/command, /performance/benchmark_results] Running memory benchmark...
1788085296.511379241 INFO /performance_monitor [performance_monitor.py:474(PerformanceMonitor.benchmark_network)] [topics: /performance/benchmark, /diagnostic_status, /rosout, /performance/metrics, /performance/alert, /performance/command, /performance/benchmark_results] Running network benchmark...
1788085297.685341119 INFO /performance_monitor [performance_monitor.py:520(PerformanceMonitor.benchmark_application)] [topics: /performance/benchmark, /diagnostic_status, /rosout, /performance/metrics, /performance/alert, /performance/command, /performance/benchmark_results] Running application benchmark...
1788085297.751143217 INFO /performance_monitor [performance_monitor.py:373(PerformanceMonitor.run_benchmark)] [topics: /performance/benchmark, /diagnostic_status, /rosout, /performance/metrics, /performance/alert, /performance/command, /performance/benchmark_results] Benchmark completed with overall score: 0.63
1788085297.753488302 INFO /performance_monitor [performance_monitor.py:381(PerformanceMonitor.benchmark_fps)] [topics: /performance/benchmark, /diagnostic_status, /rosout, /performance/metrics, /performance/alert, /performance/command, /performance/benchmark_results] Running FPS benchmark...
1788085302.756637096 INFO /performance_monitor [performance_monitor.py:414(PerformanceMonitor.benchmark_cpu)] [topics: /performance/benchmark, /diagnostic_status, /rosout, /performance/metrics, /performance/alert, /performance/command, /performance/benchmark_results] Running CPU benchmark...
1788085304.004406929 INFO /performance_monitor [performance_monitor.py:438(PerformanceMonitor.benchmark_memory)] [topics: /performance/benchmark, /diagnostic_status, /rosout, /performance/metrics, /performance/alert, /performance/command, /performance/benchmark_results] Running memory benchmark...
1788085304.697162389 INFO /performance_monitor [performance_monitor.py:474(PerformanceMonitor.benchmark_network)] [topics: /performance/benchmark, /diagnostic_status, /rosout, /performance/metrics, /performance/alert, /performance/command, /performance/benchmark_results] Running network benchmark...
1788085305.911670446 INFO /performance_monitor [performance_monitor.py:520(PerformanceMonitor.benchmark_application)] [topics: /performance/benchmark, /diagnostic_status, /rosout, /performance/metrics, /performance/alert, /performance/command, /performance/benchmark_results] Running application benchmark...
1788085305.967592477 INFO /performance_monitor [performance_monitor.py:373(PerformanceMonitor.run_benchmark)] [topics: /performance/benchmark, /diagnostic_status, /rosout, /performance/metrics, /performance/alert, /performance/command, /performance/benchmark_results] Benchmark completed with overall score: 0.63
1788085305.969175338 INFO /performance_monitor [performance_monitor.py:381(PerformanceMonitor.benchmark_fps)] [topics: /performance/benchmark, /diagnostic_status, /rosout, /performance/metrics, /performance/alert, /performance/command, /performance/benchmark_results] Running FPS benchmark...
1788085310.972274541 INFO /performance_monitor [performance_monitor.py:414(PerformanceMonitor.benchmark_cpu)] [topics: /performance/benchmark, /diagnostic_status, /rosout, /performance/metrics, /performance/alert, /performance/command, /performance/benchmark_results] Running CPU benchmark...
1788085312.225296974 INFO /performance_monitor [performance_monitor.py:438(PerformanceMonitor.benchmark_memory)] [topics: /performance/benchmark, /diagnostic_status, /rosout, /performance/metrics, /performance/alert, /performance/command, /performance/benchmark_results] Running memory benchmark...
1788085312.917169094 INFO /performance_monitor [performance_monitor.py:474(PerformanceMonitor.benchmark_network)] [topics: /performance/benchmark, /diagnostic_status, /rosout, /performance/metrics, /performance/alert, /performance/command, /performance/benchmark_results] Running network benchmark...
1788085314.118223428 INFO /performance_monitor [performance_monitor.py:520(PerformanceMonitor.benchmark_application)] [topics: /performance/benchmark, /diagnostic_status, /rosout, /performance/metrics, /performance/alert, /performance/command, /performance/benchmark_results] Running application benchmark...
1788085314.171633720 INFO /performance_monitor [performance_monitor.py:373(PerformanceMonitor.run_benchmark)] [topics: /performance/benchmark, /diagnostic_status, /rosout, /performance/metrics, /performance/alert, /performance/command, /performance/benchmark_results] Benchmark completed with overall score: 0.63
1788085314.172957897 INFO /performance_monitor [performance_monitor.py:381(PerformanceMonitor.benchmark_fps)] [topics: /performance/benchmark, /diagnostic_status, /rosout, /performance/metrics, /performance/alert, /performance/command, /performance/benchmark_results] Running FPS benchmark...
1788085319.176494121 INFO /performance_monitor [performance_monitor.py:414(PerformanceMonitor.benchmark_cpu)] [topics: /performance/benchmark, /diagnostic_status, /rosout, /performance/metrics, /performance/alert, /performance/command, /performance/benchmark_results] Running CPU benchmark...
1788085320.437602281 INFO /performance_monitor [performance_monitor.py:438(PerformanceMonitor.benchmark_memory)] [topics: /performance/benchmark, /diagnostic_status, /rosout, /performance/metrics, /performance/alert, /performance/command, /performance/benchmark_results] Running memory benchmark...
1788085321.119804382 INFO /performance_monitor [performance_monitor.py:474(PerformanceMonitor.benchmark_network)] [topics: /performance/benchmark, /diagnostic_status, /rosout, /performance/metrics, /performance/alert, /performance/command, /performance/benchmark_results] Running network benchmark...
1788085322.270263195 INFO /performance_monitor [performance_monitor.py:520(PerformanceMonitor.benchmark_application)] [topics: /performance/benchmark, /diagnostic_status, /rosout, /performance/metrics, /performance/alert, /performance/command, /performance/benchmark_results] Running application benchmark...
1788085322.332688808 INFO /performance_monitor [performance_monitor.py:373(PerformanceMonitor.run_benchmark)] [topics: /performance/benchmark, /diagnostic_status, /rosout, /performance/metrics, /performance/alert, /performance/command, /performance/benchmark_results] Benchmark completed with overall score: 0.63
1788085322.334635257 INFO /performance_monitor [performance_monitor.py:381(PerformanceMonitor.benchmark_fps)] [topics: /performance/benchmark, /diagnostic_status, /rosout, /performance/metrics, /performance/alert, /performance/command, /performance/benchmark_results] Running FPS benchmark...
1788085327.336820840 INFO /performance_monitor [performance_monitor.py:414(PerformanceMonitor.benchmark_cpu)] [topics: /performance/benchmark, /diagnostic_status, /rosout, /performance/metrics, /performance/alert, /performance/command, /performance/benchmark_results] Running CPU benchmark...
1788085328.594994068 INFO /performance_monitor [performance_monitor.py:438(PerformanceMonitor.benchmark_memory)] [topics: /performance/benchmark, /diagnostic_status, /rosout, /performance/metrics, /performance/alert, /performance/command, /performance/benchmark_results] Running memory benchmark...
1788085329.305222511 INFO /performance_monitor [performance_monitor.py:474(PerformanceMonitor.benchmark_network)] [topics: /performance/benchmark, /diagnostic_status, /rosout, /performance/metrics, /performance/alert, /performance/command, /performance/benchmark_results] Running network benchmark...
1788085330.469774007 INFO /performance_monitor [performance_monitor.py:520(PerformanceMonitor.benchmark_application)] [topics: /performance/benchmark, /diagnostic_status, /rosout, /performance/metrics, /performance/alert, /performance/command, /performance/benchmark_results] Running application benchmark...
1788085330.523869514 INFO /performance_monitor [performance_monitor.py:373(PerformanceMonitor.run_benchmark)] [topics: /performance/benchmark, /diagnostic_status, /rosout, /performance/metrics, /performance/alert, /performance/command, /performance/benchmark_results] Benchmark completed with overall score: 0.63
1788085330.525300502 INFO /performance_monitor [performance_monitor.py:381(PerformanceMonitor.benchmark_fps)] [topics: /performance/benchmark, /diagnostic_status, /rosout, /performance/metrics, /performance/alert, /performance/command, /performance/benchmark_results] Running FPS benchmark...
1788085335.529840946 INFO /performance_monitor [performance_monitor.py:414(PerformanceMonitor.benchmark_cpu)] [topics: /performance/benchmark, /diagnostic_status, /rosout, /performance/metrics, /performance/alert, /performance/command, /performance/benchmark_results] Running CPU benchmark...
1788085336.822976589 INFO /performance_monitor [performance_monitor.py:438(PerformanceMonitor.benchmark_memory)] [topics: /performance/benchmark, /diagnostic_status, /rosout, /performance/metrics, /performance/alert, /performance/command, /performance/benchmark_results] Running memory benchmark...
1788085337.526865720 INFO /performance_monitor [performance_monitor.py:474(PerformanceMonitor.benchmark_network)] [topics: /performance/benchmark, /diagnostic_status, /rosout, /performance/metrics, /performance/alert, /performance/command, /performance/benchmark_results] Running network benchmark...
1788085338.737716674 INFO /performance_monitor [performance_monitor.py:520(PerformanceMonitor.benchmark_application)] [topics: /performance/benchmark, /diagnostic_status, /rosout, /performance/metrics, /performance/alert, /performance/command, /performance/benchmark_results] Running application benchmark...
1788085338.817262411 INFO /performance_monitor [performance_monitor.py:373(PerformanceMonitor.run_benchmark)] [topics: /performance/benchmark, /diagnostic_status, /rosout, /performance/metrics, /performance/alert, /performance/command, /performance/benchmark_results] Benchmark completed with overall score: 0.63
1788085338.820873260 INFO /performance_monitor [performance_monitor.py:381(PerformanceMonitor.benchmark_fps)] [topics: /performance/benchmark, /diagnostic_status, /rosout, /performance/metrics, /performance/alert, /performance/command, /performance/benchmark_results] Running FPS benchmark...
1788085343.823473691 INFO /performance_monitor [performance_monitor.py:414(PerformanceMonitor.benchmark_cpu)] [topics: /performance/benchmark, /diagnostic_status, /rosout, /performance/metrics, /performance/alert, /performance/command, /performance/benchmark_results] Running CPU benchmark...
1788085345.085287094 INFO /performance_monitor [performance_monitor.py:438(PerformanceMonitor.benchmark_memory)] [topics: /performance/benchmark, /diagnostic_status, /rosout, /performance/metrics, /performance/alert, /performance/command, /performance/benchmark_results] Running memory benchmark...
1788085345.796840190 INFO /performance_monitor [performance_monitor.py:474(PerformanceMonitor.benchmark_network)] [topics: /performance/benchmark, /diagnostic_status, /rosout, /performance/metrics, /performance/alert, /performance/command, /performance/benchmark_results] Running network benchmark...
1788085346.992564439 INFO /performance_monitor [performance_monitor.py:520(PerformanceMonitor.benchmark_application)] [topics: /performance/benchmark, /diagnostic_status, /rosout, /performance/metrics, /performance/alert, /performance/command, /performance/benchmark_results] Running application benchmark...
1788085347.043500661 INFO /performance_monitor [performance_monitor.py:373(PerformanceMonitor.run_benchmark)] [topics: /performance/benchmark, /diagnostic_status, /rosout, /performance/metrics, /performance/alert, /performance/command, /performance/benchmark_results] Benchmark completed with overall score: 0.63
1788085347.044961690 INFO /performance_monitor [performance_monitor.py:381(PerformanceMonitor.benchmark_fps)] [topics: /performance/benchmark, /diagnostic_status, /rosout, /performance/metrics, /performance/alert, /performance/command, /performance/benchmark_results] Running FPS benchmark...
1788085352.048868417 INFO /performance_monitor [performance_monitor.py:414(PerformanceMonitor.benchmark_cpu)] [topics: /performance/benchmark, /diagnostic_status, /rosout, /performance/metrics, /performance/alert, /performance/command, /performance/benchmark_results] Running CPU benchmark...
1788085353.420035123 INFO /performance_monitor [performance_monitor.py:438(PerformanceMonitor.benchmark_memory)] [topics: /performance/benchmark, /diagnostic_status, /rosout, /performance/metrics, /performance/alert, /performance/command, /performance/benchmark_results] Running memory benchmark...
1788085354.211130857 INFO /performance_monitor [performance_monitor.py:474(PerformanceMonitor.benchmark_network)] [topics: /performance/benchmark, /diagnostic_status, /rosout, /performance/metrics, /performance/alert, /performance/command, /performance/benchmark_results] Running network benchmark...
1788085355.405422925 INFO /performance_monitor [performance_monitor.py:520(PerformanceMonitor.benchmark_application)] [topics: /performance/benchmark, /diagnostic_status, /rosout, /performance/metrics, /performance/alert, /performance/command, /performance/benchmark_results] Running application benchmark...
1788085355.459145307 INFO /performance_monitor [performance_monitor.py:373(PerformanceMonitor.run_benchmark)] [topics: /performance/benchmark, /diagnostic_status, /rosout, /performance/metrics, /performance/alert, /performance/command, /performance/benchmark_results] Benchmark completed with overall score: 0.63
1788085355.463240623 INFO /performance_monitor [performance_monitor.py:381(PerformanceMonitor.benchmark_fps)] [topics: /performance/benchmark, /diagnostic_status, /rosout, /performance/metrics, /performance/alert, /performance/command, /performance/benchmark_results] Running FPS benchmark...
1788085360.466057538 INFO /performance_monitor [performance_monitor.py:414(PerformanceMonitor.benchmark_cpu)] [topics: /performance/benchmark, /diagnostic_status, /rosout, /performance/metrics, /performance/alert, /performance/command, /performance/benchmark_results] Running CPU benchmark...
1788085361.736891984 INFO /performance_monitor [performance_monitor.py:438(PerformanceMonitor.benchmark_memory)] [topics: /performance/benchmark, /diagnostic_status, /rosout, /performance/metrics, /performance/alert, /performance/command, /performance/benchmark_results] Running memory benchmark...
1788085362.425881147 INFO /performance_monitor [performance_monitor.py:474(PerformanceMonitor.benchmark_network)] [topics: /performance/benchmark, /diagnostic_status, /rosout, /performance/metrics, /performance/alert, /performance/command, /performance/benchmark_results] Running network benchmark...
1788085363.622087478 INFO /performance_monitor [performance_monitor.py:520(PerformanceMonitor.benchmark_application)] [topics: /performance/benchmark, /diagnostic_status, /rosout, /performance/metrics, /performance/alert, /performance/command, /performance/benchmark_results] Running application benchmark...
1788085363.674453496 INFO /performance_monitor [performance_monitor.py:373(PerformanceMonitor.run_benchmark)] [topics: /performance/benchmark, /diagnostic_status, /rosout, /performance/metrics, /performance/alert, /performance/command, /performance/benchmark_results] Benchmark completed with overall score: 0.63
1788085363.676733970 INFO /performance_monitor [performance_monitor.py:381(PerformanceMonitor.benchmark_fps)] [topics: /performance/benchmark, /diagnostic_status, /rosout, /performance/metrics, /performance/alert, /performance/command, /performance/benchmark_results] Running FPS benchmark...
1788085368.678447008 INFO /performance_monitor [performance_monitor.py:414(PerformanceMonitor.benchmark_cpu)] [topics: /performance/benchmark, /diagnostic_status, /rosout, /performance/metrics, /performance/alert, /performance/command, /performance/benchmark_results] Running CPU benchmark...
1788085370.097775936 INFO /performance_monitor [performance_monitor.py:438(PerformanceMonitor.benchmark_memory)] [topics: /performance/benchmark, /diagnostic_status, /rosout, /performance/metrics, /performance/alert, /performance/command, /performance/benchmark_results] Running memory benchmark...
1788085370.798311233 INFO /performance_monitor [performance_monitor.py:474(PerformanceMonitor.benchmark_network)] [topics: /performance/benchmark, /diagnostic_status, /rosout, /performance/metrics, /performance/alert, /performance/command, /performance/benchmark_results] Running network benchmark...
1788085372.000010013 INFO /performance_monitor [performance_monitor.py:520(PerformanceMonitor.benchmark_application)] [topics: /performance/benchmark, /diagnostic_status, /rosout, /performance/metrics, /performance/alert, /performance/command, /performance/benchmark_results] Running application benchmark...
1788085372.056204080 INFO /performance_monitor [performance_monitor.py:373(PerformanceMonitor.run_benchmark)] [topics: /performance/benchmark, /diagnostic_status, /rosout, /performance/metrics, /performance/alert, /performance/command, /performance/benchmark_results] Benchmark completed with overall score: 0.63
1788085372.057555437 INFO /performance_monitor [performance_monitor.py:381(PerformanceMonitor.benchmark_fps)] [topics: /performance/benchmark, /diagnostic_status, /rosout, /performance/metrics, /performance/alert, /performance/command, /performance/benchmark_results] Running FPS benchmark...
1788085377.059682846 INFO /performance_monitor [performance_monitor.py:414(PerformanceMonitor.benchmark_cpu)] [topics: /performance/benchmark, /diagnostic_status, /rosout, /performance/metrics, /performance/alert, /performance/command, /performance/benchmark_results] Running CPU benchmark...
1788085378.295090198 INFO /performance_monitor [performance_monitor.py:438(PerformanceMonitor.benchmark_memory)] [topics: /performance/benchmark, /diagnostic_status, /rosout, /performance/metrics, /performance/alert, /performance/command, /performance/benchmark_results] Running memory benchmark...
1788085378.988137960 INFO /performance_monitor [performance_monitor.py:474(PerformanceMonitor.benchmark_network)] [topics: /performance/benchmark, /diagnostic_status, /rosout, /performance/metrics, /performance/alert, /performance/command, /performance/benchmark_results] Running network benchmark...
1788085380.174873590 INFO /performance_monitor [performance_monitor.py:520(PerformanceMonitor.benchmark_application)] [topics: /performance/benchmark, /diagnostic_status, /rosout, /performance/metrics, /performance/alert, /performance/command, /performance/benchmark_results] Running application benchmark...
1788085380.222460269 INFO /performance_monitor [performance_monitor.py:373(PerformanceMonitor.run_benchmark)] [topics: /performance/benchmark, /diagnostic_status, /rosout, /performance/metrics, /performance/alert, /performance/command, /performance/benchmark_results] Benchmark completed with overall score: 0.63
1788085380.223711967 INFO /performance_monitor [performance_monitor.py:381(PerformanceMonitor.benchmark_fps)] [topics: /performance/benchmark, /diagnostic_status, /rosout, /performance/metrics, /performance/alert, /performance/command, /performance/benchmark_results] Running FPS benchmark...
1788085385.225924491 INFO /performance_monitor [performance_monitor.py:414(PerformanceMonitor.benchmark_cpu)] [topics: /performance/benchmark, /diagnostic_status, /rosout, /performance/metrics, /performance/alert, /performance/command, /performance/benchmark_results] Running CPU benchmark...
1788085386.460232257 INFO /performance_monitor [performance_monitor.py:438(PerformanceMonitor.benchmark_memory)] [topics: /performance/benchmark, /diagnostic_status, /rosout, /performance/metrics, /performance/alert, /performance/command, /performance/benchmark_results] Running memory benchmark...
1788085387.194248199 INFO /performance_monitor [performance_monitor.py:474(PerformanceMonitor.benchmark_network)] [topics: /performance/benchmark, /diagnostic_status, /rosout, /performance/metrics, /performance/alert, /performance/command, /performance/benchmark_results] Running network benchmark...
1788085388.374156713 INFO /performance_monitor [performance_monitor.py:520(PerformanceMonitor.benchmark_application)] [topics: /performance/benchmark, /diagnostic_status, /rosout, /performance/metrics, /performance/alert, /performance/command, /performance/benchmark_results] Running application benchmark...
1788085388.420900106 INFO /performance_monitor [performance_monitor.py:373(PerformanceMonitor.run_benchmark)] [topics: /performance/benchmark, /diagnostic_status, /rosout, /performance/metrics, /performance/alert, /performance/command, /performance/benchmark_results] Benchmark completed with overall score: 0.63
1788085388.422145366 INFO /performance_monitor [performance_monitor.py:381(PerformanceMonitor.benchmark_fps)] [topics: /performance/benchmark, /diagnostic_status, /rosout, /performance/metrics, /performance/alert, /performance/command, /performance/benchmark_results] Running FPS benchmark...
1788085393.424546003 INFO /performance_monitor [performance_monitor.py:414(PerformanceMonitor.benchmark_cpu)] [topics: /performance/benchmark, /diagnostic_status, /rosout, /performance/metrics, /performance/alert, /performance/command, /performance/benchmark_results] Running CPU benchmark...
1788085394.700804948 INFO /performance_monitor [performance_monitor.py:438(PerformanceMonitor.benchmark_memory)] [topics: /performance/benchmark, /diagnostic_status, /rosout, /performance/metrics, /performance/alert, /performance/command, /performance/benchmark_results] Running memory benchmark...
1788085395.395167350 INFO /performance_monitor [performance_monitor.py:474(PerformanceMonitor.benchmark_network)] [topics: /performance/benchmark, /diagnostic_status, /rosout, /performance/metrics, /performance/alert, /performance/command, /performance/benchmark_results] Running network benchmark...
1788085396.594964504 INFO /performance_monitor [performance_monitor.py:520(PerformanceMonitor.benchmark_application)] [topics: /performance/benchmark, /diagnostic_status, /rosout, /performance/metrics, /performance/alert, /performance/command, /performance/benchmark_results] Running application benchmark...
1788085396.650116443 INFO /performance_monitor [performance_monitor.py:373(PerformanceMonitor.run_benchmark)] [topics: /performance/benchmark, /diagnostic_status, /rosout, /performance/metrics, /performance/alert, /performance/command, /performance/benchmark_results] Benchmark completed with overall score: 0.63
1788085396.685323953 INFO /performance_monitor [performance_monitor.py:381(PerformanceMonitor.benchmark_fps)] [topics: /performance/benchmark, /diagnostic_status, /rosout, /performance/metrics, /performance/alert, /performance/command, /performance/benchmark_results] Running FPS benchmark...
1788085401.688556432 INFO /performance_monitor [performance_monitor.py:414(PerformanceMonitor.benchmark_cpu)] [topics: /performance/benchmark, /diagnostic_status, /rosout, /performance/metrics, /performance/alert, /performance/command, /performance/benchmark_results] Running CPU benchmark...
1788085402.970994472 INFO /performance_monitor [performance_monitor.py:438(PerformanceMonitor.benchmark_memory)] [topics: /performance/benchmark, /diagnostic_status, /rosout, /performance/metrics, /performance/alert, /performance/command, /performance/benchmark_results] Running memory benchmark...
1788085404.146832942 INFO /performance_monitor [performance_monitor.py:474(PerformanceMonitor.benchmark_network)] [topics: /performance/benchmark, /diagnostic_status, /rosout, /performance/metrics, /performance/alert, /performance/command, /performance/benchmark_results] Running network benchmark...
1788085405.363339662 INFO /performance_monitor [performance_monitor.py:520(PerformanceMonitor.benchmark_application)] [topics: /performance/benchmark, /diagnostic_status, /rosout, /performance/metrics, /performance/alert, /performance/command, /performance/benchmark_results] Running application benchmark...
1788085405.422588825 INFO /performance_monitor [performance_monitor.py:373(PerformanceMonitor.run_benchmark)] [topics: /performance/benchmark, /diagnostic_status, /rosout, /performance/metrics, /performance/alert, /performance/command, /performance/benchmark_results] Benchmark completed with overall score: 0.63
1788085405.424014329 INFO /performance_monitor [performance_monitor.py:381(PerformanceMonitor.benchmark_fps)] [topics: /performance/benchmark, /diagnostic_status, /rosout, /performance/metrics, /performance/alert, /performance/command, /performance/benchmark_results] Running FPS benchmark...
1788085410.428282737 INFO /performance_monitor [performance_monitor.py:414(PerformanceMonitor.benchmark_cpu)] [topics: /performance/benchmark, /diagnostic_status, /rosout, /performance/metrics, /performance/alert, /performance/command, /performance/benchmark_results] Running CPU benchmark...
1788085411.858056306 INFO /performance_monitor [performance_monitor.py:438(PerformanceMonitor.benchmark_memory)] [topics: /performance/benchmark, /diagnostic_status, /rosout, /performance/metrics, /performance/alert, /performance/command, /performance/benchmark_results] Running memory benchmark...
1788085412.657202482 INFO /performance_monitor [performance_monitor.py:474(PerformanceMonitor.benchmark_network)] [topics: /performance/benchmark, /diagnostic_status, /rosout, /performance/metrics, /performance/alert, /performance/command, /performance/benchmark_results] Running network benchmark...
1788085413.839841365 INFO /performance_monitor [performance_monitor.py:520(PerformanceMonitor.benchmark_application)] [topics: /performance/benchmark, /diagnostic_status, /rosout, /performance/metrics, /performance/alert, /performance/command, /performance/benchmark_results] Running application benchmark...
1788085413.894818305 INFO /performance_monitor [performance_monitor.py:373(PerformanceMonitor.run_benchmark)] [topics: /performance/benchmark, /diagnostic_status, /rosout, /performance/metrics, /performance/alert, /performance/command, /performance/benchmark_results] Benchmark completed with overall score: 0.63
1788085413.896938800 INFO /performance_monitor [performance_monitor.py:381(PerformanceMonitor.benchmark_fps)] [topics: /performance/benchmark, /diagnostic_status, /rosout, /performance/metrics, /performance/alert, /performance/command, /performance/benchmark_results] Running FPS benchmark...
1788085418.899712562 INFO /performance_monitor [performance_monitor.py:414(PerformanceMonitor.benchmark_cpu)] [topics: /performance/benchmark, /diagnostic_status, /rosout, /performance/metrics, /performance/alert, /performance/command, /performance/benchmark_results] Running CPU benchmark...
1788085420.196396112 INFO /performance_monitor [performance_monitor.py:438(PerformanceMonitor.benchmark_memory)] [topics: /performance/benchmark, /diagnostic_status, /rosout, /performance/metrics, /performance/alert, /performance/command, /performance/benchmark_results] Running memory benchmark...
1788085420.908444881 INFO /performance_monitor [performance_monitor.py:474(PerformanceMonitor.benchmark_network)] [topics: /performance/benchmark, /diagnostic_status, /rosout, /performance/metrics, /performance/alert, /performance/command, /performance/benchmark_results] Running network benchmark...
1788085422.084812879 INFO /performance_monitor [performance_monitor.py:520(PerformanceMonitor.benchmark_application)] [topics: /performance/benchmark, /diagnostic_status, /rosout, /performance/metrics, /performance/alert, /performance/command, /performance/benchmark_results] Running application benchmark...
1788085422.140450477 INFO /performance_monitor [performance_monitor.py:373(PerformanceMonitor.run_benchmark)] [topics: /performance/benchmark, /diagnostic_status, /rosout, /performance/metrics, /performance/alert, /performance/command, /performance/benchmark_results] Benchmark completed with overall score: 0.63
1788085422.142106294 INFO /performance_monitor [performance_monitor.py:381(PerformanceMonitor.benchmark_fps)] [topics: /performance/benchmark, /diagnostic_status, /rosout, /performance/metrics, /performance/alert, /performance/command, /performance/benchmark_results] Running FPS benchmark...
1788085427.145566225 INFO /performance_monitor [performance_monitor.py:414(PerformanceMonitor.benchmark_cpu)] [topics: /performance/benchmark, /diagnostic_status, /rosout, /performance/metrics, /performance/alert, /performance/command, /performance/benchmark_results] Running CPU benchmark...
1788085428.498650074 INFO /performance_monitor [performance_monitor.py:438(PerformanceMonitor.benchmark_memory)] [topics: /performance/benchmark, /diagnostic_status, /rosout, /performance/metrics, /performance/alert, /performance/command, /performance/benchmark_results] Running memory benchmark...
1788085429.203660964 INFO /performance_monitor [performance_monitor.py:474(PerformanceMonitor.benchmark_network)] [topics: /performance/benchmark, /diagnostic_status, /rosout, /performance/metrics, /performance/alert, /performance/command, /performance/benchmark_results] Running network benchmark...
1788085430.389834165 INFO /performance_monitor [performance_monitor.py:520(PerformanceMonitor.benchmark_application)] [topics: /performance/benchmark, /diagnostic_status, /rosout, /performance/metrics, /performance/alert, /performance/command, /performance/benchmark_results] Running application benchmark...
1788085430.437712669 INFO /performance_monitor [performance_monitor.py:373(PerformanceMonitor.run_benchmark)] [topics: /performance/benchmark, /diagnostic_status, /rosout, /performance/metrics, /performance/alert, /performance/command, /performance/benchmark_results] Benchmark completed with overall score: 0.63
1788085430.439094543 INFO /performance_monitor [performance_monitor.py:381(PerformanceMonitor.benchmark_fps)] [topics: /performance/benchmark, /diagnostic_status, /rosout, /performance/metrics, /performance/alert, /performance/command, /performance/benchmark_results] Running FPS benchmark...
1788085435.445338010 INFO /performance_monitor [performance_monitor.py:414(PerformanceMonitor.benchmark_cpu)] [topics: /performance/benchmark, /diagnostic_status, /rosout, /performance/metrics, /performance/alert, /performance/command, /performance/benchmark_results] Running CPU benchmark...
1788085436.785860061 INFO /performance_monitor [performance_monitor.py:438(PerformanceMonitor.benchmark_memory)] [topics: /performance/benchmark, /diagnostic_status, /rosout, /performance/metrics, /performance/alert, /performance/command, /performance/benchmark_results] Running memory benchmark...
1788085437.473995447 INFO /performance_monitor [performance_monitor.py:474(PerformanceMonitor.benchmark_network)] [topics: /performance/benchmark, /diagnostic_status, /rosout, /performance/metrics, /performance/alert, /performance/command, /performance/benchmark_results] Running network benchmark...
1788085438.657481193 INFO /performance_monitor [performance_monitor.py:520(PerformanceMonitor.benchmark_application)] [topics: /performance/benchmark, /diagnostic_status, /rosout, /performance/metrics, /performance/alert, /performance/command, /performance/benchmark_results] Running application benchmark...
1788085438.705940723 INFO /performance_monitor [performance_monitor.py:373(PerformanceMonitor.run_benchmark)] [topics: /performance/benchmark, /diagnostic_status, /rosout, /performance/metrics, /performance/alert, /performance/command, /performance/benchmark_results] Benchmark completed with overall score: 0.63
1788085438.707242250 INFO /performance_monitor [performance_monitor.py:381(PerformanceMonitor.benchmark_fps)] [topics: /performance/benchmark, /diagnostic_status, /rosout, /performance/metrics, /performance/alert, /performance/command, /performance/benchmark_results] Running FPS benchmark...
1788085443.709966421 INFO /performance_monitor [performance_monitor.py:414(PerformanceMonitor.benchmark_cpu)] [topics: /performance/benchmark, /diagnostic_status, /rosout, /performance/metrics, /performance/alert, /performance/command, /performance/benchmark_results] Running CPU benchmark...
1788085445.002873659 INFO /performance_monitor [performance_monitor.py:438(PerformanceMonitor.benchmark_memory)] [topics: /performance/benchmark, /diagnostic_status, /rosout, /performance/metrics, /performance/alert, /performance/command, /performance/benchmark_results] Running memory benchmark...
1788085445.701806783 INFO /performance_monitor [performance_monitor.py:474(PerformanceMonitor.benchmark_network)] [topics: /performance/benchmark, /diagnostic_status, /rosout, /performance/metrics, /performance/alert, /performance/command, /performance/benchmark_results] Running network benchmark...
1788085446.902774333 INFO /performance_monitor [performance_monitor.py:520(PerformanceMonitor.benchmark_application)] [topics: /performance/benchmark, /diagnostic_status, /rosout, /performance/metrics, /performance/alert, /performance/command, /performance/benchmark_results] Running application benchmark...
1788085446.954913377 INFO /performance_monitor [performance_monitor.py:373(PerformanceMonitor.run_benchmark)] [topics: /performance/benchmark, /diagnostic_status, /rosout, /performance/metrics, /performance/alert, /performance/command, /performance/benchmark_results] Benchmark completed with overall score: 0.63
1788085446.956560611 INFO /performance_monitor [performance_monitor.py:381(PerformanceMonitor.benchmark_fps)] [topics: /performance/benchmark, /diagnostic_status, /rosout, /performance/metrics, /performance/alert, /performance/command, /performance/benchmark_results] Running FPS benchmark...
1788085451.960676908 INFO /performance_monitor [performance_monitor.py:414(PerformanceMonitor.benchmark_cpu)] [topics: /performance/benchmark, /diagnostic_status, /rosout, /performance/metrics, /performance/alert, /performance/command, /performance/benchmark_results] Running CPU benchmark...
1788085453.264434337 INFO /performance_monitor [performance_monitor.py:438(PerformanceMonitor.benchmark_memory)] [topics: /performance/benchmark, /diagnostic_status, /rosout, /performance/metrics, /performance/alert, /performance/command, /performance/benchmark_results] Running memory benchmark...
1788085453.949844837 INFO /performance_monitor [performance_monitor.py:474(PerformanceMonitor.benchmark_network)] [topics: /performance/benchmark, /diagnostic_status, /rosout, /performance/metrics, /performance/alert, /performance/command, /performance/benchmark_results] Running network benchmark...
1788085455.104837656 INFO /performance_monitor [performance_monitor.py:520(PerformanceMonitor.benchmark_application)] [topics: /performance/benchmark, /diagnostic_status, /rosout, /performance/metrics, /performance/alert, /performance/command, /performance/benchmark_results] Running application benchmark...
1788085455.163881540 INFO /performance_monitor [performance_monitor.py:373(PerformanceMonitor.run_benchmark)] [topics: /performance/benchmark, /diagnostic_status, /rosout, /performance/metrics, /performance/alert, /performance/command, /performance/benchmark_results] Benchmark completed with overall score: 0.63
1788085455.165284156 INFO /performance_monitor [performance_monitor.py:381(PerformanceMonitor.benchmark_fps)] [topics: /performance/benchmark, /diagnostic_status, /rosout, /performance/metrics, /performance/alert, /performance/command, /performance/benchmark_results] Running FPS benchmark...
1788085460.167567014 INFO /performance_monitor [performance_monitor.py:414(PerformanceMonitor.benchmark_cpu)] [topics: /performance/benchmark, /diagnostic_status, /rosout, /performance/metrics, /performance/alert, /performance/command, /performance/benchmark_results] Running CPU benchmark...
1788085461.404148578 INFO /performance_monitor [performance_monitor.py:438(PerformanceMonitor.benchmark_memory)] [topics: /performance/benchmark, /diagnostic_status, /rosout, /performance/metrics, /performance/alert, /performance/command, /performance/benchmark_results] Running memory benchmark...
1788085462.100666284 INFO /performance_monitor [performance_monitor.py:474(PerformanceMonitor.benchmark_network)] [topics: /performance/benchmark, /diagnostic_status, /rosout, /performance/metrics, /performance/alert, /performance/command, /performance/benchmark_results] Running network benchmark...
1788085463.311234712 INFO /performance_monitor [performance_monitor.py:520(PerformanceMonitor.benchmark_application)] [topics: /performance/benchmark, /diagnostic_status, /rosout, /performance/metrics, /performance/alert, /performance/command, /performance/benchmark_results] Running application benchmark...
1788085463.362671613 INFO /performance_monitor [performance_monitor.py:373(PerformanceMonitor.run_benchmark)] [topics: /performance/benchmark, /diagnostic_status, /rosout, /performance/metrics, /performance/alert, /performance/command, /performance/benchmark_results] Benchmark completed with overall score: 0.63
1788085463.364648103 INFO /performance_monitor [performance_monitor.py:381(PerformanceMonitor.benchmark_fps)] [topics: /performance/benchmark, /diagnostic_status, /rosout, /performance/metrics, /performance/alert, /performance/command, /performance/benchmark_results] Running FPS benchmark...
1788085468.366659402 INFO /performance_monitor [performance_monitor.py:414(PerformanceMonitor.benchmark_cpu)] [topics: /performance/benchmark, /diagnostic_status, /rosout, /performance/metrics, /performance/alert, /performance/command, /performance/benchmark_results] Running CPU benchmark...
1788085469.644087791 INFO /performance_monitor [performance_monitor.py:438(PerformanceMonitor.benchmark_memory)] [topics: /performance/benchmark, /diagnostic_status, /rosout, /performance/metrics, /performance/alert, /performance/command, /performance/benchmark_results] Running memory benchmark...
1788085470.328424453 INFO /performance_monitor [performance_monitor.py:474(PerformanceMonitor.benchmark_network)] [topics: /performance/benchmark, /diagnostic_status, /rosout, /performance/metrics, /performance/alert, /performance/command, /performance/benchmark_results] Running network benchmark...
1788085471.469609975 INFO /performance_monitor [performance_monitor.py:520(PerformanceMonitor.benchmark_application)] [topics: /performance/benchmark, /diagnostic_status, /rosout, /performance/metrics, /performance/alert, /performance/command, /performance/benchmark_results] Running application benchmark...
1788085471.527414798 INFO /performance_monitor [performance_monitor.py:373(PerformanceMonitor.run_benchmark)] [topics: /performance/benchmark, /diagnostic_status, /rosout, /performance/metrics, /performance/alert, /performance/command, /performance/benchmark_results] Benchmark completed with overall score: 0.63
1788085471.529561758 INFO /performance_monitor [performance_monitor.py:381(PerformanceMonitor.benchmark_fps)] [topics: /performance/benchmark, /diagnostic_status, /rosout, /performance/metrics, /performance/alert, /performance/command, /performance/benchmark_results] Running FPS benchmark...
1788085476.533138990 INFO /performance_monitor [performance_monitor.py:414(PerformanceMonitor.benchmark_cpu)] [topics: /performance/benchmark, /diagnostic_status, /rosout, /performance/metrics, /performance/alert, /performance/command, /performance/benchmark_results] Running CPU benchmark...
1788085477.836282968 INFO /performance_monitor [performance_monitor.py:438(PerformanceMonitor.benchmark_memory)] [topics: /performance/benchmark, /diagnostic_status, /rosout, /performance/metrics, /performance/alert, /performance/command, /performance/benchmark_results] Running memory benchmark...
1788085478.521929025 INFO /performance_monitor [performance_monitor.py:474(PerformanceMonitor.benchmark_network)] [topics: /performance/benchmark, /diagnostic_status, /rosout, /performance/metrics, /performance/alert, /performance/command, /performance/benchmark_results] Running network benchmark...
1788085479.653422117 INFO /performance_monitor [performance_monitor.py:520(PerformanceMonitor.benchmark_application)] [topics: /performance/benchmark, /diagnostic_status, /rosout, /performance/metrics, /performance/alert, /performance/command, /performance/benchmark_results] Running application benchmark...
1788085479.719008445 INFO /performance_monitor [performance_monitor.py:373(PerformanceMonitor.run_benchmark)] [topics: /performance/benchmark, /diagnostic_status, /rosout, /performance/metrics, /performance/alert, /performance/command, /performance/benchmark_results] Benchmark completed with overall score: 0.63
1788085479.725902795 INFO /performance_monitor [performance_monitor.py:381(PerformanceMonitor.benchmark_fps)] [topics: /performance/benchmark, /diagnostic_status, /rosout, /performance/metrics, /performance/alert, /performance/command, /performance/benchmark_results] Running FPS benchmark...
1788085484.728688955 INFO /performance_monitor [performance_monitor.py:414(PerformanceMonitor.benchmark_cpu)] [topics: /performance/benchmark, /diagnostic_status, /rosout, /performance/metrics, /performance/alert, /performance/command, /performance/benchmark_results] Running CPU benchmark...
1788085486.012115955 INFO /performance_monitor [performance_monitor.py:438(PerformanceMonitor.benchmark_memory)] [topics: /performance/benchmark, /diagnostic_status, /rosout, /performance/metrics, /performance/alert, /performance/command, /performance/benchmark_results] Running memory benchmark...
1788085486.698669672 INFO /performance_monitor [performance_monitor.py:474(PerformanceMonitor.benchmark_network)] [topics: /performance/benchmark, /diagnostic_status, /rosout, /performance/metrics, /performance/alert, /performance/command, /performance/benchmark_results] Running network benchmark...
1788085487.910728454 INFO /performance_monitor [performance_monitor.py:520(PerformanceMonitor.benchmark_application)] [topics: /performance/benchmark, /diagnostic_status, /rosout, /performance/metrics, /performance/alert, /performance/command, /performance/benchmark_results] Running application benchmark...
1788085487.974378824 INFO /performance_monitor [performance_monitor.py:373(PerformanceMonitor.run_benchmark)] [topics: /performance/benchmark, /diagnostic_status, /rosout, /performance/metrics, /performance/alert, /performance/command, /performance/benchmark_results] Benchmark completed with overall score: 0.63
1788085487.976104736 INFO /performance_monitor [performance_monitor.py:381(PerformanceMonitor.benchmark_fps)] [topics: /performance/benchmark, /diagnostic_status, /rosout, /performance/metrics, /performance/alert, /performance/command, /performance/benchmark_results] Running FPS benchmark...
1788085492.983139991 INFO /performance_monitor [performance_monitor.py:414(PerformanceMonitor.benchmark_cpu)] [topics: /performance/benchmark, /diagnostic_status, /rosout, /performance/metrics, /performance/alert, /performance/command, /performance/benchmark_results] Running CPU benchmark...
1788085494.259485006 INFO /performance_monitor [performance_monitor.py:438(PerformanceMonitor.benchmark_memory)] [topics: /performance/benchmark, /diagnostic_status, /rosout, /performance/metrics, /performance/alert, /performance/command, /performance/benchmark_results] Running memory benchmark...
1788085494.953708648 INFO /performance_monitor [performance_monitor.py:474(PerformanceMonitor.benchmark_network)] [topics: /performance/benchmark, /diagnostic_status, /rosout, /performance/metrics, /performance/alert, /performance/command, /performance/benchmark_results] Running network benchmark...
1788085496.119939327 INFO /performance_monitor [performance_monitor.py:520(PerformanceMonitor.benchmark_application)] [topics: /performance/benchmark, /diagnostic_status, /rosout, /performance/metrics, /performance/alert, /performance/command, /performance/benchmark_results] Running application benchmark...
1788085496.169959783 INFO /performance_monitor [performance_monitor.py:373(PerformanceMonitor.run_benchmark)] [topics: /performance/benchmark, /diagnostic_status, /rosout, /performance/metrics, /performance/alert, /performance/command, /performance/benchmark_results] Benchmark completed with overall score: 0.63
1788085496.171460866 INFO /performance_monitor [performance_monitor.py:381(PerformanceMonitor.benchmark_fps)] [topics: /performance/benchmark, /diagnostic_status, /rosout, /performance/metrics, /performance/alert, /performance/command, /performance/benchmark_results] Running FPS benchmark...
1788085501.174954414 INFO /performance_monitor [performance_monitor.py:414(PerformanceMonitor.benchmark_cpu)] [topics: /performance/benchmark, /diagnostic_status, /rosout, /performance/metrics, /performance/alert, /performance/command, /performance/benchmark_results] Running CPU benchmark...
1788085502.480077266 INFO /performance_monitor [performance_monitor.py:438(PerformanceMonitor.benchmark_memory)] [topics: /performance/benchmark, /diagnostic_status, /rosout, /performance/metrics, /performance/alert, /performance/command, /performance/benchmark_results] Running memory benchmark...
1788085503.160645723 INFO /performance_monitor [performance_monitor.py:474(PerformanceMonitor.benchmark_network)] [topics: /performance/benchmark, /diagnostic_status, /rosout, /performance/metrics, /performance/alert, /performance/command, /performance/benchmark_results] Running network benchmark...
1788085504.341272592 INFO /performance_monitor [performance_monitor.py:520(PerformanceMonitor.benchmark_application)] [topics: /performance/benchmark, /diagnostic_status, /rosout, /performance/metrics, /performance/alert, /performance/command, /performance/benchmark_results] Running application benchmark...
1788085504.392342805 INFO /performance_monitor [performance_monitor.py:373(PerformanceMonitor.run_benchmark)] [topics: /performance/benchmark, /diagnostic_status, /rosout, /performance/metrics, /performance/alert, /performance/command, /performance/benchmark_results] Benchmark completed with overall score: 0.63
1788085504.393819093 INFO /performance_monitor [performance_monitor.py:381(PerformanceMonitor.benchmark_fps)] [topics: /performance/benchmark, /diagnostic_status, /rosout, /performance/metrics, /performance/alert, /performance/command, /performance/benchmark_results] Running FPS benchmark...
1788085509.395573139 INFO /performance_monitor [performance_monitor.py:414(PerformanceMonitor.benchmark_cpu)] [topics: /performance/benchmark, /diagnostic_status, /rosout, /performance/metrics, /performance/alert, /performance/command, /performance/benchmark_results] Running CPU benchmark...
1788085510.686063766 INFO /performance_monitor [performance_monitor.py:438(PerformanceMonitor.benchmark_memory)] [topics: /performance/benchmark, /diagnostic_status, /rosout, /performance/metrics, /performance/alert, /performance/command, /performance/benchmark_results] Running memory benchmark...
1788085511.385555267 INFO /performance_monitor [performance_monitor.py:474(PerformanceMonitor.benchmark_network)] [topics: /performance/benchmark, /diagnostic_status, /rosout, /performance/metrics, /performance/alert, /performance/command, /performance/benchmark_results] Running network benchmark...
1788085512.585153341 INFO /performance_monitor [performance_monitor.py:520(PerformanceMonitor.benchmark_application)] [topics: /performance/benchmark, /diagnostic_status, /rosout, /performance/metrics, /performance/alert, /performance/command, /performance/benchmark_results] Running application benchmark...
1788085512.639838695 INFO /performance_monitor [performance_monitor.py:373(PerformanceMonitor.run_benchmark)] [topics: /performance/benchmark, /diagnostic_status, /rosout, /performance/metrics, /performance/alert, /performance/command, /performance/benchmark_results] Benchmark completed with overall score: 0.63
1788085512.641477584 INFO /performance_monitor [performance_monitor.py:381(PerformanceMonitor.benchmark_fps)] [topics: /performance/benchmark, /diagnostic_status, /rosout, /performance/metrics, /performance/alert, /performance/command, /performance/benchmark_results] Running FPS benchmark...
1788085517.644711971 INFO /performance_monitor [performance_monitor.py:414(PerformanceMonitor.benchmark_cpu)] [topics: /performance/benchmark, /diagnostic_status, /rosout, /performance/metrics, /performance/alert, /performance/command, /performance/benchmark_results] Running CPU benchmark...
1788085518.915002346 INFO /performance_monitor [performance_monitor.py:438(PerformanceMonitor.benchmark_memory)] [topics: /performance/benchmark, /diagnostic_status, /rosout, /performance/metrics, /performance/alert, /performance/command, /performance/benchmark_results] Running memory benchmark...
1788085519.597427129 INFO /performance_monitor [performance_monitor.py:474(PerformanceMonitor.benchmark_network)] [topics: /performance/benchmark, /diagnostic_status, /rosout, /performance/metrics, /performance/alert, /performance/command, /performance/benchmark_results] Running network benchmark...
1788085520.749653100 INFO /performance_monitor [performance_monitor.py:520(PerformanceMonitor.benchmark_application)] [topics: /performance/benchmark, /diagnostic_status, /rosout, /performance/metrics, /performance/alert, /performance/command, /performance/benchmark_results] Running application benchmark...
1788085520.803800821 INFO /performance_monitor [performance_monitor.py:373(PerformanceMonitor.run_benchmark)] [topics: /performance/benchmark, /diagnostic_status, /rosout, /performance/metrics, /performance/alert, /performance/command, /performance/benchmark_results] Benchmark completed with overall score: 0.63
1788085520.806251764 INFO /performance_monitor [performance_monitor.py:381(PerformanceMonitor.benchmark_fps)] [topics: /performance/benchmark, /diagnostic_status, /rosout, /performance/metrics, /performance/alert, /performance/command, /performance/benchmark_results] Running FPS benchmark...
1788085525.810265302 INFO /performance_monitor [performance_monitor.py:414(PerformanceMonitor.benchmark_cpu)] [topics: /performance/benchmark, /diagnostic_status, /rosout, /performance/metrics, /performance/alert, /performance/command, /performance/benchmark_results] Running CPU benchmark...
1788085527.069055080 INFO /performance_monitor [performance_monitor.py:438(PerformanceMonitor.benchmark_memory)] [topics: /performance/benchmark, /diagnostic_status, /rosout, /performance/metrics, /performance/alert, /performance/command, /performance/benchmark_results] Running memory benchmark...
1788085527.756480932 INFO /performance_monitor [performance_monitor.py:474(PerformanceMonitor.benchmark_network)] [topics: /performance/benchmark, /diagnostic_status, /rosout, /performance/metrics, /performance/alert, /performance/command, /performance/benchmark_results] Running network benchmark...
1788085528.932750225 INFO /performance_monitor [performance_monitor.py:520(PerformanceMonitor.benchmark_application)] [topics: /performance/benchmark, /diagnostic_status, /rosout, /performance/metrics, /performance/alert, /performance/command, /performance/benchmark_results] Running application benchmark...
1788085528.991352081 INFO /performance_monitor [performance_monitor.py:373(PerformanceMonitor.run_benchmark)] [topics: /performance/benchmark, /diagnostic_status, /rosout, /performance/metrics, /performance/alert, /performance/command, /performance/benchmark_results] Benchmark completed with overall score: 0.63
1788085528.992764949 INFO /performance_monitor [performance_monitor.py:381(PerformanceMonitor.benchmark_fps)] [topics: /performance/benchmark, /diagnostic_status, /rosout, /performance/metrics, /performance/alert, /performance/command, /performance/benchmark_results] Running FPS benchmark...
1788085533.995613098 INFO /performance_monitor [performance_monitor.py:414(PerformanceMonitor.benchmark_cpu)] [topics: /performance/benchmark, /diagnostic_status, /rosout, /performance/metrics, /performance/alert, /performance/command, /performance/benchmark_results] Running CPU benchmark...
1788085535.240949392 INFO /performance_monitor [performance_monitor.py:438(PerformanceMonitor.benchmark_memory)] [topics: /performance/benchmark, /diagnostic_status, /rosout, /performance/metrics, /performance/alert, /performance/command, /performance/benchmark_results] Running memory benchmark...
1788085535.926247119 INFO /performance_monitor [performance_monitor.py:474(PerformanceMonitor.benchmark_network)] [topics: /performance/benchmark, /diagnostic_status, /rosout, /performance/metrics, /performance/alert, /performance/command, /performance/benchmark_results] Running network benchmark...
1788085537.107666492 INFO /performance_monitor [performance_monitor.py:520(PerformanceMonitor.benchmark_application)] [topics: /performance/benchmark, /diagnostic_status, /rosout, /performance/metrics, /performance/alert, /performance/command, /performance/benchmark_results] Running application benchmark...
1788085537.158753633 INFO /performance_monitor [performance_monitor.py:373(PerformanceMonitor.run_benchmark)] [topics: /performance/benchmark, /diagnostic_status, /rosout, /performance/metrics, /performance/alert, /performance/command, /performance/benchmark_results] Benchmark completed with overall score: 0.63
1788085537.161237239 INFO /performance_monitor [performance_monitor.py:381(PerformanceMonitor.benchmark_fps)] [topics: /performance/benchmark, /diagnostic_status, /rosout, /performance/metrics, /performance/alert, /performance/command, /performance/benchmark_results] Running FPS benchmark...
1788085542.164122343 INFO /performance_monitor [performance_monitor.py:414(PerformanceMonitor.benchmark_cpu)] [topics: /performance/benchmark, /diagnostic_status, /rosout, /performance/metrics, /performance/alert, /performance/command, /performance/benchmark_results] Running CPU benchmark...
1788085543.456376075 INFO /performance_monitor [performance_monitor.py:438(PerformanceMonitor.benchmark_memory)] [topics: /performance/benchmark, /diagnostic_status, /rosout, /performance/metrics, /performance/alert, /performance/command, /performance/benchmark_results] Running memory benchmark...
1788085544.156676530 INFO /performance_monitor [performance_monitor.py:474(PerformanceMonitor.benchmark_network)] [topics: /performance/benchmark, /diagnostic_status, /rosout, /performance/metrics, /performance/alert, /performance/command, /performance/benchmark_results] Running network benchmark...
1788085545.354275226 INFO /performance_monitor [performance_monitor.py:520(PerformanceMonitor.benchmark_application)] [topics: /performance/benchmark, /diagnostic_status, /rosout, /performance/metrics, /performance/alert, /performance/command, /performance/benchmark_results] Running application benchmark...
1788085545.407040596 INFO /performance_monitor [performance_monitor.py:373(PerformanceMonitor.run_benchmark)] [topics: /performance/benchmark, /diagnostic_status, /rosout, /performance/metrics, /performance/alert, /performance/command, /performance/benchmark_results] Benchmark completed with overall score: 0.63
1788085545.409000396 INFO /performance_monitor [performance_monitor.py:381(PerformanceMonitor.benchmark_fps)] [topics: /performance/benchmark, /diagnostic_status, /rosout, /performance/metrics, /performance/alert, /performance/command, /performance/benchmark_results] Running FPS benchmark...
1788085550.412409543 INFO /performance_monitor [performance_monitor.py:414(PerformanceMonitor.benchmark_cpu)] [topics: /performance/benchmark, /diagnostic_status, /rosout, /performance/metrics, /performance/alert, /performance/command, /performance/benchmark_results] Running CPU benchmark...
1788085551.699915885 INFO /performance_monitor [performance_monitor.py:438(PerformanceMonitor.benchmark_memory)] [topics: /performance/benchmark, /diagnostic_status, /rosout, /performance/metrics, /performance/alert, /performance/command, /performance/benchmark_results] Running memory benchmark...
1788085552.382767438 INFO /performance_monitor [performance_monitor.py:474(PerformanceMonitor.benchmark_network)] [topics: /performance/benchmark, /diagnostic_status, /rosout, /performance/metrics, /performance/alert, /performance/command, /performance/benchmark_results] Running network benchmark...
1788085553.582762718 INFO /performance_monitor [performance_monitor.py:520(PerformanceMonitor.benchmark_application)] [topics: /performance/benchmark, /diagnostic_status, /rosout, /performance/metrics, /performance/alert, /performance/command, /performance/benchmark_results] Running application benchmark...
1788085553.630861997 INFO /performance_monitor [performance_monitor.py:373(PerformanceMonitor.run_benchmark)] [topics: /performance/benchmark, /diagnostic_status, /rosout, /performance/metrics, /performance/alert, /performance/command, /performance/benchmark_results] Benchmark completed with overall score: 0.63
1788085553.632235527 INFO /performance_monitor [performance_monitor.py:381(PerformanceMonitor.benchmark_fps)] [topics: /performance/benchmark, /diagnostic_status, /rosout, /performance/metrics, /performance/alert, /performance/command, /performance/benchmark_results] Running FPS benchmark...
1788085558.638429403 INFO /performance_monitor [performance_monitor.py:414(PerformanceMonitor.benchmark_cpu)] [topics: /performance/benchmark, /diagnostic_status, /rosout, /performance/metrics, /performance/alert, /performance/command, /performance/benchmark_results] Running CPU benchmark...
1788085559.990005254 INFO /performance_monitor [performance_monitor.py:438(PerformanceMonitor.benchmark_memory)] [topics: /performance/benchmark, /diagnostic_status, /rosout, /performance/metrics, /performance/alert, /performance/command, /performance/benchmark_results] Running memory benchmark...
1788085560.687469005 INFO /performance_monitor [performance_monitor.py:474(PerformanceMonitor.benchmark_network)] [topics: /performance/benchmark, /diagnostic_status, /rosout, /performance/metrics, /performance/alert, /performance/command, /performance/benchmark_results] Running network benchmark...
1788085561.837615966 INFO /performance_monitor [performance_monitor.py:520(PerformanceMonitor.benchmark_application)] [topics: /performance/benchmark, /diagnostic_status, /rosout, /performance/metrics, /performance/alert, /performance/command, /performance/benchmark_results] Running application benchmark...
1788085561.887829303 INFO /performance_monitor [performance_monitor.py:373(PerformanceMonitor.run_benchmark)] [topics: /performance/benchmark, /diagnostic_status, /rosout, /performance/metrics, /performance/alert, /performance/command, /performance/benchmark_results] Benchmark completed with overall score: 0.63
1788085561.889486074 INFO /performance_monitor [performance_monitor.py:381(PerformanceMonitor.benchmark_fps)] [topics: /performance/benchmark, /diagnostic_status, /rosout, /performance/metrics, /performance/alert, /performance/command, /performance/benchmark_results] Running FPS benchmark...
1788085566.892909765 INFO /performance_monitor [performance_monitor.py:414(PerformanceMonitor.benchmark_cpu)] [topics: /performance/benchmark, /diagnostic_status, /rosout, /performance/metrics, /performance/alert, /performance/command, /performance/benchmark_results] Running CPU benchmark...
1788085568.172311544 INFO /performance_monitor [performance_monitor.py:438(PerformanceMonitor.benchmark_memory)] [topics: /performance/benchmark, /diagnostic_status, /rosout, /performance/metrics, /performance/alert, /performance/command, /performance/benchmark_results] Running memory benchmark...
1788085568.880309820 INFO /performance_monitor [performance_monitor.py:474(PerformanceMonitor.benchmark_network)] [topics: /performance/benchmark, /diagnostic_status, /rosout, /performance/metrics, /performance/alert, /performance/command, /performance/benchmark_results] Running network benchmark...
1788085570.054429292 INFO /performance_monitor [performance_monitor.py:520(PerformanceMonitor.benchmark_application)] [topics: /performance/benchmark, /diagnostic_status, /rosout, /performance/metrics, /performance/alert, /performance/command, /performance/benchmark_results] Running application benchmark...
1788085570.108807086 INFO /performance_monitor [performance_monitor.py:373(PerformanceMonitor.run_benchmark)] [topics: /performance/benchmark, /diagnostic_status, /rosout, /performance/metrics, /performance/alert, /performance/command, /performance/benchmark_results] Benchmark completed with overall score: 0.63
1788085570.110436916 INFO /performance_monitor [performance_monitor.py:381(PerformanceMonitor.benchmark_fps)] [topics: /performance/benchmark, /diagnostic_status, /rosout, /performance/metrics, /performance/alert, /performance/command, /performance/benchmark_results] Running FPS benchmark...
1788085575.112557888 INFO /performance_monitor [performance_monitor.py:414(PerformanceMonitor.benchmark_cpu)] [topics: /performance/benchmark, /diagnostic_status, /rosout, /performance/metrics, /performance/alert, /performance/command, /performance/benchmark_results] Running CPU benchmark...
1788085576.422182321 INFO /performance_monitor [performance_monitor.py:438(PerformanceMonitor.benchmark_memory)] [topics: /performance/benchmark, /diagnostic_status, /rosout, /performance/metrics, /performance/alert, /performance/command, /performance/benchmark_results] Running memory benchmark...
1788085577.125576734 INFO /performance_monitor [performance_monitor.py:474(PerformanceMonitor.benchmark_network)] [topics: /performance/benchmark, /diagnostic_status, /rosout, /performance/metrics, /performance/alert, /performance/command, /performance/benchmark_results] Running network benchmark...
1788085578.313107967 INFO /performance_monitor [performance_monitor.py:520(PerformanceMonitor.benchmark_application)] [topics: /performance/benchmark, /diagnostic_status, /rosout, /performance/metrics, /performance/alert, /performance/command, /performance/benchmark_results] Running application benchmark...
1788085578.365044116 INFO /performance_monitor [performance_monitor.py:373(PerformanceMonitor.run_benchmark)] [topics: /performance/benchmark, /diagnostic_status, /rosout, /performance/metrics, /performance/alert, /performance/command, /performance/benchmark_results] Benchmark completed with overall score: 0.63
1788085578.366468429 INFO /performance_monitor [performance_monitor.py:381(PerformanceMonitor.benchmark_fps)] [topics: /performance/benchmark, /diagnostic_status, /rosout, /performance/metrics, /performance/alert, /performance/command, /performance/benchmark_results] Running FPS benchmark...
1788085583.370239973 INFO /performance_monitor [performance_monitor.py:414(PerformanceMonitor.benchmark_cpu)] [topics: /performance/benchmark, /diagnostic_status, /rosout, /performance/metrics, /performance/alert, /performance/command, /performance/benchmark_results] Running CPU benchmark...
1788085584.634878158 INFO /performance_monitor [performance_monitor.py:438(PerformanceMonitor.benchmark_memory)] [topics: /performance/benchmark, /diagnostic_status, /rosout, /performance/metrics, /performance/alert, /performance/command, /performance/benchmark_results] Running memory benchmark...
1788085585.318448543 INFO /performance_monitor [performance_monitor.py:474(PerformanceMonitor.benchmark_network)] [topics: /performance/benchmark, /diagnostic_status, /rosout, /performance/metrics, /performance/alert, /performance/command, /performance/benchmark_results] Running network benchmark...
1788085586.488065242 INFO /performance_monitor [performance_monitor.py:520(PerformanceMonitor.benchmark_application)] [topics: /performance/benchmark, /diagnostic_status, /rosout, /performance/metrics, /performance/alert, /performance/command, /performance/benchmark_results] Running application benchmark...
1788085586.547401666 INFO /performance_monitor [performance_monitor.py:373(PerformanceMonitor.run_benchmark)] [topics: /performance/benchmark, /diagnostic_status, /rosout, /performance/metrics, /performance/alert, /performance/command, /performance/benchmark_results] Benchmark completed with overall score: 0.63
1788085586.551285028 INFO /performance_monitor [performance_monitor.py:381(PerformanceMonitor.benchmark_fps)] [topics: /performance/benchmark, /diagnostic_status, /rosout, /performance/metrics, /performance/alert, /performance/command, /performance/benchmark_results] Running FPS benchmark...
1788085591.554125547 INFO /performance_monitor [performance_monitor.py:414(PerformanceMonitor.benchmark_cpu)] [topics: /performance/benchmark, /diagnostic_status, /rosout, /performance/metrics, /performance/alert, /performance/command, /performance/benchmark_results] Running CPU benchmark...
1788085592.832053899 INFO /performance_monitor [performance_monitor.py:438(PerformanceMonitor.benchmark_memory)] [topics: /performance/benchmark, /diagnostic_status, /rosout, /performance/metrics, /performance/alert, /performance/command, /performance/benchmark_results] Running memory benchmark...
1788085593.518007040 INFO /performance_monitor [performance_monitor.py:474(PerformanceMonitor.benchmark_network)] [topics: /performance/benchmark, /diagnostic_status, /rosout, /performance/metrics, /performance/alert, /performance/command, /performance/benchmark_results] Running network benchmark...
1788085594.668647527 INFO /performance_monitor [performance_monitor.py:520(PerformanceMonitor.benchmark_application)] [topics: /performance/benchmark, /diagnostic_status, /rosout, /performance/metrics, /performance/alert, /performance/command, /performance/benchmark_results] Running application benchmark...
1788085594.716411590 INFO /performance_monitor [performance_monitor.py:373(PerformanceMonitor.run_benchmark)] [topics: /performance/benchmark, /diagnostic_status, /rosout, /performance/metrics, /performance/alert, /performance/command, /performance/benchmark_results] Benchmark completed with overall score: 0.63
1788085594.717662811 INFO /performance_monitor [performance_monitor.py:381(PerformanceMonitor.benchmark_fps)] [topics: /performance/benchmark, /diagnostic_status, /rosout, /performance/metrics, /performance/alert, /performance/command, /performance/benchmark_results] Running FPS benchmark...
1788085599.720746040 INFO /performance_monitor [performance_monitor.py:414(PerformanceMonitor.benchmark_cpu)] [topics: /performance/benchmark, /diagnostic_status, /rosout, /performance/metrics, /performance/alert, /performance/command, /performance/benchmark_results] Running CPU benchmark...
1788085600.994214296 INFO /performance_monitor [performance_monitor.py:438(PerformanceMonitor.benchmark_memory)] [topics: /performance/benchmark, /diagnostic_status, /rosout, /performance/metrics, /performance/alert, /performance/command, /performance/benchmark_results] Running memory benchmark...
1788085601.695075511 INFO /performance_monitor [performance_monitor.py:474(PerformanceMonitor.benchmark_network)] [topics: /performance/benchmark, /diagnostic_status, /rosout, /performance/metrics, /performance/alert, /performance/command, /performance/benchmark_results] Running network benchmark...
1788085602.866579055 INFO /performance_monitor [performance_monitor.py:520(PerformanceMonitor.benchmark_application)] [topics: /performance/benchmark, /diagnostic_status, /rosout, /performance/metrics, /performance/alert, /performance/command, /performance/benchmark_results] Running application benchmark...
1788085602.914970636 INFO /performance_monitor [performance_monitor.py:373(PerformanceMonitor.run_benchmark)] [topics: /performance/benchmark, /diagnostic_status, /rosout, /performance/metrics, /performance/alert, /performance/command, /performance/benchmark_results] Benchmark completed with overall score: 0.63
1788085602.916318893 INFO /performance_monitor [performance_monitor.py:381(PerformanceMonitor.benchmark_fps)] [topics: /performance/benchmark, /diagnostic_status, /rosout, /performance/metrics, /performance/alert, /performance/command, /performance/benchmark_results] Running FPS benchmark...
1788085607.919495105 INFO /performance_monitor [performance_monitor.py:414(PerformanceMonitor.benchmark_cpu)] [topics: /performance/benchmark, /diagnostic_status, /rosout, /performance/metrics, /performance/alert, /performance/command, /performance/benchmark_results] Running CPU benchmark...
1788085609.176597356 INFO /performance_monitor [performance_monitor.py:438(PerformanceMonitor.benchmark_memory)] [topics: /performance/benchmark, /diagnostic_status, /rosout, /performance/metrics, /performance/alert, /performance/command, /performance/benchmark_results] Running memory benchmark...
1788085609.871600151 INFO /performance_monitor [performance_monitor.py:474(PerformanceMonitor.benchmark_network)] [topics: /performance/benchmark, /diagnostic_status, /rosout, /performance/metrics, /performance/alert, /performance/command, /performance/benchmark_results] Running network benchmark...
1788085611.096239805 INFO /performance_monitor [performance_monitor.py:520(PerformanceMonitor.benchmark_application)] [topics: /performance/benchmark, /diagnostic_status, /rosout, /performance/metrics, /performance/alert, /performance/command, /performance/benchmark_results] Running application benchmark...
1788085611.150688886 INFO /performance_monitor [performance_monitor.py:373(PerformanceMonitor.run_benchmark)] [topics: /performance/benchmark, /diagnostic_status, /rosout, /performance/metrics, /performance/alert, /performance/command, /performance/benchmark_results] Benchmark completed with overall score: 0.63
1788085611.152675390 INFO /performance_monitor [performance_monitor.py:381(PerformanceMonitor.benchmark_fps)] [topics: /performance/benchmark, /diagnostic_status, /rosout, /performance/metrics, /performance/alert, /performance/command, /performance/benchmark_results] Running FPS benchmark...
1788085616.154818534 INFO /performance_monitor [performance_monitor.py:414(PerformanceMonitor.benchmark_cpu)] [topics: /performance/benchmark, /diagnostic_status, /rosout, /performance/metrics, /performance/alert, /performance/command, /performance/benchmark_results] Running CPU benchmark...
1788085617.460269927 INFO /performance_monitor [performance_monitor.py:438(PerformanceMonitor.benchmark_memory)] [topics: /performance/benchmark, /diagnostic_status, /rosout, /performance/metrics, /performance/alert, /performance/command, /performance/benchmark_results] Running memory benchmark...
1788085618.276601552 INFO /performance_monitor [performance_monitor.py:474(PerformanceMonitor.benchmark_network)] [topics: /performance/benchmark, /diagnostic_status, /rosout, /performance/metrics, /performance/alert, /performance/command, /performance/benchmark_results] Running network benchmark...
1788085619.459345817 INFO /performance_monitor [performance_monitor.py:520(PerformanceMonitor.benchmark_application)] [topics: /performance/benchmark, /diagnostic_status, /rosout, /performance/metrics, /performance/alert, /performance/command, /performance/benchmark_results] Running application benchmark...
1788085619.511964082 INFO /performance_monitor [performance_monitor.py:373(PerformanceMonitor.run_benchmark)] [topics: /performance/benchmark, /diagnostic_status, /rosout, /performance/metrics, /performance/alert, /performance/command, /performance/benchmark_results] Benchmark completed with overall score: 0.63
1788085619.513294219 INFO /performance_monitor [performance_monitor.py:381(PerformanceMonitor.benchmark_fps)] [topics: /performance/benchmark, /diagnostic_status, /rosout, /performance/metrics, /performance/alert, /performance/command, /performance/benchmark_results] Running FPS benchmark...
1788085624.517185688 INFO /performance_monitor [performance_monitor.py:414(PerformanceMonitor.benchmark_cpu)] [topics: /performance/benchmark, /diagnostic_status, /rosout, /performance/metrics, /performance/alert, /performance/command, /performance/benchmark_results] Running CPU benchmark...
1788085626.688922405 INFO /performance_monitor [performance_monitor.py:438(PerformanceMonitor.benchmark_memory)] [topics: /performance/benchmark, /diagnostic_status, /rosout, /performance/metrics, /performance/alert, /performance/command, /performance/benchmark_results] Running memory benchmark...
1788085627.635103464 INFO /performance_monitor [performance_monitor.py:474(PerformanceMonitor.benchmark_network)] [topics: /performance/benchmark, /diagnostic_status, /rosout, /performance/metrics, /performance/alert, /performance/command, /performance/benchmark_results] Running network benchmark...
1788085628.822765350 INFO /performance_monitor [performance_monitor.py:520(PerformanceMonitor.benchmark_application)] [topics: /performance/benchmark, /diagnostic_status, /rosout, /performance/metrics, /performance/alert, /performance/command, /performance/benchmark_results] Running application benchmark...
1788085628.883719444 INFO /performance_monitor [performance_monitor.py:373(PerformanceMonitor.run_benchmark)] [topics: /performance/benchmark, /diagnostic_status, /rosout, /performance/metrics, /performance/alert, /performance/command, /performance/benchmark_results] Benchmark completed with overall score: 0.63
1788085628.890169143 INFO /performance_monitor [performance_monitor.py:381(PerformanceMonitor.benchmark_fps)] [topics: /performance/benchmark, /diagnostic_status, /rosout, /performance/metrics, /performance/alert, /performance/command, /performance/benchmark_results] Running FPS benchmark...
1788085633.893054246 INFO /performance_monitor [performance_monitor.py:414(PerformanceMonitor.benchmark_cpu)] [topics: /performance/benchmark, /diagnostic_status, /rosout, /performance/metrics, /performance/alert, /performance/command, /performance/benchmark_results] Running CPU benchmark...
1788085636.224032878 INFO /performance_monitor [performance_monitor.py:438(PerformanceMonitor.benchmark_memory)] [topics: /performance/benchmark, /diagnostic_status, /rosout, /performance/metrics, /performance/alert, /performance/command, /performance/benchmark_results] Running memory benchmark...
1788085637.062994956 INFO /performance_monitor [performance_monitor.py:474(PerformanceMonitor.benchmark_network)] [topics: /performance/benchmark, /diagnostic_status, /rosout, /performance/metrics, /performance/alert, /performance/command, /performance/benchmark_results] Running network benchmark...
1788085638.225634813 INFO /performance_monitor [performance_monitor.py:520(PerformanceMonitor.benchmark_application)] [topics: /performance/benchmark, /diagnostic_status, /rosout, /performance/metrics, /performance/alert, /performance/command, /performance/benchmark_results] Running application benchmark...
1788085638.286976814 INFO /performance_monitor [performance_monitor.py:373(PerformanceMonitor.run_benchmark)] [topics: /performance/benchmark, /diagnostic_status, /rosout, /performance/metrics, /performance/alert, /performance/command, /performance/benchmark_results] Benchmark completed with overall score: 0.63
1788085638.289267539 INFO /performance_monitor [performance_monitor.py:381(PerformanceMonitor.benchmark_fps)] [topics: /performance/benchmark, /diagnostic_status, /rosout, /performance/metrics, /performance/alert, /performance/command, /performance/benchmark_results] Running FPS benchmark...
1788085643.292850971 INFO /performance_monitor [performance_monitor.py:414(PerformanceMonitor.benchmark_cpu)] [topics: /performance/benchmark, /diagnostic_status, /rosout, /performance/metrics, /performance/alert, /performance/command, /performance/benchmark_results] Running CPU benchmark...
1788085644.558187961 INFO /performance_monitor [performance_monitor.py:438(PerformanceMonitor.benchmark_memory)] [topics: /performance/benchmark, /diagnostic_status, /rosout, /performance/metrics, /performance/alert, /performance/command, /performance/benchmark_results] Running memory benchmark...
1788085645.284099340 INFO /performance_monitor [performance_monitor.py:474(PerformanceMonitor.benchmark_network)] [topics: /performance/benchmark, /diagnostic_status, /rosout, /performance/metrics, /performance/alert, /performance/command, /performance/benchmark_results] Running network benchmark...
1788085646.485532045 INFO /performance_monitor [performance_monitor.py:520(PerformanceMonitor.benchmark_application)] [topics: /performance/benchmark, /diagnostic_status, /rosout, /performance/metrics, /performance/alert, /performance/command, /performance/benchmark_results] Running application benchmark...
1788085646.538568258 INFO /performance_monitor [performance_monitor.py:373(PerformanceMonitor.run_benchmark)] [topics: /performance/benchmark, /diagnostic_status, /rosout, /performance/metrics, /performance/alert, /performance/command, /performance/benchmark_results] Benchmark completed with overall score: 0.63
1788085646.540254116 INFO /performance_monitor [performance_monitor.py:381(PerformanceMonitor.benchmark_fps)] [topics: /performance/benchmark, /diagnostic_status, /rosout, /performance/metrics, /performance/alert, /performance/command, /performance/benchmark_results] Running FPS benchmark...
1788085651.543641805 INFO /performance_monitor [performance_monitor.py:414(PerformanceMonitor.benchmark_cpu)] [topics: /performance/benchmark, /diagnostic_status, /rosout, /performance/metrics, /performance/alert, /performance/command, /performance/benchmark_results] Running CPU benchmark...
1788085652.819150686 INFO /performance_monitor [performance_monitor.py:438(PerformanceMonitor.benchmark_memory)] [topics: /performance/benchmark, /diagnostic_status, /rosout, /performance/metrics, /performance/alert, /performance/command, /performance/benchmark_results] Running memory benchmark...
1788085653.501537322 INFO /performance_monitor [performance_monitor.py:474(PerformanceMonitor.benchmark_network)] [topics: /performance/benchmark, /diagnostic_status, /rosout, /performance/metrics, /performance/alert, /performance/command, /performance/benchmark_results] Running network benchmark...
1788085654.639192104 INFO /performance_monitor [performance_monitor.py:520(PerformanceMonitor.benchmark_application)] [topics: /performance/benchmark, /diagnostic_status, /rosout, /performance/metrics, /performance/alert, /performance/command, /performance/benchmark_results] Running application benchmark...
1788085654.695033788 INFO /performance_monitor [performance_monitor.py:373(PerformanceMonitor.run_benchmark)] [topics: /performance/benchmark, /diagnostic_status, /rosout, /performance/metrics, /performance/alert, /performance/command, /performance/benchmark_results] Benchmark completed with overall score: 0.63
1788085654.697656154 INFO /performance_monitor [performance_monitor.py:381(PerformanceMonitor.benchmark_fps)] [topics: /performance/benchmark, /diagnostic_status, /rosout, /performance/metrics, /performance/alert, /performance/command, /performance/benchmark_results] Running FPS benchmark...
1788085659.700591325 INFO /performance_monitor [performance_monitor.py:414(PerformanceMonitor.benchmark_cpu)] [topics: /performance/benchmark, /diagnostic_status, /rosout, /performance/metrics, /performance/alert, /performance/command, /performance/benchmark_results] Running CPU benchmark...
1788085660.960052728 INFO /performance_monitor [performance_monitor.py:438(PerformanceMonitor.benchmark_memory)] [topics: /performance/benchmark, /diagnostic_status, /rosout, /performance/metrics, /performance/alert, /performance/command, /performance/benchmark_results] Running memory benchmark...
1788085661.653423309 INFO /performance_monitor [performance_monitor.py:474(PerformanceMonitor.benchmark_network)] [topics: /performance/benchmark, /diagnostic_status, /rosout, /performance/metrics, /performance/alert, /performance/command, /performance/benchmark_results] Running network benchmark...
1788085662.823261499 INFO /performance_monitor [performance_monitor.py:520(PerformanceMonitor.benchmark_application)] [topics: /performance/benchmark, /diagnostic_status, /rosout, /performance/metrics, /performance/alert, /performance/command, /performance/benchmark_results] Running application benchmark...
1788085662.875854015 INFO /performance_monitor [performance_monitor.py:373(PerformanceMonitor.run_benchmark)] [topics: /performance/benchmark, /diagnostic_status, /rosout, /performance/metrics, /performance/alert, /performance/command, /performance/benchmark_results] Benchmark completed with overall score: 0.63
1788085662.878164768 INFO /performance_monitor [performance_monitor.py:381(PerformanceMonitor.benchmark_fps)] [topics: /performance/benchmark, /diagnostic_status, /rosout, /performance/metrics, /performance/alert, /performance/command, /performance/benchmark_results] Running FPS benchmark...
1788085667.881328582 INFO /performance_monitor [performance_monitor.py:414(PerformanceMonitor.benchmark_cpu)] [topics: /performance/benchmark, /diagnostic_status, /rosout, /performance/metrics, /performance/alert, /performance/command, /performance/benchmark_results] Running CPU benchmark...
1788085669.165478706 INFO /performance_monitor [performance_monitor.py:438(PerformanceMonitor.benchmark_memory)] [topics: /performance/benchmark, /diagnostic_status, /rosout, /performance/metrics, /performance/alert, /performance/command, /performance/benchmark_results] Running memory benchmark...
1788085669.864645004 INFO /performance_monitor [performance_monitor.py:474(PerformanceMonitor.benchmark_network)] [topics: /performance/benchmark, /diagnostic_status, /rosout, /performance/metrics, /performance/alert, /performance/command, /performance/benchmark_results] Running network benchmark...
1788085671.024015426 INFO /performance_monitor [performance_monitor.py:520(PerformanceMonitor.benchmark_application)] [topics: /performance/benchmark, /diagnostic_status, /rosout, /performance/metrics, /performance/alert, /performance/command, /performance/benchmark_results] Running application benchmark...
1788085671.077160358 INFO /performance_monitor [performance_monitor.py:373(PerformanceMonitor.run_benchmark)] [topics: /performance/benchmark, /diagnostic_status, /rosout, /performance/metrics, /performance/alert, /performance/command, /performance/benchmark_results] Benchmark completed with overall score: 0.63
1788085671.078640937 INFO /performance_monitor [performance_monitor.py:381(PerformanceMonitor.benchmark_fps)] [topics: /performance/benchmark, /diagnostic_status, /rosout, /performance/metrics, /performance/alert, /performance/command, /performance/benchmark_results] Running FPS benchmark...
1788085676.082431316 INFO /performance_monitor [performance_monitor.py:414(PerformanceMonitor.benchmark_cpu)] [topics: /performance/benchmark, /diagnostic_status, /rosout, /performance/metrics, /performance/alert, /performance/command, /performance/benchmark_results] Running CPU benchmark...
1788085677.364096403 INFO /performance_monitor [performance_monitor.py:438(PerformanceMonitor.benchmark_memory)] [topics: /performance/benchmark, /diagnostic_status, /rosout, /performance/metrics, /performance/alert, /performance/command, /performance/benchmark_results] Running memory benchmark...
1788085678.049857854 INFO /performance_monitor [performance_monitor.py:474(PerformanceMonitor.benchmark_network)] [topics: /performance/benchmark, /diagnostic_status, /rosout, /performance/metrics, /performance/alert, /performance/command, /performance/benchmark_results] Running network benchmark...
1788085679.198594808 INFO /performance_monitor [performance_monitor.py:520(PerformanceMonitor.benchmark_application)] [topics: /performance/benchmark, /diagnostic_status, /rosout, /performance/metrics, /performance/alert, /performance/command, /performance/benchmark_results] Running application benchmark...
1788085679.248898983 INFO /performance_monitor [performance_monitor.py:373(PerformanceMonitor.run_benchmark)] [topics: /performance/benchmark, /diagnostic_status, /rosout, /performance/metrics, /performance/alert, /performance/command, /performance/benchmark_results] Benchmark completed with overall score: 0.63
1788085679.250377655 INFO /performance_monitor [performance_monitor.py:381(PerformanceMonitor.benchmark_fps)] [topics: /performance/benchmark, /diagnostic_status, /rosout, /performance/metrics, /performance/alert, /performance/command, /performance/benchmark_results] Running FPS benchmark...
1788085684.254372835 INFO /performance_monitor [performance_monitor.py:414(PerformanceMonitor.benchmark_cpu)] [topics: /performance/benchmark, /diagnostic_status, /rosout, /performance/metrics, /performance/alert, /performance/command, /performance/benchmark_results] Running CPU benchmark...
1788085685.517256975 INFO /performance_monitor [performance_monitor.py:438(PerformanceMonitor.benchmark_memory)] [topics: /performance/benchmark, /diagnostic_status, /rosout, /performance/metrics, /performance/alert, /performance/command, /performance/benchmark_results] Running memory benchmark...
1788085686.200713157 INFO /performance_monitor [performance_monitor.py:474(PerformanceMonitor.benchmark_network)] [topics: /performance/benchmark, /diagnostic_status, /rosout, /performance/metrics, /performance/alert, /performance/command, /performance/benchmark_results] Running network benchmark...
1788085687.346579790 INFO /performance_monitor [performance_monitor.py:520(PerformanceMonitor.benchmark_application)] [topics: /performance/benchmark, /diagnostic_status, /rosout, /performance/metrics, /performance/alert, /performance/command, /performance/benchmark_results] Running application benchmark...
1788085687.402143478 INFO /performance_monitor [performance_monitor.py:373(PerformanceMonitor.run_benchmark)] [topics: /performance/benchmark, /diagnostic_status, /rosout, /performance/metrics, /performance/alert, /performance/command, /performance/benchmark_results] Benchmark completed with overall score: 0.63
1788085687.404608488 INFO /performance_monitor [performance_monitor.py:381(PerformanceMonitor.benchmark_fps)] [topics: /performance/benchmark, /diagnostic_status, /rosout, /performance/metrics, /performance/alert, /performance/command, /performance/benchmark_results] Running FPS benchmark...
1788085692.407552480 INFO /performance_monitor [performance_monitor.py:414(PerformanceMonitor.benchmark_cpu)] [topics: /performance/benchmark, /diagnostic_status, /rosout, /performance/metrics, /performance/alert, /performance/command, /performance/benchmark_results] Running CPU benchmark...
1788085693.679275035 INFO /performance_monitor [performance_monitor.py:438(PerformanceMonitor.benchmark_memory)] [topics: /performance/benchmark, /diagnostic_status, /rosout, /performance/metrics, /performance/alert, /performance/command, /performance/benchmark_results] Running memory benchmark...
1788085694.375483989 INFO /performance_monitor [performance_monitor.py:474(PerformanceMonitor.benchmark_network)] [topics: /performance/benchmark, /diagnostic_status, /rosout, /performance/metrics, /performance/alert, /performance/command, /performance/benchmark_results] Running network benchmark...
1788085695.571632385 INFO /performance_monitor [performance_monitor.py:520(PerformanceMonitor.benchmark_application)] [topics: /performance/benchmark, /diagnostic_status, /rosout, /performance/metrics, /performance/alert, /performance/command, /performance/benchmark_results] Running application benchmark...
1788085695.622360944 INFO /performance_monitor [performance_monitor.py:373(PerformanceMonitor.run_benchmark)] [topics: /performance/benchmark, /diagnostic_status, /rosout, /performance/metrics, /performance/alert, /performance/command, /performance/benchmark_results] Benchmark completed with overall score: 0.63
1788085695.625005722 INFO /performance_monitor [performance_monitor.py:381(PerformanceMonitor.benchmark_fps)] [topics: /performance/benchmark, /diagnostic_status, /rosout, /performance/metrics, /performance/alert, /performance/command, /performance/benchmark_results] Running FPS benchmark...
1788085700.628351449 INFO /performance_monitor [performance_monitor.py:414(PerformanceMonitor.benchmark_cpu)] [topics: /performance/benchmark, /diagnostic_status, /rosout, /performance/metrics, /performance/alert, /performance/command, /performance/benchmark_results] Running CPU benchmark...
1788085701.878506660 INFO /performance_monitor [performance_monitor.py:438(PerformanceMonitor.benchmark_memory)] [topics: /performance/benchmark, /diagnostic_status, /rosout, /performance/metrics, /performance/alert, /performance/command, /performance/benchmark_results] Running memory benchmark...
1788085702.564477920 INFO /performance_monitor [performance_monitor.py:474(PerformanceMonitor.benchmark_network)] [topics: /performance/benchmark, /diagnostic_status, /rosout, /performance/metrics, /performance/alert, /performance/command, /performance/benchmark_results] Running network benchmark...
1788085703.702972173 INFO /performance_monitor [performance_monitor.py:520(PerformanceMonitor.benchmark_application)] [topics: /performance/benchmark, /diagnostic_status, /rosout, /performance/metrics, /performance/alert, /performance/command, /performance/benchmark_results] Running application benchmark...
1788085703.758266687 INFO /performance_monitor [performance_monitor.py:373(PerformanceMonitor.run_benchmark)] [topics: /performance/benchmark, /diagnostic_status, /rosout, /performance/metrics, /performance/alert, /performance/command, /performance/benchmark_results] Benchmark completed with overall score: 0.63
1788085703.759511470 INFO /performance_monitor [performance_monitor.py:381(PerformanceMonitor.benchmark_fps)] [topics: /performance/benchmark, /diagnostic_status, /rosout, /performance/metrics, /performance/alert, /performance/command, /performance/benchmark_results] Running FPS benchmark...
1788085708.761623620 INFO /performance_monitor [performance_monitor.py:414(PerformanceMonitor.benchmark_cpu)] [topics: /performance/benchmark, /diagnostic_status, /rosout, /performance/metrics, /performance/alert, /performance/command, /performance/benchmark_results] Running CPU benchmark...
1788085710.044582366 INFO /performance_monitor [performance_monitor.py:438(PerformanceMonitor.benchmark_memory)] [topics: /performance/benchmark, /diagnostic_status, /rosout, /performance/metrics, /performance/alert, /performance/command, /performance/benchmark_results] Running memory benchmark...
1788085710.735589742 INFO /performance_monitor [performance_monitor.py:474(PerformanceMonitor.benchmark_network)] [topics: /performance/benchmark, /diagnostic_status, /rosout, /performance/metrics, /performance/alert, /performance/command, /performance/benchmark_results] Running network benchmark...
1788085711.916887044 INFO /performance_monitor [performance_monitor.py:520(PerformanceMonitor.benchmark_application)] [topics: /performance/benchmark, /diagnostic_status, /rosout, /performance/metrics, /performance/alert, /performance/command, /performance/benchmark_results] Running application benchmark...
1788085711.972202777 INFO /performance_monitor [performance_monitor.py:373(PerformanceMonitor.run_benchmark)] [topics: /performance/benchmark, /diagnostic_status, /rosout, /performance/metrics, /performance/alert, /performance/command, /performance/benchmark_results] Benchmark completed with overall score: 0.63
1788085711.974630594 INFO /performance_monitor [performance_monitor.py:381(PerformanceMonitor.benchmark_fps)] [topics: /performance/benchmark, /diagnostic_status, /rosout, /performance/metrics, /performance/alert, /performance/command, /performance/benchmark_results] Running FPS benchmark...
1788085716.980642557 INFO /performance_monitor [performance_monitor.py:414(PerformanceMonitor.benchmark_cpu)] [topics: /performance/benchmark, /diagnostic_status, /rosout, /performance/metrics, /performance/alert, /performance/command, /performance/benchmark_results] Running CPU benchmark...
1788085718.273142814 INFO /performance_monitor [performance_monitor.py:438(PerformanceMonitor.benchmark_memory)] [topics: /performance/benchmark, /diagnostic_status, /rosout, /performance/metrics, /performance/alert, /performance/command, /performance/benchmark_results] Running memory benchmark...
1788085718.965573310 INFO /performance_monitor [performance_monitor.py:474(PerformanceMonitor.benchmark_network)] [topics: /performance/benchmark, /diagnostic_status, /rosout, /performance/metrics, /performance/alert, /performance/command, /performance/benchmark_results] Running network benchmark...
1788085720.165162324 INFO /performance_monitor [performance_monitor.py:520(PerformanceMonitor.benchmark_application)] [topics: /performance/benchmark, /diagnostic_status, /rosout, /performance/metrics, /performance/alert, /performance/command, /performance/benchmark_results] Running application benchmark...
1788085720.219399690 INFO /performance_monitor [performance_monitor.py:373(PerformanceMonitor.run_benchmark)] [topics: /performance/benchmark, /diagnostic_status, /rosout, /performance/metrics, /performance/alert, /performance/command, /performance/benchmark_results] Benchmark completed with overall score: 0.63
1788085720.220677137 INFO /performance_monitor [performance_monitor.py:381(PerformanceMonitor.benchmark_fps)] [topics: /performance/benchmark, /diagnostic_status, /rosout, /performance/metrics, /performance/alert, /performance/command, /performance/benchmark_results] Running FPS benchmark...
1788085725.223559856 INFO /performance_monitor [performance_monitor.py:414(PerformanceMonitor.benchmark_cpu)] [topics: /performance/benchmark, /diagnostic_status, /rosout, /performance/metrics, /performance/alert, /performance/command, /performance/benchmark_results] Running CPU benchmark...
1788085726.499736785 INFO /performance_monitor [performance_monitor.py:438(PerformanceMonitor.benchmark_memory)] [topics: /performance/benchmark, /diagnostic_status, /rosout, /performance/metrics, /performance/alert, /performance/command, /performance/benchmark_results] Running memory benchmark...
1788085727.194698333 INFO /performance_monitor [performance_monitor.py:474(PerformanceMonitor.benchmark_network)] [topics: /performance/benchmark, /diagnostic_status, /rosout, /performance/metrics, /performance/alert, /performance/command, /performance/benchmark_results] Running network benchmark...
1788085728.391833066 INFO /performance_monitor [performance_monitor.py:520(PerformanceMonitor.benchmark_application)] [topics: /performance/benchmark, /diagnostic_status, /rosout, /performance/metrics, /performance/alert, /performance/command, /performance/benchmark_results] Running application benchmark...
1788085728.446116924 INFO /performance_monitor [performance_monitor.py:373(PerformanceMonitor.run_benchmark)] [topics: /performance/benchmark, /diagnostic_status, /rosout, /performance/metrics, /performance/alert, /performance/command, /performance/benchmark_results] Benchmark completed with overall score: 0.63
1788085728.447485446 INFO /performance_monitor [performance_monitor.py:381(PerformanceMonitor.benchmark_fps)] [topics: /performance/benchmark, /diagnostic_status, /rosout, /performance/metrics, /performance/alert, /performance/command, /performance/benchmark_results] Running FPS benchmark...
1788085733.450408220 INFO /performance_monitor [performance_monitor.py:414(PerformanceMonitor.benchmark_cpu)] [topics: /performance/benchmark, /diagnostic_status, /rosout, /performance/metrics, /performance/alert, /performance/command, /performance/benchmark_results] Running CPU benchmark...
1788085734.710528612 INFO /performance_monitor [performance_monitor.py:438(PerformanceMonitor.benchmark_memory)] [topics: /performance/benchmark, /diagnostic_status, /rosout, /performance/metrics, /performance/alert, /performance/command, /performance/benchmark_results] Running memory benchmark...
1788085735.403837919 INFO /performance_monitor [performance_monitor.py:474(PerformanceMonitor.benchmark_network)] [topics: /performance/benchmark, /diagnostic_status, /rosout, /performance/metrics, /performance/alert, /performance/command, /performance/benchmark_results] Running network benchmark...
1788085736.574165344 INFO /performance_monitor [performance_monitor.py:520(PerformanceMonitor.benchmark_application)] [topics: /performance/benchmark, /diagnostic_status, /rosout, /performance/metrics, /performance/alert, /performance/command, /performance/benchmark_results] Running application benchmark...
1788085736.622685670 INFO /performance_monitor [performance_monitor.py:373(PerformanceMonitor.run_benchmark)] [topics: /performance/benchmark, /diagnostic_status, /rosout, /performance/metrics, /performance/alert, /performance/command, /performance/benchmark_results] Benchmark completed with overall score: 0.63
1788085736.624451875 INFO /performance_monitor [performance_monitor.py:381(PerformanceMonitor.benchmark_fps)] [topics: /performance/benchmark, /diagnostic_status, /rosout, /performance/metrics, /performance/alert, /performance/command, /performance/benchmark_results] Running FPS benchmark...
1788085741.627038240 INFO /performance_monitor [performance_monitor.py:414(PerformanceMonitor.benchmark_cpu)] [topics: /performance/benchmark, /diagnostic_status, /rosout, /performance/metrics, /performance/alert, /performance/command, /performance/benchmark_results] Running CPU benchmark...
1788085742.893898487 INFO /performance_monitor [performance_monitor.py:438(PerformanceMonitor.benchmark_memory)] [topics: /performance/benchmark, /diagnostic_status, /rosout, /performance/metrics, /performance/alert, /performance/command, /performance/benchmark_results] Running memory benchmark...
1788085743.592867612 INFO /performance_monitor [performance_monitor.py:474(PerformanceMonitor.benchmark_network)] [topics: /performance/benchmark, /diagnostic_status, /rosout, /performance/metrics, /performance/alert, /performance/command, /performance/benchmark_results] Running network benchmark...
1788085744.768301725 INFO /performance_monitor [performance_monitor.py:520(PerformanceMonitor.benchmark_application)] [topics: /performance/benchmark, /diagnostic_status, /rosout, /performance/metrics, /performance/alert, /performance/command, /performance/benchmark_results] Running application benchmark...
1788085744.817510604 INFO /performance_monitor [performance_monitor.py:373(PerformanceMonitor.run_benchmark)] [topics: /performance/benchmark, /diagnostic_status, /rosout, /performance/metrics, /performance/alert, /performance/command, /performance/benchmark_results] Benchmark completed with overall score: 0.63
1788085744.818768978 INFO /performance_monitor [performance_monitor.py:381(PerformanceMonitor.benchmark_fps)] [topics: /performance/benchmark, /diagnostic_status, /rosout, /performance/metrics, /performance/alert, /performance/command, /performance/benchmark_results] Running FPS benchmark...
1788085749.821578502 INFO /performance_monitor [performance_monitor.py:414(PerformanceMonitor.benchmark_cpu)] [topics: /performance/benchmark, /diagnostic_status, /rosout, /performance/metrics, /performance/alert, /performance/command, /performance/benchmark_results] Running CPU benchmark...
1788085751.081800222 INFO /performance_monitor [performance_monitor.py:438(PerformanceMonitor.benchmark_memory)] [topics: /performance/benchmark, /diagnostic_status, /rosout, /performance/metrics, /performance/alert, /performance/command, /performance/benchmark_results] Running memory benchmark...
1788085751.775019884 INFO /performance_monitor [performance_monitor.py:474(PerformanceMonitor.benchmark_network)] [topics: /performance/benchmark, /diagnostic_status, /rosout, /performance/metrics, /performance/alert, /performance/command, /performance/benchmark_results] Running network benchmark...
1788085752.934217453 INFO /performance_monitor [performance_monitor.py:520(PerformanceMonitor.benchmark_application)] [topics: /performance/benchmark, /diagnostic_status, /rosout, /performance/metrics, /performance/alert, /performance/command, /performance/benchmark_results] Running application benchmark...
1788085752.984652042 INFO /performance_monitor [performance_monitor.py:373(PerformanceMonitor.run_benchmark)] [topics: /performance/benchmark, /diagnostic_status, /rosout, /performance/metrics, /performance/alert, /performance/command, /performance/benchmark_results] Benchmark completed with overall score: 0.63
1788085752.986497163 INFO /performance_monitor [performance_monitor.py:381(PerformanceMonitor.benchmark_fps)] [topics: /performance/benchmark, /diagnostic_status, /rosout, /performance/metrics, /performance/alert, /performance/command, /performance/benchmark_results] Running FPS benchmark...
1788085757.995819568 INFO /performance_monitor [performance_monitor.py:414(PerformanceMonitor.benchmark_cpu)] [topics: /performance/benchmark, /diagnostic_status, /rosout, /performance/metrics, /performance/alert, /performance/command, /performance/benchmark_results] Running CPU benchmark...
1788085760.723423957 INFO /performance_monitor [performance_monitor.py:438(PerformanceMonitor.benchmark_memory)] [topics: /performance/benchmark, /diagnostic_status, /rosout, /performance/metrics, /performance/alert, /performance/command, /performance/benchmark_results] Running memory benchmark...
1788085762.173433780 INFO /performance_monitor [performance_monitor.py:474(PerformanceMonitor.benchmark_network)] [topics: /performance/benchmark, /diagnostic_status, /rosout, /performance/metrics, /performance/alert, /performance/command, /performance/benchmark_results] Running network benchmark...
1788085763.370738267 INFO /performance_monitor [performance_monitor.py:520(PerformanceMonitor.benchmark_application)] [topics: /performance/benchmark, /diagnostic_status, /rosout, /performance/metrics, /performance/alert, /performance/command, /performance/benchmark_results] Running application benchmark...
1788085763.494607448 INFO /performance_monitor [performance_monitor.py:373(PerformanceMonitor.run_benchmark)] [topics: /performance/benchmark, /diagnostic_status, /rosout, /performance/metrics, /performance/alert, /performance/command, /performance/benchmark_results] Benchmark completed with overall score: 0.63
1788085763.499347209 INFO /performance_monitor [performance_monitor.py:381(PerformanceMonitor.benchmark_fps)] [topics: /performance/benchmark, /diagnostic_status, /rosout, /performance/metrics, /performance/alert, /performance/command, /performance/benchmark_results] Running FPS benchmark...
1788085768.503950357 INFO /performance_monitor [performance_monitor.py:414(PerformanceMonitor.benchmark_cpu)] [topics: /performance/benchmark, /diagnostic_status, /rosout, /performance/metrics, /performance/alert, /performance/command, /performance/benchmark_results] Running CPU benchmark...
1788085771.133588790 INFO /performance_monitor [performance_monitor.py:438(PerformanceMonitor.benchmark_memory)] [topics: /performance/benchmark, /diagnostic_status, /rosout, /performance/metrics, /performance/alert, /performance/command, /performance/benchmark_results] Running memory benchmark...
1788085772.805195093 INFO /performance_monitor [performance_monitor.py:474(PerformanceMonitor.benchmark_network)] [topics: /performance/benchmark, /diagnostic_status, /rosout, /performance/metrics, /performance/alert, /performance/command, /performance/benchmark_results] Running network benchmark...
1788085774.055248737 INFO /performance_monitor [performance_monitor.py:520(PerformanceMonitor.benchmark_application)] [topics: /performance/benchmark, /diagnostic_status, /rosout, /performance/metrics, /performance/alert, /performance/command, /performance/benchmark_results] Running application benchmark...
1788085774.273521900 INFO /performance_monitor [performance_monitor.py:373(PerformanceMonitor.run_benchmark)] [topics: /performance/benchmark, /diagnostic_status, /rosout, /performance/metrics, /performance/alert, /performance/command, /performance/benchmark_results] Benchmark completed with overall score: 0.63
1788085774.290035486 INFO /performance_monitor [performance_monitor.py:381(PerformanceMonitor.benchmark_fps)] [topics: /performance/benchmark, /diagnostic_status, /rosout, /performance/metrics, /performance/alert, /performance/command, /performance/benchmark_results] Running FPS benchmark...
1788085779.296543598 INFO /performance_monitor [performance_monitor.py:414(PerformanceMonitor.benchmark_cpu)] [topics: /performance/benchmark, /diagnostic_status, /rosout, /performance/metrics, /performance/alert, /performance/command, /performance/benchmark_results] Running CPU benchmark...
1788085781.731226205 INFO /performance_monitor [performance_monitor.py:438(PerformanceMonitor.benchmark_memory)] [topics: /performance/benchmark, /diagnostic_status, /rosout, /performance/metrics, /performance/alert, /performance/command, /performance/benchmark_results] Running memory benchmark...
1788085782.906020879 INFO /performance_monitor [performance_monitor.py:474(PerformanceMonitor.benchmark_network)] [topics: /performance/benchmark, /diagnostic_status, /rosout, /performance/metrics, /performance/alert, /performance/command, /performance/benchmark_results] Running network benchmark...
1788085784.159849643 INFO /performance_monitor [performance_monitor.py:520(PerformanceMonitor.benchmark_application)] [topics: /performance/benchmark, /diagnostic_status, /rosout, /performance/metrics, /performance/alert, /performance/command, /performance/benchmark_results] Running application benchmark...
1788085784.444964170 INFO /performance_monitor [performance_monitor.py:373(PerformanceMonitor.run_benchmark)] [topics: /performance/benchmark, /diagnostic_status, /rosout, /performance/metrics, /performance/alert, /performance/command, /performance/benchmark_results] Benchmark completed with overall score: 0.63
1788085784.457941770 INFO /performance_monitor [performance_monitor.py:381(PerformanceMonitor.benchmark_fps)] [topics: /performance/benchmark, /diagnostic_status, /rosout, /performance/metrics, /performance/alert, /performance/command, /performance/benchmark_results] Running FPS benchmark...
1788085789.463845968 INFO /performance_monitor [performance_monitor.py:414(PerformanceMonitor.benchmark_cpu)] [topics: /performance/benchmark, /diagnostic_status, /rosout, /performance/metrics, /performance/alert, /performance/command, /performance/benchmark_results] Running CPU benchmark...
1788085791.980051040 INFO /performance_monitor [performance_monitor.py:438(PerformanceMonitor.benchmark_memory)] [topics: /performance/benchmark, /diagnostic_status, /rosout, /performance/metrics, /performance/alert, /performance/command, /performance/benchmark_results] Running memory benchmark...
1788085793.259239435 INFO /performance_monitor [performance_monitor.py:474(PerformanceMonitor.benchmark_network)] [topics: /performance/benchmark, /diagnostic_status, /rosout, /performance/metrics, /performance/alert, /performance/command, /performance/benchmark_results] Running network benchmark...
1788085794.427412033 INFO /performance_monitor [performance_monitor.py:520(PerformanceMonitor.benchmark_application)] [topics: /performance/benchmark, /diagnostic_status, /rosout, /performance/metrics, /performance/alert, /performance/command, /performance/benchmark_results] Running application benchmark...
1788085794.596726179 INFO /performance_monitor [performance_monitor.py:373(PerformanceMonitor.run_benchmark)] [topics: /performance/benchmark, /diagnostic_status, /rosout, /performance/metrics, /performance/alert, /performance/command, /performance/benchmark_results] Benchmark completed with overall score: 0.63
1788085794.612594604 INFO /performance_monitor [performance_monitor.py:381(PerformanceMonitor.benchmark_fps)] [topics: /performance/benchmark, /diagnostic_status, /rosout, /performance/metrics, /performance/alert, /performance/command, /performance/benchmark_results] Running FPS benchmark...
1788085799.622043132 INFO /performance_monitor [performance_monitor.py:414(PerformanceMonitor.benchmark_cpu)] [topics: /performance/benchmark, /diagnostic_status, /rosout, /performance/metrics, /performance/alert, /performance/command, /performance/benchmark_results] Running CPU benchmark...
1788085802.253960132 INFO /performance_monitor [performance_monitor.py:438(PerformanceMonitor.benchmark_memory)] [topics: /performance/benchmark, /diagnostic_status, /rosout, /performance/metrics, /performance/alert, /performance/command, /performance/benchmark_results] Running memory benchmark...
1788085804.031931161 INFO /performance_monitor [performance_monitor.py:474(PerformanceMonitor.benchmark_network)] [topics: /performance/benchmark, /diagnostic_status, /rosout, /performance/metrics, /performance/alert, /performance/command, /performance/benchmark_results] Running network benchmark...
1788085805.197206974 INFO /performance_monitor [performance_monitor.py:520(PerformanceMonitor.benchmark_application)] [topics: /performance/benchmark, /diagnostic_status, /rosout, /performance/metrics, /performance/alert, /performance/command, /performance/benchmark_results] Running application benchmark...
1788085805.352731466 INFO /performance_monitor [performance_monitor.py:373(PerformanceMonitor.run_benchmark)] [topics: /performance/benchmark, /diagnostic_status, /rosout, /performance/metrics, /performance/alert, /performance/command, /performance/benchmark_results] Benchmark completed with overall score: 0.63
1788085805.359242677 INFO /performance_monitor [performance_monitor.py:381(PerformanceMonitor.benchmark_fps)] [topics: /performance/benchmark, /diagnostic_status, /rosout, /performance/metrics, /performance/alert, /performance/command, /performance/benchmark_results] Running FPS benchmark...
1788085810.364970207 INFO /performance_monitor [performance_monitor.py:414(PerformanceMonitor.benchmark_cpu)] [topics: /performance/benchmark, /diagnostic_status, /rosout, /performance/metrics, /performance/alert, /performance/command, /performance/benchmark_results] Running CPU benchmark...
1788085812.891097784 INFO /performance_monitor [performance_monitor.py:438(PerformanceMonitor.benchmark_memory)] [topics: /performance/benchmark, /diagnostic_status, /rosout, /performance/metrics, /performance/alert, /performance/command, /performance/benchmark_results] Running memory benchmark...
1788085814.443337678 INFO /performance_monitor [performance_monitor.py:474(PerformanceMonitor.benchmark_network)] [topics: /performance/benchmark, /diagnostic_status, /rosout, /performance/metrics, /performance/alert, /performance/command, /performance/benchmark_results] Running network benchmark...
1788085815.704149007 INFO /performance_monitor [performance_monitor.py:520(PerformanceMonitor.benchmark_application)] [topics: /performance/benchmark, /diagnostic_status, /rosout, /performance/metrics, /performance/alert, /performance/command, /performance/benchmark_results] Running application benchmark...
1788085815.958658218 INFO /performance_monitor [performance_monitor.py:373(PerformanceMonitor.run_benchmark)] [topics: /performance/benchmark, /diagnostic_status, /rosout, /performance/metrics, /performance/alert, /performance/command, /performance/benchmark_results] Benchmark completed with overall score: 0.63
1788085815.968235731 INFO /performance_monitor [performance_monitor.py:381(PerformanceMonitor.benchmark_fps)] [topics: /performance/benchmark, /diagnostic_status, /rosout, /performance/metrics, /performance/alert, /performance/command, /performance/benchmark_results] Running FPS benchmark...
1788085820.974499940 INFO /performance_monitor [performance_monitor.py:414(PerformanceMonitor.benchmark_cpu)] [topics: /performance/benchmark, /diagnostic_status, /rosout, /performance/metrics, /performance/alert, /performance/command, /performance/benchmark_results] Running CPU benchmark...
1788085823.554073095 INFO /performance_monitor [performance_monitor.py:438(PerformanceMonitor.benchmark_memory)] [topics: /performance/benchmark, /diagnostic_status, /rosout, /performance/metrics, /performance/alert, /performance/command, /performance/benchmark_results] Running memory benchmark...
1788085825.073303222 INFO /performance_monitor [performance_monitor.py:474(PerformanceMonitor.benchmark_network)] [topics: /performance/benchmark, /diagnostic_status, /rosout, /performance/metrics, /performance/alert, /performance/command, /performance/benchmark_results] Running network benchmark...
1788085826.865979433 INFO /performance_monitor [performance_monitor.py:520(PerformanceMonitor.benchmark_application)] [topics: /performance/benchmark, /diagnostic_status, /rosout, /performance/metrics, /performance/alert, /performance/command, /performance/benchmark_results] Running application benchmark...
1788085826.920693874 INFO /performance_monitor [performance_monitor.py:373(PerformanceMonitor.run_benchmark)] [topics: /performance/benchmark, /diagnostic_status, /rosout, /performance/metrics, /performance/alert, /performance/command, /performance/benchmark_results] Benchmark completed with overall score: 0.62
1788085826.928774595 INFO /performance_monitor [performance_monitor.py:381(PerformanceMonitor.benchmark_fps)] [topics: /performance/benchmark, /diagnostic_status, /rosout, /performance/metrics, /performance/alert, /performance/command, /performance/benchmark_results] Running FPS benchmark...
1788085831.938736200 INFO /performance_monitor [performance_monitor.py:414(PerformanceMonitor.benchmark_cpu)] [topics: /performance/benchmark, /diagnostic_status, /rosout, /performance/metrics, /performance/alert, /performance/command, /performance/benchmark_results] Running CPU benchmark...
1788085834.892451286 INFO /performance_monitor [performance_monitor.py:438(PerformanceMonitor.benchmark_memory)] [topics: /performance/benchmark, /diagnostic_status, /rosout, /performance/metrics, /performance/alert, /performance/command, /performance/benchmark_results] Running memory benchmark...
1788085836.281978368 INFO /performance_monitor [performance_monitor.py:474(PerformanceMonitor.benchmark_network)] [topics: /performance/benchmark, /diagnostic_status, /rosout, /performance/metrics, /performance/alert, /performance/command, /performance/benchmark_results] Running network benchmark...
1788085837.433932781 INFO /performance_monitor [performance_monitor.py:520(PerformanceMonitor.benchmark_application)] [topics: /performance/benchmark, /diagnostic_status, /rosout, /performance/metrics, /performance/alert, /performance/command, /performance/benchmark_results] Running application benchmark...
1788085837.711968183 INFO /performance_monitor [performance_monitor.py:373(PerformanceMonitor.run_benchmark)] [topics: /performance/benchmark, /diagnostic_status, /rosout, /performance/metrics, /performance/alert, /performance/command, /performance/benchmark_results] Benchmark completed with overall score: 0.63
1788085837.724808454 INFO /performance_monitor [performance_monitor.py:381(PerformanceMonitor.benchmark_fps)] [topics: /performance/benchmark, /diagnostic_status, /rosout, /performance/metrics, /performance/alert, /performance/command, /performance/benchmark_results] Running FPS benchmark...
1788085842.733264207 INFO /performance_monitor [performance_monitor.py:414(PerformanceMonitor.benchmark_cpu)] [topics: /performance/benchmark, /diagnostic_status, /rosout, /performance/metrics, /performance/alert, /performance/command, /performance/benchmark_results] Running CPU benchmark...
1788085845.469544410 INFO /performance_monitor [performance_monitor.py:438(PerformanceMonitor.benchmark_memory)] [topics: /performance/benchmark, /diagnostic_status, /rosout, /performance/metrics, /performance/alert, /performance/command, /performance/benchmark_results] Running memory benchmark...
1788085847.093147754 INFO /performance_monitor [performance_monitor.py:474(PerformanceMonitor.benchmark_network)] [topics: /performance/benchmark, /diagnostic_status, /rosout, /performance/metrics, /performance/alert, /performance/command, /performance/benchmark_results] Running network benchmark...
1788085848.308099269 INFO /performance_monitor [performance_monitor.py:520(PerformanceMonitor.benchmark_application)] [topics: /performance/benchmark, /diagnostic_status, /rosout, /performance/metrics, /performance/alert, /performance/command, /performance/benchmark_results] Running application benchmark...
1788085848.510332107 INFO /performance_monitor [performance_monitor.py:373(PerformanceMonitor.run_benchmark)] [topics: /performance/benchmark, /diagnostic_status, /rosout, /performance/metrics, /performance/alert, /performance/command, /performance/benchmark_results] Benchmark completed with overall score: 0.63
1788085848.523993492 INFO /performance_monitor [performance_monitor.py:381(PerformanceMonitor.benchmark_fps)] [topics: /performance/benchmark, /diagnostic_status, /rosout, /performance/metrics, /performance/alert, /performance/command, /performance/benchmark_results] Running FPS benchmark...
1788085853.536239385 INFO /performance_monitor [performance_monitor.py:414(PerformanceMonitor.benchmark_cpu)] [topics: /performance/benchmark, /diagnostic_status, /rosout, /performance/metrics, /performance/alert, /performance/command, /performance/benchmark_results] Running CPU benchmark...
1788085856.668065309 INFO /performance_monitor [performance_monitor.py:438(PerformanceMonitor.benchmark_memory)] [topics: /performance/benchmark, /diagnostic_status, /rosout, /performance/metrics, /performance/alert, /performance/command, /performance/benchmark_results] Running memory benchmark...
1788085857.990290641 INFO /performance_monitor [performance_monitor.py:474(PerformanceMonitor.benchmark_network)] [topics: /performance/benchmark, /diagnostic_status, /rosout, /performance/metrics, /performance/alert, /performance/command, /performance/benchmark_results] Running network benchmark...
1788085859.117435455 INFO /performance_monitor [performance_monitor.py:520(PerformanceMonitor.benchmark_application)] [topics: /performance/benchmark, /diagnostic_status, /rosout, /performance/metrics, /performance/alert, /performance/command, /performance/benchmark_results] Running application benchmark...
1788085859.236167907 INFO /performance_monitor [performance_monitor.py:373(PerformanceMonitor.run_benchmark)] [topics: /performance/benchmark, /diagnostic_status, /rosout, /performance/metrics, /performance/alert, /performance/command, /performance/benchmark_results] Benchmark completed with overall score: 0.63
1788085859.241586208 INFO /performance_monitor [performance_monitor.py:381(PerformanceMonitor.benchmark_fps)] [topics: /performance/benchmark, /diagnostic_status, /rosout, /performance/metrics, /performance/alert, /performance/command, /performance/benchmark_results] Running FPS benchmark...
1788085864.250932693 INFO /performance_monitor [performance_monitor.py:414(PerformanceMonitor.benchmark_cpu)] [topics: /performance/benchmark, /diagnostic_status, /rosout, /performance/metrics, /performance/alert, /performance/command, /performance/benchmark_results] Running CPU benchmark...
1788085866.903266668 INFO /performance_monitor [performance_monitor.py:438(PerformanceMonitor.benchmark_memory)] [topics: /performance/benchmark, /diagnostic_status, /rosout, /performance/metrics, /performance/alert, /performance/command, /performance/benchmark_results] Running memory benchmark...
1788085868.318920373 INFO /performance_monitor [performance_monitor.py:474(PerformanceMonitor.benchmark_network)] [topics: /performance/benchmark, /diagnostic_status, /rosout, /performance/metrics, /performance/alert, /performance/command, /performance/benchmark_results] Running network benchmark...
1788085869.455837011 INFO /performance_monitor [performance_monitor.py:520(PerformanceMonitor.benchmark_application)] [topics: /performance/benchmark, /diagnostic_status, /rosout, /performance/metrics, /performance/alert, /performance/command, /performance/benchmark_results] Running application benchmark...
1788085869.655590057 INFO /performance_monitor [performance_monitor.py:373(PerformanceMonitor.run_benchmark)] [topics: /performance/benchmark, /diagnostic_status, /rosout, /performance/metrics, /performance/alert, /performance/command, /performance/benchmark_results] Benchmark completed with overall score: 0.63
1788085869.664139986 INFO /performance_monitor [performance_monitor.py:381(PerformanceMonitor.benchmark_fps)] [topics: /performance/benchmark, /diagnostic_status, /rosout, /performance/metrics, /performance/alert, /performance/command, /performance/benchmark_results] Running FPS benchmark...
1788085874.669960737 INFO /performance_monitor [performance_monitor.py:414(PerformanceMonitor.benchmark_cpu)] [topics: /performance/benchmark, /diagnostic_status, /rosout, /performance/metrics, /performance/alert, /performance/command, /performance/benchmark_results] Running CPU benchmark...
1788085877.694761037 INFO /performance_monitor [performance_monitor.py:438(PerformanceMonitor.benchmark_memory)] [topics: /performance/benchmark, /diagnostic_status, /rosout, /performance/metrics, /performance/alert, /performance/command, /performance/benchmark_results] Running memory benchmark...
1788085879.383856058 INFO /performance_monitor [performance_monitor.py:474(PerformanceMonitor.benchmark_network)] [topics: /performance/benchmark, /diagnostic_status, /rosout, /performance/metrics, /performance/alert, /performance/command, /performance/benchmark_results] Running network benchmark...
1788085880.659947156 INFO /performance_monitor [performance_monitor.py:520(PerformanceMonitor.benchmark_application)] [topics: /performance/benchmark, /diagnostic_status, /rosout, /performance/metrics, /performance/alert, /performance/command, /performance/benchmark_results] Running application benchmark...
1788085880.821105957 INFO /performance_monitor [performance_monitor.py:373(PerformanceMonitor.run_benchmark)] [topics: /performance/benchmark, /diagnostic_status, /rosout, /performance/metrics, /performance/alert, /performance/command, /performance/benchmark_results] Benchmark completed with overall score: 0.63
1788085880.830362796 INFO /performance_monitor [performance_monitor.py:381(PerformanceMonitor.benchmark_fps)] [topics: /performance/benchmark, /diagnostic_status, /rosout, /performance/metrics, /performance/alert, /performance/command, /performance/benchmark_results] Running FPS benchmark...
1788085885.836677789 INFO /performance_monitor [performance_monitor.py:414(PerformanceMonitor.benchmark_cpu)] [topics: /performance/benchmark, /diagnostic_status, /rosout, /performance/metrics, /performance/alert, /performance/command, /performance/benchmark_results] Running CPU benchmark...
1788085889.028387784 INFO /performance_monitor [performance_monitor.py:438(PerformanceMonitor.benchmark_memory)] [topics: /performance/benchmark, /diagnostic_status, /rosout, /performance/metrics, /performance/alert, /performance/command, /performance/benchmark_results] Running memory benchmark...
1788085890.461391687 INFO /performance_monitor [performance_monitor.py:474(PerformanceMonitor.benchmark_network)] [topics: /performance/benchmark, /diagnostic_status, /rosout, /performance/metrics, /performance/alert, /performance/command, /performance/benchmark_results] Running network benchmark...
1788085891.621618986 INFO /performance_monitor [performance_monitor.py:520(PerformanceMonitor.benchmark_application)] [topics: /performance/benchmark, /diagnostic_status, /rosout, /performance/metrics, /performance/alert, /performance/command, /performance/benchmark_results] Running application benchmark...
1788085891.867776870 INFO /performance_monitor [performance_monitor.py:373(PerformanceMonitor.run_benchmark)] [topics: /performance/benchmark, /diagnostic_status, /rosout, /performance/metrics, /performance/alert, /performance/command, /performance/benchmark_results] Benchmark completed with overall score: 0.63
1788085891.885100364 INFO /performance_monitor [performance_monitor.py:381(PerformanceMonitor.benchmark_fps)] [topics: /performance/benchmark, /diagnostic_status, /rosout, /performance/metrics, /performance/alert, /performance/command, /performance/benchmark_results] Running FPS benchmark...
1788085896.893278121 INFO /performance_monitor [performance_monitor.py:414(PerformanceMonitor.benchmark_cpu)] [topics: /performance/benchmark, /diagnostic_status, /rosout, /performance/metrics, /performance/alert, /performance/command, /performance/benchmark_results] Running CPU benchmark...
1788085899.305435419 INFO /performance_monitor [performance_monitor.py:438(PerformanceMonitor.benchmark_memory)] [topics: /performance/benchmark, /diagnostic_status, /rosout, /performance/metrics, /performance/alert, /performance/command, /performance/benchmark_results] Running memory benchmark...
1788085900.164004087 INFO /performance_monitor [performance_monitor.py:474(PerformanceMonitor.benchmark_network)] [topics: /performance/benchmark, /diagnostic_status, /rosout, /performance/metrics, /performance/alert, /performance/command, /performance/benchmark_results] Running network benchmark...
1788085901.381052017 INFO /performance_monitor [performance_monitor.py:520(PerformanceMonitor.benchmark_application)] [topics: /performance/benchmark, /diagnostic_status, /rosout, /performance/metrics, /performance/alert, /performance/command, /performance/benchmark_results] Running application benchmark...
1788085901.435538530 INFO /performance_monitor [performance_monitor.py:373(PerformanceMonitor.run_benchmark)] [topics: /performance/benchmark, /diagnostic_status, /rosout, /performance/metrics, /performance/alert, /performance/command, /performance/benchmark_results] Benchmark completed with overall score: 0.63
1788085901.436720848 INFO /performance_monitor [performance_monitor.py:381(PerformanceMonitor.benchmark_fps)] [topics: /performance/benchmark, /diagnostic_status, /rosout, /performance/metrics, /performance/alert, /performance/command, /performance/benchmark_results] Running FPS benchmark...
1788085906.438730478 INFO /performance_monitor [performance_monitor.py:414(PerformanceMonitor.benchmark_cpu)] [topics: /performance/benchmark, /diagnostic_status, /rosout, /performance/metrics, /performance/alert, /performance/command, /performance/benchmark_results] Running CPU benchmark...
1788085907.703679084 INFO /performance_monitor [performance_monitor.py:438(PerformanceMonitor.benchmark_memory)] [topics: /performance/benchmark, /diagnostic_status, /rosout, /performance/metrics, /performance/alert, /performance/command, /performance/benchmark_results] Running memory benchmark...
1788085908.397437334 INFO /performance_monitor [performance_monitor.py:474(PerformanceMonitor.benchmark_network)] [topics: /performance/benchmark, /diagnostic_status, /rosout, /performance/metrics, /performance/alert, /performance/command, /performance/benchmark_results] Running network benchmark...
1788085909.566292524 INFO /performance_monitor [performance_monitor.py:520(PerformanceMonitor.benchmark_application)] [topics: /performance/benchmark, /diagnostic_status, /rosout, /performance/metrics, /performance/alert, /performance/command, /performance/benchmark_results] Running application benchmark...
1788085909.614546775 INFO /performance_monitor [performance_monitor.py:373(PerformanceMonitor.run_benchmark)] [topics: /performance/benchmark, /diagnostic_status, /rosout, /performance/metrics, /performance/alert, /performance/command, /performance/benchmark_results] Benchmark completed with overall score: 0.63
1788085909.615975618 INFO /performance_monitor [performance_monitor.py:381(PerformanceMonitor.benchmark_fps)] [topics: /performance/benchmark, /diagnostic_status, /rosout, /performance/metrics, /performance/alert, /performance/command, /performance/benchmark_results] Running FPS benchmark...
1788085914.618657350 INFO /performance_monitor [performance_monitor.py:414(PerformanceMonitor.benchmark_cpu)] [topics: /performance/benchmark, /diagnostic_status, /rosout, /performance/metrics, /performance/alert, /performance/command, /performance/benchmark_results] Running CPU benchmark...
1788085916.201690673 INFO /performance_monitor [performance_monitor.py:438(PerformanceMonitor.benchmark_memory)] [topics: /performance/benchmark, /diagnostic_status, /rosout, /performance/metrics, /performance/alert, /performance/command, /performance/benchmark_results] Running memory benchmark...
1788085916.893728971 INFO /performance_monitor [performance_monitor.py:474(PerformanceMonitor.benchmark_network)] [topics: /performance/benchmark, /diagnostic_status, /rosout, /performance/metrics, /performance/alert, /performance/command, /performance/benchmark_results] Running network benchmark...
1788085918.043427944 INFO /performance_monitor [performance_monitor.py:520(PerformanceMonitor.benchmark_application)] [topics: /performance/benchmark, /diagnostic_status, /rosout, /performance/metrics, /performance/alert, /performance/command, /performance/benchmark_results] Running application benchmark...
1788085918.098174095 INFO /performance_monitor [performance_monitor.py:373(PerformanceMonitor.run_benchmark)] [topics: /performance/benchmark, /diagnostic_status, /rosout, /performance/metrics, /performance/alert, /performance/command, /performance/benchmark_results] Benchmark completed with overall score: 0.63
1788085918.100131273 INFO /performance_monitor [performance_monitor.py:381(PerformanceMonitor.benchmark_fps)] [topics: /performance/benchmark, /diagnostic_status, /rosout, /performance/metrics, /performance/alert, /performance/command, /performance/benchmark_results] Running FPS benchmark...
1788085923.104081153 INFO /performance_monitor [performance_monitor.py:414(PerformanceMonitor.benchmark_cpu)] [topics: /performance/benchmark, /diagnostic_status, /rosout, /performance/metrics, /performance/alert, /performance/command, /performance/benchmark_results] Running CPU benchmark...
1788085924.487068653 INFO /performance_monitor [performance_monitor.py:438(PerformanceMonitor.benchmark_memory)] [topics: /performance/benchmark, /diagnostic_status, /rosout, /performance/metrics, /performance/alert, /performance/command, /performance/benchmark_results] Running memory benchmark...
1788085925.171519517 INFO /performance_monitor [performance_monitor.py:474(PerformanceMonitor.benchmark_network)] [topics: /performance/benchmark, /diagnostic_status, /rosout, /performance/metrics, /performance/alert, /performance/command, /performance/benchmark_results] Running network benchmark...
1788085926.346573591 INFO /performance_monitor [performance_monitor.py:520(PerformanceMonitor.benchmark_application)] [topics: /performance/benchmark, /diagnostic_status, /rosout, /performance/metrics, /performance/alert, /performance/command, /performance/benchmark_results] Running application benchmark...
1788085926.395151138 INFO /performance_monitor [performance_monitor.py:373(PerformanceMonitor.run_benchmark)] [topics: /performance/benchmark, /diagnostic_status, /rosout, /performance/metrics, /performance/alert, /performance/command, /performance/benchmark_results] Benchmark completed with overall score: 0.63
1788085926.396467685 INFO /performance_monitor [performance_monitor.py:381(PerformanceMonitor.benchmark_fps)] [topics: /performance/benchmark, /diagnostic_status, /rosout, /performance/metrics, /performance/alert, /performance/command, /performance/benchmark_results] Running FPS benchmark...
1788085931.400217056 INFO /performance_monitor [performance_monitor.py:414(PerformanceMonitor.benchmark_cpu)] [topics: /performance/benchmark, /diagnostic_status, /rosout, /performance/metrics, /performance/alert, /performance/command, /performance/benchmark_results] Running CPU benchmark...
1788085932.654277086 INFO /performance_monitor [performance_monitor.py:438(PerformanceMonitor.benchmark_memory)] [topics: /performance/benchmark, /diagnostic_status, /rosout, /performance/metrics, /performance/alert, /performance/command, /performance/benchmark_results] Running memory benchmark...
1788085933.345436334 INFO /performance_monitor [performance_monitor.py:474(PerformanceMonitor.benchmark_network)] [topics: /performance/benchmark, /diagnostic_status, /rosout, /performance/metrics, /performance/alert, /performance/command, /performance/benchmark_results] Running network benchmark...
1788085934.482965230 INFO /performance_monitor [performance_monitor.py:520(PerformanceMonitor.benchmark_application)] [topics: /performance/benchmark, /diagnostic_status, /rosout, /performance/metrics, /performance/alert, /performance/command, /performance/benchmark_results] Running application benchmark...
1788085934.532536983 INFO /performance_monitor [performance_monitor.py:373(PerformanceMonitor.run_benchmark)] [topics: /performance/benchmark, /diagnostic_status, /rosout, /performance/metrics, /performance/alert, /performance/command, /performance/benchmark_results] Benchmark completed with overall score: 0.63
1788085934.534119844 INFO /performance_monitor [performance_monitor.py:381(PerformanceMonitor.benchmark_fps)] [topics: /performance/benchmark, /diagnostic_status, /rosout, /performance/metrics, /performance/alert, /performance/command, /performance/benchmark_results] Running FPS benchmark...
1788085939.537650585 INFO /performance_monitor [performance_monitor.py:414(PerformanceMonitor.benchmark_cpu)] [topics: /performance/benchmark, /diagnostic_status, /rosout, /performance/metrics, /performance/alert, /performance/command, /performance/benchmark_results] Running CPU benchmark...
1788085940.805983781 INFO /performance_monitor [performance_monitor.py:438(PerformanceMonitor.benchmark_memory)] [topics: /performance/benchmark, /diagnostic_status, /rosout, /performance/metrics, /performance/alert, /performance/command, /performance/benchmark_results] Running memory benchmark...
1788085941.490225553 INFO /performance_monitor [performance_monitor.py:474(PerformanceMonitor.benchmark_network)] [topics: /performance/benchmark, /diagnostic_status, /rosout, /performance/metrics, /performance/alert, /performance/command, /performance/benchmark_results] Running network benchmark...
1788085942.694086074 INFO /performance_monitor [performance_monitor.py:520(PerformanceMonitor.benchmark_application)] [topics: /performance/benchmark, /diagnostic_status, /rosout, /performance/metrics, /performance/alert, /performance/command, /performance/benchmark_results] Running application benchmark...
1788085942.751996994 INFO /performance_monitor [performance_monitor.py:373(PerformanceMonitor.run_benchmark)] [topics: /performance/benchmark, /diagnostic_status, /rosout, /performance/metrics, /performance/alert, /performance/command, /performance/benchmark_results] Benchmark completed with overall score: 0.63
1788085942.754576683 INFO /performance_monitor [performance_monitor.py:381(PerformanceMonitor.benchmark_fps)] [topics: /performance/benchmark, /diagnostic_status, /rosout, /performance/metrics, /performance/alert, /performance/command, /performance/benchmark_results] Running FPS benchmark...
1788085947.756594181 INFO /performance_monitor [performance_monitor.py:414(PerformanceMonitor.benchmark_cpu)] [topics: /performance/benchmark, /diagnostic_status, /rosout, /performance/metrics, /performance/alert, /performance/command, /performance/benchmark_results] Running CPU benchmark...
1788085949.084949970 INFO /performance_monitor [performance_monitor.py:438(PerformanceMonitor.benchmark_memory)] [topics: /performance/benchmark, /diagnostic_status, /rosout, /performance/metrics, /performance/alert, /performance/command, /performance/benchmark_results] Running memory benchmark...
1788085949.777115583 INFO /performance_monitor [performance_monitor.py:474(PerformanceMonitor.benchmark_network)] [topics: /performance/benchmark, /diagnostic_status, /rosout, /performance/metrics, /performance/alert, /performance/command, /performance/benchmark_results] Running network benchmark...
1788085950.957199335 INFO /performance_monitor [performance_monitor.py:520(PerformanceMonitor.benchmark_application)] [topics: /performance/benchmark, /diagnostic_status, /rosout, /performance/metrics, /performance/alert, /performance/command, /performance/benchmark_results] Running application benchmark...
1788085951.018534421 INFO /performance_monitor [performance_monitor.py:373(PerformanceMonitor.run_benchmark)] [topics: /performance/benchmark, /diagnostic_status, /rosout, /performance/metrics, /performance/alert, /performance/command, /performance/benchmark_results] Benchmark completed with overall score: 0.63
1788085951.022854804 INFO /performance_monitor [performance_monitor.py:381(PerformanceMonitor.benchmark_fps)] [topics: /performance/benchmark, /diagnostic_status, /rosout, /performance/metrics, /performance/alert, /performance/command, /performance/benchmark_results] Running FPS benchmark...
1788085956.026721715 INFO /performance_monitor [performance_monitor.py:414(PerformanceMonitor.benchmark_cpu)] [topics: /performance/benchmark, /diagnostic_status, /rosout, /performance/metrics, /performance/alert, /performance/command, /performance/benchmark_results] Running CPU benchmark...
1788085957.284492731 INFO /performance_monitor [performance_monitor.py:438(PerformanceMonitor.benchmark_memory)] [topics: /performance/benchmark, /diagnostic_status, /rosout, /performance/metrics, /performance/alert, /performance/command, /performance/benchmark_results] Running memory benchmark...
1788085957.984132051 INFO /performance_monitor [performance_monitor.py:474(PerformanceMonitor.benchmark_network)] [topics: /performance/benchmark, /diagnostic_status, /rosout, /performance/metrics, /performance/alert, /performance/command, /performance/benchmark_results] Running network benchmark...
1788085959.186510086 INFO /performance_monitor [performance_monitor.py:520(PerformanceMonitor.benchmark_application)] [topics: /performance/benchmark, /diagnostic_status, /rosout, /performance/metrics, /performance/alert, /performance/command, /performance/benchmark_results] Running application benchmark...
1788085959.240862607 INFO /performance_monitor [performance_monitor.py:373(PerformanceMonitor.run_benchmark)] [topics: /performance/benchmark, /diagnostic_status, /rosout, /performance/metrics, /performance/alert, /performance/command, /performance/benchmark_results] Benchmark completed with overall score: 0.63
1788085959.243478775 INFO /performance_monitor [performance_monitor.py:381(PerformanceMonitor.benchmark_fps)] [topics: /performance/benchmark, /diagnostic_status, /rosout, /performance/metrics, /performance/alert, /performance/command, /performance/benchmark_results] Running FPS benchmark...
1788085964.247031450 INFO /performance_monitor [performance_monitor.py:414(PerformanceMonitor.benchmark_cpu)] [topics: /performance/benchmark, /diagnostic_status, /rosout, /performance/metrics, /performance/alert, /performance/command, /performance/benchmark_results] Running CPU benchmark...
1788085965.510634660 INFO /performance_monitor [performance_monitor.py:438(PerformanceMonitor.benchmark_memory)] [topics: /performance/benchmark, /diagnostic_status, /rosout, /performance/metrics, /performance/alert, /performance/command, /performance/benchmark_results] Running memory benchmark...
1788085966.266086101 INFO /performance_monitor [performance_monitor.py:474(PerformanceMonitor.benchmark_network)] [topics: /performance/benchmark, /diagnostic_status, /rosout, /performance/metrics, /performance/alert, /performance/command, /performance/benchmark_results] Running network benchmark...
1788085967.467617034 INFO /performance_monitor [performance_monitor.py:520(PerformanceMonitor.benchmark_application)] [topics: /performance/benchmark, /diagnostic_status, /rosout, /performance/metrics, /performance/alert, /performance/command, /performance/benchmark_results] Running application benchmark...
1788085967.520631790 INFO /performance_monitor [performance_monitor.py:373(PerformanceMonitor.run_benchmark)] [topics: /performance/benchmark, /diagnostic_status, /rosout, /performance/metrics, /performance/alert, /performance/command, /performance/benchmark_results] Benchmark completed with overall score: 0.63
1788085967.523265838 INFO /performance_monitor [performance_monitor.py:381(PerformanceMonitor.benchmark_fps)] [topics: /performance/benchmark, /diagnostic_status, /rosout, /performance/metrics, /performance/alert, /performance/command, /performance/benchmark_results] Running FPS benchmark...
1788085972.527910947 INFO /performance_monitor [performance_monitor.py:414(PerformanceMonitor.benchmark_cpu)] [topics: /performance/benchmark, /diagnostic_status, /rosout, /performance/metrics, /performance/alert, /performance/command, /performance/benchmark_results] Running CPU benchmark...
1788085973.879294872 INFO /performance_monitor [performance_monitor.py:438(PerformanceMonitor.benchmark_memory)] [topics: /performance/benchmark, /diagnostic_status, /rosout, /performance/metrics, /performance/alert, /performance/command, /performance/benchmark_results] Running memory benchmark...
1788085974.567065000 INFO /performance_monitor [performance_monitor.py:474(PerformanceMonitor.benchmark_network)] [topics: /performance/benchmark, /diagnostic_status, /rosout, /performance/metrics, /performance/alert, /performance/command, /performance/benchmark_results] Running network benchmark...
1788085975.776325225 INFO /performance_monitor [performance_monitor.py:520(PerformanceMonitor.benchmark_application)] [topics: /performance/benchmark, /diagnostic_status, /rosout, /performance/metrics, /performance/alert, /performance/command, /performance/benchmark_results] Running application benchmark...
1788085975.827747106 INFO /performance_monitor [performance_monitor.py:373(PerformanceMonitor.run_benchmark)] [topics: /performance/benchmark, /diagnostic_status, /rosout, /performance/metrics, /performance/alert, /performance/command, /performance/benchmark_results] Benchmark completed with overall score: 0.63
1788085975.829472064 INFO /performance_monitor [performance_monitor.py:381(PerformanceMonitor.benchmark_fps)] [topics: /performance/benchmark, /diagnostic_status, /rosout, /performance/metrics, /performance/alert, /performance/command, /performance/benchmark_results] Running FPS benchmark...
1788085980.832623720 INFO /performance_monitor [performance_monitor.py:414(PerformanceMonitor.benchmark_cpu)] [topics: /performance/benchmark, /diagnostic_status, /rosout, /performance/metrics, /performance/alert, /performance/command, /performance/benchmark_results] Running CPU benchmark...
1788085982.111635446 INFO /performance_monitor [performance_monitor.py:438(PerformanceMonitor.benchmark_memory)] [topics: /performance/benchmark, /diagnostic_status, /rosout, /performance/metrics, /performance/alert, /performance/command, /performance/benchmark_results] Running memory benchmark...
1788085982.930590391 INFO /performance_monitor [performance_monitor.py:474(PerformanceMonitor.benchmark_network)] [topics: /performance/benchmark, /diagnostic_status, /rosout, /performance/metrics, /performance/alert, /performance/command, /performance/benchmark_results] Running network benchmark...
1788085984.138123512 INFO /performance_monitor [performance_monitor.py:520(PerformanceMonitor.benchmark_application)] [topics: /performance/benchmark, /diagnostic_status, /rosout, /performance/metrics, /performance/alert, /performance/command, /performance/benchmark_results] Running application benchmark...
1788085984.193770647 INFO /performance_monitor [performance_monitor.py:373(PerformanceMonitor.run_benchmark)] [topics: /performance/benchmark, /diagnostic_status, /rosout, /performance/metrics, /performance/alert, /performance/command, /performance/benchmark_results] Benchmark completed with overall score: 0.63
1788085984.195063591 INFO /performance_monitor [performance_monitor.py:381(PerformanceMonitor.benchmark_fps)] [topics: /performance/benchmark, /diagnostic_status, /rosout, /performance/metrics, /performance/alert, /performance/command, /performance/benchmark_results] Running FPS benchmark...
1788085989.197771072 INFO /performance_monitor [performance_monitor.py:414(PerformanceMonitor.benchmark_cpu)] [topics: /performance/benchmark, /diagnostic_status, /rosout, /performance/metrics, /performance/alert, /performance/command, /performance/benchmark_results] Running CPU benchmark...
1788085990.461656093 INFO /performance_monitor [performance_monitor.py:438(PerformanceMonitor.benchmark_memory)] [topics: /performance/benchmark, /diagnostic_status, /rosout, /performance/metrics, /performance/alert, /performance/command, /performance/benchmark_results] Running memory benchmark...
1788085991.144243001 INFO /performance_monitor [performance_monitor.py:474(PerformanceMonitor.benchmark_network)] [topics: /performance/benchmark, /diagnostic_status, /rosout, /performance/metrics, /performance/alert, /performance/command, /performance/benchmark_results] Running network benchmark...
1788085992.286292314 INFO /performance_monitor [performance_monitor.py:520(PerformanceMonitor.benchmark_application)] [topics: /performance/benchmark, /diagnostic_status, /rosout, /performance/metrics, /performance/alert, /performance/command, /performance/benchmark_results] Running application benchmark...
1788085992.339449405 INFO /performance_monitor [performance_monitor.py:373(PerformanceMonitor.run_benchmark)] [topics: /performance/benchmark, /diagnostic_status, /rosout, /performance/metrics, /performance/alert, /performance/command, /performance/benchmark_results] Benchmark completed with overall score: 0.63
1788085992.340699434 INFO /performance_monitor [performance_monitor.py:381(PerformanceMonitor.benchmark_fps)] [topics: /performance/benchmark, /diagnostic_status, /rosout, /performance/metrics, /performance/alert, /performance/command, /performance/benchmark_results] Running FPS benchmark...
1788085997.342905998 INFO /performance_monitor [performance_monitor.py:414(PerformanceMonitor.benchmark_cpu)] [topics: /performance/benchmark, /diagnostic_status, /rosout, /performance/metrics, /performance/alert, /performance/command, /performance/benchmark_results] Running CPU benchmark...
1788085998.687095403 INFO /performance_monitor [performance_monitor.py:438(PerformanceMonitor.benchmark_memory)] [topics: /performance/benchmark, /diagnostic_status, /rosout, /performance/metrics, /performance/alert, /performance/command, /performance/benchmark_results] Running memory benchmark...
1788085999.378106355 INFO /performance_monitor [performance_monitor.py:474(PerformanceMonitor.benchmark_network)] [topics: /performance/benchmark, /diagnostic_status, /rosout, /performance/metrics, /performance/alert, /performance/command, /performance/benchmark_results] Running network benchmark...
1788086000.567764997 INFO /performance_monitor [performance_monitor.py:520(PerformanceMonitor.benchmark_application)] [topics: /performance/benchmark, /diagnostic_status, /rosout, /performance/metrics, /performance/alert, /performance/command, /performance/benchmark_results] Running application benchmark...
1788086000.617182254 INFO /performance_monitor [performance_monitor.py:373(PerformanceMonitor.run_benchmark)] [topics: /performance/benchmark, /diagnostic_status, /rosout, /performance/metrics, /performance/alert, /performance/command, /performance/benchmark_results] Benchmark completed with overall score: 0.63
1788086000.618528842 INFO /performance_monitor [performance_monitor.py:381(PerformanceMonitor.benchmark_fps)] [topics: /performance/benchmark, /diagnostic_status, /rosout, /performance/metrics, /performance/alert, /performance/command, /performance/benchmark_results] Running FPS benchmark...
1788086005.621677637 INFO /performance_monitor [performance_monitor.py:414(PerformanceMonitor.benchmark_cpu)] [topics: /performance/benchmark, /diagnostic_status, /rosout, /performance/metrics, /performance/alert, /performance/command, /performance/benchmark_results] Running CPU benchmark...
1788086006.919633626 INFO /performance_monitor [performance_monitor.py:438(PerformanceMonitor.benchmark_memory)] [topics: /performance/benchmark, /diagnostic_status, /rosout, /performance/metrics, /performance/alert, /performance/command, /performance/benchmark_results] Running memory benchmark...
1788086007.617611169 INFO /performance_monitor [performance_monitor.py:474(PerformanceMonitor.benchmark_network)] [topics: /performance/benchmark, /diagnostic_status, /rosout, /performance/metrics, /performance/alert, /performance/command, /performance/benchmark_results] Running network benchmark...
1788086008.838881254 INFO /performance_monitor [performance_monitor.py:520(PerformanceMonitor.benchmark_application)] [topics: /performance/benchmark, /diagnostic_status, /rosout, /performance/metrics, /performance/alert, /performance/command, /performance/benchmark_results] Running application benchmark...
1788086008.888239860 INFO /performance_monitor [performance_monitor.py:373(PerformanceMonitor.run_benchmark)] [topics: /performance/benchmark, /diagnostic_status, /rosout, /performance/metrics, /performance/alert, /performance/command, /performance/benchmark_results] Benchmark completed with overall score: 0.63
1788086008.889918565 INFO /performance_monitor [performance_monitor.py:381(PerformanceMonitor.benchmark_fps)] [topics: /performance/benchmark, /diagnostic_status, /rosout, /performance/metrics, /performance/alert, /performance/command, /performance/benchmark_results] Running FPS benchmark...
1788086013.894745111 INFO /performance_monitor [performance_monitor.py:414(PerformanceMonitor.benchmark_cpu)] [topics: /performance/benchmark, /diagnostic_status, /rosout, /performance/metrics, /performance/alert, /performance/command, /performance/benchmark_results] Running CPU benchmark...
1788086016.950076103 INFO /performance_monitor [performance_monitor.py:438(PerformanceMonitor.benchmark_memory)] [topics: /performance/benchmark, /diagnostic_status, /rosout, /performance/metrics, /performance/alert, /performance/command, /performance/benchmark_results] Running memory benchmark...
1788086017.848379373 INFO /performance_monitor [performance_monitor.py:474(PerformanceMonitor.benchmark_network)] [topics: /performance/benchmark, /diagnostic_status, /rosout, /performance/metrics, /performance/alert, /performance/command, /performance/benchmark_results] Running network benchmark...
1788086019.042097330 INFO /performance_monitor [performance_monitor.py:520(PerformanceMonitor.benchmark_application)] [topics: /performance/benchmark, /diagnostic_status, /rosout, /performance/metrics, /performance/alert, /performance/command, /performance/benchmark_results] Running application benchmark...
1788086019.109152793 INFO /performance_monitor [performance_monitor.py:373(PerformanceMonitor.run_benchmark)] [topics: /performance/benchmark, /diagnostic_status, /rosout, /performance/metrics, /performance/alert, /performance/command, /performance/benchmark_results] Benchmark completed with overall score: 0.63
1788086019.111034631 INFO /performance_monitor [performance_monitor.py:381(PerformanceMonitor.benchmark_fps)] [topics: /performance/benchmark, /diagnostic_status, /rosout, /performance/metrics, /performance/alert, /performance/command, /performance/benchmark_results] Running FPS benchmark...
1788086024.113821983 INFO /performance_monitor [performance_monitor.py:414(PerformanceMonitor.benchmark_cpu)] [topics: /performance/benchmark, /diagnostic_status, /rosout, /performance/metrics, /performance/alert, /performance/command, /performance/benchmark_results] Running CPU benchmark...
1788086025.410619974 INFO /performance_monitor [performance_monitor.py:438(PerformanceMonitor.benchmark_memory)] [topics: /performance/benchmark, /diagnostic_status, /rosout, /performance/metrics, /performance/alert, /performance/command, /performance/benchmark_results] Running memory benchmark...
1788086026.120990753 INFO /performance_monitor [performance_monitor.py:474(PerformanceMonitor.benchmark_network)] [topics: /performance/benchmark, /diagnostic_status, /rosout, /performance/metrics, /performance/alert, /performance/command, /performance/benchmark_results] Running network benchmark...
1788086027.299205303 INFO /performance_monitor [performance_monitor.py:520(PerformanceMonitor.benchmark_application)] [topics: /performance/benchmark, /diagnostic_status, /rosout, /performance/metrics, /performance/alert, /performance/command, /performance/benchmark_results] Running application benchmark...
1788086027.352062702 INFO /performance_monitor [performance_monitor.py:373(PerformanceMonitor.run_benchmark)] [topics: /performance/benchmark, /diagnostic_status, /rosout, /performance/metrics, /performance/alert, /performance/command, /performance/benchmark_results] Benchmark completed with overall score: 0.63
1788086027.353745460 INFO /performance_monitor [performance_monitor.py:381(PerformanceMonitor.benchmark_fps)] [topics: /performance/benchmark, /diagnostic_status, /rosout, /performance/metrics, /performance/alert, /performance/command, /performance/benchmark_results] Running FPS benchmark...
1788086032.356287240 INFO /performance_monitor [performance_monitor.py:414(PerformanceMonitor.benchmark_cpu)] [topics: /performance/benchmark, /diagnostic_status, /rosout, /performance/metrics, /performance/alert, /performance/command, /performance/benchmark_results] Running CPU benchmark...
1788086033.675743341 INFO /performance_monitor [performance_monitor.py:438(PerformanceMonitor.benchmark_memory)] [topics: /performance/benchmark, /diagnostic_status, /rosout, /performance/metrics, /performance/alert, /performance/command, /performance/benchmark_results] Running memory benchmark...
1788086034.367381334 INFO /performance_monitor [performance_monitor.py:474(PerformanceMonitor.benchmark_network)] [topics: /performance/benchmark, /diagnostic_status, /rosout, /performance/metrics, /performance/alert, /performance/command, /performance/benchmark_results] Running network benchmark...
1788086035.485864877 INFO /performance_monitor [performance_monitor.py:520(PerformanceMonitor.benchmark_application)] [topics: /performance/benchmark, /diagnostic_status, /rosout, /performance/metrics, /performance/alert, /performance/command, /performance/benchmark_results] Running application benchmark...
1788086035.544961452 INFO /performance_monitor [performance_monitor.py:373(PerformanceMonitor.run_benchmark)] [topics: /performance/benchmark, /diagnostic_status, /rosout, /performance/metrics, /performance/alert, /performance/command, /performance/benchmark_results] Benchmark completed with overall score: 0.63
1788086035.546529769 INFO /performance_monitor [performance_monitor.py:381(PerformanceMonitor.benchmark_fps)] [topics: /performance/benchmark, /diagnostic_status, /rosout, /performance/metrics, /performance/alert, /performance/command, /performance/benchmark_results] Running FPS benchmark...
1788086040.548855066 INFO /performance_monitor [performance_monitor.py:414(PerformanceMonitor.benchmark_cpu)] [topics: /performance/benchmark, /diagnostic_status, /rosout, /performance/metrics, /performance/alert, /performance/command, /performance/benchmark_results] Running CPU benchmark...
1788086042.026280641 INFO /performance_monitor [performance_monitor.py:438(PerformanceMonitor.benchmark_memory)] [topics: /performance/benchmark, /diagnostic_status, /rosout, /performance/metrics, /performance/alert, /performance/command, /performance/benchmark_results] Running memory benchmark...
1788086042.743644237 INFO /performance_monitor [performance_monitor.py:474(PerformanceMonitor.benchmark_network)] [topics: /performance/benchmark, /diagnostic_status, /rosout, /performance/metrics, /performance/alert, /performance/command, /performance/benchmark_results] Running network benchmark...
1788086043.893642902 INFO /performance_monitor [performance_monitor.py:520(PerformanceMonitor.benchmark_application)] [topics: /performance/benchmark, /diagnostic_status, /rosout, /performance/metrics, /performance/alert, /performance/command, /performance/benchmark_results] Running application benchmark...
1788086043.947938203 INFO /performance_monitor [performance_monitor.py:373(PerformanceMonitor.run_benchmark)] [topics: /performance/benchmark, /diagnostic_status, /rosout, /performance/metrics, /performance/alert, /performance/command, /performance/benchmark_results] Benchmark completed with overall score: 0.63
1788086043.951276302 INFO /performance_monitor [performance_monitor.py:381(PerformanceMonitor.benchmark_fps)] [topics: /performance/benchmark, /diagnostic_status, /rosout, /performance/metrics, /performance/alert, /performance/command, /performance/benchmark_results] Running FPS benchmark...
1788086048.954889774 INFO /performance_monitor [performance_monitor.py:414(PerformanceMonitor.benchmark_cpu)] [topics: /performance/benchmark, /diagnostic_status, /rosout, /performance/metrics, /performance/alert, /performance/command, /performance/benchmark_results] Running CPU benchmark...
1788086050.482931852 INFO /performance_monitor [performance_monitor.py:438(PerformanceMonitor.benchmark_memory)] [topics: /performance/benchmark, /diagnostic_status, /rosout, /performance/metrics, /performance/alert, /performance/command, /performance/benchmark_results] Running memory benchmark...
1788086051.325349092 INFO /performance_monitor [performance_monitor.py:474(PerformanceMonitor.benchmark_network)] [topics: /performance/benchmark, /diagnostic_status, /rosout, /performance/metrics, /performance/alert, /performance/command, /performance/benchmark_results] Running network benchmark...
1788086052.542191982 INFO /performance_monitor [performance_monitor.py:520(PerformanceMonitor.benchmark_application)] [topics: /performance/benchmark, /diagnostic_status, /rosout, /performance/metrics, /performance/alert, /performance/command, /performance/benchmark_results] Running application benchmark...
1788086052.592440366 INFO /performance_monitor [performance_monitor.py:373(PerformanceMonitor.run_benchmark)] [topics: /performance/benchmark, /diagnostic_status, /rosout, /performance/metrics, /performance/alert, /performance/command, /performance/benchmark_results] Benchmark completed with overall score: 0.63
1788086052.594852924 INFO /performance_monitor [performance_monitor.py:381(PerformanceMonitor.benchmark_fps)] [topics: /performance/benchmark, /diagnostic_status, /rosout, /performance/metrics, /performance/alert, /performance/command, /performance/benchmark_results] Running FPS benchmark...
1788086057.597903966 INFO /performance_monitor [performance_monitor.py:414(PerformanceMonitor.benchmark_cpu)] [topics: /performance/benchmark, /diagnostic_status, /rosout, /performance/metrics, /performance/alert, /performance/command, /performance/benchmark_results] Running CPU benchmark...
1788086058.868103742 INFO /performance_monitor [performance_monitor.py:438(PerformanceMonitor.benchmark_memory)] [topics: /performance/benchmark, /diagnostic_status, /rosout, /performance/metrics, /performance/alert, /performance/command, /performance/benchmark_results] Running memory benchmark...
1788086059.561809062 INFO /performance_monitor [performance_monitor.py:474(PerformanceMonitor.benchmark_network)] [topics: /performance/benchmark, /diagnostic_status, /rosout, /performance/metrics, /performance/alert, /performance/command, /performance/benchmark_results] Running network benchmark...
1788086060.743468761 INFO /performance_monitor [performance_monitor.py:520(PerformanceMonitor.benchmark_application)] [topics: /performance/benchmark, /diagnostic_status, /rosout, /performance/metrics, /performance/alert, /performance/command, /performance/benchmark_results] Running application benchmark...
1788086060.792396306 INFO /performance_monitor [performance_monitor.py:373(PerformanceMonitor.run_benchmark)] [topics: /performance/benchmark, /diagnostic_status, /rosout, /performance/metrics, /performance/alert, /performance/command, /performance/benchmark_results] Benchmark completed with overall score: 0.63
1788086060.793744802 INFO /performance_monitor [performance_monitor.py:381(PerformanceMonitor.benchmark_fps)] [topics: /performance/benchmark, /diagnostic_status, /rosout, /performance/metrics, /performance/alert, /performance/command, /performance/benchmark_results] Running FPS benchmark...
1788086065.796056270 INFO /performance_monitor [performance_monitor.py:414(PerformanceMonitor.benchmark_cpu)] [topics: /performance/benchmark, /diagnostic_status, /rosout, /performance/metrics, /performance/alert, /performance/command, /performance/benchmark_results] Running CPU benchmark...
1788086067.084726572 INFO /performance_monitor [performance_monitor.py:438(PerformanceMonitor.benchmark_memory)] [topics: /performance/benchmark, /diagnostic_status, /rosout, /performance/metrics, /performance/alert, /performance/command, /performance/benchmark_results] Running memory benchmark...
1788086067.778895616 INFO /performance_monitor [performance_monitor.py:474(PerformanceMonitor.benchmark_network)] [topics: /performance/benchmark, /diagnostic_status, /rosout, /performance/metrics, /performance/alert, /performance/command, /performance/benchmark_results] Running network benchmark...
1788086068.933050155 INFO /performance_monitor [performance_monitor.py:520(PerformanceMonitor.benchmark_application)] [topics: /performance/benchmark, /diagnostic_status, /rosout, /performance/metrics, /performance/alert, /performance/command, /performance/benchmark_results] Running application benchmark...
1788086068.986171483 INFO /performance_monitor [performance_monitor.py:373(PerformanceMonitor.run_benchmark)] [topics: /performance/benchmark, /diagnostic_status, /rosout, /performance/metrics, /performance/alert, /performance/command, /performance/benchmark_results] Benchmark completed with overall score: 0.63
1788086068.988681316 INFO /performance_monitor [performance_monitor.py:381(PerformanceMonitor.benchmark_fps)] [topics: /performance/benchmark, /diagnostic_status, /rosout, /performance/metrics, /performance/alert, /performance/command, /performance/benchmark_results] Running FPS benchmark...
1788086073.991387605 INFO /performance_monitor [performance_monitor.py:414(PerformanceMonitor.benchmark_cpu)] [topics: /performance/benchmark, /diagnostic_status, /rosout, /performance/metrics, /performance/alert, /performance/command, /performance/benchmark_results] Running CPU benchmark...
1788086075.268115043 INFO /performance_monitor [performance_monitor.py:438(PerformanceMonitor.benchmark_memory)] [topics: /performance/benchmark, /diagnostic_status, /rosout, /performance/metrics, /performance/alert, /performance/command, /performance/benchmark_results] Running memory benchmark...
1788086075.973123550 INFO /performance_monitor [performance_monitor.py:474(PerformanceMonitor.benchmark_network)] [topics: /performance/benchmark, /diagnostic_status, /rosout, /performance/metrics, /performance/alert, /performance/command, /performance/benchmark_results] Running network benchmark...
1788086077.135201215 INFO /performance_monitor [performance_monitor.py:520(PerformanceMonitor.benchmark_application)] [topics: /performance/benchmark, /diagnostic_status, /rosout, /performance/metrics, /performance/alert, /performance/command, /performance/benchmark_results] Running application benchmark...
1788086077.194098711 INFO /performance_monitor [performance_monitor.py:373(PerformanceMonitor.run_benchmark)] [topics: /performance/benchmark, /diagnostic_status, /rosout, /performance/metrics, /performance/alert, /performance/command, /performance/benchmark_results] Benchmark completed with overall score: 0.63
1788086077.195914030 INFO /performance_monitor [performance_monitor.py:381(PerformanceMonitor.benchmark_fps)] [topics: /performance/benchmark, /diagnostic_status, /rosout, /performance/metrics, /performance/alert, /performance/command, /performance/benchmark_results] Running FPS benchmark...
1788086082.197546720 INFO /performance_monitor [performance_monitor.py:414(PerformanceMonitor.benchmark_cpu)] [topics: /performance/benchmark, /diagnostic_status, /rosout, /performance/metrics, /performance/alert, /performance/command, /performance/benchmark_results] Running CPU benchmark...
1788086083.561426639 INFO /performance_monitor [performance_monitor.py:438(PerformanceMonitor.benchmark_memory)] [topics: /performance/benchmark, /diagnostic_status, /rosout, /performance/metrics, /performance/alert, /performance/command, /performance/benchmark_results] Running memory benchmark...
1788086084.248858451 INFO /performance_monitor [performance_monitor.py:474(PerformanceMonitor.benchmark_network)] [topics: /performance/benchmark, /diagnostic_status, /rosout, /performance/metrics, /performance/alert, /performance/command, /performance/benchmark_results] Running network benchmark...
1788086085.426170587 INFO /performance_monitor [performance_monitor.py:520(PerformanceMonitor.benchmark_application)] [topics: /performance/benchmark, /diagnostic_status, /rosout, /performance/metrics, /performance/alert, /performance/command, /performance/benchmark_results] Running application benchmark...
1788086085.477209568 INFO /performance_monitor [performance_monitor.py:373(PerformanceMonitor.run_benchmark)] [topics: /performance/benchmark, /diagnostic_status, /rosout, /performance/metrics, /performance/alert, /performance/command, /performance/benchmark_results] Benchmark completed with overall score: 0.63
1788086085.479122638 INFO /performance_monitor [performance_monitor.py:381(PerformanceMonitor.benchmark_fps)] [topics: /performance/benchmark, /diagnostic_status, /rosout, /performance/metrics, /performance/alert, /performance/command, /performance/benchmark_results] Running FPS benchmark...
1788086090.482884645 INFO /performance_monitor [performance_monitor.py:414(PerformanceMonitor.benchmark_cpu)] [topics: /performance/benchmark, /diagnostic_status, /rosout, /performance/metrics, /performance/alert, /performance/command, /performance/benchmark_results] Running CPU benchmark...
1788086091.769513130 INFO /performance_monitor [performance_monitor.py:438(PerformanceMonitor.benchmark_memory)] [topics: /performance/benchmark, /diagnostic_status, /rosout, /performance/metrics, /performance/alert, /performance/command, /performance/benchmark_results] Running memory benchmark...
1788086092.450714349 INFO /performance_monitor [performance_monitor.py:474(PerformanceMonitor.benchmark_network)] [topics: /performance/benchmark, /diagnostic_status, /rosout, /performance/metrics, /performance/alert, /performance/command, /performance/benchmark_results] Running network benchmark...
1788086093.632724523 INFO /performance_monitor [performance_monitor.py:520(PerformanceMonitor.benchmark_application)] [topics: /performance/benchmark, /diagnostic_status, /rosout, /performance/metrics, /performance/alert, /performance/command, /performance/benchmark_results] Running application benchmark...
1788086093.687034368 INFO /performance_monitor [performance_monitor.py:373(PerformanceMonitor.run_benchmark)] [topics: /performance/benchmark, /diagnostic_status, /rosout, /performance/metrics, /performance/alert, /performance/command, /performance/benchmark_results] Benchmark completed with overall score: 0.63
1788086093.689908266 INFO /performance_monitor [performance_monitor.py:381(PerformanceMonitor.benchmark_fps)] [topics: /performance/benchmark, /diagnostic_status, /rosout, /performance/metrics, /performance/alert, /performance/command, /performance/benchmark_results] Running FPS benchmark...
1788086098.693559885 INFO /performance_monitor [performance_monitor.py:414(PerformanceMonitor.benchmark_cpu)] [topics: /performance/benchmark, /diagnostic_status, /rosout, /performance/metrics, /performance/alert, /performance/command, /performance/benchmark_results] Running CPU benchmark...
1788086099.972927331 INFO /performance_monitor [performance_monitor.py:438(PerformanceMonitor.benchmark_memory)] [topics: /performance/benchmark, /diagnostic_status, /rosout, /performance/metrics, /performance/alert, /performance/command, /performance/benchmark_results] Running memory benchmark...
1788086100.661129236 INFO /performance_monitor [performance_monitor.py:474(PerformanceMonitor.benchmark_network)] [topics: /performance/benchmark, /diagnostic_status, /rosout, /performance/metrics, /performance/alert, /performance/command, /performance/benchmark_results] Running network benchmark...
1788086101.866609096 INFO /performance_monitor [performance_monitor.py:520(PerformanceMonitor.benchmark_application)] [topics: /performance/benchmark, /diagnostic_status, /rosout, /performance/metrics, /performance/alert, /performance/command, /performance/benchmark_results] Running application benchmark...
1788086101.915685415 INFO /performance_monitor [performance_monitor.py:373(PerformanceMonitor.run_benchmark)] [topics: /performance/benchmark, /diagnostic_status, /rosout, /performance/metrics, /performance/alert, /performance/command, /performance/benchmark_results] Benchmark completed with overall score: 0.63
1788086101.918044090 INFO /performance_monitor [performance_monitor.py:381(PerformanceMonitor.benchmark_fps)] [topics: /performance/benchmark, /diagnostic_status, /rosout, /performance/metrics, /performance/alert, /performance/command, /performance/benchmark_results] Running FPS benchmark...
1788086106.923303365 INFO /performance_monitor [performance_monitor.py:414(PerformanceMonitor.benchmark_cpu)] [topics: /performance/benchmark, /diagnostic_status, /rosout, /performance/metrics, /performance/alert, /performance/command, /performance/benchmark_results] Running CPU benchmark...
1788086108.166189670 INFO /performance_monitor [performance_monitor.py:438(PerformanceMonitor.benchmark_memory)] [topics: /performance/benchmark, /diagnostic_status, /rosout, /performance/metrics, /performance/alert, /performance/command, /performance/benchmark_results] Running memory benchmark...
1788086108.850677728 INFO /performance_monitor [performance_monitor.py:474(PerformanceMonitor.benchmark_network)] [topics: /performance/benchmark, /diagnostic_status, /rosout, /performance/metrics, /performance/alert, /performance/command, /performance/benchmark_results] Running network benchmark...
1788086109.996808290 INFO /performance_monitor [performance_monitor.py:520(PerformanceMonitor.benchmark_application)] [topics: /performance/benchmark, /diagnostic_status, /rosout, /performance/metrics, /performance/alert, /performance/command, /performance/benchmark_results] Running application benchmark...
1788086110.050726890 INFO /performance_monitor [performance_monitor.py:373(PerformanceMonitor.run_benchmark)] [topics: /performance/benchmark, /diagnostic_status, /rosout, /performance/metrics, /performance/alert, /performance/command, /performance/benchmark_results] Benchmark completed with overall score: 0.63
1788086110.053361654 INFO /performance_monitor [performance_monitor.py:381(PerformanceMonitor.benchmark_fps)] [topics: /performance/benchmark, /diagnostic_status, /rosout, /performance/metrics, /performance/alert, /performance/command, /performance/benchmark_results] Running FPS benchmark...
1788086115.057764053 INFO /performance_monitor [performance_monitor.py:414(PerformanceMonitor.benchmark_cpu)] [topics: /performance/benchmark, /diagnostic_status, /rosout, /performance/metrics, /performance/alert, /performance/command, /performance/benchmark_results] Running CPU benchmark...
1788086116.347479343 INFO /performance_monitor [performance_monitor.py:438(PerformanceMonitor.benchmark_memory)] [topics: /performance/benchmark, /diagnostic_status, /rosout, /performance/metrics, /performance/alert, /performance/command, /performance/benchmark_results] Running memory benchmark...
1788086117.041382074 INFO /performance_monitor [performance_monitor.py:474(PerformanceMonitor.benchmark_network)] [topics: /performance/benchmark, /diagnostic_status, /rosout, /performance/metrics, /performance/alert, /performance/command, /performance/benchmark_results] Running network benchmark...
1788086118.254809617 INFO /performance_monitor [performance_monitor.py:520(PerformanceMonitor.benchmark_application)] [topics: /performance/benchmark, /diagnostic_status, /rosout, /performance/metrics, /performance/alert, /performance/command, /performance/benchmark_results] Running application benchmark...
1788086118.303665161 INFO /performance_monitor [performance_monitor.py:373(PerformanceMonitor.run_benchmark)] [topics: /performance/benchmark, /diagnostic_status, /rosout, /performance/metrics, /performance/alert, /performance/command, /performance/benchmark_results] Benchmark completed with overall score: 0.63
1788086118.304998397 INFO /performance_monitor [performance_monitor.py:381(PerformanceMonitor.benchmark_fps)] [topics: /performance/benchmark, /diagnostic_status, /rosout, /performance/metrics, /performance/alert, /performance/command, /performance/benchmark_results] Running FPS benchmark...
1788086123.307010889 INFO /performance_monitor [performance_monitor.py:414(PerformanceMonitor.benchmark_cpu)] [topics: /performance/benchmark, /diagnostic_status, /rosout, /performance/metrics, /performance/alert, /performance/command, /performance/benchmark_results] Running CPU benchmark...
1788086124.621114253 INFO /performance_monitor [performance_monitor.py:438(PerformanceMonitor.benchmark_memory)] [topics: /performance/benchmark, /diagnostic_status, /rosout, /performance/metrics, /performance/alert, /performance/command, /performance/benchmark_results] Running memory benchmark...
1788086125.313904523 INFO /performance_monitor [performance_monitor.py:474(PerformanceMonitor.benchmark_network)] [topics: /performance/benchmark, /diagnostic_status, /rosout, /performance/metrics, /performance/alert, /performance/command, /performance/benchmark_results] Running network benchmark...
1788086126.449502706 INFO /performance_monitor [performance_monitor.py:520(PerformanceMonitor.benchmark_application)] [topics: /performance/benchmark, /diagnostic_status, /rosout, /performance/metrics, /performance/alert, /performance/command, /performance/benchmark_results] Running application benchmark...
1788086126.505197048 INFO /performance_monitor [performance_monitor.py:373(PerformanceMonitor.run_benchmark)] [topics: /performance/benchmark, /diagnostic_status, /rosout, /performance/metrics, /performance/alert, /performance/command, /performance/benchmark_results] Benchmark completed with overall score: 0.63
1788086126.507660388 INFO /performance_monitor [performance_monitor.py:381(PerformanceMonitor.benchmark_fps)] [topics: /performance/benchmark, /diagnostic_status, /rosout, /performance/metrics, /performance/alert, /performance/command, /performance/benchmark_results] Running FPS benchmark...
1788086131.510015964 INFO /performance_monitor [performance_monitor.py:414(PerformanceMonitor.benchmark_cpu)] [topics: /performance/benchmark, /diagnostic_status, /rosout, /performance/metrics, /performance/alert, /performance/command, /performance/benchmark_results] Running CPU benchmark...
1788086132.776623964 INFO /performance_monitor [performance_monitor.py:438(PerformanceMonitor.benchmark_memory)] [topics: /performance/benchmark, /diagnostic_status, /rosout, /performance/metrics, /performance/alert, /performance/command, /performance/benchmark_results] Running memory benchmark...
1788086133.465512990 INFO /performance_monitor [performance_monitor.py:474(PerformanceMonitor.benchmark_network)] [topics: /performance/benchmark, /diagnostic_status, /rosout, /performance/metrics, /performance/alert, /performance/command, /performance/benchmark_results] Running network benchmark...
1788086134.653360843 INFO /performance_monitor [performance_monitor.py:520(PerformanceMonitor.benchmark_application)] [topics: /performance/benchmark, /diagnostic_status, /rosout, /performance/metrics, /performance/alert, /performance/command, /performance/benchmark_results] Running application benchmark...
1788086134.709285736 INFO /performance_monitor [performance_monitor.py:373(PerformanceMonitor.run_benchmark)] [topics: /performance/benchmark, /diagnostic_status, /rosout, /performance/metrics, /performance/alert, /performance/command, /performance/benchmark_results] Benchmark completed with overall score: 0.63
1788086134.710720300 INFO /performance_monitor [performance_monitor.py:381(PerformanceMonitor.benchmark_fps)] [topics: /performance/benchmark, /diagnostic_status, /rosout, /performance/metrics, /performance/alert, /performance/command, /performance/benchmark_results] Running FPS benchmark...
1788086139.713460206 INFO /performance_monitor [performance_monitor.py:414(PerformanceMonitor.benchmark_cpu)] [topics: /performance/benchmark, /diagnostic_status, /rosout, /performance/metrics, /performance/alert, /performance/command, /performance/benchmark_results] Running CPU benchmark...
1788086140.975520372 INFO /performance_monitor [performance_monitor.py:438(PerformanceMonitor.benchmark_memory)] [topics: /performance/benchmark, /diagnostic_status, /rosout, /performance/metrics, /performance/alert, /performance/command, /performance/benchmark_results] Running memory benchmark...
1788086141.688238620 INFO /performance_monitor [performance_monitor.py:474(PerformanceMonitor.benchmark_network)] [topics: /performance/benchmark, /diagnostic_status, /rosout, /performance/metrics, /performance/alert, /performance/command, /performance/benchmark_results] Running network benchmark...
1788086142.878307580 INFO /performance_monitor [performance_monitor.py:520(PerformanceMonitor.benchmark_application)] [topics: /performance/benchmark, /diagnostic_status, /rosout, /performance/metrics, /performance/alert, /performance/command, /performance/benchmark_results] Running application benchmark...
1788086142.926210165 INFO /performance_monitor [performance_monitor.py:373(PerformanceMonitor.run_benchmark)] [topics: /performance/benchmark, /diagnostic_status, /rosout, /performance/metrics, /performance/alert, /performance/command, /performance/benchmark_results] Benchmark completed with overall score: 0.63
1788086142.927764654 INFO /performance_monitor [performance_monitor.py:381(PerformanceMonitor.benchmark_fps)] [topics: /performance/benchmark, /diagnostic_status, /rosout, /performance/metrics, /performance/alert, /performance/command, /performance/benchmark_results] Running FPS benchmark...
1788086147.929920911 INFO /performance_monitor [performance_monitor.py:414(PerformanceMonitor.benchmark_cpu)] [topics: /performance/benchmark, /diagnostic_status, /rosout, /performance/metrics, /performance/alert, /performance/command, /performance/benchmark_results] Running CPU benchmark...
1788086149.190323352 INFO /performance_monitor [performance_monitor.py:438(PerformanceMonitor.benchmark_memory)] [topics: /performance/benchmark, /diagnostic_status, /rosout, /performance/metrics, /performance/alert, /performance/command, /performance/benchmark_results] Running memory benchmark...
1788086149.873703002 INFO /performance_monitor [performance_monitor.py:474(PerformanceMonitor.benchmark_network)] [topics: /performance/benchmark, /diagnostic_status, /rosout, /performance/metrics, /performance/alert, /performance/command, /performance/benchmark_results] Running network benchmark...
1788086151.050280094 INFO /performance_monitor [performance_monitor.py:520(PerformanceMonitor.benchmark_application)] [topics: /performance/benchmark, /diagnostic_status, /rosout, /performance/metrics, /performance/alert, /performance/command, /performance/benchmark_results] Running application benchmark...
1788086151.113505601 INFO /performance_monitor [performance_monitor.py:373(PerformanceMonitor.run_benchmark)] [topics: /performance/benchmark, /diagnostic_status, /rosout, /performance/metrics, /performance/alert, /performance/command, /performance/benchmark_results] Benchmark completed with overall score: 0.63
1788086151.115141153 INFO /performance_monitor [performance_monitor.py:381(PerformanceMonitor.benchmark_fps)] [topics: /performance/benchmark, /diagnostic_status, /rosout, /performance/metrics, /performance/alert, /performance/command, /performance/benchmark_results] Running FPS benchmark...
1788086156.118760108 INFO /performance_monitor [performance_monitor.py:414(PerformanceMonitor.benchmark_cpu)] [topics: /performance/benchmark, /diagnostic_status, /rosout, /performance/metrics, /performance/alert, /performance/command, /performance/benchmark_results] Running CPU benchmark...
1788086157.365927696 INFO /performance_monitor [performance_monitor.py:438(PerformanceMonitor.benchmark_memory)] [topics: /performance/benchmark, /diagnostic_status, /rosout, /performance/metrics, /performance/alert, /performance/command, /performance/benchmark_results] Running memory benchmark...
1788086158.065105915 INFO /performance_monitor [performance_monitor.py:474(PerformanceMonitor.benchmark_network)] [topics: /performance/benchmark, /diagnostic_status, /rosout, /performance/metrics, /performance/alert, /performance/command, /performance/benchmark_results] Running network benchmark...
1788086159.266725778 INFO /performance_monitor [performance_monitor.py:520(PerformanceMonitor.benchmark_application)] [topics: /performance/benchmark, /diagnostic_status, /rosout, /performance/metrics, /performance/alert, /performance/command, /performance/benchmark_results] Running application benchmark...
1788086159.320841789 INFO /performance_monitor [performance_monitor.py:373(PerformanceMonitor.run_benchmark)] [topics: /performance/benchmark, /diagnostic_status, /rosout, /performance/metrics, /performance/alert, /performance/command, /performance/benchmark_results] Benchmark completed with overall score: 0.63
1788086159.322469234 INFO /performance_monitor [performance_monitor.py:381(PerformanceMonitor.benchmark_fps)] [topics: /performance/benchmark, /diagnostic_status, /rosout, /performance/metrics, /performance/alert, /performance/command, /performance/benchmark_results] Running FPS benchmark...
1788086164.324481487 INFO /performance_monitor [performance_monitor.py:414(PerformanceMonitor.benchmark_cpu)] [topics: /performance/benchmark, /diagnostic_status, /rosout, /performance/metrics, /performance/alert, /performance/command, /performance/benchmark_results] Running CPU benchmark...
1788086165.589746475 INFO /performance_monitor [performance_monitor.py:438(PerformanceMonitor.benchmark_memory)] [topics: /performance/benchmark, /diagnostic_status, /rosout, /performance/metrics, /performance/alert, /performance/command, /performance/benchmark_results] Running memory benchmark...
1788086166.281815767 INFO /performance_monitor [performance_monitor.py:474(PerformanceMonitor.benchmark_network)] [topics: /performance/benchmark, /diagnostic_status, /rosout, /performance/metrics, /performance/alert, /performance/command, /performance/benchmark_results] Running network benchmark...
1788086167.468835353 INFO /performance_monitor [performance_monitor.py:520(PerformanceMonitor.benchmark_application)] [topics: /performance/benchmark, /diagnostic_status, /rosout, /performance/metrics, /performance/alert, /performance/command, /performance/benchmark_results] Running application benchmark...
1788086167.523465871 INFO /performance_monitor [performance_monitor.py:373(PerformanceMonitor.run_benchmark)] [topics: /performance/benchmark, /diagnostic_status, /rosout, /performance/metrics, /performance/alert, /performance/command, /performance/benchmark_results] Benchmark completed with overall score: 0.63
1788086167.526275634 INFO /performance_monitor [performance_monitor.py:381(PerformanceMonitor.benchmark_fps)] [topics: /performance/benchmark, /diagnostic_status, /rosout, /performance/metrics, /performance/alert, /performance/command, /performance/benchmark_results] Running FPS benchmark...
1788086172.529335021 INFO /performance_monitor [performance_monitor.py:414(PerformanceMonitor.benchmark_cpu)] [topics: /performance/benchmark, /diagnostic_status, /rosout, /performance/metrics, /performance/alert, /performance/command, /performance/benchmark_results] Running CPU benchmark...
1788086173.790249586 INFO /performance_monitor [performance_monitor.py:438(PerformanceMonitor.benchmark_memory)] [topics: /performance/benchmark, /diagnostic_status, /rosout, /performance/metrics, /performance/alert, /performance/command, /performance/benchmark_results] Running memory benchmark...
1788086174.488440275 INFO /performance_monitor [performance_monitor.py:474(PerformanceMonitor.benchmark_network)] [topics: /performance/benchmark, /diagnostic_status, /rosout, /performance/metrics, /performance/alert, /performance/command, /performance/benchmark_results] Running network benchmark...
1788086175.645856142 INFO /performance_monitor [performance_monitor.py:520(PerformanceMonitor.benchmark_application)] [topics: /performance/benchmark, /diagnostic_status, /rosout, /performance/metrics, /performance/alert, /performance/command, /performance/benchmark_results] Running application benchmark...
1788086175.711760997 INFO /performance_monitor [performance_monitor.py:373(PerformanceMonitor.run_benchmark)] [topics: /performance/benchmark, /diagnostic_status, /rosout, /performance/metrics, /performance/alert, /performance/command, /performance/benchmark_results] Benchmark completed with overall score: 0.63
1788086175.714315414 INFO /performance_monitor [performance_monitor.py:381(PerformanceMonitor.benchmark_fps)] [topics: /performance/benchmark, /diagnostic_status, /rosout, /performance/metrics, /performance/alert, /performance/command, /performance/benchmark_results] Running FPS benchmark...
1788086180.717268705 INFO /performance_monitor [performance_monitor.py:414(PerformanceMonitor.benchmark_cpu)] [topics: /performance/benchmark, /diagnostic_status, /rosout, /performance/metrics, /performance/alert, /performance/command, /performance/benchmark_results] Running CPU benchmark...
1788086182.017379760 INFO /performance_monitor [performance_monitor.py:438(PerformanceMonitor.benchmark_memory)] [topics: /performance/benchmark, /diagnostic_status, /rosout, /performance/metrics, /performance/alert, /performance/command, /performance/benchmark_results] Running memory benchmark...
1788086182.705214262 INFO /performance_monitor [performance_monitor.py:474(PerformanceMonitor.benchmark_network)] [topics: /performance/benchmark, /diagnostic_status, /rosout, /performance/metrics, /performance/alert, /performance/command, /performance/benchmark_results] Running network benchmark...
1788086183.900849342 INFO /performance_monitor [performance_monitor.py:520(PerformanceMonitor.benchmark_application)] [topics: /performance/benchmark, /diagnostic_status, /rosout, /performance/metrics, /performance/alert, /performance/command, /performance/benchmark_results] Running application benchmark...
1788086183.949223279 INFO /performance_monitor [performance_monitor.py:373(PerformanceMonitor.run_benchmark)] [topics: /performance/benchmark, /diagnostic_status, /rosout, /performance/metrics, /performance/alert, /performance/command, /performance/benchmark_results] Benchmark completed with overall score: 0.63
1788086183.950608968 INFO /performance_monitor [performance_monitor.py:381(PerformanceMonitor.benchmark_fps)] [topics: /performance/benchmark, /diagnostic_status, /rosout, /performance/metrics, /performance/alert, /performance/command, /performance/benchmark_results] Running FPS benchmark...
1788086188.953584909 INFO /performance_monitor [performance_monitor.py:414(PerformanceMonitor.benchmark_cpu)] [topics: /performance/benchmark, /diagnostic_status, /rosout, /performance/metrics, /performance/alert, /performance/command, /performance/benchmark_results] Running CPU benchmark...
1788086190.203084230 INFO /performance_monitor [performance_monitor.py:438(PerformanceMonitor.benchmark_memory)] [topics: /performance/benchmark, /diagnostic_status, /rosout, /performance/metrics, /performance/alert, /performance/command, /performance/benchmark_results] Running memory benchmark...
1788086190.887591838 INFO /performance_monitor [performance_monitor.py:474(PerformanceMonitor.benchmark_network)] [topics: /performance/benchmark, /diagnostic_status, /rosout, /performance/metrics, /performance/alert, /performance/command, /performance/benchmark_results] Running network benchmark...
1788086192.091832160 INFO /performance_monitor [performance_monitor.py:520(PerformanceMonitor.benchmark_application)] [topics: /performance/benchmark, /diagnostic_status, /rosout, /performance/metrics, /performance/alert, /performance/command, /performance/benchmark_results] Running application benchmark...
1788086192.140335321 INFO /performance_monitor [performance_monitor.py:373(PerformanceMonitor.run_benchmark)] [topics: /performance/benchmark, /diagnostic_status, /rosout, /performance/metrics, /performance/alert, /performance/command, /performance/benchmark_results] Benchmark completed with overall score: 0.63
1788086192.142232656 INFO /performance_monitor [performance_monitor.py:381(PerformanceMonitor.benchmark_fps)] [topics: /performance/benchmark, /diagnostic_status, /rosout, /performance/metrics, /performance/alert, /performance/command, /performance/benchmark_results] Running FPS benchmark...
1788086197.144868850 INFO /performance_monitor [performance_monitor.py:414(PerformanceMonitor.benchmark_cpu)] [topics: /performance/benchmark, /diagnostic_status, /rosout, /performance/metrics, /performance/alert, /performance/command, /performance/benchmark_results] Running CPU benchmark...
1788086198.430371999 INFO /performance_monitor [performance_monitor.py:438(PerformanceMonitor.benchmark_memory)] [topics: /performance/benchmark, /diagnostic_status, /rosout, /performance/metrics, /performance/alert, /performance/command, /performance/benchmark_results] Running memory benchmark...
1788086199.127804756 INFO /performance_monitor [performance_monitor.py:474(PerformanceMonitor.benchmark_network)] [topics: /performance/benchmark, /diagnostic_status, /rosout, /performance/metrics, /performance/alert, /performance/command, /performance/benchmark_results] Running network benchmark...
1788086200.264667749 INFO /performance_monitor [performance_monitor.py:520(PerformanceMonitor.benchmark_application)] [topics: /performance/benchmark, /diagnostic_status, /rosout, /performance/metrics, /performance/alert, /performance/command, /performance/benchmark_results] Running application benchmark...
1788086200.313030719 INFO /performance_monitor [performance_monitor.py:373(PerformanceMonitor.run_benchmark)] [topics: /performance/benchmark, /diagnostic_status, /rosout, /performance/metrics, /performance/alert, /performance/command, /performance/benchmark_results] Benchmark completed with overall score: 0.63
1788086200.314253330 INFO /performance_monitor [performance_monitor.py:381(PerformanceMonitor.benchmark_fps)] [topics: /performance/benchmark, /diagnostic_status, /rosout, /performance/metrics, /performance/alert, /performance/command, /performance/benchmark_results] Running FPS benchmark...
1788086205.316721916 INFO /performance_monitor [performance_monitor.py:414(PerformanceMonitor.benchmark_cpu)] [topics: /performance/benchmark, /diagnostic_status, /rosout, /performance/metrics, /performance/alert, /performance/command, /performance/benchmark_results] Running CPU benchmark...
1788086206.711114168 INFO /performance_monitor [performance_monitor.py:438(PerformanceMonitor.benchmark_memory)] [topics: /performance/benchmark, /diagnostic_status, /rosout, /performance/metrics, /performance/alert, /performance/command, /performance/benchmark_results] Running memory benchmark...
1788086207.554364204 INFO /performance_monitor [performance_monitor.py:474(PerformanceMonitor.benchmark_network)] [topics: /performance/benchmark, /diagnostic_status, /rosout, /performance/metrics, /performance/alert, /performance/command, /performance/benchmark_results] Running network benchmark...
1788086208.695968866 INFO /performance_monitor [performance_monitor.py:520(PerformanceMonitor.benchmark_application)] [topics: /performance/benchmark, /diagnostic_status, /rosout, /performance/metrics, /performance/alert, /performance/command, /performance/benchmark_results] Running application benchmark...
1788086208.745515108 INFO /performance_monitor [performance_monitor.py:373(PerformanceMonitor.run_benchmark)] [topics: /performance/benchmark, /diagnostic_status, /rosout, /performance/metrics, /performance/alert, /performance/command, /performance/benchmark_results] Benchmark completed with overall score: 0.63
1788086208.746798515 INFO /performance_monitor [performance_monitor.py:381(PerformanceMonitor.benchmark_fps)] [topics: /performance/benchmark, /diagnostic_status, /rosout, /performance/metrics, /performance/alert, /performance/command, /performance/benchmark_results] Running FPS benchmark...
1788086213.748602390 INFO /performance_monitor [performance_monitor.py:414(PerformanceMonitor.benchmark_cpu)] [topics: /performance/benchmark, /diagnostic_status, /rosout, /performance/metrics, /performance/alert, /performance/command, /performance/benchmark_results] Running CPU benchmark...
1788086215.018933534 INFO /performance_monitor [performance_monitor.py:438(PerformanceMonitor.benchmark_memory)] [topics: /performance/benchmark, /diagnostic_status, /rosout, /performance/metrics, /performance/alert, /performance/command, /performance/benchmark_results] Running memory benchmark...
1788086215.711401700 INFO /performance_monitor [performance_monitor.py:474(PerformanceMonitor.benchmark_network)] [topics: /performance/benchmark, /diagnostic_status, /rosout, /performance/metrics, /performance/alert, /performance/command, /performance/benchmark_results] Running network benchmark...
1788086216.897084474 INFO /performance_monitor [performance_monitor.py:520(PerformanceMonitor.benchmark_application)] [topics: /performance/benchmark, /diagnostic_status, /rosout, /performance/metrics, /performance/alert, /performance/command, /performance/benchmark_results] Running application benchmark...
1788086216.952699899 INFO /performance_monitor [performance_monitor.py:373(PerformanceMonitor.run_benchmark)] [topics: /performance/benchmark, /diagnostic_status, /rosout, /performance/metrics, /performance/alert, /performance/command, /performance/benchmark_results] Benchmark completed with overall score: 0.63
1788086216.954072237 INFO /performance_monitor [performance_monitor.py:381(PerformanceMonitor.benchmark_fps)] [topics: /performance/benchmark, /diagnostic_status, /rosout, /performance/metrics, /performance/alert, /performance/command, /performance/benchmark_results] Running FPS benchmark...
1788086221.956774473 INFO /performance_monitor [performance_monitor.py:414(PerformanceMonitor.benchmark_cpu)] [topics: /performance/benchmark, /diagnostic_status, /rosout, /performance/metrics, /performance/alert, /performance/command, /performance/benchmark_results] Running CPU benchmark...
1788086223.222964048 INFO /performance_monitor [performance_monitor.py:438(PerformanceMonitor.benchmark_memory)] [topics: /performance/benchmark, /diagnostic_status, /rosout, /performance/metrics, /performance/alert, /performance/command, /performance/benchmark_results] Running memory benchmark...
1788086223.924208402 INFO /performance_monitor [performance_monitor.py:474(PerformanceMonitor.benchmark_network)] [topics: /performance/benchmark, /diagnostic_status, /rosout, /performance/metrics, /performance/alert, /performance/command, /performance/benchmark_results] Running network benchmark...
1788086225.120255708 INFO /performance_monitor [performance_monitor.py:520(PerformanceMonitor.benchmark_application)] [topics: /performance/benchmark, /diagnostic_status, /rosout, /performance/metrics, /performance/alert, /performance/command, /performance/benchmark_results] Running application benchmark...
1788086225.171331882 INFO /performance_monitor [performance_monitor.py:373(PerformanceMonitor.run_benchmark)] [topics: /performance/benchmark, /diagnostic_status, /rosout, /performance/metrics, /performance/alert, /performance/command, /performance/benchmark_results] Benchmark completed with overall score: 0.63
1788086225.173802852 INFO /performance_monitor [performance_monitor.py:381(PerformanceMonitor.benchmark_fps)] [topics: /performance/benchmark, /diagnostic_status, /rosout, /performance/metrics, /performance/alert, /performance/command, /performance/benchmark_results] Running FPS benchmark...
1788086230.176476478 INFO /performance_monitor [performance_monitor.py:414(PerformanceMonitor.benchmark_cpu)] [topics: /performance/benchmark, /diagnostic_status, /rosout, /performance/metrics, /performance/alert, /performance/command, /performance/benchmark_results] Running CPU benchmark...
1788086231.449195861 INFO /performance_monitor [performance_monitor.py:438(PerformanceMonitor.benchmark_memory)] [topics: /performance/benchmark, /diagnostic_status, /rosout, /performance/metrics, /performance/alert, /performance/command, /performance/benchmark_results] Running memory benchmark...
1788086232.145065307 INFO /performance_monitor [performance_monitor.py:474(PerformanceMonitor.benchmark_network)] [topics: /performance/benchmark, /diagnostic_status, /rosout, /performance/metrics, /performance/alert, /performance/command, /performance/benchmark_results] Running network benchmark...
1788086233.343414068 INFO /performance_monitor [performance_monitor.py:520(PerformanceMonitor.benchmark_application)] [topics: /performance/benchmark, /diagnostic_status, /rosout, /performance/metrics, /performance/alert, /performance/command, /performance/benchmark_results] Running application benchmark...
1788086233.399565219 INFO /performance_monitor [performance_monitor.py:373(PerformanceMonitor.run_benchmark)] [topics: /performance/benchmark, /diagnostic_status, /rosout, /performance/metrics, /performance/alert, /performance/command, /performance/benchmark_results] Benchmark completed with overall score: 0.63
1788086233.400900602 INFO /performance_monitor [performance_monitor.py:381(PerformanceMonitor.benchmark_fps)] [topics: /performance/benchmark, /diagnostic_status, /rosout, /performance/metrics, /performance/alert, /performance/command, /performance/benchmark_results] Running FPS benchmark...
1788086238.404847383 INFO /performance_monitor [performance_monitor.py:414(PerformanceMonitor.benchmark_cpu)] [topics: /performance/benchmark, /diagnostic_status, /rosout, /performance/metrics, /performance/alert, /performance/command, /performance/benchmark_results] Running CPU benchmark...
1788086239.779759883 INFO /performance_monitor [performance_monitor.py:438(PerformanceMonitor.benchmark_memory)] [topics: /performance/benchmark, /diagnostic_status, /rosout, /performance/metrics, /performance/alert, /performance/command, /performance/benchmark_results] Running memory benchmark...
1788086240.466405630 INFO /performance_monitor [performance_monitor.py:474(PerformanceMonitor.benchmark_network)] [topics: /performance/benchmark, /diagnostic_status, /rosout, /performance/metrics, /performance/alert, /performance/command, /performance/benchmark_results] Running network benchmark...
1788086241.670337200 INFO /performance_monitor [performance_monitor.py:520(PerformanceMonitor.benchmark_application)] [topics: /performance/benchmark, /diagnostic_status, /rosout, /performance/metrics, /performance/alert, /performance/command, /performance/benchmark_results] Running application benchmark...
1788086241.720074892 INFO /performance_monitor [performance_monitor.py:373(PerformanceMonitor.run_benchmark)] [topics: /performance/benchmark, /diagnostic_status, /rosout, /performance/metrics, /performance/alert, /performance/command, /performance/benchmark_results] Benchmark completed with overall score: 0.63
1788086241.721658468 INFO /performance_monitor [performance_monitor.py:381(PerformanceMonitor.benchmark_fps)] [topics: /performance/benchmark, /diagnostic_status, /rosout, /performance/metrics, /performance/alert, /performance/command, /performance/benchmark_results] Running FPS benchmark...
1788086246.725347757 INFO /performance_monitor [performance_monitor.py:414(PerformanceMonitor.benchmark_cpu)] [topics: /performance/benchmark, /diagnostic_status, /rosout, /performance/metrics, /performance/alert, /performance/command, /performance/benchmark_results] Running CPU benchmark...
1788086248.017294168 INFO /performance_monitor [performance_monitor.py:438(PerformanceMonitor.benchmark_memory)] [topics: /performance/benchmark, /diagnostic_status, /rosout, /performance/metrics, /performance/alert, /performance/command, /performance/benchmark_results] Running memory benchmark...
1788086248.708993673 INFO /performance_monitor [performance_monitor.py:474(PerformanceMonitor.benchmark_network)] [topics: /performance/benchmark, /diagnostic_status, /rosout, /performance/metrics, /performance/alert, /performance/command, /performance/benchmark_results] Running network benchmark...
1788086249.920887470 INFO /performance_monitor [performance_monitor.py:520(PerformanceMonitor.benchmark_application)] [topics: /performance/benchmark, /diagnostic_status, /rosout, /performance/metrics, /performance/alert, /performance/command, /performance/benchmark_results] Running application benchmark...
1788086249.980474472 INFO /performance_monitor [performance_monitor.py:373(PerformanceMonitor.run_benchmark)] [topics: /performance/benchmark, /diagnostic_status, /rosout, /performance/metrics, /performance/alert, /performance/command, /performance/benchmark_results] Benchmark completed with overall score: 0.63
1788086249.981880664 INFO /performance_monitor [performance_monitor.py:381(PerformanceMonitor.benchmark_fps)] [topics: /performance/benchmark, /diagnostic_status, /rosout, /performance/metrics, /performance/alert, /performance/command, /performance/benchmark_results] Running FPS benchmark...
1788086254.984512805 INFO /performance_monitor [performance_monitor.py:414(PerformanceMonitor.benchmark_cpu)] [topics: /performance/benchmark, /diagnostic_status, /rosout, /performance/metrics, /performance/alert, /performance/command, /performance/benchmark_results] Running CPU benchmark...
1788086256.246989250 INFO /performance_monitor [performance_monitor.py:438(PerformanceMonitor.benchmark_memory)] [topics: /performance/benchmark, /diagnostic_status, /rosout, /performance/metrics, /performance/alert, /performance/command, /performance/benchmark_results] Running memory benchmark...
1788086256.935727834 INFO /performance_monitor [performance_monitor.py:474(PerformanceMonitor.benchmark_network)] [topics: /performance/benchmark, /diagnostic_status, /rosout, /performance/metrics, /performance/alert, /performance/command, /performance/benchmark_results] Running network benchmark...
1788086258.143523931 INFO /performance_monitor [performance_monitor.py:520(PerformanceMonitor.benchmark_application)] [topics: /performance/benchmark, /diagnostic_status, /rosout, /performance/metrics, /performance/alert, /performance/command, /performance/benchmark_results] Running application benchmark...
1788086258.194292068 INFO /performance_monitor [performance_monitor.py:373(PerformanceMonitor.run_benchmark)] [topics: /performance/benchmark, /diagnostic_status, /rosout, /performance/metrics, /performance/alert, /performance/command, /performance/benchmark_results] Benchmark completed with overall score: 0.63
1788086258.195549488 INFO /performance_monitor [performance_monitor.py:381(PerformanceMonitor.benchmark_fps)] [topics: /performance/benchmark, /diagnostic_status, /rosout, /performance/metrics, /performance/alert, /performance/command, /performance/benchmark_results] Running FPS benchmark...
1788086263.198614597 INFO /performance_monitor [performance_monitor.py:414(PerformanceMonitor.benchmark_cpu)] [topics: /performance/benchmark, /diagnostic_status, /rosout, /performance/metrics, /performance/alert, /performance/command, /performance/benchmark_results] Running CPU benchmark...
1788086264.466608285 INFO /performance_monitor [performance_monitor.py:438(PerformanceMonitor.benchmark_memory)] [topics: /performance/benchmark, /diagnostic_status, /rosout, /performance/metrics, /performance/alert, /performance/command, /performance/benchmark_results] Running memory benchmark...
1788086265.163907766 INFO /performance_monitor [performance_monitor.py:474(PerformanceMonitor.benchmark_network)] [topics: /performance/benchmark, /diagnostic_status, /rosout, /performance/metrics, /performance/alert, /performance/command, /performance/benchmark_results] Running network benchmark...
1788086266.316806793 INFO /performance_monitor [performance_monitor.py:520(PerformanceMonitor.benchmark_application)] [topics: /performance/benchmark, /diagnostic_status, /rosout, /performance/metrics, /performance/alert, /performance/command, /performance/benchmark_results] Running application benchmark...
1788086266.370040178 INFO /performance_monitor [performance_monitor.py:373(PerformanceMonitor.run_benchmark)] [topics: /performance/benchmark, /diagnostic_status, /rosout, /performance/metrics, /performance/alert, /performance/command, /performance/benchmark_results] Benchmark completed with overall score: 0.63
1788086266.371958494 INFO /performance_monitor [performance_monitor.py:381(PerformanceMonitor.benchmark_fps)] [topics: /performance/benchmark, /diagnostic_status, /rosout, /performance/metrics, /performance/alert, /performance/command, /performance/benchmark_results] Running FPS benchmark...
1788086271.377515554 INFO /performance_monitor [performance_monitor.py:414(PerformanceMonitor.benchmark_cpu)] [topics: /performance/benchmark, /diagnostic_status, /rosout, /performance/metrics, /performance/alert, /performance/command, /performance/benchmark_results] Running CPU benchmark...
1788086272.661775350 INFO /performance_monitor [performance_monitor.py:438(PerformanceMonitor.benchmark_memory)] [topics: /performance/benchmark, /diagnostic_status, /rosout, /performance/metrics, /performance/alert, /performance/command, /performance/benchmark_results] Running memory benchmark...
1788086273.346300840 INFO /performance_monitor [performance_monitor.py:474(PerformanceMonitor.benchmark_network)] [topics: /performance/benchmark, /diagnostic_status, /rosout, /performance/metrics, /performance/alert, /performance/command, /performance/benchmark_results] Running network benchmark...
1788086274.495646476 INFO /performance_monitor [performance_monitor.py:520(PerformanceMonitor.benchmark_application)] [topics: /performance/benchmark, /diagnostic_status, /rosout, /performance/metrics, /performance/alert, /performance/command, /performance/benchmark_results] Running application benchmark...
1788086274.544799089 INFO /performance_monitor [performance_monitor.py:373(PerformanceMonitor.run_benchmark)] [topics: /performance/benchmark, /diagnostic_status, /rosout, /performance/metrics, /performance/alert, /performance/command, /performance/benchmark_results] Benchmark completed with overall score: 0.63
1788086274.546164035 INFO /performance_monitor [performance_monitor.py:381(PerformanceMonitor.benchmark_fps)] [topics: /performance/benchmark, /diagnostic_status, /rosout, /performance/metrics, /performance/alert, /performance/command, /performance/benchmark_results] Running FPS benchmark...
1788086279.548725366 INFO /performance_monitor [performance_monitor.py:414(PerformanceMonitor.benchmark_cpu)] [topics: /performance/benchmark, /diagnostic_status, /rosout, /performance/metrics, /performance/alert, /performance/command, /performance/benchmark_results] Running CPU benchmark...
1788086280.820322275 INFO /performance_monitor [performance_monitor.py:438(PerformanceMonitor.benchmark_memory)] [topics: /performance/benchmark, /diagnostic_status, /rosout, /performance/metrics, /performance/alert, /performance/command, /performance/benchmark_results] Running memory benchmark...
1788086281.515468597 INFO /performance_monitor [performance_monitor.py:474(PerformanceMonitor.benchmark_network)] [topics: /performance/benchmark, /diagnostic_status, /rosout, /performance/metrics, /performance/alert, /performance/command, /performance/benchmark_results] Running network benchmark...
1788086282.734905242 INFO /performance_monitor [performance_monitor.py:520(PerformanceMonitor.benchmark_application)] [topics: /performance/benchmark, /diagnostic_status, /rosout, /performance/metrics, /performance/alert, /performance/command, /performance/benchmark_results] Running application benchmark...
1788086282.790962934 INFO /performance_monitor [performance_monitor.py:373(PerformanceMonitor.run_benchmark)] [topics: /performance/benchmark, /diagnostic_status, /rosout, /performance/metrics, /performance/alert, /performance/command, /performance/benchmark_results] Benchmark completed with overall score: 0.63
1788086282.792378664 INFO /performance_monitor [performance_monitor.py:381(PerformanceMonitor.benchmark_fps)] [topics: /performance/benchmark, /diagnostic_status, /rosout, /performance/metrics, /performance/alert, /performance/command, /performance/benchmark_results] Running FPS benchmark...
1788086287.795451879 INFO /performance_monitor [performance_monitor.py:414(PerformanceMonitor.benchmark_cpu)] [topics: /performance/benchmark, /diagnostic_status, /rosout, /performance/metrics, /performance/alert, /performance/command, /performance/benchmark_results] Running CPU benchmark...
1788086289.058274745 INFO /performance_monitor [performance_monitor.py:438(PerformanceMonitor.benchmark_memory)] [topics: /performance/benchmark, /diagnostic_status, /rosout, /performance/metrics, /performance/alert, /performance/command, /performance/benchmark_results] Running memory benchmark...
1788086289.750275611 INFO /performance_monitor [performance_monitor.py:474(PerformanceMonitor.benchmark_network)] [topics: /performance/benchmark, /diagnostic_status, /rosout, /performance/metrics, /performance/alert, /performance/command, /performance/benchmark_results] Running network benchmark...
1788086290.905775547 INFO /performance_monitor [performance_monitor.py:520(PerformanceMonitor.benchmark_application)] [topics: /performance/benchmark, /diagnostic_status, /rosout, /performance/metrics, /performance/alert, /performance/command, /performance/benchmark_results] Running application benchmark...
1788086290.954416036 INFO /performance_monitor [performance_monitor.py:373(PerformanceMonitor.run_benchmark)] [topics: /performance/benchmark, /diagnostic_status, /rosout, /performance/metrics, /performance/alert, /performance/command, /performance/benchmark_results] Benchmark completed with overall score: 0.63
1788086290.955754280 INFO /performance_monitor [performance_monitor.py:381(PerformanceMonitor.benchmark_fps)] [topics: /performance/benchmark, /diagnostic_status, /rosout, /performance/metrics, /performance/alert, /performance/command, /performance/benchmark_results] Running FPS benchmark...
1788086295.958450317 INFO /performance_monitor [performance_monitor.py:414(PerformanceMonitor.benchmark_cpu)] [topics: /performance/benchmark, /diagnostic_status, /rosout, /performance/metrics, /performance/alert, /performance/command, /performance/benchmark_results] Running CPU benchmark...
1788086297.337913036 INFO /performance_monitor [performance_monitor.py:438(PerformanceMonitor.benchmark_memory)] [topics: /performance/benchmark, /diagnostic_status, /rosout, /performance/metrics, /performance/alert, /performance/command, /performance/benchmark_results] Running memory benchmark...
1788086298.037564277 INFO /performance_monitor [performance_monitor.py:474(PerformanceMonitor.benchmark_network)] [topics: /performance/benchmark, /diagnostic_status, /rosout, /performance/metrics, /performance/alert, /performance/command, /performance/benchmark_results] Running network benchmark...
1788086299.243726730 INFO /performance_monitor [performance_monitor.py:520(PerformanceMonitor.benchmark_application)] [topics: /performance/benchmark, /diagnostic_status, /rosout, /performance/metrics, /performance/alert, /performance/command, /performance/benchmark_results] Running application benchmark...
1788086299.298166275 INFO /performance_monitor [performance_monitor.py:373(PerformanceMonitor.run_benchmark)] [topics: /performance/benchmark, /diagnostic_status, /rosout, /performance/metrics, /performance/alert, /performance/command, /performance/benchmark_results] Benchmark completed with overall score: 0.63
1788086299.299489736 INFO /performance_monitor [performance_monitor.py:381(PerformanceMonitor.benchmark_fps)] [topics: /performance/benchmark, /diagnostic_status, /rosout, /performance/metrics, /performance/alert, /performance/command, /performance/benchmark_results] Running FPS benchmark...
1788086304.301663160 INFO /performance_monitor [performance_monitor.py:414(PerformanceMonitor.benchmark_cpu)] [topics: /performance/benchmark, /diagnostic_status, /rosout, /performance/metrics, /performance/alert, /performance/command, /performance/benchmark_results] Running CPU benchmark...
1788086305.576817035 INFO /performance_monitor [performance_monitor.py:438(PerformanceMonitor.benchmark_memory)] [topics: /performance/benchmark, /diagnostic_status, /rosout, /performance/metrics, /performance/alert, /performance/command, /performance/benchmark_results] Running memory benchmark...
1788086306.263997554 INFO /performance_monitor [performance_monitor.py:474(PerformanceMonitor.benchmark_network)] [topics: /performance/benchmark, /diagnostic_status, /rosout, /performance/metrics, /performance/alert, /performance/command, /performance/benchmark_results] Running network benchmark...
1788086307.423308849 INFO /performance_monitor [performance_monitor.py:520(PerformanceMonitor.benchmark_application)] [topics: /performance/benchmark, /diagnostic_status, /rosout, /performance/metrics, /performance/alert, /performance/command, /performance/benchmark_results] Running application benchmark...
1788086307.479329586 INFO /performance_monitor [performance_monitor.py:373(PerformanceMonitor.run_benchmark)] [topics: /performance/benchmark, /diagnostic_status, /rosout, /performance/metrics, /performance/alert, /performance/command, /performance/benchmark_results] Benchmark completed with overall score: 0.63
1788086307.480896711 INFO /performance_monitor [performance_monitor.py:381(PerformanceMonitor.benchmark_fps)] [topics: /performance/benchmark, /diagnostic_status, /rosout, /performance/metrics, /performance/alert, /performance/command, /performance/benchmark_results] Running FPS benchmark...
1788086312.483556509 INFO /performance_monitor [performance_monitor.py:414(PerformanceMonitor.benchmark_cpu)] [topics: /performance/benchmark, /diagnostic_status, /rosout, /performance/metrics, /performance/alert, /performance/command, /performance/benchmark_results] Running CPU benchmark...
1788086313.750427722 INFO /performance_monitor [performance_monitor.py:438(PerformanceMonitor.benchmark_memory)] [topics: /performance/benchmark, /diagnostic_status, /rosout, /performance/metrics, /performance/alert, /performance/command, /performance/benchmark_results] Running memory benchmark...
1788086314.434994459 INFO /performance_monitor [performance_monitor.py:474(PerformanceMonitor.benchmark_network)] [topics: /performance/benchmark, /diagnostic_status, /rosout, /performance/metrics, /performance/alert, /performance/command, /performance/benchmark_results] Running network benchmark...
1788086315.612001180 INFO /performance_monitor [performance_monitor.py:520(PerformanceMonitor.benchmark_application)] [topics: /performance/benchmark, /diagnostic_status, /rosout, /performance/metrics, /performance/alert, /performance/command, /performance/benchmark_results] Running application benchmark...
1788086315.660211086 INFO /performance_monitor [performance_monitor.py:373(PerformanceMonitor.run_benchmark)] [topics: /performance/benchmark, /diagnostic_status, /rosout, /performance/metrics, /performance/alert, /performance/command, /performance/benchmark_results] Benchmark completed with overall score: 0.63
1788086315.661761045 INFO /performance_monitor [performance_monitor.py:381(PerformanceMonitor.benchmark_fps)] [topics: /performance/benchmark, /diagnostic_status, /rosout, /performance/metrics, /performance/alert, /performance/command, /performance/benchmark_results] Running FPS benchmark...
1788086320.664208412 INFO /performance_monitor [performance_monitor.py:414(PerformanceMonitor.benchmark_cpu)] [topics: /performance/benchmark, /diagnostic_status, /rosout, /performance/metrics, /performance/alert, /performance/command, /performance/benchmark_results] Running CPU benchmark...
1788086321.935877561 INFO /performance_monitor [performance_monitor.py:438(PerformanceMonitor.benchmark_memory)] [topics: /performance/benchmark, /diagnostic_status, /rosout, /performance/metrics, /performance/alert, /performance/command, /performance/benchmark_results] Running memory benchmark...
1788086322.622092962 INFO /performance_monitor [performance_monitor.py:474(PerformanceMonitor.benchmark_network)] [topics: /performance/benchmark, /diagnostic_status, /rosout, /performance/metrics, /performance/alert, /performance/command, /performance/benchmark_results] Running network benchmark...
1788086323.762365102 INFO /performance_monitor [performance_monitor.py:520(PerformanceMonitor.benchmark_application)] [topics: /performance/benchmark, /diagnostic_status, /rosout, /performance/metrics, /performance/alert, /performance/command, /performance/benchmark_results] Running application benchmark...
1788086323.814001560 INFO /performance_monitor [performance_monitor.py:373(PerformanceMonitor.run_benchmark)] [topics: /performance/benchmark, /diagnostic_status, /rosout, /performance/metrics, /performance/alert, /performance/command, /performance/benchmark_results] Benchmark completed with overall score: 0.63
1788086323.816009759 INFO /performance_monitor [performance_monitor.py:381(PerformanceMonitor.benchmark_fps)] [topics: /performance/benchmark, /diagnostic_status, /rosout, /performance/metrics, /performance/alert, /performance/command, /performance/benchmark_results] Running FPS benchmark...
1788086328.818607568 INFO /performance_monitor [performance_monitor.py:414(PerformanceMonitor.benchmark_cpu)] [topics: /performance/benchmark, /diagnostic_status, /rosout, /performance/metrics, /performance/alert, /performance/command, /performance/benchmark_results] Running CPU benchmark...
1788086330.100768804 INFO /performance_monitor [performance_monitor.py:438(PerformanceMonitor.benchmark_memory)] [topics: /performance/benchmark, /diagnostic_status, /rosout, /performance/metrics, /performance/alert, /performance/command, /performance/benchmark_results] Running memory benchmark...
1788086330.780693531 INFO /performance_monitor [performance_monitor.py:474(PerformanceMonitor.benchmark_network)] [topics: /performance/benchmark, /diagnostic_status, /rosout, /performance/metrics, /performance/alert, /performance/command, /performance/benchmark_results] Running network benchmark...
1788086331.921873807 INFO /performance_monitor [performance_monitor.py:520(PerformanceMonitor.benchmark_application)] [topics: /performance/benchmark, /diagnostic_status, /rosout, /performance/metrics, /performance/alert, /performance/command, /performance/benchmark_results] Running application benchmark...
1788086331.983026027 INFO /performance_monitor [performance_monitor.py:373(PerformanceMonitor.run_benchmark)] [topics: /performance/benchmark, /diagnostic_status, /rosout, /performance/metrics, /performance/alert, /performance/command, /performance/benchmark_results] Benchmark completed with overall score: 0.63
1788086331.984650850 INFO /performance_monitor [performance_monitor.py:381(PerformanceMonitor.benchmark_fps)] [topics: /performance/benchmark, /diagnostic_status, /rosout, /performance/metrics, /performance/alert, /performance/command, /performance/benchmark_results] Running FPS benchmark...
1788086336.986599683 INFO /performance_monitor [performance_monitor.py:414(PerformanceMonitor.benchmark_cpu)] [topics: /performance/benchmark, /diagnostic_status, /rosout, /performance/metrics, /performance/alert, /performance/command, /performance/benchmark_results] Running CPU benchmark...
1788086338.285137414 INFO /performance_monitor [performance_monitor.py:438(PerformanceMonitor.benchmark_memory)] [topics: /performance/benchmark, /diagnostic_status, /rosout, /performance/metrics, /performance/alert, /performance/command, /performance/benchmark_results] Running memory benchmark...
1788086338.970685243 INFO /performance_monitor [performance_monitor.py:474(PerformanceMonitor.benchmark_network)] [topics: /performance/benchmark, /diagnostic_status, /rosout, /performance/metrics, /performance/alert, /performance/command, /performance/benchmark_results] Running network benchmark...
1788086340.186876296 INFO /performance_monitor [performance_monitor.py:520(PerformanceMonitor.benchmark_application)] [topics: /performance/benchmark, /diagnostic_status, /rosout, /performance/metrics, /performance/alert, /performance/command, /performance/benchmark_results] Running application benchmark...
1788086340.240490913 INFO /performance_monitor [performance_monitor.py:373(PerformanceMonitor.run_benchmark)] [topics: /performance/benchmark, /diagnostic_status, /rosout, /performance/metrics, /performance/alert, /performance/command, /performance/benchmark_results] Benchmark completed with overall score: 0.63
1788086340.241966485 INFO /performance_monitor [performance_monitor.py:381(PerformanceMonitor.benchmark_fps)] [topics: /performance/benchmark, /diagnostic_status, /rosout, /performance/metrics, /performance/alert, /performance/command, /performance/benchmark_results] Running FPS benchmark...
1788086345.245680093 INFO /performance_monitor [performance_monitor.py:414(PerformanceMonitor.benchmark_cpu)] [topics: /performance/benchmark, /diagnostic_status, /rosout, /performance/metrics, /performance/alert, /performance/command, /performance/benchmark_results] Running CPU benchmark...
1788086346.525066614 INFO /performance_monitor [performance_monitor.py:438(PerformanceMonitor.benchmark_memory)] [topics: /performance/benchmark, /diagnostic_status, /rosout, /performance/metrics, /performance/alert, /performance/command, /performance/benchmark_results] Running memory benchmark...
1788086347.213198661 INFO /performance_monitor [performance_monitor.py:474(PerformanceMonitor.benchmark_network)] [topics: /performance/benchmark, /diagnostic_status, /rosout, /performance/metrics, /performance/alert, /performance/command, /performance/benchmark_results] Running network benchmark...
1788086348.417820692 INFO /performance_monitor [performance_monitor.py:520(PerformanceMonitor.benchmark_application)] [topics: /performance/benchmark, /diagnostic_status, /rosout, /performance/metrics, /performance/alert, /performance/command, /performance/benchmark_results] Running application benchmark...
1788086348.472310781 INFO /performance_monitor [performance_monitor.py:373(PerformanceMonitor.run_benchmark)] [topics: /performance/benchmark, /diagnostic_status, /rosout, /performance/metrics, /performance/alert, /performance/command, /performance/benchmark_results] Benchmark completed with overall score: 0.63
1788086348.474675178 INFO /performance_monitor [performance_monitor.py:381(PerformanceMonitor.benchmark_fps)] [topics: /performance/benchmark, /diagnostic_status, /rosout, /performance/metrics, /performance/alert, /performance/command, /performance/benchmark_results] Running FPS benchmark...
1788086353.476729393 INFO /performance_monitor [performance_monitor.py:414(PerformanceMonitor.benchmark_cpu)] [topics: /performance/benchmark, /diagnostic_status, /rosout, /performance/metrics, /performance/alert, /performance/command, /performance/benchmark_results] Running CPU benchmark...
1788086354.736407756 INFO /performance_monitor [performance_monitor.py:438(PerformanceMonitor.benchmark_memory)] [topics: /performance/benchmark, /diagnostic_status, /rosout, /performance/metrics, /performance/alert, /performance/command, /performance/benchmark_results] Running memory benchmark...
1788086355.492466688 INFO /performance_monitor [performance_monitor.py:474(PerformanceMonitor.benchmark_network)] [topics: /performance/benchmark, /diagnostic_status, /rosout, /performance/metrics, /performance/alert, /performance/command, /performance/benchmark_results] Running network benchmark...
1788086356.640094518 INFO /performance_monitor [performance_monitor.py:520(PerformanceMonitor.benchmark_application)] [topics: /performance/benchmark, /diagnostic_status, /rosout, /performance/metrics, /performance/alert, /performance/command, /performance/benchmark_results] Running application benchmark...
1788086356.694737434 INFO /performance_monitor [performance_monitor.py:373(PerformanceMonitor.run_benchmark)] [topics: /performance/benchmark, /diagnostic_status, /rosout, /performance/metrics, /performance/alert, /performance/command, /performance/benchmark_results] Benchmark completed with overall score: 0.63
1788086356.696991205 INFO /performance_monitor [performance_monitor.py:381(PerformanceMonitor.benchmark_fps)] [topics: /performance/benchmark, /diagnostic_status, /rosout, /performance/metrics, /performance/alert, /performance/command, /performance/benchmark_results] Running FPS benchmark...
1788086361.702821493 INFO /performance_monitor [performance_monitor.py:414(PerformanceMonitor.benchmark_cpu)] [topics: /performance/benchmark, /diagnostic_status, /rosout, /performance/metrics, /performance/alert, /performance/command, /performance/benchmark_results] Running CPU benchmark...
1788086362.976279258 INFO /performance_monitor [performance_monitor.py:438(PerformanceMonitor.benchmark_memory)] [topics: /performance/benchmark, /diagnostic_status, /rosout, /performance/metrics, /performance/alert, /performance/command, /performance/benchmark_results] Running memory benchmark...
1788086363.669034242 INFO /performance_monitor [performance_monitor.py:474(PerformanceMonitor.benchmark_network)] [topics: /performance/benchmark, /diagnostic_status, /rosout, /performance/metrics, /performance/alert, /performance/command, /performance/benchmark_results] Running network benchmark...
1788086364.867694854 INFO /performance_monitor [performance_monitor.py:520(PerformanceMonitor.benchmark_application)] [topics: /performance/benchmark, /diagnostic_status, /rosout, /performance/metrics, /performance/alert, /performance/command, /performance/benchmark_results] Running application benchmark...
1788086364.917611598 INFO /performance_monitor [performance_monitor.py:373(PerformanceMonitor.run_benchmark)] [topics: /performance/benchmark, /diagnostic_status, /rosout, /performance/metrics, /performance/alert, /performance/command, /performance/benchmark_results] Benchmark completed with overall score: 0.63
1788086364.919662952 INFO /performance_monitor [performance_monitor.py:381(PerformanceMonitor.benchmark_fps)] [topics: /performance/benchmark, /diagnostic_status, /rosout, /performance/metrics, /performance/alert, /performance/command, /performance/benchmark_results] Running FPS benchmark...
1788086369.922943830 INFO /performance_monitor [performance_monitor.py:414(PerformanceMonitor.benchmark_cpu)] [topics: /performance/benchmark, /diagnostic_status, /rosout, /performance/metrics, /performance/alert, /performance/command, /performance/benchmark_results] Running CPU benchmark...
1788086371.193682432 INFO /performance_monitor [performance_monitor.py:438(PerformanceMonitor.benchmark_memory)] [topics: /performance/benchmark, /diagnostic_status, /rosout, /performance/metrics, /performance/alert, /performance/command, /performance/benchmark_results] Running memory benchmark...
1788086371.883023262 INFO /performance_monitor [performance_monitor.py:474(PerformanceMonitor.benchmark_network)] [topics: /performance/benchmark, /diagnostic_status, /rosout, /performance/metrics, /performance/alert, /performance/command, /performance/benchmark_results] Running network benchmark...
1788086373.041804790 INFO /performance_monitor [performance_monitor.py:520(PerformanceMonitor.benchmark_application)] [topics: /performance/benchmark, /diagnostic_status, /rosout, /performance/metrics, /performance/alert, /performance/command, /performance/benchmark_results] Running application benchmark...
1788086373.090718984 INFO /performance_monitor [performance_monitor.py:373(PerformanceMonitor.run_benchmark)] [topics: /performance/benchmark, /diagnostic_status, /rosout, /performance/metrics, /performance/alert, /performance/command, /performance/benchmark_results] Benchmark completed with overall score: 0.63
1788086373.092020988 INFO /performance_monitor [performance_monitor.py:381(PerformanceMonitor.benchmark_fps)] [topics: /performance/benchmark, /diagnostic_status, /rosout, /performance/metrics, /performance/alert, /performance/command, /performance/benchmark_results] Running FPS benchmark...
1788086378.094704389 INFO /performance_monitor [performance_monitor.py:414(PerformanceMonitor.benchmark_cpu)] [topics: /performance/benchmark, /diagnostic_status, /rosout, /performance/metrics, /performance/alert, /performance/command, /performance/benchmark_results] Running CPU benchmark...
1788086379.342916011 INFO /performance_monitor [performance_monitor.py:438(PerformanceMonitor.benchmark_memory)] [topics: /performance/benchmark, /diagnostic_status, /rosout, /performance/metrics, /performance/alert, /performance/command, /performance/benchmark_results] Running memory benchmark...
1788086380.049855709 INFO /performance_monitor [performance_monitor.py:474(PerformanceMonitor.benchmark_network)] [topics: /performance/benchmark, /diagnostic_status, /rosout, /performance/metrics, /performance/alert, /performance/command, /performance/benchmark_results] Running network benchmark...
1788086381.225252389 INFO /performance_monitor [performance_monitor.py:520(PerformanceMonitor.benchmark_application)] [topics: /performance/benchmark, /diagnostic_status, /rosout, /performance/metrics, /performance/alert, /performance/command, /performance/benchmark_results] Running application benchmark...
1788086381.276395797 INFO /performance_monitor [performance_monitor.py:373(PerformanceMonitor.run_benchmark)] [topics: /performance/benchmark, /diagnostic_status, /rosout, /performance/metrics, /performance/alert, /performance/command, /performance/benchmark_results] Benchmark completed with overall score: 0.63
1788086381.278160333 INFO /performance_monitor [performance_monitor.py:381(PerformanceMonitor.benchmark_fps)] [topics: /performance/benchmark, /diagnostic_status, /rosout, /performance/metrics, /performance/alert, /performance/command, /performance/benchmark_results] Running FPS benchmark...
1788086386.280441761 INFO /performance_monitor [performance_monitor.py:414(PerformanceMonitor.benchmark_cpu)] [topics: /performance/benchmark, /diagnostic_status, /rosout, /performance/metrics, /performance/alert, /performance/command, /performance/benchmark_results] Running CPU benchmark...
1788086387.558121919 INFO /performance_monitor [performance_monitor.py:438(PerformanceMonitor.benchmark_memory)] [topics: /performance/benchmark, /diagnostic_status, /rosout, /performance/metrics, /performance/alert, /performance/command, /performance/benchmark_results] Running memory benchmark...
1788086388.251608610 INFO /performance_monitor [performance_monitor.py:474(PerformanceMonitor.benchmark_network)] [topics: /performance/benchmark, /diagnostic_status, /rosout, /performance/metrics, /performance/alert, /performance/command, /performance/benchmark_results] Running network benchmark...
1788086389.377828121 INFO /performance_monitor [performance_monitor.py:520(PerformanceMonitor.benchmark_application)] [topics: /performance/benchmark, /diagnostic_status, /rosout, /performance/metrics, /performance/alert, /performance/command, /performance/benchmark_results] Running application benchmark...
1788086389.431902885 INFO /performance_monitor [performance_monitor.py:373(PerformanceMonitor.run_benchmark)] [topics: /performance/benchmark, /diagnostic_status, /rosout, /performance/metrics, /performance/alert, /performance/command, /performance/benchmark_results] Benchmark completed with overall score: 0.63
1788086389.433464765 INFO /performance_monitor [performance_monitor.py:381(PerformanceMonitor.benchmark_fps)] [topics: /performance/benchmark, /diagnostic_status, /rosout, /performance/metrics, /performance/alert, /performance/command, /performance/benchmark_results] Running FPS benchmark...
1788086394.436597824 INFO /performance_monitor [performance_monitor.py:414(PerformanceMonitor.benchmark_cpu)] [topics: /performance/benchmark, /diagnostic_status, /rosout, /performance/metrics, /performance/alert, /performance/command, /performance/benchmark_results] Running CPU benchmark...
1788086395.733632564 INFO /performance_monitor [performance_monitor.py:438(PerformanceMonitor.benchmark_memory)] [topics: /performance/benchmark, /diagnostic_status, /rosout, /performance/metrics, /performance/alert, /performance/command, /performance/benchmark_results] Running memory benchmark...
1788086396.422051906 INFO /performance_monitor [performance_monitor.py:474(PerformanceMonitor.benchmark_network)] [topics: /performance/benchmark, /diagnostic_status, /rosout, /performance/metrics, /performance/alert, /performance/command, /performance/benchmark_results] Running network benchmark...
1788086397.567392110 INFO /performance_monitor [performance_monitor.py:520(PerformanceMonitor.benchmark_application)] [topics: /performance/benchmark, /diagnostic_status, /rosout, /performance/metrics, /performance/alert, /performance/command, /performance/benchmark_results] Running application benchmark...
1788086397.615901231 INFO /performance_monitor [performance_monitor.py:373(PerformanceMonitor.run_benchmark)] [topics: /performance/benchmark, /diagnostic_status, /rosout, /performance/metrics, /performance/alert, /performance/command, /performance/benchmark_results] Benchmark completed with overall score: 0.63
1788086397.617247343 INFO /performance_monitor [performance_monitor.py:381(PerformanceMonitor.benchmark_fps)] [topics: /performance/benchmark, /diagnostic_status, /rosout, /performance/metrics, /performance/alert, /performance/command, /performance/benchmark_results] Running FPS benchmark...
1788086402.620011091 INFO /performance_monitor [performance_monitor.py:414(PerformanceMonitor.benchmark_cpu)] [topics: /performance/benchmark, /diagnostic_status, /rosout, /performance/metrics, /performance/alert, /performance/command, /performance/benchmark_results] Running CPU benchmark...
1788086403.885708093 INFO /performance_monitor [performance_monitor.py:438(PerformanceMonitor.benchmark_memory)] [topics: /performance/benchmark, /diagnostic_status, /rosout, /performance/metrics, /performance/alert, /performance/command, /performance/benchmark_results] Running memory benchmark...
1788086404.577136993 INFO /performance_monitor [performance_monitor.py:474(PerformanceMonitor.benchmark_network)] [topics: /performance/benchmark, /diagnostic_status, /rosout, /performance/metrics, /performance/alert, /performance/command, /performance/benchmark_results] Running network benchmark...
1788086405.891501903 INFO /performance_monitor [performance_monitor.py:520(PerformanceMonitor.benchmark_application)] [topics: /performance/benchmark, /diagnostic_status, /rosout, /performance/metrics, /performance/alert, /performance/command, /performance/benchmark_results] Running application benchmark...
1788086405.948697566 INFO /performance_monitor [performance_monitor.py:373(PerformanceMonitor.run_benchmark)] [topics: /performance/benchmark, /diagnostic_status, /rosout, /performance/metrics, /performance/alert, /performance/command, /performance/benchmark_results] Benchmark completed with overall score: 0.62
1788086405.949990749 INFO /performance_monitor [performance_monitor.py:381(PerformanceMonitor.benchmark_fps)] [topics: /performance/benchmark, /diagnostic_status, /rosout, /performance/metrics, /performance/alert, /performance/command, /performance/benchmark_results] Running FPS benchmark...
1788086410.952549934 INFO /performance_monitor [performance_monitor.py:414(PerformanceMonitor.benchmark_cpu)] [topics: /performance/benchmark, /diagnostic_status, /rosout, /performance/metrics, /performance/alert, /performance/command, /performance/benchmark_results] Running CPU benchmark...
1788086412.242254018 INFO /performance_monitor [performance_monitor.py:438(PerformanceMonitor.benchmark_memory)] [topics: /performance/benchmark, /diagnostic_status, /rosout, /performance/metrics, /performance/alert, /performance/command, /performance/benchmark_results] Running memory benchmark...
1788086412.941080570 INFO /performance_monitor [performance_monitor.py:474(PerformanceMonitor.benchmark_network)] [topics: /performance/benchmark, /diagnostic_status, /rosout, /performance/metrics, /performance/alert, /performance/command, /performance/benchmark_results] Running network benchmark...
1788086414.179231882 INFO /performance_monitor [performance_monitor.py:520(PerformanceMonitor.benchmark_application)] [topics: /performance/benchmark, /diagnostic_status, /rosout, /performance/metrics, /performance/alert, /performance/command, /performance/benchmark_results] Running application benchmark...
1788086414.275082349 INFO /performance_monitor [performance_monitor.py:373(PerformanceMonitor.run_benchmark)] [topics: /performance/benchmark, /diagnostic_status, /rosout, /performance/metrics, /performance/alert, /performance/command, /performance/benchmark_results] Benchmark completed with overall score: 0.63
1788086414.279231071 INFO /performance_monitor [performance_monitor.py:381(PerformanceMonitor.benchmark_fps)] [topics: /performance/benchmark, /diagnostic_status, /rosout, /performance/metrics, /performance/alert, /performance/command, /performance/benchmark_results] Running FPS benchmark...
1788086419.282650709 INFO /performance_monitor [performance_monitor.py:414(PerformanceMonitor.benchmark_cpu)] [topics: /performance/benchmark, /diagnostic_status, /rosout, /performance/metrics, /performance/alert, /performance/command, /performance/benchmark_results] Running CPU benchmark...
1788086420.571704864 INFO /performance_monitor [performance_monitor.py:438(PerformanceMonitor.benchmark_memory)] [topics: /performance/benchmark, /diagnostic_status, /rosout, /performance/metrics, /performance/alert, /performance/command, /performance/benchmark_results] Running memory benchmark...
1788086421.273771286 INFO /performance_monitor [performance_monitor.py:474(PerformanceMonitor.benchmark_network)] [topics: /performance/benchmark, /diagnostic_status, /rosout, /performance/metrics, /performance/alert, /performance/command, /performance/benchmark_results] Running network benchmark...
1788086451.301838397 WARN /health_checker [health_checker.py:90(HealthChecker._check_health)] [topics: /target_tracking_controller/node_health, /vehicle_state_monitor/node_health, /mission_manager/node_health, /yolo_detector/node_health, /safety_monitor/node_health, /rosout, /system_health, /command_interpreter/node_health] Unhealthy nodes: 1
1788086451.312819957 WARN /health_checker [health_checker.py:92(HealthChecker._check_health)] [topics: /target_tracking_controller/node_health, /vehicle_state_monitor/node_health, /mission_manager/node_health, /yolo_detector/node_health, /safety_monitor/node_health, /rosout, /system_health, /command_interpreter/node_health]   mission_manager: Timeout (29.6s)
1788086451.318675279 WARN /health_checker [health_checker.py:90(HealthChecker._check_health)] [topics: /target_tracking_controller/node_health, /vehicle_state_monitor/node_health, /mission_manager/node_health, /yolo_detector/node_health, /safety_monitor/node_health, /rosout, /system_health, /command_interpreter/node_health] Unhealthy nodes: 1
1788086451.322662591 WARN /health_checker [health_checker.py:92(HealthChecker._check_health)] [topics: /target_tracking_controller/node_health, /vehicle_state_monitor/node_health, /mission_manager/node_health, /yolo_detector/node_health, /safety_monitor/node_health, /rosout, /system_health, /command_interpreter/node_health]   mission_manager: Timeout (29.6s)
1788086451.681718111 INFO /performance_monitor [performance_monitor.py:520(PerformanceMonitor.benchmark_application)] [topics: /performance/benchmark, /diagnostic_status, /rosout, /performance/metrics, /performance/alert, /performance/command, /performance/benchmark_results] Running application benchmark...
1788086451.748386383 INFO /performance_monitor [performance_monitor.py:373(PerformanceMonitor.run_benchmark)] [topics: /performance/benchmark, /diagnostic_status, /rosout, /performance/metrics, /performance/alert, /performance/command, /performance/benchmark_results] Benchmark completed with overall score: 0.61
1788086451.750402927 INFO /performance_monitor [performance_monitor.py:381(PerformanceMonitor.benchmark_fps)] [topics: /performance/benchmark, /diagnostic_status, /rosout, /performance/metrics, /performance/alert, /performance/command, /performance/benchmark_results] Running FPS benchmark...
1788086456.753201961 INFO /performance_monitor [performance_monitor.py:414(PerformanceMonitor.benchmark_cpu)] [topics: /performance/benchmark, /diagnostic_status, /rosout, /performance/metrics, /performance/alert, /performance/command, /performance/benchmark_results] Running CPU benchmark...
1788086458.148525476 INFO /performance_monitor [performance_monitor.py:438(PerformanceMonitor.benchmark_memory)] [topics: /performance/benchmark, /diagnostic_status, /rosout, /performance/metrics, /performance/alert, /performance/command, /performance/benchmark_results] Running memory benchmark...
1788086458.840883016 INFO /performance_monitor [performance_monitor.py:474(PerformanceMonitor.benchmark_network)] [topics: /performance/benchmark, /diagnostic_status, /rosout, /performance/metrics, /performance/alert, /performance/command, /performance/benchmark_results] Running network benchmark...
1788086460.042658090 INFO /performance_monitor [performance_monitor.py:520(PerformanceMonitor.benchmark_application)] [topics: /performance/benchmark, /diagnostic_status, /rosout, /performance/metrics, /performance/alert, /performance/command, /performance/benchmark_results] Running application benchmark...
1788086460.097679138 INFO /performance_monitor [performance_monitor.py:373(PerformanceMonitor.run_benchmark)] [topics: /performance/benchmark, /diagnostic_status, /rosout, /performance/metrics, /performance/alert, /performance/command, /performance/benchmark_results] Benchmark completed with overall score: 0.63
1788086460.100395202 INFO /performance_monitor [performance_monitor.py:381(PerformanceMonitor.benchmark_fps)] [topics: /performance/benchmark, /diagnostic_status, /rosout, /performance/metrics, /performance/alert, /performance/command, /performance/benchmark_results] Running FPS benchmark...
1788086465.103155374 INFO /performance_monitor [performance_monitor.py:414(PerformanceMonitor.benchmark_cpu)] [topics: /performance/benchmark, /diagnostic_status, /rosout, /performance/metrics, /performance/alert, /performance/command, /performance/benchmark_results] Running CPU benchmark...
1788086466.345159053 INFO /performance_monitor [performance_monitor.py:438(PerformanceMonitor.benchmark_memory)] [topics: /performance/benchmark, /diagnostic_status, /rosout, /performance/metrics, /performance/alert, /performance/command, /performance/benchmark_results] Running memory benchmark...
1788086467.050924301 INFO /performance_monitor [performance_monitor.py:474(PerformanceMonitor.benchmark_network)] [topics: /performance/benchmark, /diagnostic_status, /rosout, /performance/metrics, /performance/alert, /performance/command, /performance/benchmark_results] Running network benchmark...
1788086468.224537849 INFO /performance_monitor [performance_monitor.py:520(PerformanceMonitor.benchmark_application)] [topics: /performance/benchmark, /diagnostic_status, /rosout, /performance/metrics, /performance/alert, /performance/command, /performance/benchmark_results] Running application benchmark...
1788086468.279116868 INFO /performance_monitor [performance_monitor.py:373(PerformanceMonitor.run_benchmark)] [topics: /performance/benchmark, /diagnostic_status, /rosout, /performance/metrics, /performance/alert, /performance/command, /performance/benchmark_results] Benchmark completed with overall score: 0.63
1788086468.280546665 INFO /performance_monitor [performance_monitor.py:381(PerformanceMonitor.benchmark_fps)] [topics: /performance/benchmark, /diagnostic_status, /rosout, /performance/metrics, /performance/alert, /performance/command, /performance/benchmark_results] Running FPS benchmark...
1788086473.283270835 INFO /performance_monitor [performance_monitor.py:414(PerformanceMonitor.benchmark_cpu)] [topics: /performance/benchmark, /diagnostic_status, /rosout, /performance/metrics, /performance/alert, /performance/command, /performance/benchmark_results] Running CPU benchmark...
1788086474.551722764 INFO /performance_monitor [performance_monitor.py:438(PerformanceMonitor.benchmark_memory)] [topics: /performance/benchmark, /diagnostic_status, /rosout, /performance/metrics, /performance/alert, /performance/command, /performance/benchmark_results] Running memory benchmark...
1788086475.238802909 INFO /performance_monitor [performance_monitor.py:474(PerformanceMonitor.benchmark_network)] [topics: /performance/benchmark, /diagnostic_status, /rosout, /performance/metrics, /performance/alert, /performance/command, /performance/benchmark_results] Running network benchmark...
1788086476.427784204 INFO /performance_monitor [performance_monitor.py:520(PerformanceMonitor.benchmark_application)] [topics: /performance/benchmark, /diagnostic_status, /rosout, /performance/metrics, /performance/alert, /performance/command, /performance/benchmark_results] Running application benchmark...
1788086476.482299089 INFO /performance_monitor [performance_monitor.py:373(PerformanceMonitor.run_benchmark)] [topics: /performance/benchmark, /diagnostic_status, /rosout, /performance/metrics, /performance/alert, /performance/command, /performance/benchmark_results] Benchmark completed with overall score: 0.63
1788086476.483772516 INFO /performance_monitor [performance_monitor.py:381(PerformanceMonitor.benchmark_fps)] [topics: /performance/benchmark, /diagnostic_status, /rosout, /performance/metrics, /performance/alert, /performance/command, /performance/benchmark_results] Running FPS benchmark...
1788086481.487563371 INFO /performance_monitor [performance_monitor.py:414(PerformanceMonitor.benchmark_cpu)] [topics: /performance/benchmark, /diagnostic_status, /rosout, /performance/metrics, /performance/alert, /performance/command, /performance/benchmark_results] Running CPU benchmark...
1788086482.755574226 INFO /performance_monitor [performance_monitor.py:438(PerformanceMonitor.benchmark_memory)] [topics: /performance/benchmark, /diagnostic_status, /rosout, /performance/metrics, /performance/alert, /performance/command, /performance/benchmark_results] Running memory benchmark...
1788086483.446736335 INFO /performance_monitor [performance_monitor.py:474(PerformanceMonitor.benchmark_network)] [topics: /performance/benchmark, /diagnostic_status, /rosout, /performance/metrics, /performance/alert, /performance/command, /performance/benchmark_results] Running network benchmark...
1788086484.666967630 INFO /performance_monitor [performance_monitor.py:520(PerformanceMonitor.benchmark_application)] [topics: /performance/benchmark, /diagnostic_status, /rosout, /performance/metrics, /performance/alert, /performance/command, /performance/benchmark_results] Running application benchmark...
1788086484.724350214 INFO /performance_monitor [performance_monitor.py:373(PerformanceMonitor.run_benchmark)] [topics: /performance/benchmark, /diagnostic_status, /rosout, /performance/metrics, /performance/alert, /performance/command, /performance/benchmark_results] Benchmark completed with overall score: 0.63
1788086484.725764274 INFO /performance_monitor [performance_monitor.py:381(PerformanceMonitor.benchmark_fps)] [topics: /performance/benchmark, /diagnostic_status, /rosout, /performance/metrics, /performance/alert, /performance/command, /performance/benchmark_results] Running FPS benchmark...
1788086489.728239297 INFO /performance_monitor [performance_monitor.py:414(PerformanceMonitor.benchmark_cpu)] [topics: /performance/benchmark, /diagnostic_status, /rosout, /performance/metrics, /performance/alert, /performance/command, /performance/benchmark_results] Running CPU benchmark...
1788086490.993674039 INFO /performance_monitor [performance_monitor.py:438(PerformanceMonitor.benchmark_memory)] [topics: /performance/benchmark, /diagnostic_status, /rosout, /performance/metrics, /performance/alert, /performance/command, /performance/benchmark_results] Running memory benchmark...
1788086491.676753759 INFO /performance_monitor [performance_monitor.py:474(PerformanceMonitor.benchmark_network)] [topics: /performance/benchmark, /diagnostic_status, /rosout, /performance/metrics, /performance/alert, /performance/command, /performance/benchmark_results] Running network benchmark...
1788086492.875390052 INFO /performance_monitor [performance_monitor.py:520(PerformanceMonitor.benchmark_application)] [topics: /performance/benchmark, /diagnostic_status, /rosout, /performance/metrics, /performance/alert, /performance/command, /performance/benchmark_results] Running application benchmark...
1788086492.928019285 INFO /performance_monitor [performance_monitor.py:373(PerformanceMonitor.run_benchmark)] [topics: /performance/benchmark, /diagnostic_status, /rosout, /performance/metrics, /performance/alert, /performance/command, /performance/benchmark_results] Benchmark completed with overall score: 0.63
1788086492.930280923 INFO /performance_monitor [performance_monitor.py:381(PerformanceMonitor.benchmark_fps)] [topics: /performance/benchmark, /diagnostic_status, /rosout, /performance/metrics, /performance/alert, /performance/command, /performance/benchmark_results] Running FPS benchmark...
1788086497.935223579 INFO /performance_monitor [performance_monitor.py:414(PerformanceMonitor.benchmark_cpu)] [topics: /performance/benchmark, /diagnostic_status, /rosout, /performance/metrics, /performance/alert, /performance/command, /performance/benchmark_results] Running CPU benchmark...
1788086499.180467605 INFO /performance_monitor [performance_monitor.py:438(PerformanceMonitor.benchmark_memory)] [topics: /performance/benchmark, /diagnostic_status, /rosout, /performance/metrics, /performance/alert, /performance/command, /performance/benchmark_results] Running memory benchmark...
1788086499.856995105 INFO /performance_monitor [performance_monitor.py:474(PerformanceMonitor.benchmark_network)] [topics: /performance/benchmark, /diagnostic_status, /rosout, /performance/metrics, /performance/alert, /performance/command, /performance/benchmark_results] Running network benchmark...
1788086501.044067144 INFO /performance_monitor [performance_monitor.py:520(PerformanceMonitor.benchmark_application)] [topics: /performance/benchmark, /diagnostic_status, /rosout, /performance/metrics, /performance/alert, /performance/command, /performance/benchmark_results] Running application benchmark...
1788086501.093267917 INFO /performance_monitor [performance_monitor.py:373(PerformanceMonitor.run_benchmark)] [topics: /performance/benchmark, /diagnostic_status, /rosout, /performance/metrics, /performance/alert, /performance/command, /performance/benchmark_results] Benchmark completed with overall score: 0.63
1788086501.094921112 INFO /performance_monitor [performance_monitor.py:381(PerformanceMonitor.benchmark_fps)] [topics: /performance/benchmark, /diagnostic_status, /rosout, /performance/metrics, /performance/alert, /performance/command, /performance/benchmark_results] Running FPS benchmark...
1788086506.097380638 INFO /performance_monitor [performance_monitor.py:414(PerformanceMonitor.benchmark_cpu)] [topics: /performance/benchmark, /diagnostic_status, /rosout, /performance/metrics, /performance/alert, /performance/command, /performance/benchmark_results] Running CPU benchmark...
1788086507.555679559 INFO /performance_monitor [performance_monitor.py:438(PerformanceMonitor.benchmark_memory)] [topics: /performance/benchmark, /diagnostic_status, /rosout, /performance/metrics, /performance/alert, /performance/command, /performance/benchmark_results] Running memory benchmark...
1788086508.241757154 INFO /performance_monitor [performance_monitor.py:474(PerformanceMonitor.benchmark_network)] [topics: /performance/benchmark, /diagnostic_status, /rosout, /performance/metrics, /performance/alert, /performance/command, /performance/benchmark_results] Running network benchmark...
1788086509.439334630 INFO /performance_monitor [performance_monitor.py:520(PerformanceMonitor.benchmark_application)] [topics: /performance/benchmark, /diagnostic_status, /rosout, /performance/metrics, /performance/alert, /performance/command, /performance/benchmark_results] Running application benchmark...
1788086509.488542318 INFO /performance_monitor [performance_monitor.py:373(PerformanceMonitor.run_benchmark)] [topics: /performance/benchmark, /diagnostic_status, /rosout, /performance/metrics, /performance/alert, /performance/command, /performance/benchmark_results] Benchmark completed with overall score: 0.63
1788086509.489886283 INFO /performance_monitor [performance_monitor.py:381(PerformanceMonitor.benchmark_fps)] [topics: /performance/benchmark, /diagnostic_status, /rosout, /performance/metrics, /performance/alert, /performance/command, /performance/benchmark_results] Running FPS benchmark...
1788086514.493081092 INFO /performance_monitor [performance_monitor.py:414(PerformanceMonitor.benchmark_cpu)] [topics: /performance/benchmark, /diagnostic_status, /rosout, /performance/metrics, /performance/alert, /performance/command, /performance/benchmark_results] Running CPU benchmark...
1788086515.773586034 INFO /performance_monitor [performance_monitor.py:438(PerformanceMonitor.benchmark_memory)] [topics: /performance/benchmark, /diagnostic_status, /rosout, /performance/metrics, /performance/alert, /performance/command, /performance/benchmark_results] Running memory benchmark...
1788086516.465785503 INFO /performance_monitor [performance_monitor.py:474(PerformanceMonitor.benchmark_network)] [topics: /performance/benchmark, /diagnostic_status, /rosout, /performance/metrics, /performance/alert, /performance/command, /performance/benchmark_results] Running network benchmark...
1788086517.591905832 INFO /performance_monitor [performance_monitor.py:520(PerformanceMonitor.benchmark_application)] [topics: /performance/benchmark, /diagnostic_status, /rosout, /performance/metrics, /performance/alert, /performance/command, /performance/benchmark_results] Running application benchmark...
1788086517.647177696 INFO /performance_monitor [performance_monitor.py:373(PerformanceMonitor.run_benchmark)] [topics: /performance/benchmark, /diagnostic_status, /rosout, /performance/metrics, /performance/alert, /performance/command, /performance/benchmark_results] Benchmark completed with overall score: 0.63
1788086517.648424625 INFO /performance_monitor [performance_monitor.py:381(PerformanceMonitor.benchmark_fps)] [topics: /performance/benchmark, /diagnostic_status, /rosout, /performance/metrics, /performance/alert, /performance/command, /performance/benchmark_results] Running FPS benchmark...
1788086522.651354074 INFO /performance_monitor [performance_monitor.py:414(PerformanceMonitor.benchmark_cpu)] [topics: /performance/benchmark, /diagnostic_status, /rosout, /performance/metrics, /performance/alert, /performance/command, /performance/benchmark_results] Running CPU benchmark...
1788086523.922058582 INFO /performance_monitor [performance_monitor.py:438(PerformanceMonitor.benchmark_memory)] [topics: /performance/benchmark, /diagnostic_status, /rosout, /performance/metrics, /performance/alert, /performance/command, /performance/benchmark_results] Running memory benchmark...
1788086524.614727497 INFO /performance_monitor [performance_monitor.py:474(PerformanceMonitor.benchmark_network)] [topics: /performance/benchmark, /diagnostic_status, /rosout, /performance/metrics, /performance/alert, /performance/command, /performance/benchmark_results] Running network benchmark...
1788086525.771493911 INFO /performance_monitor [performance_monitor.py:520(PerformanceMonitor.benchmark_application)] [topics: /performance/benchmark, /diagnostic_status, /rosout, /performance/metrics, /performance/alert, /performance/command, /performance/benchmark_results] Running application benchmark...
1788086525.824171304 INFO /performance_monitor [performance_monitor.py:373(PerformanceMonitor.run_benchmark)] [topics: /performance/benchmark, /diagnostic_status, /rosout, /performance/metrics, /performance/alert, /performance/command, /performance/benchmark_results] Benchmark completed with overall score: 0.63
1788086525.825773715 INFO /performance_monitor [performance_monitor.py:381(PerformanceMonitor.benchmark_fps)] [topics: /performance/benchmark, /diagnostic_status, /rosout, /performance/metrics, /performance/alert, /performance/command, /performance/benchmark_results] Running FPS benchmark...
1788086530.829404354 INFO /performance_monitor [performance_monitor.py:414(PerformanceMonitor.benchmark_cpu)] [topics: /performance/benchmark, /diagnostic_status, /rosout, /performance/metrics, /performance/alert, /performance/command, /performance/benchmark_results] Running CPU benchmark...
1788086532.081042528 INFO /performance_monitor [performance_monitor.py:438(PerformanceMonitor.benchmark_memory)] [topics: /performance/benchmark, /diagnostic_status, /rosout, /performance/metrics, /performance/alert, /performance/command, /performance/benchmark_results] Running memory benchmark...
1788086532.767926692 INFO /performance_monitor [performance_monitor.py:474(PerformanceMonitor.benchmark_network)] [topics: /performance/benchmark, /diagnostic_status, /rosout, /performance/metrics, /performance/alert, /performance/command, /performance/benchmark_results] Running network benchmark...
1788086533.936470031 INFO /performance_monitor [performance_monitor.py:520(PerformanceMonitor.benchmark_application)] [topics: /performance/benchmark, /diagnostic_status, /rosout, /performance/metrics, /performance/alert, /performance/command, /performance/benchmark_results] Running application benchmark...
1788086533.983935117 INFO /performance_monitor [performance_monitor.py:373(PerformanceMonitor.run_benchmark)] [topics: /performance/benchmark, /diagnostic_status, /rosout, /performance/metrics, /performance/alert, /performance/command, /performance/benchmark_results] Benchmark completed with overall score: 0.63
1788086533.985236644 INFO /performance_monitor [performance_monitor.py:381(PerformanceMonitor.benchmark_fps)] [topics: /performance/benchmark, /diagnostic_status, /rosout, /performance/metrics, /performance/alert, /performance/command, /performance/benchmark_results] Running FPS benchmark...
1788086538.987185001 INFO /performance_monitor [performance_monitor.py:414(PerformanceMonitor.benchmark_cpu)] [topics: /performance/benchmark, /diagnostic_status, /rosout, /performance/metrics, /performance/alert, /performance/command, /performance/benchmark_results] Running CPU benchmark...
1788086540.756467342 INFO /performance_monitor [performance_monitor.py:438(PerformanceMonitor.benchmark_memory)] [topics: /performance/benchmark, /diagnostic_status, /rosout, /performance/metrics, /performance/alert, /performance/command, /performance/benchmark_results] Running memory benchmark...
1788086542.721146583 INFO /performance_monitor [performance_monitor.py:474(PerformanceMonitor.benchmark_network)] [topics: /performance/benchmark, /diagnostic_status, /rosout, /performance/metrics, /performance/alert, /performance/command, /performance/benchmark_results] Running network benchmark...
1788086544.197463035 INFO /performance_monitor [performance_monitor.py:520(PerformanceMonitor.benchmark_application)] [topics: /performance/benchmark, /diagnostic_status, /rosout, /performance/metrics, /performance/alert, /performance/command, /performance/benchmark_results] Running application benchmark...
1788086544.291893959 INFO /performance_monitor [performance_monitor.py:373(PerformanceMonitor.run_benchmark)] [topics: /performance/benchmark, /diagnostic_status, /rosout, /performance/metrics, /performance/alert, /performance/command, /performance/benchmark_results] Benchmark completed with overall score: 0.62
1788086544.295176982 INFO /performance_monitor [performance_monitor.py:381(PerformanceMonitor.benchmark_fps)] [topics: /performance/benchmark, /diagnostic_status, /rosout, /performance/metrics, /performance/alert, /performance/command, /performance/benchmark_results] Running FPS benchmark...
1788086549.298784971 INFO /performance_monitor [performance_monitor.py:414(PerformanceMonitor.benchmark_cpu)] [topics: /performance/benchmark, /diagnostic_status, /rosout, /performance/metrics, /performance/alert, /performance/command, /performance/benchmark_results] Running CPU benchmark...
1788086550.695068359 INFO /performance_monitor [performance_monitor.py:438(PerformanceMonitor.benchmark_memory)] [topics: /performance/benchmark, /diagnostic_status, /rosout, /performance/metrics, /performance/alert, /performance/command, /performance/benchmark_results] Running memory benchmark...
1788086551.459726810 INFO /performance_monitor [performance_monitor.py:474(PerformanceMonitor.benchmark_network)] [topics: /performance/benchmark, /diagnostic_status, /rosout, /performance/metrics, /performance/alert, /performance/command, /performance/benchmark_results] Running network benchmark...
1788086552.562725543 INFO /performance_monitor [performance_monitor.py:520(PerformanceMonitor.benchmark_application)] [topics: /performance/benchmark, /diagnostic_status, /rosout, /performance/metrics, /performance/alert, /performance/command, /performance/benchmark_results] Running application benchmark...
1788086552.618917942 INFO /performance_monitor [performance_monitor.py:373(PerformanceMonitor.run_benchmark)] [topics: /performance/benchmark, /diagnostic_status, /rosout, /performance/metrics, /performance/alert, /performance/command, /performance/benchmark_results] Benchmark completed with overall score: 0.63
1788086552.620141744 INFO /performance_monitor [performance_monitor.py:381(PerformanceMonitor.benchmark_fps)] [topics: /performance/benchmark, /diagnostic_status, /rosout, /performance/metrics, /performance/alert, /performance/command, /performance/benchmark_results] Running FPS benchmark...
1788086557.622532606 INFO /performance_monitor [performance_monitor.py:414(PerformanceMonitor.benchmark_cpu)] [topics: /performance/benchmark, /diagnostic_status, /rosout, /performance/metrics, /performance/alert, /performance/command, /performance/benchmark_results] Running CPU benchmark...
1788086558.904652833 INFO /performance_monitor [performance_monitor.py:438(PerformanceMonitor.benchmark_memory)] [topics: /performance/benchmark, /diagnostic_status, /rosout, /performance/metrics, /performance/alert, /performance/command, /performance/benchmark_results] Running memory benchmark...
1788086559.611721038 INFO /performance_monitor [performance_monitor.py:474(PerformanceMonitor.benchmark_network)] [topics: /performance/benchmark, /diagnostic_status, /rosout, /performance/metrics, /performance/alert, /performance/command, /performance/benchmark_results] Running network benchmark...
1788086560.822576999 INFO /performance_monitor [performance_monitor.py:520(PerformanceMonitor.benchmark_application)] [topics: /performance/benchmark, /diagnostic_status, /rosout, /performance/metrics, /performance/alert, /performance/command, /performance/benchmark_results] Running application benchmark...
1788086560.886516332 INFO /performance_monitor [performance_monitor.py:373(PerformanceMonitor.run_benchmark)] [topics: /performance/benchmark, /diagnostic_status, /rosout, /performance/metrics, /performance/alert, /performance/command, /performance/benchmark_results] Benchmark completed with overall score: 0.63
1788086560.887964963 INFO /performance_monitor [performance_monitor.py:381(PerformanceMonitor.benchmark_fps)] [topics: /performance/benchmark, /diagnostic_status, /rosout, /performance/metrics, /performance/alert, /performance/command, /performance/benchmark_results] Running FPS benchmark...
1788086565.891927480 INFO /performance_monitor [performance_monitor.py:414(PerformanceMonitor.benchmark_cpu)] [topics: /performance/benchmark, /diagnostic_status, /rosout, /performance/metrics, /performance/alert, /performance/command, /performance/benchmark_results] Running CPU benchmark...
1788086567.324404001 INFO /performance_monitor [performance_monitor.py:438(PerformanceMonitor.benchmark_memory)] [topics: /performance/benchmark, /diagnostic_status, /rosout, /performance/metrics, /performance/alert, /performance/command, /performance/benchmark_results] Running memory benchmark...
1788086568.036489725 INFO /performance_monitor [performance_monitor.py:474(PerformanceMonitor.benchmark_network)] [topics: /performance/benchmark, /diagnostic_status, /rosout, /performance/metrics, /performance/alert, /performance/command, /performance/benchmark_results] Running network benchmark...
1788086569.240458488 INFO /performance_monitor [performance_monitor.py:520(PerformanceMonitor.benchmark_application)] [topics: /performance/benchmark, /diagnostic_status, /rosout, /performance/metrics, /performance/alert, /performance/command, /performance/benchmark_results] Running application benchmark...
1788086569.288817167 INFO /performance_monitor [performance_monitor.py:373(PerformanceMonitor.run_benchmark)] [topics: /performance/benchmark, /diagnostic_status, /rosout, /performance/metrics, /performance/alert, /performance/command, /performance/benchmark_results] Benchmark completed with overall score: 0.63
1788086569.290209770 INFO /performance_monitor [performance_monitor.py:381(PerformanceMonitor.benchmark_fps)] [topics: /performance/benchmark, /diagnostic_status, /rosout, /performance/metrics, /performance/alert, /performance/command, /performance/benchmark_results] Running FPS benchmark...
1788086574.294715642 INFO /performance_monitor [performance_monitor.py:414(PerformanceMonitor.benchmark_cpu)] [topics: /performance/benchmark, /diagnostic_status, /rosout, /performance/metrics, /performance/alert, /performance/command, /performance/benchmark_results] Running CPU benchmark...
1788086575.600759744 INFO /performance_monitor [performance_monitor.py:438(PerformanceMonitor.benchmark_memory)] [topics: /performance/benchmark, /diagnostic_status, /rosout, /performance/metrics, /performance/alert, /performance/command, /performance/benchmark_results] Running memory benchmark...
1788086576.288927078 INFO /performance_monitor [performance_monitor.py:474(PerformanceMonitor.benchmark_network)] [topics: /performance/benchmark, /diagnostic_status, /rosout, /performance/metrics, /performance/alert, /performance/command, /performance/benchmark_results] Running network benchmark...
1788086577.454480171 INFO /performance_monitor [performance_monitor.py:520(PerformanceMonitor.benchmark_application)] [topics: /performance/benchmark, /diagnostic_status, /rosout, /performance/metrics, /performance/alert, /performance/command, /performance/benchmark_results] Running application benchmark...
1788086577.508361816 INFO /performance_monitor [performance_monitor.py:373(PerformanceMonitor.run_benchmark)] [topics: /performance/benchmark, /diagnostic_status, /rosout, /performance/metrics, /performance/alert, /performance/command, /performance/benchmark_results] Benchmark completed with overall score: 0.63
1788086577.510285615 INFO /performance_monitor [performance_monitor.py:381(PerformanceMonitor.benchmark_fps)] [topics: /performance/benchmark, /diagnostic_status, /rosout, /performance/metrics, /performance/alert, /performance/command, /performance/benchmark_results] Running FPS benchmark...
1788086582.512453794 INFO /performance_monitor [performance_monitor.py:414(PerformanceMonitor.benchmark_cpu)] [topics: /performance/benchmark, /diagnostic_status, /rosout, /performance/metrics, /performance/alert, /performance/command, /performance/benchmark_results] Running CPU benchmark...
1788086583.778013706 INFO /performance_monitor [performance_monitor.py:438(PerformanceMonitor.benchmark_memory)] [topics: /performance/benchmark, /diagnostic_status, /rosout, /performance/metrics, /performance/alert, /performance/command, /performance/benchmark_results] Running memory benchmark...
1788086584.614784002 INFO /performance_monitor [performance_monitor.py:474(PerformanceMonitor.benchmark_network)] [topics: /performance/benchmark, /diagnostic_status, /rosout, /performance/metrics, /performance/alert, /performance/command, /performance/benchmark_results] Running network benchmark...
1788086585.769277811 INFO /performance_monitor [performance_monitor.py:520(PerformanceMonitor.benchmark_application)] [topics: /performance/benchmark, /diagnostic_status, /rosout, /performance/metrics, /performance/alert, /performance/command, /performance/benchmark_results] Running application benchmark...
1788086585.825765848 INFO /performance_monitor [performance_monitor.py:373(PerformanceMonitor.run_benchmark)] [topics: /performance/benchmark, /diagnostic_status, /rosout, /performance/metrics, /performance/alert, /performance/command, /performance/benchmark_results] Benchmark completed with overall score: 0.63
1788086585.827024459 INFO /performance_monitor [performance_monitor.py:381(PerformanceMonitor.benchmark_fps)] [topics: /performance/benchmark, /diagnostic_status, /rosout, /performance/metrics, /performance/alert, /performance/command, /performance/benchmark_results] Running FPS benchmark...
1788086590.830036401 INFO /performance_monitor [performance_monitor.py:414(PerformanceMonitor.benchmark_cpu)] [topics: /performance/benchmark, /diagnostic_status, /rosout, /performance/metrics, /performance/alert, /performance/command, /performance/benchmark_results] Running CPU benchmark...
1788086592.091696739 INFO /performance_monitor [performance_monitor.py:438(PerformanceMonitor.benchmark_memory)] [topics: /performance/benchmark, /diagnostic_status, /rosout, /performance/metrics, /performance/alert, /performance/command, /performance/benchmark_results] Running memory benchmark...
1788086592.778829336 INFO /performance_monitor [performance_monitor.py:474(PerformanceMonitor.benchmark_network)] [topics: /performance/benchmark, /diagnostic_status, /rosout, /performance/metrics, /performance/alert, /performance/command, /performance/benchmark_results] Running network benchmark...
1788086593.988707780 INFO /performance_monitor [performance_monitor.py:520(PerformanceMonitor.benchmark_application)] [topics: /performance/benchmark, /diagnostic_status, /rosout, /performance/metrics, /performance/alert, /performance/command, /performance/benchmark_results] Running application benchmark...
1788086594.039032459 INFO /performance_monitor [performance_monitor.py:373(PerformanceMonitor.run_benchmark)] [topics: /performance/benchmark, /diagnostic_status, /rosout, /performance/metrics, /performance/alert, /performance/command, /performance/benchmark_results] Benchmark completed with overall score: 0.63
1788086594.040299177 INFO /performance_monitor [performance_monitor.py:381(PerformanceMonitor.benchmark_fps)] [topics: /performance/benchmark, /diagnostic_status, /rosout, /performance/metrics, /performance/alert, /performance/command, /performance/benchmark_results] Running FPS benchmark...
1788086599.042429685 INFO /performance_monitor [performance_monitor.py:414(PerformanceMonitor.benchmark_cpu)] [topics: /performance/benchmark, /diagnostic_status, /rosout, /performance/metrics, /performance/alert, /performance/command, /performance/benchmark_results] Running CPU benchmark...
1788086600.291845798 INFO /performance_monitor [performance_monitor.py:438(PerformanceMonitor.benchmark_memory)] [topics: /performance/benchmark, /diagnostic_status, /rosout, /performance/metrics, /performance/alert, /performance/command, /performance/benchmark_results] Running memory benchmark...
1788086600.980512142 INFO /performance_monitor [performance_monitor.py:474(PerformanceMonitor.benchmark_network)] [topics: /performance/benchmark, /diagnostic_status, /rosout, /performance/metrics, /performance/alert, /performance/command, /performance/benchmark_results] Running network benchmark...
1788086602.169084310 INFO /performance_monitor [performance_monitor.py:520(PerformanceMonitor.benchmark_application)] [topics: /performance/benchmark, /diagnostic_status, /rosout, /performance/metrics, /performance/alert, /performance/command, /performance/benchmark_results] Running application benchmark...
1788086602.217265367 INFO /performance_monitor [performance_monitor.py:373(PerformanceMonitor.run_benchmark)] [topics: /performance/benchmark, /diagnostic_status, /rosout, /performance/metrics, /performance/alert, /performance/command, /performance/benchmark_results] Benchmark completed with overall score: 0.63
1788086602.218707799 INFO /performance_monitor [performance_monitor.py:381(PerformanceMonitor.benchmark_fps)] [topics: /performance/benchmark, /diagnostic_status, /rosout, /performance/metrics, /performance/alert, /performance/command, /performance/benchmark_results] Running FPS benchmark...
1788086607.220827579 INFO /performance_monitor [performance_monitor.py:414(PerformanceMonitor.benchmark_cpu)] [topics: /performance/benchmark, /diagnostic_status, /rosout, /performance/metrics, /performance/alert, /performance/command, /performance/benchmark_results] Running CPU benchmark...
1788086608.598650217 INFO /performance_monitor [performance_monitor.py:438(PerformanceMonitor.benchmark_memory)] [topics: /performance/benchmark, /diagnostic_status, /rosout, /performance/metrics, /performance/alert, /performance/command, /performance/benchmark_results] Running memory benchmark...
1788086609.343057394 INFO /performance_monitor [performance_monitor.py:474(PerformanceMonitor.benchmark_network)] [topics: /performance/benchmark, /diagnostic_status, /rosout, /performance/metrics, /performance/alert, /performance/command, /performance/benchmark_results] Running network benchmark...
1788086610.539493799 INFO /performance_monitor [performance_monitor.py:520(PerformanceMonitor.benchmark_application)] [topics: /performance/benchmark, /diagnostic_status, /rosout, /performance/metrics, /performance/alert, /performance/command, /performance/benchmark_results] Running application benchmark...
1788086610.587762594 INFO /performance_monitor [performance_monitor.py:373(PerformanceMonitor.run_benchmark)] [topics: /performance/benchmark, /diagnostic_status, /rosout, /performance/metrics, /performance/alert, /performance/command, /performance/benchmark_results] Benchmark completed with overall score: 0.63
1788086610.589892387 INFO /performance_monitor [performance_monitor.py:381(PerformanceMonitor.benchmark_fps)] [topics: /performance/benchmark, /diagnostic_status, /rosout, /performance/metrics, /performance/alert, /performance/command, /performance/benchmark_results] Running FPS benchmark...
1788086615.592629671 INFO /performance_monitor [performance_monitor.py:414(PerformanceMonitor.benchmark_cpu)] [topics: /performance/benchmark, /diagnostic_status, /rosout, /performance/metrics, /performance/alert, /performance/command, /performance/benchmark_results] Running CPU benchmark...
1788086617.139712572 INFO /performance_monitor [performance_monitor.py:438(PerformanceMonitor.benchmark_memory)] [topics: /performance/benchmark, /diagnostic_status, /rosout, /performance/metrics, /performance/alert, /performance/command, /performance/benchmark_results] Running memory benchmark...
1788086617.825215339 INFO /performance_monitor [performance_monitor.py:474(PerformanceMonitor.benchmark_network)] [topics: /performance/benchmark, /diagnostic_status, /rosout, /performance/metrics, /performance/alert, /performance/command, /performance/benchmark_results] Running network benchmark...
1788086619.144125223 INFO /performance_monitor [performance_monitor.py:520(PerformanceMonitor.benchmark_application)] [topics: /performance/benchmark, /diagnostic_status, /rosout, /performance/metrics, /performance/alert, /performance/command, /performance/benchmark_results] Running application benchmark...
1788086619.192266464 INFO /performance_monitor [performance_monitor.py:373(PerformanceMonitor.run_benchmark)] [topics: /performance/benchmark, /diagnostic_status, /rosout, /performance/metrics, /performance/alert, /performance/command, /performance/benchmark_results] Benchmark completed with overall score: 0.62
1788086619.193612098 INFO /performance_monitor [performance_monitor.py:381(PerformanceMonitor.benchmark_fps)] [topics: /performance/benchmark, /diagnostic_status, /rosout, /performance/metrics, /performance/alert, /performance/command, /performance/benchmark_results] Running FPS benchmark...
1788086624.196078300 INFO /performance_monitor [performance_monitor.py:414(PerformanceMonitor.benchmark_cpu)] [topics: /performance/benchmark, /diagnostic_status, /rosout, /performance/metrics, /performance/alert, /performance/command, /performance/benchmark_results] Running CPU benchmark...
1788086625.592569112 INFO /performance_monitor [performance_monitor.py:438(PerformanceMonitor.benchmark_memory)] [topics: /performance/benchmark, /diagnostic_status, /rosout, /performance/metrics, /performance/alert, /performance/command, /performance/benchmark_results] Running memory benchmark...
1788086626.302390575 INFO /performance_monitor [performance_monitor.py:474(PerformanceMonitor.benchmark_network)] [topics: /performance/benchmark, /diagnostic_status, /rosout, /performance/metrics, /performance/alert, /performance/command, /performance/benchmark_results] Running network benchmark...
1788086627.488745689 INFO /performance_monitor [performance_monitor.py:520(PerformanceMonitor.benchmark_application)] [topics: /performance/benchmark, /diagnostic_status, /rosout, /performance/metrics, /performance/alert, /performance/command, /performance/benchmark_results] Running application benchmark...
1788086627.542073249 INFO /performance_monitor [performance_monitor.py:373(PerformanceMonitor.run_benchmark)] [topics: /performance/benchmark, /diagnostic_status, /rosout, /performance/metrics, /performance/alert, /performance/command, /performance/benchmark_results] Benchmark completed with overall score: 0.63
1788086627.543457269 INFO /performance_monitor [performance_monitor.py:381(PerformanceMonitor.benchmark_fps)] [topics: /performance/benchmark, /diagnostic_status, /rosout, /performance/metrics, /performance/alert, /performance/command, /performance/benchmark_results] Running FPS benchmark...
1788086632.545449495 INFO /performance_monitor [performance_monitor.py:414(PerformanceMonitor.benchmark_cpu)] [topics: /performance/benchmark, /diagnostic_status, /rosout, /performance/metrics, /performance/alert, /performance/command, /performance/benchmark_results] Running CPU benchmark...
1788086633.786383152 INFO /performance_monitor [performance_monitor.py:438(PerformanceMonitor.benchmark_memory)] [topics: /performance/benchmark, /diagnostic_status, /rosout, /performance/metrics, /performance/alert, /performance/command, /performance/benchmark_results] Running memory benchmark...
1788086634.590027570 INFO /performance_monitor [performance_monitor.py:474(PerformanceMonitor.benchmark_network)] [topics: /performance/benchmark, /diagnostic_status, /rosout, /performance/metrics, /performance/alert, /performance/command, /performance/benchmark_results] Running network benchmark...
1788086635.781749486 INFO /performance_monitor [performance_monitor.py:520(PerformanceMonitor.benchmark_application)] [topics: /performance/benchmark, /diagnostic_status, /rosout, /performance/metrics, /performance/alert, /performance/command, /performance/benchmark_results] Running application benchmark...
1788086635.839305877 INFO /performance_monitor [performance_monitor.py:373(PerformanceMonitor.run_benchmark)] [topics: /performance/benchmark, /diagnostic_status, /rosout, /performance/metrics, /performance/alert, /performance/command, /performance/benchmark_results] Benchmark completed with overall score: 0.63
1788086635.840821981 INFO /performance_monitor [performance_monitor.py:381(PerformanceMonitor.benchmark_fps)] [topics: /performance/benchmark, /diagnostic_status, /rosout, /performance/metrics, /performance/alert, /performance/command, /performance/benchmark_results] Running FPS benchmark...
1788086640.843427896 INFO /performance_monitor [performance_monitor.py:414(PerformanceMonitor.benchmark_cpu)] [topics: /performance/benchmark, /diagnostic_status, /rosout, /performance/metrics, /performance/alert, /performance/command, /performance/benchmark_results] Running CPU benchmark...
1788086642.086132764 INFO /performance_monitor [performance_monitor.py:438(PerformanceMonitor.benchmark_memory)] [topics: /performance/benchmark, /diagnostic_status, /rosout, /performance/metrics, /performance/alert, /performance/command, /performance/benchmark_results] Running memory benchmark...
1788086642.781126976 INFO /performance_monitor [performance_monitor.py:474(PerformanceMonitor.benchmark_network)] [topics: /performance/benchmark, /diagnostic_status, /rosout, /performance/metrics, /performance/alert, /performance/command, /performance/benchmark_results] Running network benchmark...
1788086643.988215208 INFO /performance_monitor [performance_monitor.py:520(PerformanceMonitor.benchmark_application)] [topics: /performance/benchmark, /diagnostic_status, /rosout, /performance/metrics, /performance/alert, /performance/command, /performance/benchmark_results] Running application benchmark...
1788086644.057784795 INFO /performance_monitor [performance_monitor.py:373(PerformanceMonitor.run_benchmark)] [topics: /performance/benchmark, /diagnostic_status, /rosout, /performance/metrics, /performance/alert, /performance/command, /performance/benchmark_results] Benchmark completed with overall score: 0.63
1788086644.059438943 INFO /performance_monitor [performance_monitor.py:381(PerformanceMonitor.benchmark_fps)] [topics: /performance/benchmark, /diagnostic_status, /rosout, /performance/metrics, /performance/alert, /performance/command, /performance/benchmark_results] Running FPS benchmark...
1788086649.062447071 INFO /performance_monitor [performance_monitor.py:414(PerformanceMonitor.benchmark_cpu)] [topics: /performance/benchmark, /diagnostic_status, /rosout, /performance/metrics, /performance/alert, /performance/command, /performance/benchmark_results] Running CPU benchmark...
1788086650.335067510 INFO /performance_monitor [performance_monitor.py:438(PerformanceMonitor.benchmark_memory)] [topics: /performance/benchmark, /diagnostic_status, /rosout, /performance/metrics, /performance/alert, /performance/command, /performance/benchmark_results] Running memory benchmark...
1788086651.033761978 INFO /performance_monitor [performance_monitor.py:474(PerformanceMonitor.benchmark_network)] [topics: /performance/benchmark, /diagnostic_status, /rosout, /performance/metrics, /performance/alert, /performance/command, /performance/benchmark_results] Running network benchmark...
1788086652.189429759 INFO /performance_monitor [performance_monitor.py:520(PerformanceMonitor.benchmark_application)] [topics: /performance/benchmark, /diagnostic_status, /rosout, /performance/metrics, /performance/alert, /performance/command, /performance/benchmark_results] Running application benchmark...
1788086652.239440679 INFO /performance_monitor [performance_monitor.py:373(PerformanceMonitor.run_benchmark)] [topics: /performance/benchmark, /diagnostic_status, /rosout, /performance/metrics, /performance/alert, /performance/command, /performance/benchmark_results] Benchmark completed with overall score: 0.63
1788086652.240772724 INFO /performance_monitor [performance_monitor.py:381(PerformanceMonitor.benchmark_fps)] [topics: /performance/benchmark, /diagnostic_status, /rosout, /performance/metrics, /performance/alert, /performance/command, /performance/benchmark_results] Running FPS benchmark...
1788086657.245086669 INFO /performance_monitor [performance_monitor.py:414(PerformanceMonitor.benchmark_cpu)] [topics: /performance/benchmark, /diagnostic_status, /rosout, /performance/metrics, /performance/alert, /performance/command, /performance/benchmark_results] Running CPU benchmark...
1788086658.505302190 INFO /performance_monitor [performance_monitor.py:438(PerformanceMonitor.benchmark_memory)] [topics: /performance/benchmark, /diagnostic_status, /rosout, /performance/metrics, /performance/alert, /performance/command, /performance/benchmark_results] Running memory benchmark...
1788086659.206146478 INFO /performance_monitor [performance_monitor.py:474(PerformanceMonitor.benchmark_network)] [topics: /performance/benchmark, /diagnostic_status, /rosout, /performance/metrics, /performance/alert, /performance/command, /performance/benchmark_results] Running network benchmark...
1788086660.363702774 INFO /performance_monitor [performance_monitor.py:520(PerformanceMonitor.benchmark_application)] [topics: /performance/benchmark, /diagnostic_status, /rosout, /performance/metrics, /performance/alert, /performance/command, /performance/benchmark_results] Running application benchmark...
1788086660.412669181 INFO /performance_monitor [performance_monitor.py:373(PerformanceMonitor.run_benchmark)] [topics: /performance/benchmark, /diagnostic_status, /rosout, /performance/metrics, /performance/alert, /performance/command, /performance/benchmark_results] Benchmark completed with overall score: 0.63
1788086660.414206981 INFO /performance_monitor [performance_monitor.py:381(PerformanceMonitor.benchmark_fps)] [topics: /performance/benchmark, /diagnostic_status, /rosout, /performance/metrics, /performance/alert, /performance/command, /performance/benchmark_results] Running FPS benchmark...
1788086665.416517257 INFO /performance_monitor [performance_monitor.py:414(PerformanceMonitor.benchmark_cpu)] [topics: /performance/benchmark, /diagnostic_status, /rosout, /performance/metrics, /performance/alert, /performance/command, /performance/benchmark_results] Running CPU benchmark...
1788086666.673919916 INFO /performance_monitor [performance_monitor.py:438(PerformanceMonitor.benchmark_memory)] [topics: /performance/benchmark, /diagnostic_status, /rosout, /performance/metrics, /performance/alert, /performance/command, /performance/benchmark_results] Running memory benchmark...
1788086667.355248928 INFO /performance_monitor [performance_monitor.py:474(PerformanceMonitor.benchmark_network)] [topics: /performance/benchmark, /diagnostic_status, /rosout, /performance/metrics, /performance/alert, /performance/command, /performance/benchmark_results] Running network benchmark...
1788086668.562279462 INFO /performance_monitor [performance_monitor.py:520(PerformanceMonitor.benchmark_application)] [topics: /performance/benchmark, /diagnostic_status, /rosout, /performance/metrics, /performance/alert, /performance/command, /performance/benchmark_results] Running application benchmark...
1788086668.611632347 INFO /performance_monitor [performance_monitor.py:373(PerformanceMonitor.run_benchmark)] [topics: /performance/benchmark, /diagnostic_status, /rosout, /performance/metrics, /performance/alert, /performance/command, /performance/benchmark_results] Benchmark completed with overall score: 0.63
1788086668.613429546 INFO /performance_monitor [performance_monitor.py:381(PerformanceMonitor.benchmark_fps)] [topics: /performance/benchmark, /diagnostic_status, /rosout, /performance/metrics, /performance/alert, /performance/command, /performance/benchmark_results] Running FPS benchmark...
1788086673.616541147 INFO /performance_monitor [performance_monitor.py:414(PerformanceMonitor.benchmark_cpu)] [topics: /performance/benchmark, /diagnostic_status, /rosout, /performance/metrics, /performance/alert, /performance/command, /performance/benchmark_results] Running CPU benchmark...
1788086675.020730972 INFO /performance_monitor [performance_monitor.py:438(PerformanceMonitor.benchmark_memory)] [topics: /performance/benchmark, /diagnostic_status, /rosout, /performance/metrics, /performance/alert, /performance/command, /performance/benchmark_results] Running memory benchmark...
1788086675.761130571 INFO /performance_monitor [performance_monitor.py:474(PerformanceMonitor.benchmark_network)] [topics: /performance/benchmark, /diagnostic_status, /rosout, /performance/metrics, /performance/alert, /performance/command, /performance/benchmark_results] Running network benchmark...
1788086676.842012882 INFO /performance_monitor [performance_monitor.py:520(PerformanceMonitor.benchmark_application)] [topics: /performance/benchmark, /diagnostic_status, /rosout, /performance/metrics, /performance/alert, /performance/command, /performance/benchmark_results] Running application benchmark...
1788086676.898636817 INFO /performance_monitor [performance_monitor.py:373(PerformanceMonitor.run_benchmark)] [topics: /performance/benchmark, /diagnostic_status, /rosout, /performance/metrics, /performance/alert, /performance/command, /performance/benchmark_results] Benchmark completed with overall score: 0.63
1788086676.900114774 INFO /performance_monitor [performance_monitor.py:381(PerformanceMonitor.benchmark_fps)] [topics: /performance/benchmark, /diagnostic_status, /rosout, /performance/metrics, /performance/alert, /performance/command, /performance/benchmark_results] Running FPS benchmark...
1788086681.904993057 INFO /performance_monitor [performance_monitor.py:414(PerformanceMonitor.benchmark_cpu)] [topics: /performance/benchmark, /diagnostic_status, /rosout, /performance/metrics, /performance/alert, /performance/command, /performance/benchmark_results] Running CPU benchmark...
1788086683.155684947 INFO /performance_monitor [performance_monitor.py:438(PerformanceMonitor.benchmark_memory)] [topics: /performance/benchmark, /diagnostic_status, /rosout, /performance/metrics, /performance/alert, /performance/command, /performance/benchmark_results] Running memory benchmark...
1788086683.840530157 INFO /performance_monitor [performance_monitor.py:474(PerformanceMonitor.benchmark_network)] [topics: /performance/benchmark, /diagnostic_status, /rosout, /performance/metrics, /performance/alert, /performance/command, /performance/benchmark_results] Running network benchmark...
1788086685.024647712 INFO /performance_monitor [performance_monitor.py:520(PerformanceMonitor.benchmark_application)] [topics: /performance/benchmark, /diagnostic_status, /rosout, /performance/metrics, /performance/alert, /performance/command, /performance/benchmark_results] Running application benchmark...
1788086685.077445030 INFO /performance_monitor [performance_monitor.py:373(PerformanceMonitor.run_benchmark)] [topics: /performance/benchmark, /diagnostic_status, /rosout, /performance/metrics, /performance/alert, /performance/command, /performance/benchmark_results] Benchmark completed with overall score: 0.63
1788086685.078740596 INFO /performance_monitor [performance_monitor.py:381(PerformanceMonitor.benchmark_fps)] [topics: /performance/benchmark, /diagnostic_status, /rosout, /performance/metrics, /performance/alert, /performance/command, /performance/benchmark_results] Running FPS benchmark...
1788086690.082331418 INFO /performance_monitor [performance_monitor.py:414(PerformanceMonitor.benchmark_cpu)] [topics: /performance/benchmark, /diagnostic_status, /rosout, /performance/metrics, /performance/alert, /performance/command, /performance/benchmark_results] Running CPU benchmark...
1788086691.405789852 INFO /performance_monitor [performance_monitor.py:438(PerformanceMonitor.benchmark_memory)] [topics: /performance/benchmark, /diagnostic_status, /rosout, /performance/metrics, /performance/alert, /performance/command, /performance/benchmark_results] Running memory benchmark...
1788086692.119363069 INFO /performance_monitor [performance_monitor.py:474(PerformanceMonitor.benchmark_network)] [topics: /performance/benchmark, /diagnostic_status, /rosout, /performance/metrics, /performance/alert, /performance/command, /performance/benchmark_results] Running network benchmark...
1788086693.314398288 INFO /performance_monitor [performance_monitor.py:520(PerformanceMonitor.benchmark_application)] [topics: /performance/benchmark, /diagnostic_status, /rosout, /performance/metrics, /performance/alert, /performance/command, /performance/benchmark_results] Running application benchmark...
1788086693.366023778 INFO /performance_monitor [performance_monitor.py:373(PerformanceMonitor.run_benchmark)] [topics: /performance/benchmark, /diagnostic_status, /rosout, /performance/metrics, /performance/alert, /performance/command, /performance/benchmark_results] Benchmark completed with overall score: 0.63
1788086693.368650913 INFO /performance_monitor [performance_monitor.py:381(PerformanceMonitor.benchmark_fps)] [topics: /performance/benchmark, /diagnostic_status, /rosout, /performance/metrics, /performance/alert, /performance/command, /performance/benchmark_results] Running FPS benchmark...
1788086698.371201753 INFO /performance_monitor [performance_monitor.py:414(PerformanceMonitor.benchmark_cpu)] [topics: /performance/benchmark, /diagnostic_status, /rosout, /performance/metrics, /performance/alert, /performance/command, /performance/benchmark_results] Running CPU benchmark...
1788086699.624815940 INFO /performance_monitor [performance_monitor.py:438(PerformanceMonitor.benchmark_memory)] [topics: /performance/benchmark, /diagnostic_status, /rosout, /performance/metrics, /performance/alert, /performance/command, /performance/benchmark_results] Running memory benchmark...
1788086700.318610668 INFO /performance_monitor [performance_monitor.py:474(PerformanceMonitor.benchmark_network)] [topics: /performance/benchmark, /diagnostic_status, /rosout, /performance/metrics, /performance/alert, /performance/command, /performance/benchmark_results] Running network benchmark...
1788086701.495887517 INFO /performance_monitor [performance_monitor.py:520(PerformanceMonitor.benchmark_application)] [topics: /performance/benchmark, /diagnostic_status, /rosout, /performance/metrics, /performance/alert, /performance/command, /performance/benchmark_results] Running application benchmark...
1788086701.555868148 INFO /performance_monitor [performance_monitor.py:373(PerformanceMonitor.run_benchmark)] [topics: /performance/benchmark, /diagnostic_status, /rosout, /performance/metrics, /performance/alert, /performance/command, /performance/benchmark_results] Benchmark completed with overall score: 0.63
1788086701.561342000 INFO /performance_monitor [performance_monitor.py:381(PerformanceMonitor.benchmark_fps)] [topics: /performance/benchmark, /diagnostic_status, /rosout, /performance/metrics, /performance/alert, /performance/command, /performance/benchmark_results] Running FPS benchmark...
1788086706.564747333 INFO /performance_monitor [performance_monitor.py:414(PerformanceMonitor.benchmark_cpu)] [topics: /performance/benchmark, /diagnostic_status, /rosout, /performance/metrics, /performance/alert, /performance/command, /performance/benchmark_results] Running CPU benchmark...
1788086707.842966318 INFO /performance_monitor [performance_monitor.py:438(PerformanceMonitor.benchmark_memory)] [topics: /performance/benchmark, /diagnostic_status, /rosout, /performance/metrics, /performance/alert, /performance/command, /performance/benchmark_results] Running memory benchmark...
1788086708.539050340 INFO /performance_monitor [performance_monitor.py:474(PerformanceMonitor.benchmark_network)] [topics: /performance/benchmark, /diagnostic_status, /rosout, /performance/metrics, /performance/alert, /performance/command, /performance/benchmark_results] Running network benchmark...
1788086709.689666032 INFO /performance_monitor [performance_monitor.py:520(PerformanceMonitor.benchmark_application)] [topics: /performance/benchmark, /diagnostic_status, /rosout, /performance/metrics, /performance/alert, /performance/command, /performance/benchmark_results] Running application benchmark...
1788086709.741111040 INFO /performance_monitor [performance_monitor.py:373(PerformanceMonitor.run_benchmark)] [topics: /performance/benchmark, /diagnostic_status, /rosout, /performance/metrics, /performance/alert, /performance/command, /performance/benchmark_results] Benchmark completed with overall score: 0.63
1788086709.743044614 INFO /performance_monitor [performance_monitor.py:381(PerformanceMonitor.benchmark_fps)] [topics: /performance/benchmark, /diagnostic_status, /rosout, /performance/metrics, /performance/alert, /performance/command, /performance/benchmark_results] Running FPS benchmark...
1788086714.746363162 INFO /performance_monitor [performance_monitor.py:414(PerformanceMonitor.benchmark_cpu)] [topics: /performance/benchmark, /diagnostic_status, /rosout, /performance/metrics, /performance/alert, /performance/command, /performance/benchmark_results] Running CPU benchmark...
1788086715.993968725 INFO /performance_monitor [performance_monitor.py:438(PerformanceMonitor.benchmark_memory)] [topics: /performance/benchmark, /diagnostic_status, /rosout, /performance/metrics, /performance/alert, /performance/command, /performance/benchmark_results] Running memory benchmark...
1788086716.688648939 INFO /performance_monitor [performance_monitor.py:474(PerformanceMonitor.benchmark_network)] [topics: /performance/benchmark, /diagnostic_status, /rosout, /performance/metrics, /performance/alert, /performance/command, /performance/benchmark_results] Running network benchmark...
1788086717.881237506 INFO /performance_monitor [performance_monitor.py:520(PerformanceMonitor.benchmark_application)] [topics: /performance/benchmark, /diagnostic_status, /rosout, /performance/metrics, /performance/alert, /performance/command, /performance/benchmark_results] Running application benchmark...
1788086717.938709020 INFO /performance_monitor [performance_monitor.py:373(PerformanceMonitor.run_benchmark)] [topics: /performance/benchmark, /diagnostic_status, /rosout, /performance/metrics, /performance/alert, /performance/command, /performance/benchmark_results] Benchmark completed with overall score: 0.63
1788086717.939949989 INFO /performance_monitor [performance_monitor.py:381(PerformanceMonitor.benchmark_fps)] [topics: /performance/benchmark, /diagnostic_status, /rosout, /performance/metrics, /performance/alert, /performance/command, /performance/benchmark_results] Running FPS benchmark...
1788086722.943056821 INFO /performance_monitor [performance_monitor.py:414(PerformanceMonitor.benchmark_cpu)] [topics: /performance/benchmark, /diagnostic_status, /rosout, /performance/metrics, /performance/alert, /performance/command, /performance/benchmark_results] Running CPU benchmark...
1788086724.862746000 INFO /performance_monitor [performance_monitor.py:438(PerformanceMonitor.benchmark_memory)] [topics: /performance/benchmark, /diagnostic_status, /rosout, /performance/metrics, /performance/alert, /performance/command, /performance/benchmark_results] Running memory benchmark...
1788086725.664805889 INFO /performance_monitor [performance_monitor.py:474(PerformanceMonitor.benchmark_network)] [topics: /performance/benchmark, /diagnostic_status, /rosout, /performance/metrics, /performance/alert, /performance/command, /performance/benchmark_results] Running network benchmark...
1788086726.888379573 INFO /performance_monitor [performance_monitor.py:520(PerformanceMonitor.benchmark_application)] [topics: /performance/benchmark, /diagnostic_status, /rosout, /performance/metrics, /performance/alert, /performance/command, /performance/benchmark_results] Running application benchmark...
1788086726.944378614 INFO /performance_monitor [performance_monitor.py:373(PerformanceMonitor.run_benchmark)] [topics: /performance/benchmark, /diagnostic_status, /rosout, /performance/metrics, /performance/alert, /performance/command, /performance/benchmark_results] Benchmark completed with overall score: 0.63
1788086726.945658445 INFO /performance_monitor [performance_monitor.py:381(PerformanceMonitor.benchmark_fps)] [topics: /performance/benchmark, /diagnostic_status, /rosout, /performance/metrics, /performance/alert, /performance/command, /performance/benchmark_results] Running FPS benchmark...
1788086731.952492713 INFO /performance_monitor [performance_monitor.py:414(PerformanceMonitor.benchmark_cpu)] [topics: /performance/benchmark, /diagnostic_status, /rosout, /performance/metrics, /performance/alert, /performance/command, /performance/benchmark_results] Running CPU benchmark...
1788086733.268300294 INFO /performance_monitor [performance_monitor.py:438(PerformanceMonitor.benchmark_memory)] [topics: /performance/benchmark, /diagnostic_status, /rosout, /performance/metrics, /performance/alert, /performance/command, /performance/benchmark_results] Running memory benchmark...
1788086733.966628074 INFO /performance_monitor [performance_monitor.py:474(PerformanceMonitor.benchmark_network)] [topics: /performance/benchmark, /diagnostic_status, /rosout, /performance/metrics, /performance/alert, /performance/command, /performance/benchmark_results] Running network benchmark...
1788086735.153424501 INFO /performance_monitor [performance_monitor.py:520(PerformanceMonitor.benchmark_application)] [topics: /performance/benchmark, /diagnostic_status, /rosout, /performance/metrics, /performance/alert, /performance/command, /performance/benchmark_results] Running application benchmark...
1788086735.207374334 INFO /performance_monitor [performance_monitor.py:373(PerformanceMonitor.run_benchmark)] [topics: /performance/benchmark, /diagnostic_status, /rosout, /performance/metrics, /performance/alert, /performance/command, /performance/benchmark_results] Benchmark completed with overall score: 0.63
1788086735.209901571 INFO /performance_monitor [performance_monitor.py:381(PerformanceMonitor.benchmark_fps)] [topics: /performance/benchmark, /diagnostic_status, /rosout, /performance/metrics, /performance/alert, /performance/command, /performance/benchmark_results] Running FPS benchmark...
1788086740.212580919 INFO /performance_monitor [performance_monitor.py:414(PerformanceMonitor.benchmark_cpu)] [topics: /performance/benchmark, /diagnostic_status, /rosout, /performance/metrics, /performance/alert, /performance/command, /performance/benchmark_results] Running CPU benchmark...
1788086741.481132268 INFO /performance_monitor [performance_monitor.py:438(PerformanceMonitor.benchmark_memory)] [topics: /performance/benchmark, /diagnostic_status, /rosout, /performance/metrics, /performance/alert, /performance/command, /performance/benchmark_results] Running memory benchmark...
1788086742.309153318 INFO /performance_monitor [performance_monitor.py:474(PerformanceMonitor.benchmark_network)] [topics: /performance/benchmark, /diagnostic_status, /rosout, /performance/metrics, /performance/alert, /performance/command, /performance/benchmark_results] Running network benchmark...
1788086743.511590003 INFO /performance_monitor [performance_monitor.py:520(PerformanceMonitor.benchmark_application)] [topics: /performance/benchmark, /diagnostic_status, /rosout, /performance/metrics, /performance/alert, /performance/command, /performance/benchmark_results] Running application benchmark...
1788086743.578520536 INFO /performance_monitor [performance_monitor.py:373(PerformanceMonitor.run_benchmark)] [topics: /performance/benchmark, /diagnostic_status, /rosout, /performance/metrics, /performance/alert, /performance/command, /performance/benchmark_results] Benchmark completed with overall score: 0.63
1788086743.580389976 INFO /performance_monitor [performance_monitor.py:381(PerformanceMonitor.benchmark_fps)] [topics: /performance/benchmark, /diagnostic_status, /rosout, /performance/metrics, /performance/alert, /performance/command, /performance/benchmark_results] Running FPS benchmark...
1788086748.585714101 INFO /performance_monitor [performance_monitor.py:414(PerformanceMonitor.benchmark_cpu)] [topics: /performance/benchmark, /diagnostic_status, /rosout, /performance/metrics, /performance/alert, /performance/command, /performance/benchmark_results] Running CPU benchmark...
1788086749.858471393 INFO /performance_monitor [performance_monitor.py:438(PerformanceMonitor.benchmark_memory)] [topics: /performance/benchmark, /diagnostic_status, /rosout, /performance/metrics, /performance/alert, /performance/command, /performance/benchmark_results] Running memory benchmark...
1788086750.554517745 INFO /performance_monitor [performance_monitor.py:474(PerformanceMonitor.benchmark_network)] [topics: /performance/benchmark, /diagnostic_status, /rosout, /performance/metrics, /performance/alert, /performance/command, /performance/benchmark_results] Running network benchmark...
1788086751.757491827 INFO /performance_monitor [performance_monitor.py:520(PerformanceMonitor.benchmark_application)] [topics: /performance/benchmark, /diagnostic_status, /rosout, /performance/metrics, /performance/alert, /performance/command, /performance/benchmark_results] Running application benchmark...
1788086751.812227249 INFO /performance_monitor [performance_monitor.py:373(PerformanceMonitor.run_benchmark)] [topics: /performance/benchmark, /diagnostic_status, /rosout, /performance/metrics, /performance/alert, /performance/command, /performance/benchmark_results] Benchmark completed with overall score: 0.63
1788086751.813752412 INFO /performance_monitor [performance_monitor.py:381(PerformanceMonitor.benchmark_fps)] [topics: /performance/benchmark, /diagnostic_status, /rosout, /performance/metrics, /performance/alert, /performance/command, /performance/benchmark_results] Running FPS benchmark...
1788086756.817102432 INFO /performance_monitor [performance_monitor.py:414(PerformanceMonitor.benchmark_cpu)] [topics: /performance/benchmark, /diagnostic_status, /rosout, /performance/metrics, /performance/alert, /performance/command, /performance/benchmark_results] Running CPU benchmark...
1788086758.063759326 INFO /performance_monitor [performance_monitor.py:438(PerformanceMonitor.benchmark_memory)] [topics: /performance/benchmark, /diagnostic_status, /rosout, /performance/metrics, /performance/alert, /performance/command, /performance/benchmark_results] Running memory benchmark...
1788086758.751559972 INFO /performance_monitor [performance_monitor.py:474(PerformanceMonitor.benchmark_network)] [topics: /performance/benchmark, /diagnostic_status, /rosout, /performance/metrics, /performance/alert, /performance/command, /performance/benchmark_results] Running network benchmark...
1788086759.944719076 INFO /performance_monitor [performance_monitor.py:520(PerformanceMonitor.benchmark_application)] [topics: /performance/benchmark, /diagnostic_status, /rosout, /performance/metrics, /performance/alert, /performance/command, /performance/benchmark_results] Running application benchmark...
1788086759.992709636 INFO /performance_monitor [performance_monitor.py:373(PerformanceMonitor.run_benchmark)] [topics: /performance/benchmark, /diagnostic_status, /rosout, /performance/metrics, /performance/alert, /performance/command, /performance/benchmark_results] Benchmark completed with overall score: 0.63
1788086759.994012117 INFO /performance_monitor [performance_monitor.py:381(PerformanceMonitor.benchmark_fps)] [topics: /performance/benchmark, /diagnostic_status, /rosout, /performance/metrics, /performance/alert, /performance/command, /performance/benchmark_results] Running FPS benchmark...
1788086764.996580600 INFO /performance_monitor [performance_monitor.py:414(PerformanceMonitor.benchmark_cpu)] [topics: /performance/benchmark, /diagnostic_status, /rosout, /performance/metrics, /performance/alert, /performance/command, /performance/benchmark_results] Running CPU benchmark...
1788086766.269226551 INFO /performance_monitor [performance_monitor.py:438(PerformanceMonitor.benchmark_memory)] [topics: /performance/benchmark, /diagnostic_status, /rosout, /performance/metrics, /performance/alert, /performance/command, /performance/benchmark_results] Running memory benchmark...
1788086766.963984966 INFO /performance_monitor [performance_monitor.py:474(PerformanceMonitor.benchmark_network)] [topics: /performance/benchmark, /diagnostic_status, /rosout, /performance/metrics, /performance/alert, /performance/command, /performance/benchmark_results] Running network benchmark...
1788086768.180689573 INFO /performance_monitor [performance_monitor.py:520(PerformanceMonitor.benchmark_application)] [topics: /performance/benchmark, /diagnostic_status, /rosout, /performance/metrics, /performance/alert, /performance/command, /performance/benchmark_results] Running application benchmark...
1788086768.231059312 INFO /performance_monitor [performance_monitor.py:373(PerformanceMonitor.run_benchmark)] [topics: /performance/benchmark, /diagnostic_status, /rosout, /performance/metrics, /performance/alert, /performance/command, /performance/benchmark_results] Benchmark completed with overall score: 0.63
1788086768.233115196 INFO /performance_monitor [performance_monitor.py:381(PerformanceMonitor.benchmark_fps)] [topics: /performance/benchmark, /diagnostic_status, /rosout, /performance/metrics, /performance/alert, /performance/command, /performance/benchmark_results] Running FPS benchmark...
1788086773.240169286 INFO /performance_monitor [performance_monitor.py:414(PerformanceMonitor.benchmark_cpu)] [topics: /performance/benchmark, /diagnostic_status, /rosout, /performance/metrics, /performance/alert, /performance/command, /performance/benchmark_results] Running CPU benchmark...
1788086774.729157209 INFO /performance_monitor [performance_monitor.py:438(PerformanceMonitor.benchmark_memory)] [topics: /performance/benchmark, /diagnostic_status, /rosout, /performance/metrics, /performance/alert, /performance/command, /performance/benchmark_results] Running memory benchmark...
1788086775.624968528 INFO /performance_monitor [performance_monitor.py:474(PerformanceMonitor.benchmark_network)] [topics: /performance/benchmark, /diagnostic_status, /rosout, /performance/metrics, /performance/alert, /performance/command, /performance/benchmark_results] Running network benchmark...
1788086776.769858360 INFO /performance_monitor [performance_monitor.py:520(PerformanceMonitor.benchmark_application)] [topics: /performance/benchmark, /diagnostic_status, /rosout, /performance/metrics, /performance/alert, /performance/command, /performance/benchmark_results] Running application benchmark...
1788086776.821024179 INFO /performance_monitor [performance_monitor.py:373(PerformanceMonitor.run_benchmark)] [topics: /performance/benchmark, /diagnostic_status, /rosout, /performance/metrics, /performance/alert, /performance/command, /performance/benchmark_results] Benchmark completed with overall score: 0.63
1788086776.823795795 INFO /performance_monitor [performance_monitor.py:381(PerformanceMonitor.benchmark_fps)] [topics: /performance/benchmark, /diagnostic_status, /rosout, /performance/metrics, /performance/alert, /performance/command, /performance/benchmark_results] Running FPS benchmark...
1788086781.827041387 INFO /performance_monitor [performance_monitor.py:414(PerformanceMonitor.benchmark_cpu)] [topics: /performance/benchmark, /diagnostic_status, /rosout, /performance/metrics, /performance/alert, /performance/command, /performance/benchmark_results] Running CPU benchmark...
1788086783.226024866 INFO /performance_monitor [performance_monitor.py:438(PerformanceMonitor.benchmark_memory)] [topics: /performance/benchmark, /diagnostic_status, /rosout, /performance/metrics, /performance/alert, /performance/command, /performance/benchmark_results] Running memory benchmark...
1788086783.937595844 INFO /performance_monitor [performance_monitor.py:474(PerformanceMonitor.benchmark_network)] [topics: /performance/benchmark, /diagnostic_status, /rosout, /performance/metrics, /performance/alert, /performance/command, /performance/benchmark_results] Running network benchmark...
1788086785.053353071 INFO /performance_monitor [performance_monitor.py:520(PerformanceMonitor.benchmark_application)] [topics: /performance/benchmark, /diagnostic_status, /rosout, /performance/metrics, /performance/alert, /performance/command, /performance/benchmark_results] Running application benchmark...
1788086785.108249425 INFO /performance_monitor [performance_monitor.py:373(PerformanceMonitor.run_benchmark)] [topics: /performance/benchmark, /diagnostic_status, /rosout, /performance/metrics, /performance/alert, /performance/command, /performance/benchmark_results] Benchmark completed with overall score: 0.63
1788086785.111974716 INFO /performance_monitor [performance_monitor.py:381(PerformanceMonitor.benchmark_fps)] [topics: /performance/benchmark, /diagnostic_status, /rosout, /performance/metrics, /performance/alert, /performance/command, /performance/benchmark_results] Running FPS benchmark...
1788086790.124000072 INFO /performance_monitor [performance_monitor.py:414(PerformanceMonitor.benchmark_cpu)] [topics: /performance/benchmark, /diagnostic_status, /rosout, /performance/metrics, /performance/alert, /performance/command, /performance/benchmark_results] Running CPU benchmark...
1788086791.642362117 INFO /performance_monitor [performance_monitor.py:438(PerformanceMonitor.benchmark_memory)] [topics: /performance/benchmark, /diagnostic_status, /rosout, /performance/metrics, /performance/alert, /performance/command, /performance/benchmark_results] Running memory benchmark...
1788086792.342375516 INFO /performance_monitor [performance_monitor.py:474(PerformanceMonitor.benchmark_network)] [topics: /performance/benchmark, /diagnostic_status, /rosout, /performance/metrics, /performance/alert, /performance/command, /performance/benchmark_results] Running network benchmark...
1788086793.535520792 INFO /performance_monitor [performance_monitor.py:520(PerformanceMonitor.benchmark_application)] [topics: /performance/benchmark, /diagnostic_status, /rosout, /performance/metrics, /performance/alert, /performance/command, /performance/benchmark_results] Running application benchmark...
1788086793.583483219 INFO /performance_monitor [performance_monitor.py:373(PerformanceMonitor.run_benchmark)] [topics: /performance/benchmark, /diagnostic_status, /rosout, /performance/metrics, /performance/alert, /performance/command, /performance/benchmark_results] Benchmark completed with overall score: 0.63
1788086793.584790229 INFO /performance_monitor [performance_monitor.py:381(PerformanceMonitor.benchmark_fps)] [topics: /performance/benchmark, /diagnostic_status, /rosout, /performance/metrics, /performance/alert, /performance/command, /performance/benchmark_results] Running FPS benchmark...
1788086798.587642908 INFO /performance_monitor [performance_monitor.py:414(PerformanceMonitor.benchmark_cpu)] [topics: /performance/benchmark, /diagnostic_status, /rosout, /performance/metrics, /performance/alert, /performance/command, /performance/benchmark_results] Running CPU benchmark...
1788086799.874533176 INFO /performance_monitor [performance_monitor.py:438(PerformanceMonitor.benchmark_memory)] [topics: /performance/benchmark, /diagnostic_status, /rosout, /performance/metrics, /performance/alert, /performance/command, /performance/benchmark_results] Running memory benchmark...
1788086800.566352605 INFO /performance_monitor [performance_monitor.py:474(PerformanceMonitor.benchmark_network)] [topics: /performance/benchmark, /diagnostic_status, /rosout, /performance/metrics, /performance/alert, /performance/command, /performance/benchmark_results] Running network benchmark...
1788086801.725717306 INFO /performance_monitor [performance_monitor.py:520(PerformanceMonitor.benchmark_application)] [topics: /performance/benchmark, /diagnostic_status, /rosout, /performance/metrics, /performance/alert, /performance/command, /performance/benchmark_results] Running application benchmark...
1788086801.785638809 INFO /performance_monitor [performance_monitor.py:373(PerformanceMonitor.run_benchmark)] [topics: /performance/benchmark, /diagnostic_status, /rosout, /performance/metrics, /performance/alert, /performance/command, /performance/benchmark_results] Benchmark completed with overall score: 0.63
1788086801.787494659 INFO /performance_monitor [performance_monitor.py:381(PerformanceMonitor.benchmark_fps)] [topics: /performance/benchmark, /diagnostic_status, /rosout, /performance/metrics, /performance/alert, /performance/command, /performance/benchmark_results] Running FPS benchmark...
1788086806.818416833 INFO /performance_monitor [performance_monitor.py:414(PerformanceMonitor.benchmark_cpu)] [topics: /performance/benchmark, /diagnostic_status, /rosout, /performance/metrics, /performance/alert, /performance/command, /performance/benchmark_results] Running CPU benchmark...
1788086808.323392152 INFO /performance_monitor [performance_monitor.py:438(PerformanceMonitor.benchmark_memory)] [topics: /performance/benchmark, /diagnostic_status, /rosout, /performance/metrics, /performance/alert, /performance/command, /performance/benchmark_results] Running memory benchmark...
1788086809.018825292 INFO /performance_monitor [performance_monitor.py:474(PerformanceMonitor.benchmark_network)] [topics: /performance/benchmark, /diagnostic_status, /rosout, /performance/metrics, /performance/alert, /performance/command, /performance/benchmark_results] Running network benchmark...
1788086810.159717082 INFO /performance_monitor [performance_monitor.py:520(PerformanceMonitor.benchmark_application)] [topics: /performance/benchmark, /diagnostic_status, /rosout, /performance/metrics, /performance/alert, /performance/command, /performance/benchmark_results] Running application benchmark...
1788086810.209766149 INFO /performance_monitor [performance_monitor.py:373(PerformanceMonitor.run_benchmark)] [topics: /performance/benchmark, /diagnostic_status, /rosout, /performance/metrics, /performance/alert, /performance/command, /performance/benchmark_results] Benchmark completed with overall score: 0.63
1788086810.211199760 INFO /performance_monitor [performance_monitor.py:381(PerformanceMonitor.benchmark_fps)] [topics: /performance/benchmark, /diagnostic_status, /rosout, /performance/metrics, /performance/alert, /performance/command, /performance/benchmark_results] Running FPS benchmark...
1788086815.213476657 INFO /performance_monitor [performance_monitor.py:414(PerformanceMonitor.benchmark_cpu)] [topics: /performance/benchmark, /diagnostic_status, /rosout, /performance/metrics, /performance/alert, /performance/command, /performance/benchmark_results] Running CPU benchmark...
1788086816.499079465 INFO /performance_monitor [performance_monitor.py:438(PerformanceMonitor.benchmark_memory)] [topics: /performance/benchmark, /diagnostic_status, /rosout, /performance/metrics, /performance/alert, /performance/command, /performance/benchmark_results] Running memory benchmark...
1788086817.268887996 INFO /performance_monitor [performance_monitor.py:474(PerformanceMonitor.benchmark_network)] [topics: /performance/benchmark, /diagnostic_status, /rosout, /performance/metrics, /performance/alert, /performance/command, /performance/benchmark_results] Running network benchmark...
1788086818.415610551 INFO /performance_monitor [performance_monitor.py:520(PerformanceMonitor.benchmark_application)] [topics: /performance/benchmark, /diagnostic_status, /rosout, /performance/metrics, /performance/alert, /performance/command, /performance/benchmark_results] Running application benchmark...
1788086818.470642089 INFO /performance_monitor [performance_monitor.py:373(PerformanceMonitor.run_benchmark)] [topics: /performance/benchmark, /diagnostic_status, /rosout, /performance/metrics, /performance/alert, /performance/command, /performance/benchmark_results] Benchmark completed with overall score: 0.63
1788086818.475457191 INFO /performance_monitor [performance_monitor.py:381(PerformanceMonitor.benchmark_fps)] [topics: /performance/benchmark, /diagnostic_status, /rosout, /performance/metrics, /performance/alert, /performance/command, /performance/benchmark_results] Running FPS benchmark...
1788086823.478058576 INFO /performance_monitor [performance_monitor.py:414(PerformanceMonitor.benchmark_cpu)] [topics: /performance/benchmark, /diagnostic_status, /rosout, /performance/metrics, /performance/alert, /performance/command, /performance/benchmark_results] Running CPU benchmark...
1788086824.820813655 INFO /performance_monitor [performance_monitor.py:438(PerformanceMonitor.benchmark_memory)] [topics: /performance/benchmark, /diagnostic_status, /rosout, /performance/metrics, /performance/alert, /performance/command, /performance/benchmark_results] Running memory benchmark...
1788086825.535299062 INFO /performance_monitor [performance_monitor.py:474(PerformanceMonitor.benchmark_network)] [topics: /performance/benchmark, /diagnostic_status, /rosout, /performance/metrics, /performance/alert, /performance/command, /performance/benchmark_results] Running network benchmark...
1788086826.726884841 INFO /performance_monitor [performance_monitor.py:520(PerformanceMonitor.benchmark_application)] [topics: /performance/benchmark, /diagnostic_status, /rosout, /performance/metrics, /performance/alert, /performance/command, /performance/benchmark_results] Running application benchmark...
1788086826.784184217 INFO /performance_monitor [performance_monitor.py:373(PerformanceMonitor.run_benchmark)] [topics: /performance/benchmark, /diagnostic_status, /rosout, /performance/metrics, /performance/alert, /performance/command, /performance/benchmark_results] Benchmark completed with overall score: 0.63
1788086826.786091804 INFO /performance_monitor [performance_monitor.py:381(PerformanceMonitor.benchmark_fps)] [topics: /performance/benchmark, /diagnostic_status, /rosout, /performance/metrics, /performance/alert, /performance/command, /performance/benchmark_results] Running FPS benchmark...
1788086831.788429021 INFO /performance_monitor [performance_monitor.py:414(PerformanceMonitor.benchmark_cpu)] [topics: /performance/benchmark, /diagnostic_status, /rosout, /performance/metrics, /performance/alert, /performance/command, /performance/benchmark_results] Running CPU benchmark...
1788086833.058620929 INFO /performance_monitor [performance_monitor.py:438(PerformanceMonitor.benchmark_memory)] [topics: /performance/benchmark, /diagnostic_status, /rosout, /performance/metrics, /performance/alert, /performance/command, /performance/benchmark_results] Running memory benchmark...
1788086833.742788314 INFO /performance_monitor [performance_monitor.py:474(PerformanceMonitor.benchmark_network)] [topics: /performance/benchmark, /diagnostic_status, /rosout, /performance/metrics, /performance/alert, /performance/command, /performance/benchmark_results] Running network benchmark...
1788086834.929564952 INFO /performance_monitor [performance_monitor.py:520(PerformanceMonitor.benchmark_application)] [topics: /performance/benchmark, /diagnostic_status, /rosout, /performance/metrics, /performance/alert, /performance/command, /performance/benchmark_results] Running application benchmark...
1788086834.977579832 INFO /performance_monitor [performance_monitor.py:373(PerformanceMonitor.run_benchmark)] [topics: /performance/benchmark, /diagnostic_status, /rosout, /performance/metrics, /performance/alert, /performance/command, /performance/benchmark_results] Benchmark completed with overall score: 0.63
1788086834.978778123 INFO /performance_monitor [performance_monitor.py:381(PerformanceMonitor.benchmark_fps)] [topics: /performance/benchmark, /diagnostic_status, /rosout, /performance/metrics, /performance/alert, /performance/command, /performance/benchmark_results] Running FPS benchmark...
1788086839.981304883 INFO /performance_monitor [performance_monitor.py:414(PerformanceMonitor.benchmark_cpu)] [topics: /performance/benchmark, /diagnostic_status, /rosout, /performance/metrics, /performance/alert, /performance/command, /performance/benchmark_results] Running CPU benchmark...
1788086841.414383172 INFO /performance_monitor [performance_monitor.py:438(PerformanceMonitor.benchmark_memory)] [topics: /performance/benchmark, /diagnostic_status, /rosout, /performance/metrics, /performance/alert, /performance/command, /performance/benchmark_results] Running memory benchmark...
1788086842.578812360 INFO /performance_monitor [performance_monitor.py:474(PerformanceMonitor.benchmark_network)] [topics: /performance/benchmark, /diagnostic_status, /rosout, /performance/metrics, /performance/alert, /performance/command, /performance/benchmark_results] Running network benchmark...
1788086843.790336608 INFO /performance_monitor [performance_monitor.py:520(PerformanceMonitor.benchmark_application)] [topics: /performance/benchmark, /diagnostic_status, /rosout, /performance/metrics, /performance/alert, /performance/command, /performance/benchmark_results] Running application benchmark...
1788086843.865198850 INFO /performance_monitor [performance_monitor.py:373(PerformanceMonitor.run_benchmark)] [topics: /performance/benchmark, /diagnostic_status, /rosout, /performance/metrics, /performance/alert, /performance/command, /performance/benchmark_results] Benchmark completed with overall score: 0.63
1788086843.867230653 INFO /performance_monitor [performance_monitor.py:381(PerformanceMonitor.benchmark_fps)] [topics: /performance/benchmark, /diagnostic_status, /rosout, /performance/metrics, /performance/alert, /performance/command, /performance/benchmark_results] Running FPS benchmark...
1788086848.871868848 INFO /performance_monitor [performance_monitor.py:414(PerformanceMonitor.benchmark_cpu)] [topics: /performance/benchmark, /diagnostic_status, /rosout, /performance/metrics, /performance/alert, /performance/command, /performance/benchmark_results] Running CPU benchmark...
1788086850.184619665 INFO /performance_monitor [performance_monitor.py:438(PerformanceMonitor.benchmark_memory)] [topics: /performance/benchmark, /diagnostic_status, /rosout, /performance/metrics, /performance/alert, /performance/command, /performance/benchmark_results] Running memory benchmark...
1788086851.103214740 INFO /performance_monitor [performance_monitor.py:474(PerformanceMonitor.benchmark_network)] [topics: /performance/benchmark, /diagnostic_status, /rosout, /performance/metrics, /performance/alert, /performance/command, /performance/benchmark_results] Running network benchmark...
1788086852.273360013 INFO /performance_monitor [performance_monitor.py:520(PerformanceMonitor.benchmark_application)] [topics: /performance/benchmark, /diagnostic_status, /rosout, /performance/metrics, /performance/alert, /performance/command, /performance/benchmark_results] Running application benchmark...
1788086852.324937820 INFO /performance_monitor [performance_monitor.py:373(PerformanceMonitor.run_benchmark)] [topics: /performance/benchmark, /diagnostic_status, /rosout, /performance/metrics, /performance/alert, /performance/command, /performance/benchmark_results] Benchmark completed with overall score: 0.63
1788086852.327497005 INFO /performance_monitor [performance_monitor.py:381(PerformanceMonitor.benchmark_fps)] [topics: /performance/benchmark, /diagnostic_status, /rosout, /performance/metrics, /performance/alert, /performance/command, /performance/benchmark_results] Running FPS benchmark...
1788086857.329771995 INFO /performance_monitor [performance_monitor.py:414(PerformanceMonitor.benchmark_cpu)] [topics: /performance/benchmark, /diagnostic_status, /rosout, /performance/metrics, /performance/alert, /performance/command, /performance/benchmark_results] Running CPU benchmark...
1788086858.677418947 INFO /performance_monitor [performance_monitor.py:438(PerformanceMonitor.benchmark_memory)] [topics: /performance/benchmark, /diagnostic_status, /rosout, /performance/metrics, /performance/alert, /performance/command, /performance/benchmark_results] Running memory benchmark...
1788086859.362686157 INFO /performance_monitor [performance_monitor.py:474(PerformanceMonitor.benchmark_network)] [topics: /performance/benchmark, /diagnostic_status, /rosout, /performance/metrics, /performance/alert, /performance/command, /performance/benchmark_results] Running network benchmark...
1788086860.498995304 INFO /performance_monitor [performance_monitor.py:520(PerformanceMonitor.benchmark_application)] [topics: /performance/benchmark, /diagnostic_status, /rosout, /performance/metrics, /performance/alert, /performance/command, /performance/benchmark_results] Running application benchmark...
1788086860.559004306 INFO /performance_monitor [performance_monitor.py:373(PerformanceMonitor.run_benchmark)] [topics: /performance/benchmark, /diagnostic_status, /rosout, /performance/metrics, /performance/alert, /performance/command, /performance/benchmark_results] Benchmark completed with overall score: 0.63
1788086860.560373306 INFO /performance_monitor [performance_monitor.py:381(PerformanceMonitor.benchmark_fps)] [topics: /performance/benchmark, /diagnostic_status, /rosout, /performance/metrics, /performance/alert, /performance/command, /performance/benchmark_results] Running FPS benchmark...
1788086865.562824249 INFO /performance_monitor [performance_monitor.py:414(PerformanceMonitor.benchmark_cpu)] [topics: /performance/benchmark, /diagnostic_status, /rosout, /performance/metrics, /performance/alert, /performance/command, /performance/benchmark_results] Running CPU benchmark...
1788086866.860142230 INFO /performance_monitor [performance_monitor.py:438(PerformanceMonitor.benchmark_memory)] [topics: /performance/benchmark, /diagnostic_status, /rosout, /performance/metrics, /performance/alert, /performance/command, /performance/benchmark_results] Running memory benchmark...
1788086867.559485435 INFO /performance_monitor [performance_monitor.py:474(PerformanceMonitor.benchmark_network)] [topics: /performance/benchmark, /diagnostic_status, /rosout, /performance/metrics, /performance/alert, /performance/command, /performance/benchmark_results] Running network benchmark...
1788086868.772169828 INFO /performance_monitor [performance_monitor.py:520(PerformanceMonitor.benchmark_application)] [topics: /performance/benchmark, /diagnostic_status, /rosout, /performance/metrics, /performance/alert, /performance/command, /performance/benchmark_results] Running application benchmark...
1788086868.820422172 INFO /performance_monitor [performance_monitor.py:373(PerformanceMonitor.run_benchmark)] [topics: /performance/benchmark, /diagnostic_status, /rosout, /performance/metrics, /performance/alert, /performance/command, /performance/benchmark_results] Benchmark completed with overall score: 0.63
1788086868.821676015 INFO /performance_monitor [performance_monitor.py:381(PerformanceMonitor.benchmark_fps)] [topics: /performance/benchmark, /diagnostic_status, /rosout, /performance/metrics, /performance/alert, /performance/command, /performance/benchmark_results] Running FPS benchmark...
1788086873.825494766 INFO /performance_monitor [performance_monitor.py:414(PerformanceMonitor.benchmark_cpu)] [topics: /performance/benchmark, /diagnostic_status, /rosout, /performance/metrics, /performance/alert, /performance/command, /performance/benchmark_results] Running CPU benchmark...
1788086875.120307683 INFO /performance_monitor [performance_monitor.py:438(PerformanceMonitor.benchmark_memory)] [topics: /performance/benchmark, /diagnostic_status, /rosout, /performance/metrics, /performance/alert, /performance/command, /performance/benchmark_results] Running memory benchmark...
1788086875.839615821 INFO /performance_monitor [performance_monitor.py:474(PerformanceMonitor.benchmark_network)] [topics: /performance/benchmark, /diagnostic_status, /rosout, /performance/metrics, /performance/alert, /performance/command, /performance/benchmark_results] Running network benchmark...
1788086877.039562463 INFO /performance_monitor [performance_monitor.py:520(PerformanceMonitor.benchmark_application)] [topics: /performance/benchmark, /diagnostic_status, /rosout, /performance/metrics, /performance/alert, /performance/command, /performance/benchmark_results] Running application benchmark...
1788086877.098380565 INFO /performance_monitor [performance_monitor.py:373(PerformanceMonitor.run_benchmark)] [topics: /performance/benchmark, /diagnostic_status, /rosout, /performance/metrics, /performance/alert, /performance/command, /performance/benchmark_results] Benchmark completed with overall score: 0.63
1788086877.102644205 INFO /performance_monitor [performance_monitor.py:381(PerformanceMonitor.benchmark_fps)] [topics: /performance/benchmark, /diagnostic_status, /rosout, /performance/metrics, /performance/alert, /performance/command, /performance/benchmark_results] Running FPS benchmark...
1788086882.105588436 INFO /performance_monitor [performance_monitor.py:414(PerformanceMonitor.benchmark_cpu)] [topics: /performance/benchmark, /diagnostic_status, /rosout, /performance/metrics, /performance/alert, /performance/command, /performance/benchmark_results] Running CPU benchmark...
1788086883.495478153 INFO /performance_monitor [performance_monitor.py:438(PerformanceMonitor.benchmark_memory)] [topics: /performance/benchmark, /diagnostic_status, /rosout, /performance/metrics, /performance/alert, /performance/command, /performance/benchmark_results] Running memory benchmark...
1788086884.234285831 INFO /performance_monitor [performance_monitor.py:474(PerformanceMonitor.benchmark_network)] [topics: /performance/benchmark, /diagnostic_status, /rosout, /performance/metrics, /performance/alert, /performance/command, /performance/benchmark_results] Running network benchmark...
1788086885.405789375 INFO /performance_monitor [performance_monitor.py:520(PerformanceMonitor.benchmark_application)] [topics: /performance/benchmark, /diagnostic_status, /rosout, /performance/metrics, /performance/alert, /performance/command, /performance/benchmark_results] Running application benchmark...
1788086885.458266019 INFO /performance_monitor [performance_monitor.py:373(PerformanceMonitor.run_benchmark)] [topics: /performance/benchmark, /diagnostic_status, /rosout, /performance/metrics, /performance/alert, /performance/command, /performance/benchmark_results] Benchmark completed with overall score: 0.63
1788086885.460192203 INFO /performance_monitor [performance_monitor.py:381(PerformanceMonitor.benchmark_fps)] [topics: /performance/benchmark, /diagnostic_status, /rosout, /performance/metrics, /performance/alert, /performance/command, /performance/benchmark_results] Running FPS benchmark...
1788086890.465220689 INFO /performance_monitor [performance_monitor.py:414(PerformanceMonitor.benchmark_cpu)] [topics: /performance/benchmark, /diagnostic_status, /rosout, /performance/metrics, /performance/alert, /performance/command, /performance/benchmark_results] Running CPU benchmark...
1788086891.898628711 INFO /performance_monitor [performance_monitor.py:438(PerformanceMonitor.benchmark_memory)] [topics: /performance/benchmark, /diagnostic_status, /rosout, /performance/metrics, /performance/alert, /performance/command, /performance/benchmark_results] Running memory benchmark...
1788086892.652226448 INFO /performance_monitor [performance_monitor.py:474(PerformanceMonitor.benchmark_network)] [topics: /performance/benchmark, /diagnostic_status, /rosout, /performance/metrics, /performance/alert, /performance/command, /performance/benchmark_results] Running network benchmark...
1788086893.776162147 INFO /performance_monitor [performance_monitor.py:520(PerformanceMonitor.benchmark_application)] [topics: /performance/benchmark, /diagnostic_status, /rosout, /performance/metrics, /performance/alert, /performance/command, /performance/benchmark_results] Running application benchmark...
1788086893.830106735 INFO /performance_monitor [performance_monitor.py:373(PerformanceMonitor.run_benchmark)] [topics: /performance/benchmark, /diagnostic_status, /rosout, /performance/metrics, /performance/alert, /performance/command, /performance/benchmark_results] Benchmark completed with overall score: 0.63
1788086893.831659078 INFO /performance_monitor [performance_monitor.py:381(PerformanceMonitor.benchmark_fps)] [topics: /performance/benchmark, /diagnostic_status, /rosout, /performance/metrics, /performance/alert, /performance/command, /performance/benchmark_results] Running FPS benchmark...
1788086898.837002515 INFO /performance_monitor [performance_monitor.py:414(PerformanceMonitor.benchmark_cpu)] [topics: /performance/benchmark, /diagnostic_status, /rosout, /performance/metrics, /performance/alert, /performance/command, /performance/benchmark_results] Running CPU benchmark...
1788086900.176612138 INFO /performance_monitor [performance_monitor.py:438(PerformanceMonitor.benchmark_memory)] [topics: /performance/benchmark, /diagnostic_status, /rosout, /performance/metrics, /performance/alert, /performance/command, /performance/benchmark_results] Running memory benchmark...
1788086900.956307649 INFO /performance_monitor [performance_monitor.py:474(PerformanceMonitor.benchmark_network)] [topics: /performance/benchmark, /diagnostic_status, /rosout, /performance/metrics, /performance/alert, /performance/command, /performance/benchmark_results] Running network benchmark...
1788086902.155058860 INFO /performance_monitor [performance_monitor.py:520(PerformanceMonitor.benchmark_application)] [topics: /performance/benchmark, /diagnostic_status, /rosout, /performance/metrics, /performance/alert, /performance/command, /performance/benchmark_results] Running application benchmark...
1788086902.218282461 INFO /performance_monitor [performance_monitor.py:373(PerformanceMonitor.run_benchmark)] [topics: /performance/benchmark, /diagnostic_status, /rosout, /performance/metrics, /performance/alert, /performance/command, /performance/benchmark_results] Benchmark completed with overall score: 0.63
1788086902.223052024 INFO /performance_monitor [performance_monitor.py:381(PerformanceMonitor.benchmark_fps)] [topics: /performance/benchmark, /diagnostic_status, /rosout, /performance/metrics, /performance/alert, /performance/command, /performance/benchmark_results] Running FPS benchmark...
1788086907.226616382 INFO /performance_monitor [performance_monitor.py:414(PerformanceMonitor.benchmark_cpu)] [topics: /performance/benchmark, /diagnostic_status, /rosout, /performance/metrics, /performance/alert, /performance/command, /performance/benchmark_results] Running CPU benchmark...
1788086908.525952100 INFO /performance_monitor [performance_monitor.py:438(PerformanceMonitor.benchmark_memory)] [topics: /performance/benchmark, /diagnostic_status, /rosout, /performance/metrics, /performance/alert, /performance/command, /performance/benchmark_results] Running memory benchmark...
1788086909.233585119 INFO /performance_monitor [performance_monitor.py:474(PerformanceMonitor.benchmark_network)] [topics: /performance/benchmark, /diagnostic_status, /rosout, /performance/metrics, /performance/alert, /performance/command, /performance/benchmark_results] Running network benchmark...
1788086910.446785688 INFO /performance_monitor [performance_monitor.py:520(PerformanceMonitor.benchmark_application)] [topics: /performance/benchmark, /diagnostic_status, /rosout, /performance/metrics, /performance/alert, /performance/command, /performance/benchmark_results] Running application benchmark...
1788086910.502756118 INFO /performance_monitor [performance_monitor.py:373(PerformanceMonitor.run_benchmark)] [topics: /performance/benchmark, /diagnostic_status, /rosout, /performance/metrics, /performance/alert, /performance/command, /performance/benchmark_results] Benchmark completed with overall score: 0.63
1788086910.504360198 INFO /performance_monitor [performance_monitor.py:381(PerformanceMonitor.benchmark_fps)] [topics: /performance/benchmark, /diagnostic_status, /rosout, /performance/metrics, /performance/alert, /performance/command, /performance/benchmark_results] Running FPS benchmark...
1788086915.506088733 INFO /performance_monitor [performance_monitor.py:414(PerformanceMonitor.benchmark_cpu)] [topics: /performance/benchmark, /diagnostic_status, /rosout, /performance/metrics, /performance/alert, /performance/command, /performance/benchmark_results] Running CPU benchmark...
1788086916.779156208 INFO /performance_monitor [performance_monitor.py:438(PerformanceMonitor.benchmark_memory)] [topics: /performance/benchmark, /diagnostic_status, /rosout, /performance/metrics, /performance/alert, /performance/command, /performance/benchmark_results] Running memory benchmark...
1788086917.512061357 INFO /performance_monitor [performance_monitor.py:474(PerformanceMonitor.benchmark_network)] [topics: /performance/benchmark, /diagnostic_status, /rosout, /performance/metrics, /performance/alert, /performance/command, /performance/benchmark_results] Running network benchmark...
1788086918.722328424 INFO /performance_monitor [performance_monitor.py:520(PerformanceMonitor.benchmark_application)] [topics: /performance/benchmark, /diagnostic_status, /rosout, /performance/metrics, /performance/alert, /performance/command, /performance/benchmark_results] Running application benchmark...
1788086918.782034397 INFO /performance_monitor [performance_monitor.py:373(PerformanceMonitor.run_benchmark)] [topics: /performance/benchmark, /diagnostic_status, /rosout, /performance/metrics, /performance/alert, /performance/command, /performance/benchmark_results] Benchmark completed with overall score: 0.63
1788086918.783817529 INFO /performance_monitor [performance_monitor.py:381(PerformanceMonitor.benchmark_fps)] [topics: /performance/benchmark, /diagnostic_status, /rosout, /performance/metrics, /performance/alert, /performance/command, /performance/benchmark_results] Running FPS benchmark...
1788086923.786660909 INFO /performance_monitor [performance_monitor.py:414(PerformanceMonitor.benchmark_cpu)] [topics: /performance/benchmark, /diagnostic_status, /rosout, /performance/metrics, /performance/alert, /performance/command, /performance/benchmark_results] Running CPU benchmark...
1788086925.062544584 INFO /performance_monitor [performance_monitor.py:438(PerformanceMonitor.benchmark_memory)] [topics: /performance/benchmark, /diagnostic_status, /rosout, /performance/metrics, /performance/alert, /performance/command, /performance/benchmark_results] Running memory benchmark...
1788086925.755472660 INFO /performance_monitor [performance_monitor.py:474(PerformanceMonitor.benchmark_network)] [topics: /performance/benchmark, /diagnostic_status, /rosout, /performance/metrics, /performance/alert, /performance/command, /performance/benchmark_results] Running network benchmark...
1788086926.961404323 INFO /performance_monitor [performance_monitor.py:520(PerformanceMonitor.benchmark_application)] [topics: /performance/benchmark, /diagnostic_status, /rosout, /performance/metrics, /performance/alert, /performance/command, /performance/benchmark_results] Running application benchmark...
1788086927.014095067 INFO /performance_monitor [performance_monitor.py:373(PerformanceMonitor.run_benchmark)] [topics: /performance/benchmark, /diagnostic_status, /rosout, /performance/metrics, /performance/alert, /performance/command, /performance/benchmark_results] Benchmark completed with overall score: 0.63
1788086927.017015695 INFO /performance_monitor [performance_monitor.py:381(PerformanceMonitor.benchmark_fps)] [topics: /performance/benchmark, /diagnostic_status, /rosout, /performance/metrics, /performance/alert, /performance/command, /performance/benchmark_results] Running FPS benchmark...
1788086932.021485090 INFO /performance_monitor [performance_monitor.py:414(PerformanceMonitor.benchmark_cpu)] [topics: /performance/benchmark, /diagnostic_status, /rosout, /performance/metrics, /performance/alert, /performance/command, /performance/benchmark_results] Running CPU benchmark...
1788086933.533734560 INFO /performance_monitor [performance_monitor.py:438(PerformanceMonitor.benchmark_memory)] [topics: /performance/benchmark, /diagnostic_status, /rosout, /performance/metrics, /performance/alert, /performance/command, /performance/benchmark_results] Running memory benchmark...
1788086934.435084342 INFO /performance_monitor [performance_monitor.py:474(PerformanceMonitor.benchmark_network)] [topics: /performance/benchmark, /diagnostic_status, /rosout, /performance/metrics, /performance/alert, /performance/command, /performance/benchmark_results] Running network benchmark...
1788086935.613680362 INFO /performance_monitor [performance_monitor.py:520(PerformanceMonitor.benchmark_application)] [topics: /performance/benchmark, /diagnostic_status, /rosout, /performance/metrics, /performance/alert, /performance/command, /performance/benchmark_results] Running application benchmark...
1788086935.664806127 INFO /performance_monitor [performance_monitor.py:373(PerformanceMonitor.run_benchmark)] [topics: /performance/benchmark, /diagnostic_status, /rosout, /performance/metrics, /performance/alert, /performance/command, /performance/benchmark_results] Benchmark completed with overall score: 0.63
1788086935.666059970 INFO /performance_monitor [performance_monitor.py:381(PerformanceMonitor.benchmark_fps)] [topics: /performance/benchmark, /diagnostic_status, /rosout, /performance/metrics, /performance/alert, /performance/command, /performance/benchmark_results] Running FPS benchmark...
1788086940.668051958 INFO /performance_monitor [performance_monitor.py:414(PerformanceMonitor.benchmark_cpu)] [topics: /performance/benchmark, /diagnostic_status, /rosout, /performance/metrics, /performance/alert, /performance/command, /performance/benchmark_results] Running CPU benchmark...
1788086941.925967693 INFO /performance_monitor [performance_monitor.py:438(PerformanceMonitor.benchmark_memory)] [topics: /performance/benchmark, /diagnostic_status, /rosout, /performance/metrics, /performance/alert, /performance/command, /performance/benchmark_results] Running memory benchmark...
1788086942.619023323 INFO /performance_monitor [performance_monitor.py:474(PerformanceMonitor.benchmark_network)] [topics: /performance/benchmark, /diagnostic_status, /rosout, /performance/metrics, /performance/alert, /performance/command, /performance/benchmark_results] Running network benchmark...
1788086943.817979812 INFO /performance_monitor [performance_monitor.py:520(PerformanceMonitor.benchmark_application)] [topics: /performance/benchmark, /diagnostic_status, /rosout, /performance/metrics, /performance/alert, /performance/command, /performance/benchmark_results] Running application benchmark...
1788086943.868002414 INFO /performance_monitor [performance_monitor.py:373(PerformanceMonitor.run_benchmark)] [topics: /performance/benchmark, /diagnostic_status, /rosout, /performance/metrics, /performance/alert, /performance/command, /performance/benchmark_results] Benchmark completed with overall score: 0.63
1788086943.870454788 INFO /performance_monitor [performance_monitor.py:381(PerformanceMonitor.benchmark_fps)] [topics: /performance/benchmark, /diagnostic_status, /rosout, /performance/metrics, /performance/alert, /performance/command, /performance/benchmark_results] Running FPS benchmark...
1788086948.876162528 INFO /performance_monitor [performance_monitor.py:414(PerformanceMonitor.benchmark_cpu)] [topics: /performance/benchmark, /diagnostic_status, /rosout, /performance/metrics, /performance/alert, /performance/command, /performance/benchmark_results] Running CPU benchmark...
1788086950.167016744 INFO /performance_monitor [performance_monitor.py:438(PerformanceMonitor.benchmark_memory)] [topics: /performance/benchmark, /diagnostic_status, /rosout, /performance/metrics, /performance/alert, /performance/command, /performance/benchmark_results] Running memory benchmark...
1788086950.864331960 INFO /performance_monitor [performance_monitor.py:474(PerformanceMonitor.benchmark_network)] [topics: /performance/benchmark, /diagnostic_status, /rosout, /performance/metrics, /performance/alert, /performance/command, /performance/benchmark_results] Running network benchmark...
1788086952.107945442 INFO /performance_monitor [performance_monitor.py:520(PerformanceMonitor.benchmark_application)] [topics: /performance/benchmark, /diagnostic_status, /rosout, /performance/metrics, /performance/alert, /performance/command, /performance/benchmark_results] Running application benchmark...
1788086952.156475305 INFO /performance_monitor [performance_monitor.py:373(PerformanceMonitor.run_benchmark)] [topics: /performance/benchmark, /diagnostic_status, /rosout, /performance/metrics, /performance/alert, /performance/command, /performance/benchmark_results] Benchmark completed with overall score: 0.63
1788086952.158149480 INFO /performance_monitor [performance_monitor.py:381(PerformanceMonitor.benchmark_fps)] [topics: /performance/benchmark, /diagnostic_status, /rosout, /performance/metrics, /performance/alert, /performance/command, /performance/benchmark_results] Running FPS benchmark...
1788086957.162046194 INFO /performance_monitor [performance_monitor.py:414(PerformanceMonitor.benchmark_cpu)] [topics: /performance/benchmark, /diagnostic_status, /rosout, /performance/metrics, /performance/alert, /performance/command, /performance/benchmark_results] Running CPU benchmark...
1788086958.422874450 INFO /performance_monitor [performance_monitor.py:438(PerformanceMonitor.benchmark_memory)] [topics: /performance/benchmark, /diagnostic_status, /rosout, /performance/metrics, /performance/alert, /performance/command, /performance/benchmark_results] Running memory benchmark...
1788086959.121000766 INFO /performance_monitor [performance_monitor.py:474(PerformanceMonitor.benchmark_network)] [topics: /performance/benchmark, /diagnostic_status, /rosout, /performance/metrics, /performance/alert, /performance/command, /performance/benchmark_results] Running network benchmark...
1788086960.268310070 INFO /performance_monitor [performance_monitor.py:520(PerformanceMonitor.benchmark_application)] [topics: /performance/benchmark, /diagnostic_status, /rosout, /performance/metrics, /performance/alert, /performance/command, /performance/benchmark_results] Running application benchmark...
1788086960.318439960 INFO /performance_monitor [performance_monitor.py:373(PerformanceMonitor.run_benchmark)] [topics: /performance/benchmark, /diagnostic_status, /rosout, /performance/metrics, /performance/alert, /performance/command, /performance/benchmark_results] Benchmark completed with overall score: 0.63
1788086960.320078611 INFO /performance_monitor [performance_monitor.py:381(PerformanceMonitor.benchmark_fps)] [topics: /performance/benchmark, /diagnostic_status, /rosout, /performance/metrics, /performance/alert, /performance/command, /performance/benchmark_results] Running FPS benchmark...
1788086965.326318740 INFO /performance_monitor [performance_monitor.py:414(PerformanceMonitor.benchmark_cpu)] [topics: /performance/benchmark, /diagnostic_status, /rosout, /performance/metrics, /performance/alert, /performance/command, /performance/benchmark_results] Running CPU benchmark...
1788086966.734170913 INFO /performance_monitor [performance_monitor.py:438(PerformanceMonitor.benchmark_memory)] [topics: /performance/benchmark, /diagnostic_status, /rosout, /performance/metrics, /performance/alert, /performance/command, /performance/benchmark_results] Running memory benchmark...
1788086967.444821834 INFO /performance_monitor [performance_monitor.py:474(PerformanceMonitor.benchmark_network)] [topics: /performance/benchmark, /diagnostic_status, /rosout, /performance/metrics, /performance/alert, /performance/command, /performance/benchmark_results] Running network benchmark...
1788086968.629693269 INFO /performance_monitor [performance_monitor.py:520(PerformanceMonitor.benchmark_application)] [topics: /performance/benchmark, /diagnostic_status, /rosout, /performance/metrics, /performance/alert, /performance/command, /performance/benchmark_results] Running application benchmark...
1788086968.711519956 INFO /performance_monitor [performance_monitor.py:373(PerformanceMonitor.run_benchmark)] [topics: /performance/benchmark, /diagnostic_status, /rosout, /performance/metrics, /performance/alert, /performance/command, /performance/benchmark_results] Benchmark completed with overall score: 0.63
1788086968.718045711 INFO /performance_monitor [performance_monitor.py:381(PerformanceMonitor.benchmark_fps)] [topics: /performance/benchmark, /diagnostic_status, /rosout, /performance/metrics, /performance/alert, /performance/command, /performance/benchmark_results] Running FPS benchmark...
1788086973.721330881 INFO /performance_monitor [performance_monitor.py:414(PerformanceMonitor.benchmark_cpu)] [topics: /performance/benchmark, /diagnostic_status, /rosout, /performance/metrics, /performance/alert, /performance/command, /performance/benchmark_results] Running CPU benchmark...
1788086975.039474725 INFO /performance_monitor [performance_monitor.py:438(PerformanceMonitor.benchmark_memory)] [topics: /performance/benchmark, /diagnostic_status, /rosout, /performance/metrics, /performance/alert, /performance/command, /performance/benchmark_results] Running memory benchmark...
1788086975.727855682 INFO /performance_monitor [performance_monitor.py:474(PerformanceMonitor.benchmark_network)] [topics: /performance/benchmark, /diagnostic_status, /rosout, /performance/metrics, /performance/alert, /performance/command, /performance/benchmark_results] Running network benchmark...
1788086976.905722856 INFO /performance_monitor [performance_monitor.py:520(PerformanceMonitor.benchmark_application)] [topics: /performance/benchmark, /diagnostic_status, /rosout, /performance/metrics, /performance/alert, /performance/command, /performance/benchmark_results] Running application benchmark...
1788086976.956913471 INFO /performance_monitor [performance_monitor.py:373(PerformanceMonitor.run_benchmark)] [topics: /performance/benchmark, /diagnostic_status, /rosout, /performance/metrics, /performance/alert, /performance/command, /performance/benchmark_results] Benchmark completed with overall score: 0.63
1788086976.959635257 INFO /performance_monitor [performance_monitor.py:381(PerformanceMonitor.benchmark_fps)] [topics: /performance/benchmark, /diagnostic_status, /rosout, /performance/metrics, /performance/alert, /performance/command, /performance/benchmark_results] Running FPS benchmark...
1788086981.963033676 INFO /performance_monitor [performance_monitor.py:414(PerformanceMonitor.benchmark_cpu)] [topics: /performance/benchmark, /diagnostic_status, /rosout, /performance/metrics, /performance/alert, /performance/command, /performance/benchmark_results] Running CPU benchmark...
1788086983.289267063 INFO /performance_monitor [performance_monitor.py:438(PerformanceMonitor.benchmark_memory)] [topics: /performance/benchmark, /diagnostic_status, /rosout, /performance/metrics, /performance/alert, /performance/command, /performance/benchmark_results] Running memory benchmark...
1788086983.977789878 INFO /performance_monitor [performance_monitor.py:474(PerformanceMonitor.benchmark_network)] [topics: /performance/benchmark, /diagnostic_status, /rosout, /performance/metrics, /performance/alert, /performance/command, /performance/benchmark_results] Running network benchmark...
1788086985.106564044 INFO /performance_monitor [performance_monitor.py:520(PerformanceMonitor.benchmark_application)] [topics: /performance/benchmark, /diagnostic_status, /rosout, /performance/metrics, /performance/alert, /performance/command, /performance/benchmark_results] Running application benchmark...
1788086985.165899991 INFO /performance_monitor [performance_monitor.py:373(PerformanceMonitor.run_benchmark)] [topics: /performance/benchmark, /diagnostic_status, /rosout, /performance/metrics, /performance/alert, /performance/command, /performance/benchmark_results] Benchmark completed with overall score: 0.63
1788086985.170254945 INFO /performance_monitor [performance_monitor.py:381(PerformanceMonitor.benchmark_fps)] [topics: /performance/benchmark, /diagnostic_status, /rosout, /performance/metrics, /performance/alert, /performance/command, /performance/benchmark_results] Running FPS benchmark...
1788086990.174808979 INFO /performance_monitor [performance_monitor.py:414(PerformanceMonitor.benchmark_cpu)] [topics: /performance/benchmark, /diagnostic_status, /rosout, /performance/metrics, /performance/alert, /performance/command, /performance/benchmark_results] Running CPU benchmark...
1788086991.601984500 INFO /performance_monitor [performance_monitor.py:438(PerformanceMonitor.benchmark_memory)] [topics: /performance/benchmark, /diagnostic_status, /rosout, /performance/metrics, /performance/alert, /performance/command, /performance/benchmark_results] Running memory benchmark...
1788086992.300517082 INFO /performance_monitor [performance_monitor.py:474(PerformanceMonitor.benchmark_network)] [topics: /performance/benchmark, /diagnostic_status, /rosout, /performance/metrics, /performance/alert, /performance/command, /performance/benchmark_results] Running network benchmark...
1788086993.516205549 INFO /performance_monitor [performance_monitor.py:520(PerformanceMonitor.benchmark_application)] [topics: /performance/benchmark, /diagnostic_status, /rosout, /performance/metrics, /performance/alert, /performance/command, /performance/benchmark_results] Running application benchmark...
1788086993.571427583 INFO /performance_monitor [performance_monitor.py:373(PerformanceMonitor.run_benchmark)] [topics: /performance/benchmark, /diagnostic_status, /rosout, /performance/metrics, /performance/alert, /performance/command, /performance/benchmark_results] Benchmark completed with overall score: 0.63
1788086993.572812318 INFO /performance_monitor [performance_monitor.py:381(PerformanceMonitor.benchmark_fps)] [topics: /performance/benchmark, /diagnostic_status, /rosout, /performance/metrics, /performance/alert, /performance/command, /performance/benchmark_results] Running FPS benchmark...
1788086998.576609373 INFO /performance_monitor [performance_monitor.py:414(PerformanceMonitor.benchmark_cpu)] [topics: /performance/benchmark, /diagnostic_status, /rosout, /performance/metrics, /performance/alert, /performance/command, /performance/benchmark_results] Running CPU benchmark...
1788086999.886307954 INFO /performance_monitor [performance_monitor.py:438(PerformanceMonitor.benchmark_memory)] [topics: /performance/benchmark, /diagnostic_status, /rosout, /performance/metrics, /performance/alert, /performance/command, /performance/benchmark_results] Running memory benchmark...
1788087000.575005769 INFO /performance_monitor [performance_monitor.py:474(PerformanceMonitor.benchmark_network)] [topics: /performance/benchmark, /diagnostic_status, /rosout, /performance/metrics, /performance/alert, /performance/command, /performance/benchmark_results] Running network benchmark...
1788087001.716804981 INFO /performance_monitor [performance_monitor.py:520(PerformanceMonitor.benchmark_application)] [topics: /performance/benchmark, /diagnostic_status, /rosout, /performance/metrics, /performance/alert, /performance/command, /performance/benchmark_results] Running application benchmark...
1788087001.766203165 INFO /performance_monitor [performance_monitor.py:373(PerformanceMonitor.run_benchmark)] [topics: /performance/benchmark, /diagnostic_status, /rosout, /performance/metrics, /performance/alert, /performance/command, /performance/benchmark_results] Benchmark completed with overall score: 0.63
1788087001.768133878 INFO /performance_monitor [performance_monitor.py:381(PerformanceMonitor.benchmark_fps)] [topics: /performance/benchmark, /diagnostic_status, /rosout, /performance/metrics, /performance/alert, /performance/command, /performance/benchmark_results] Running FPS benchmark...
1788087006.771734237 INFO /performance_monitor [performance_monitor.py:414(PerformanceMonitor.benchmark_cpu)] [topics: /performance/benchmark, /diagnostic_status, /rosout, /performance/metrics, /performance/alert, /performance/command, /performance/benchmark_results] Running CPU benchmark...
1788087008.122286319 INFO /performance_monitor [performance_monitor.py:438(PerformanceMonitor.benchmark_memory)] [topics: /performance/benchmark, /diagnostic_status, /rosout, /performance/metrics, /performance/alert, /performance/command, /performance/benchmark_results] Running memory benchmark...
1788087008.810658931 INFO /performance_monitor [performance_monitor.py:474(PerformanceMonitor.benchmark_network)] [topics: /performance/benchmark, /diagnostic_status, /rosout, /performance/metrics, /performance/alert, /performance/command, /performance/benchmark_results] Running network benchmark...
1788087009.999978542 INFO /performance_monitor [performance_monitor.py:520(PerformanceMonitor.benchmark_application)] [topics: /performance/benchmark, /diagnostic_status, /rosout, /performance/metrics, /performance/alert, /performance/command, /performance/benchmark_results] Running application benchmark...
1788087010.054380893 INFO /performance_monitor [performance_monitor.py:373(PerformanceMonitor.run_benchmark)] [topics: /performance/benchmark, /diagnostic_status, /rosout, /performance/metrics, /performance/alert, /performance/command, /performance/benchmark_results] Benchmark completed with overall score: 0.63
1788087010.055677413 INFO /performance_monitor [performance_monitor.py:381(PerformanceMonitor.benchmark_fps)] [topics: /performance/benchmark, /diagnostic_status, /rosout, /performance/metrics, /performance/alert, /performance/command, /performance/benchmark_results] Running FPS benchmark...
1788087015.059402227 INFO /performance_monitor [performance_monitor.py:414(PerformanceMonitor.benchmark_cpu)] [topics: /performance/benchmark, /diagnostic_status, /rosout, /performance/metrics, /performance/alert, /performance/command, /performance/benchmark_results] Running CPU benchmark...
1788087016.535084247 INFO /performance_monitor [performance_monitor.py:438(PerformanceMonitor.benchmark_memory)] [topics: /performance/benchmark, /diagnostic_status, /rosout, /performance/metrics, /performance/alert, /performance/command, /performance/benchmark_results] Running memory benchmark...
1788087017.238040685 INFO /performance_monitor [performance_monitor.py:474(PerformanceMonitor.benchmark_network)] [topics: /performance/benchmark, /diagnostic_status, /rosout, /performance/metrics, /performance/alert, /performance/command, /performance/benchmark_results] Running network benchmark...
1788087018.447802782 INFO /performance_monitor [performance_monitor.py:520(PerformanceMonitor.benchmark_application)] [topics: /performance/benchmark, /diagnostic_status, /rosout, /performance/metrics, /performance/alert, /performance/command, /performance/benchmark_results] Running application benchmark...
1788087018.502624511 INFO /performance_monitor [performance_monitor.py:373(PerformanceMonitor.run_benchmark)] [topics: /performance/benchmark, /diagnostic_status, /rosout, /performance/metrics, /performance/alert, /performance/command, /performance/benchmark_results] Benchmark completed with overall score: 0.63
1788087018.506218194 INFO /performance_monitor [performance_monitor.py:381(PerformanceMonitor.benchmark_fps)] [topics: /performance/benchmark, /diagnostic_status, /rosout, /performance/metrics, /performance/alert, /performance/command, /performance/benchmark_results] Running FPS benchmark...
1788087023.509142160 INFO /performance_monitor [performance_monitor.py:414(PerformanceMonitor.benchmark_cpu)] [topics: /performance/benchmark, /diagnostic_status, /rosout, /performance/metrics, /performance/alert, /performance/command, /performance/benchmark_results] Running CPU benchmark...
1788087024.826290369 INFO /performance_monitor [performance_monitor.py:438(PerformanceMonitor.benchmark_memory)] [topics: /performance/benchmark, /diagnostic_status, /rosout, /performance/metrics, /performance/alert, /performance/command, /performance/benchmark_results] Running memory benchmark...
1788087025.526431322 INFO /performance_monitor [performance_monitor.py:474(PerformanceMonitor.benchmark_network)] [topics: /performance/benchmark, /diagnostic_status, /rosout, /performance/metrics, /performance/alert, /performance/command, /performance/benchmark_results] Running network benchmark...
1788087026.706192016 INFO /performance_monitor [performance_monitor.py:520(PerformanceMonitor.benchmark_application)] [topics: /performance/benchmark, /diagnostic_status, /rosout, /performance/metrics, /performance/alert, /performance/command, /performance/benchmark_results] Running application benchmark...
1788087026.764179229 INFO /performance_monitor [performance_monitor.py:373(PerformanceMonitor.run_benchmark)] [topics: /performance/benchmark, /diagnostic_status, /rosout, /performance/metrics, /performance/alert, /performance/command, /performance/benchmark_results] Benchmark completed with overall score: 0.63
1788087026.768789052 INFO /performance_monitor [performance_monitor.py:381(PerformanceMonitor.benchmark_fps)] [topics: /performance/benchmark, /diagnostic_status, /rosout, /performance/metrics, /performance/alert, /performance/command, /performance/benchmark_results] Running FPS benchmark...
1788087031.772803544 INFO /performance_monitor [performance_monitor.py:414(PerformanceMonitor.benchmark_cpu)] [topics: /performance/benchmark, /diagnostic_status, /rosout, /performance/metrics, /performance/alert, /performance/command, /performance/benchmark_results] Running CPU benchmark...
1788087033.100366115 INFO /performance_monitor [performance_monitor.py:438(PerformanceMonitor.benchmark_memory)] [topics: /performance/benchmark, /diagnostic_status, /rosout, /performance/metrics, /performance/alert, /performance/command, /performance/benchmark_results] Running memory benchmark...
1788087033.812294244 INFO /performance_monitor [performance_monitor.py:474(PerformanceMonitor.benchmark_network)] [topics: /performance/benchmark, /diagnostic_status, /rosout, /performance/metrics, /performance/alert, /performance/command, /performance/benchmark_results] Running network benchmark...
1788087035.014105796 INFO /performance_monitor [performance_monitor.py:520(PerformanceMonitor.benchmark_application)] [topics: /performance/benchmark, /diagnostic_status, /rosout, /performance/metrics, /performance/alert, /performance/command, /performance/benchmark_results] Running application benchmark...
1788087035.071931362 INFO /performance_monitor [performance_monitor.py:373(PerformanceMonitor.run_benchmark)] [topics: /performance/benchmark, /diagnostic_status, /rosout, /performance/metrics, /performance/alert, /performance/command, /performance/benchmark_results] Benchmark completed with overall score: 0.63
1788087035.078255414 INFO /performance_monitor [performance_monitor.py:381(PerformanceMonitor.benchmark_fps)] [topics: /performance/benchmark, /diagnostic_status, /rosout, /performance/metrics, /performance/alert, /performance/command, /performance/benchmark_results] Running FPS benchmark...
1788087040.081821680 INFO /performance_monitor [performance_monitor.py:414(PerformanceMonitor.benchmark_cpu)] [topics: /performance/benchmark, /diagnostic_status, /rosout, /performance/metrics, /performance/alert, /performance/command, /performance/benchmark_results] Running CPU benchmark...
1788087041.406836986 INFO /performance_monitor [performance_monitor.py:438(PerformanceMonitor.benchmark_memory)] [topics: /performance/benchmark, /diagnostic_status, /rosout, /performance/metrics, /performance/alert, /performance/command, /performance/benchmark_results] Running memory benchmark...
1788087042.123877525 INFO /performance_monitor [performance_monitor.py:474(PerformanceMonitor.benchmark_network)] [topics: /performance/benchmark, /diagnostic_status, /rosout, /performance/metrics, /performance/alert, /performance/command, /performance/benchmark_results] Running network benchmark...
1788087043.317999601 INFO /performance_monitor [performance_monitor.py:520(PerformanceMonitor.benchmark_application)] [topics: /performance/benchmark, /diagnostic_status, /rosout, /performance/metrics, /performance/alert, /performance/command, /performance/benchmark_results] Running application benchmark...
1788087043.377280473 INFO /performance_monitor [performance_monitor.py:373(PerformanceMonitor.run_benchmark)] [topics: /performance/benchmark, /diagnostic_status, /rosout, /performance/metrics, /performance/alert, /performance/command, /performance/benchmark_results] Benchmark completed with overall score: 0.63
1788087043.379867792 INFO /performance_monitor [performance_monitor.py:381(PerformanceMonitor.benchmark_fps)] [topics: /performance/benchmark, /diagnostic_status, /rosout, /performance/metrics, /performance/alert, /performance/command, /performance/benchmark_results] Running FPS benchmark...
1788087048.382940053 INFO /performance_monitor [performance_monitor.py:414(PerformanceMonitor.benchmark_cpu)] [topics: /performance/benchmark, /diagnostic_status, /rosout, /performance/metrics, /performance/alert, /performance/command, /performance/benchmark_results] Running CPU benchmark...
1788087049.680112361 INFO /performance_monitor [performance_monitor.py:438(PerformanceMonitor.benchmark_memory)] [topics: /performance/benchmark, /diagnostic_status, /rosout, /performance/metrics, /performance/alert, /performance/command, /performance/benchmark_results] Running memory benchmark...
1788087050.403958797 INFO /performance_monitor [performance_monitor.py:474(PerformanceMonitor.benchmark_network)] [topics: /performance/benchmark, /diagnostic_status, /rosout, /performance/metrics, /performance/alert, /performance/command, /performance/benchmark_results] Running network benchmark...
1788087051.622837305 INFO /performance_monitor [performance_monitor.py:520(PerformanceMonitor.benchmark_application)] [topics: /performance/benchmark, /diagnostic_status, /rosout, /performance/metrics, /performance/alert, /performance/command, /performance/benchmark_results] Running application benchmark...
1788087051.676342487 INFO /performance_monitor [performance_monitor.py:373(PerformanceMonitor.run_benchmark)] [topics: /performance/benchmark, /diagnostic_status, /rosout, /performance/metrics, /performance/alert, /performance/command, /performance/benchmark_results] Benchmark completed with overall score: 0.63
1788087051.681611537 INFO /performance_monitor [performance_monitor.py:381(PerformanceMonitor.benchmark_fps)] [topics: /performance/benchmark, /diagnostic_status, /rosout, /performance/metrics, /performance/alert, /performance/command, /performance/benchmark_results] Running FPS benchmark...
1788087056.686938762 INFO /performance_monitor [performance_monitor.py:414(PerformanceMonitor.benchmark_cpu)] [topics: /performance/benchmark, /diagnostic_status, /rosout, /performance/metrics, /performance/alert, /performance/command, /performance/benchmark_results] Running CPU benchmark...
1788087058.006823539 INFO /performance_monitor [performance_monitor.py:438(PerformanceMonitor.benchmark_memory)] [topics: /performance/benchmark, /diagnostic_status, /rosout, /performance/metrics, /performance/alert, /performance/command, /performance/benchmark_results] Running memory benchmark...
1788087058.697091102 INFO /performance_monitor [performance_monitor.py:474(PerformanceMonitor.benchmark_network)] [topics: /performance/benchmark, /diagnostic_status, /rosout, /performance/metrics, /performance/alert, /performance/command, /performance/benchmark_results] Running network benchmark...
1788087059.931710720 INFO /performance_monitor [performance_monitor.py:520(PerformanceMonitor.benchmark_application)] [topics: /performance/benchmark, /diagnostic_status, /rosout, /performance/metrics, /performance/alert, /performance/command, /performance/benchmark_results] Running application benchmark...
1788087059.997941970 INFO /performance_monitor [performance_monitor.py:373(PerformanceMonitor.run_benchmark)] [topics: /performance/benchmark, /diagnostic_status, /rosout, /performance/metrics, /performance/alert, /performance/command, /performance/benchmark_results] Benchmark completed with overall score: 0.63
1788087060.000497341 INFO /performance_monitor [performance_monitor.py:381(PerformanceMonitor.benchmark_fps)] [topics: /performance/benchmark, /diagnostic_status, /rosout, /performance/metrics, /performance/alert, /performance/command, /performance/benchmark_results] Running FPS benchmark...
1788087065.005056858 INFO /performance_monitor [performance_monitor.py:414(PerformanceMonitor.benchmark_cpu)] [topics: /performance/benchmark, /diagnostic_status, /rosout, /performance/metrics, /performance/alert, /performance/command, /performance/benchmark_results] Running CPU benchmark...
1788087066.291175365 INFO /performance_monitor [performance_monitor.py:438(PerformanceMonitor.benchmark_memory)] [topics: /performance/benchmark, /diagnostic_status, /rosout, /performance/metrics, /performance/alert, /performance/command, /performance/benchmark_results] Running memory benchmark...
1788087067.119370460 INFO /performance_monitor [performance_monitor.py:474(PerformanceMonitor.benchmark_network)] [topics: /performance/benchmark, /diagnostic_status, /rosout, /performance/metrics, /performance/alert, /performance/command, /performance/benchmark_results] Running network benchmark...
1788087068.323619604 INFO /performance_monitor [performance_monitor.py:520(PerformanceMonitor.benchmark_application)] [topics: /performance/benchmark, /diagnostic_status, /rosout, /performance/metrics, /performance/alert, /performance/command, /performance/benchmark_results] Running application benchmark...
1788087068.378782272 INFO /performance_monitor [performance_monitor.py:373(PerformanceMonitor.run_benchmark)] [topics: /performance/benchmark, /diagnostic_status, /rosout, /performance/metrics, /performance/alert, /performance/command, /performance/benchmark_results] Benchmark completed with overall score: 0.63
1788087068.380091905 INFO /performance_monitor [performance_monitor.py:381(PerformanceMonitor.benchmark_fps)] [topics: /performance/benchmark, /diagnostic_status, /rosout, /performance/metrics, /performance/alert, /performance/command, /performance/benchmark_results] Running FPS benchmark...
1788087073.383630514 INFO /performance_monitor [performance_monitor.py:414(PerformanceMonitor.benchmark_cpu)] [topics: /performance/benchmark, /diagnostic_status, /rosout, /performance/metrics, /performance/alert, /performance/command, /performance/benchmark_results] Running CPU benchmark...
1788087074.683495759 INFO /performance_monitor [performance_monitor.py:438(PerformanceMonitor.benchmark_memory)] [topics: /performance/benchmark, /diagnostic_status, /rosout, /performance/metrics, /performance/alert, /performance/command, /performance/benchmark_results] Running memory benchmark...
1788087075.374150753 INFO /performance_monitor [performance_monitor.py:474(PerformanceMonitor.benchmark_network)] [topics: /performance/benchmark, /diagnostic_status, /rosout, /performance/metrics, /performance/alert, /performance/command, /performance/benchmark_results] Running network benchmark...
1788087076.556863069 INFO /performance_monitor [performance_monitor.py:520(PerformanceMonitor.benchmark_application)] [topics: /performance/benchmark, /diagnostic_status, /rosout, /performance/metrics, /performance/alert, /performance/command, /performance/benchmark_results] Running application benchmark...
1788087076.612752437 INFO /performance_monitor [performance_monitor.py:373(PerformanceMonitor.run_benchmark)] [topics: /performance/benchmark, /diagnostic_status, /rosout, /performance/metrics, /performance/alert, /performance/command, /performance/benchmark_results] Benchmark completed with overall score: 0.63
1788087076.615320920 INFO /performance_monitor [performance_monitor.py:381(PerformanceMonitor.benchmark_fps)] [topics: /performance/benchmark, /diagnostic_status, /rosout, /performance/metrics, /performance/alert, /performance/command, /performance/benchmark_results] Running FPS benchmark...
1788087081.618963241 INFO /performance_monitor [performance_monitor.py:414(PerformanceMonitor.benchmark_cpu)] [topics: /performance/benchmark, /diagnostic_status, /rosout, /performance/metrics, /performance/alert, /performance/command, /performance/benchmark_results] Running CPU benchmark...
1788087083.089821100 INFO /performance_monitor [performance_monitor.py:438(PerformanceMonitor.benchmark_memory)] [topics: /performance/benchmark, /diagnostic_status, /rosout, /performance/metrics, /performance/alert, /performance/command, /performance/benchmark_results] Running memory benchmark...
1788087083.776969194 INFO /performance_monitor [performance_monitor.py:474(PerformanceMonitor.benchmark_network)] [topics: /performance/benchmark, /diagnostic_status, /rosout, /performance/metrics, /performance/alert, /performance/command, /performance/benchmark_results] Running network benchmark...
1788087084.974880695 INFO /performance_monitor [performance_monitor.py:520(PerformanceMonitor.benchmark_application)] [topics: /performance/benchmark, /diagnostic_status, /rosout, /performance/metrics, /performance/alert, /performance/command, /performance/benchmark_results] Running application benchmark...
1788087085.034373521 INFO /performance_monitor [performance_monitor.py:373(PerformanceMonitor.run_benchmark)] [topics: /performance/benchmark, /diagnostic_status, /rosout, /performance/metrics, /performance/alert, /performance/command, /performance/benchmark_results] Benchmark completed with overall score: 0.63
1788087085.036512613 INFO /performance_monitor [performance_monitor.py:381(PerformanceMonitor.benchmark_fps)] [topics: /performance/benchmark, /diagnostic_status, /rosout, /performance/metrics, /performance/alert, /performance/command, /performance/benchmark_results] Running FPS benchmark...
1788087090.039364337 INFO /performance_monitor [performance_monitor.py:414(PerformanceMonitor.benchmark_cpu)] [topics: /performance/benchmark, /diagnostic_status, /rosout, /performance/metrics, /performance/alert, /performance/command, /performance/benchmark_results] Running CPU benchmark...
1788087091.536255836 INFO /performance_monitor [performance_monitor.py:438(PerformanceMonitor.benchmark_memory)] [topics: /performance/benchmark, /diagnostic_status, /rosout, /performance/metrics, /performance/alert, /performance/command, /performance/benchmark_results] Running memory benchmark...
1788087092.671281814 INFO /performance_monitor [performance_monitor.py:474(PerformanceMonitor.benchmark_network)] [topics: /performance/benchmark, /diagnostic_status, /rosout, /performance/metrics, /performance/alert, /performance/command, /performance/benchmark_results] Running network benchmark...
1788087093.834034442 INFO /performance_monitor [performance_monitor.py:520(PerformanceMonitor.benchmark_application)] [topics: /performance/benchmark, /diagnostic_status, /rosout, /performance/metrics, /performance/alert, /performance/command, /performance/benchmark_results] Running application benchmark...
1788087093.894734144 INFO /performance_monitor [performance_monitor.py:373(PerformanceMonitor.run_benchmark)] [topics: /performance/benchmark, /diagnostic_status, /rosout, /performance/metrics, /performance/alert, /performance/command, /performance/benchmark_results] Benchmark completed with overall score: 0.63
1788087093.897381782 INFO /performance_monitor [performance_monitor.py:381(PerformanceMonitor.benchmark_fps)] [topics: /performance/benchmark, /diagnostic_status, /rosout, /performance/metrics, /performance/alert, /performance/command, /performance/benchmark_results] Running FPS benchmark...
1788087098.900578260 INFO /performance_monitor [performance_monitor.py:414(PerformanceMonitor.benchmark_cpu)] [topics: /performance/benchmark, /diagnostic_status, /rosout, /performance/metrics, /performance/alert, /performance/command, /performance/benchmark_results] Running CPU benchmark...
1788087100.204199314 INFO /performance_monitor [performance_monitor.py:438(PerformanceMonitor.benchmark_memory)] [topics: /performance/benchmark, /diagnostic_status, /rosout, /performance/metrics, /performance/alert, /performance/command, /performance/benchmark_results] Running memory benchmark...
1788087100.934653997 INFO /performance_monitor [performance_monitor.py:474(PerformanceMonitor.benchmark_network)] [topics: /performance/benchmark, /diagnostic_status, /rosout, /performance/metrics, /performance/alert, /performance/command, /performance/benchmark_results] Running network benchmark...
1788087102.098543167 INFO /performance_monitor [performance_monitor.py:520(PerformanceMonitor.benchmark_application)] [topics: /performance/benchmark, /diagnostic_status, /rosout, /performance/metrics, /performance/alert, /performance/command, /performance/benchmark_results] Running application benchmark...
1788087102.148764848 INFO /performance_monitor [performance_monitor.py:373(PerformanceMonitor.run_benchmark)] [topics: /performance/benchmark, /diagnostic_status, /rosout, /performance/metrics, /performance/alert, /performance/command, /performance/benchmark_results] Benchmark completed with overall score: 0.63
1788087102.151404857 INFO /performance_monitor [performance_monitor.py:381(PerformanceMonitor.benchmark_fps)] [topics: /performance/benchmark, /diagnostic_status, /rosout, /performance/metrics, /performance/alert, /performance/command, /performance/benchmark_results] Running FPS benchmark...
1788087107.154201269 INFO /performance_monitor [performance_monitor.py:414(PerformanceMonitor.benchmark_cpu)] [topics: /performance/benchmark, /diagnostic_status, /rosout, /performance/metrics, /performance/alert, /performance/command, /performance/benchmark_results] Running CPU benchmark...
1788087108.464740514 INFO /performance_monitor [performance_monitor.py:438(PerformanceMonitor.benchmark_memory)] [topics: /performance/benchmark, /diagnostic_status, /rosout, /performance/metrics, /performance/alert, /performance/command, /performance/benchmark_results] Running memory benchmark...
1788087109.158988475 INFO /performance_monitor [performance_monitor.py:474(PerformanceMonitor.benchmark_network)] [topics: /performance/benchmark, /diagnostic_status, /rosout, /performance/metrics, /performance/alert, /performance/command, /performance/benchmark_results] Running network benchmark...
1788087110.393007516 INFO /performance_monitor [performance_monitor.py:520(PerformanceMonitor.benchmark_application)] [topics: /performance/benchmark, /diagnostic_status, /rosout, /performance/metrics, /performance/alert, /performance/command, /performance/benchmark_results] Running application benchmark...
1788087110.443877220 INFO /performance_monitor [performance_monitor.py:373(PerformanceMonitor.run_benchmark)] [topics: /performance/benchmark, /diagnostic_status, /rosout, /performance/metrics, /performance/alert, /performance/command, /performance/benchmark_results] Benchmark completed with overall score: 0.63
1788087110.445441722 INFO /performance_monitor [performance_monitor.py:381(PerformanceMonitor.benchmark_fps)] [topics: /performance/benchmark, /diagnostic_status, /rosout, /performance/metrics, /performance/alert, /performance/command, /performance/benchmark_results] Running FPS benchmark...
1788087115.449677705 INFO /performance_monitor [performance_monitor.py:414(PerformanceMonitor.benchmark_cpu)] [topics: /performance/benchmark, /diagnostic_status, /rosout, /performance/metrics, /performance/alert, /performance/command, /performance/benchmark_results] Running CPU benchmark...
1788087116.726953506 INFO /performance_monitor [performance_monitor.py:438(PerformanceMonitor.benchmark_memory)] [topics: /performance/benchmark, /diagnostic_status, /rosout, /performance/metrics, /performance/alert, /performance/command, /performance/benchmark_results] Running memory benchmark...
1788087117.439126491 INFO /performance_monitor [performance_monitor.py:474(PerformanceMonitor.benchmark_network)] [topics: /performance/benchmark, /diagnostic_status, /rosout, /performance/metrics, /performance/alert, /performance/command, /performance/benchmark_results] Running network benchmark...
1788087118.606152534 INFO /performance_monitor [performance_monitor.py:520(PerformanceMonitor.benchmark_application)] [topics: /performance/benchmark, /diagnostic_status, /rosout, /performance/metrics, /performance/alert, /performance/command, /performance/benchmark_results] Running application benchmark...
1788087118.655672550 INFO /performance_monitor [performance_monitor.py:373(PerformanceMonitor.run_benchmark)] [topics: /performance/benchmark, /diagnostic_status, /rosout, /performance/metrics, /performance/alert, /performance/command, /performance/benchmark_results] Benchmark completed with overall score: 0.63
1788087118.657894849 INFO /performance_monitor [performance_monitor.py:381(PerformanceMonitor.benchmark_fps)] [topics: /performance/benchmark, /diagnostic_status, /rosout, /performance/metrics, /performance/alert, /performance/command, /performance/benchmark_results] Running FPS benchmark...
1788087123.662263870 INFO /performance_monitor [performance_monitor.py:414(PerformanceMonitor.benchmark_cpu)] [topics: /performance/benchmark, /diagnostic_status, /rosout, /performance/metrics, /performance/alert, /performance/command, /performance/benchmark_results] Running CPU benchmark...
1788087125.182721614 INFO /performance_monitor [performance_monitor.py:438(PerformanceMonitor.benchmark_memory)] [topics: /performance/benchmark, /diagnostic_status, /rosout, /performance/metrics, /performance/alert, /performance/command, /performance/benchmark_results] Running memory benchmark...
1788087125.882642745 INFO /performance_monitor [performance_monitor.py:474(PerformanceMonitor.benchmark_network)] [topics: /performance/benchmark, /diagnostic_status, /rosout, /performance/metrics, /performance/alert, /performance/command, /performance/benchmark_results] Running network benchmark...
1788087127.087884187 INFO /performance_monitor [performance_monitor.py:520(PerformanceMonitor.benchmark_application)] [topics: /performance/benchmark, /diagnostic_status, /rosout, /performance/metrics, /performance/alert, /performance/command, /performance/benchmark_results] Running application benchmark...
1788087127.143481254 INFO /performance_monitor [performance_monitor.py:373(PerformanceMonitor.run_benchmark)] [topics: /performance/benchmark, /diagnostic_status, /rosout, /performance/metrics, /performance/alert, /performance/command, /performance/benchmark_results] Benchmark completed with overall score: 0.63
1788087127.144814491 INFO /performance_monitor [performance_monitor.py:381(PerformanceMonitor.benchmark_fps)] [topics: /performance/benchmark, /diagnostic_status, /rosout, /performance/metrics, /performance/alert, /performance/command, /performance/benchmark_results] Running FPS benchmark...
1788087132.147343635 INFO /performance_monitor [performance_monitor.py:414(PerformanceMonitor.benchmark_cpu)] [topics: /performance/benchmark, /diagnostic_status, /rosout, /performance/metrics, /performance/alert, /performance/command, /performance/benchmark_results] Running CPU benchmark...
1788087133.394277095 INFO /performance_monitor [performance_monitor.py:438(PerformanceMonitor.benchmark_memory)] [topics: /performance/benchmark, /diagnostic_status, /rosout, /performance/metrics, /performance/alert, /performance/command, /performance/benchmark_results] Running memory benchmark...
1788087134.078442335 INFO /performance_monitor [performance_monitor.py:474(PerformanceMonitor.benchmark_network)] [topics: /performance/benchmark, /diagnostic_status, /rosout, /performance/metrics, /performance/alert, /performance/command, /performance/benchmark_results] Running network benchmark...
1788087135.276130676 INFO /performance_monitor [performance_monitor.py:520(PerformanceMonitor.benchmark_application)] [topics: /performance/benchmark, /diagnostic_status, /rosout, /performance/metrics, /performance/alert, /performance/command, /performance/benchmark_results] Running application benchmark...
1788087135.325232267 INFO /performance_monitor [performance_monitor.py:373(PerformanceMonitor.run_benchmark)] [topics: /performance/benchmark, /diagnostic_status, /rosout, /performance/metrics, /performance/alert, /performance/command, /performance/benchmark_results] Benchmark completed with overall score: 0.63
1788087135.326452732 INFO /performance_monitor [performance_monitor.py:381(PerformanceMonitor.benchmark_fps)] [topics: /performance/benchmark, /diagnostic_status, /rosout, /performance/metrics, /performance/alert, /performance/command, /performance/benchmark_results] Running FPS benchmark...
1788087140.330287933 INFO /performance_monitor [performance_monitor.py:414(PerformanceMonitor.benchmark_cpu)] [topics: /performance/benchmark, /diagnostic_status, /rosout, /performance/metrics, /performance/alert, /performance/command, /performance/benchmark_results] Running CPU benchmark...
1788087141.679476737 INFO /performance_monitor [performance_monitor.py:438(PerformanceMonitor.benchmark_memory)] [topics: /performance/benchmark, /diagnostic_status, /rosout, /performance/metrics, /performance/alert, /performance/command, /performance/benchmark_results] Running memory benchmark...
1788087142.376392126 INFO /performance_monitor [performance_monitor.py:474(PerformanceMonitor.benchmark_network)] [topics: /performance/benchmark, /diagnostic_status, /rosout, /performance/metrics, /performance/alert, /performance/command, /performance/benchmark_results] Running network benchmark...
