[rosmaster.main][INFO] 2026-08-30 09:56:45,930: initialization complete, waiting for shutdown
[rosmaster.main][INFO] 2026-08-30 09:56:45,932: Starting ROS Master Node
[xmlrpc][INFO] 2026-08-30 09:56:45,935: XML-RPC server binding to 0.0.0.0:11311
[xmlrpc][INFO] 2026-08-30 09:56:45,937: Started XML-RPC server [http://kamikaze:11311/]
[rosmaster.master][INFO] 2026-08-30 09:56:45,938: Master initialized: port[11311], uri[http://kamikaze:11311/]
[xmlrpc][INFO] 2026-08-30 09:56:45,938: xml rpc node: starting XML-RPC server
[rosmaster.master][INFO] 2026-08-30 09:56:46,035: +PARAM [/run_id] by /roslaunch
[rosmaster.master][INFO] 2026-08-30 09:56:46,037: +PARAM [/roslaunch/uris/host_kamikaze__44435] by /roslaunch
[rosmaster.master][INFO] 2026-08-30 09:56:46,095: +PARAM [/rosversion] by /roslaunch
[rosmaster.master][INFO] 2026-08-30 09:56:46,096: +PARAM [/rosdistro] by /roslaunch
[rosmaster.master][INFO] 2026-08-30 09:56:46,096: +PARAM [/target_params/detection/model/path] by /roslaunch
[rosmaster.master][INFO] 2026-08-30 09:56:46,096: +PARAM [/target_params/detection/model/device] by /roslaunch
[rosmaster.master][INFO] 2026-08-30 09:56:46,097: +PARAM [/target_params/detection/model/input_size] by /roslaunch
[rosmaster.master][INFO] 2026-08-30 09:56:46,097: +PARAM [/target_params/detection/model/batch_size] by /roslaunch
[rosmaster.master][INFO] 2026-08-30 09:56:46,097: +PARAM [/target_params/detection/confidence_threshold] by /roslaunch
[rosmaster.master][INFO] 2026-08-30 09:56:46,097: +PARAM [/target_params/detection/nms_threshold] by /roslaunch
[rosmaster.master][INFO] 2026-08-30 09:56:46,097: +PARAM [/target_params/detection/max_detections] by /roslaunch
[rosmaster.master][INFO] 2026-08-30 09:56:46,097: +PARAM [/target_params/detection/vehicle_classes] by /roslaunch
[rosmaster.master][INFO] 2026-08-30 09:56:46,097: +PARAM [/target_params/detection/class_thresholds/class_1] by /roslaunch
[rosmaster.master][INFO] 2026-08-30 09:56:46,098: +PARAM [/target_params/detection/class_thresholds/class_2] by /roslaunch
[rosmaster.master][INFO] 2026-08-30 09:56:46,098: +PARAM [/target_params/detection/class_thresholds/class_3] by /roslaunch
[rosmaster.master][INFO] 2026-08-30 09:56:46,098: +PARAM [/target_params/detection/class_thresholds/class_5] by /roslaunch
[rosmaster.master][INFO] 2026-08-30 09:56:46,098: +PARAM [/target_params/detection/class_thresholds/class_6] by /roslaunch
[rosmaster.master][INFO] 2026-08-30 09:56:46,098: +PARAM [/target_params/detection/class_thresholds/class_7] by /roslaunch
[rosmaster.master][INFO] 2026-08-30 09:56:46,098: +PARAM [/target_params/detection/class_thresholds/class_8] by /roslaunch
[rosmaster.master][INFO] 2026-08-30 09:56:46,098: +PARAM [/target_params/detection/performance/max_fps] by /roslaunch
[rosmaster.master][INFO] 2026-08-30 09:56:46,098: +PARAM [/target_params/detection/performance/frame_skip] by /roslaunch
[rosmaster.master][INFO] 2026-08-30 09:56:46,099: +PARAM [/target_params/detection/performance/parallel_inference] by /roslaunch
[rosmaster.master][INFO] 2026-08-30 09:56:46,099: +PARAM [/target_params/detection/performance/gpu_memory_limit] by /roslaunch
[rosmaster.master][INFO] 2026-08-30 09:56:46,099: +PARAM [/target_params/tracking/engagement_distance] by /roslaunch
[rosmaster.master][INFO] 2026-08-30 09:56:46,099: +PARAM [/target_params/tracking/attack_distance] by /roslaunch
[rosmaster.master][INFO] 2026-08-30 09:56:46,099: +PARAM [/target_params/tracking/disengagement_distance] by /roslaunch
[rosmaster.master][INFO] 2026-08-30 09:56:46,099: +PARAM [/target_params/tracking/max_tracks] by /roslaunch
[rosmaster.master][INFO] 2026-08-30 09:56:46,099: +PARAM [/target_params/tracking/max_lost_frames] by /roslaunch
[rosmaster.master][INFO] 2026-08-30 09:56:46,100: +PARAM [/target_params/tracking/min_track_length] by /roslaunch
[rosmaster.master][INFO] 2026-08-30 09:56:46,100: +PARAM [/target_params/tracking/track_confidence_threshold] by /roslaunch
[rosmaster.master][INFO] 2026-08-30 09:56:46,100: +PARAM [/target_params/tracking/association/iou_threshold] by /roslaunch
[rosmaster.master][INFO] 2026-08-30 09:56:46,100: +PARAM [/target_params/tracking/association/distance_threshold] by /roslaunch
[rosmaster.master][INFO] 2026-08-30 09:56:46,101: +PARAM [/target_params/tracking/association/appearance_weight] by /roslaunch
[rosmaster.master][INFO] 2026-08-30 09:56:46,101: +PARAM [/target_params/tracking/association/motion_weight] by /roslaunch
[rosmaster.master][INFO] 2026-08-30 09:56:46,101: +PARAM [/target_params/tracking/kalman/dt] by /roslaunch
[rosmaster.master][INFO] 2026-08-30 09:56:46,101: +PARAM [/target_params/tracking/kalman/process_noise] by /roslaunch
[rosmaster.master][INFO] 2026-08-30 09:56:46,101: +PARAM [/target_params/tracking/kalman/measurement_noise] by /roslaunch
[rosmaster.master][INFO] 2026-08-30 09:56:46,101: +PARAM [/target_params/tracking/kalman/initial_velocity] by /roslaunch
[rosmaster.master][INFO] 2026-08-30 09:56:46,102: +PARAM [/target_params/tracking/kalman/state_dim] by /roslaunch
[rosmaster.master][INFO] 2026-08-30 09:56:46,102: +PARAM [/target_params/tracking/kalman/measurement_dim] by /roslaunch
[rosmaster.master][INFO] 2026-08-30 09:56:46,102: +PARAM [/target_params/behavior/speed_classes/stationary] by /roslaunch
[rosmaster.master][INFO] 2026-08-30 09:56:46,102: +PARAM [/target_params/behavior/speed_classes/slow] by /roslaunch
[rosmaster.master][INFO] 2026-08-30 09:56:46,102: +PARAM [/target_params/behavior/speed_classes/medium] by /roslaunch
[rosmaster.master][INFO] 2026-08-30 09:56:46,102: +PARAM [/target_params/behavior/speed_classes/fast] by /roslaunch
[rosmaster.master][INFO] 2026-08-30 09:56:46,103: +PARAM [/target_params/behavior/speed_classes/extreme] by /roslaunch
[rosmaster.master][INFO] 2026-08-30 09:56:46,103: +PARAM [/target_params/behavior/models/random_walk/noise_scale] by /roslaunch
[rosmaster.master][INFO] 2026-08-30 09:56:46,103: +PARAM [/target_params/behavior/models/random_walk/persistence] by /roslaunch
[rosmaster.master][INFO] 2026-08-30 09:56:46,103: +PARAM [/target_params/behavior/models/pursuit/max_acceleration] by /roslaunch
[rosmaster.master][INFO] 2026-08-30 09:56:46,103: +PARAM [/target_params/behavior/models/pursuit/max_turn_rate] by /roslaunch
[rosmaster.master][INFO] 2026-08-30 09:56:46,103: +PARAM [/target_params/behavior/models/evasion/max_acceleration] by /roslaunch
[rosmaster.master][INFO] 2026-08-30 09:56:46,103: +PARAM [/target_params/behavior/models/evasion/max_turn_rate] by /roslaunch
[rosmaster.master][INFO] 2026-08-30 09:56:46,103: +PARAM [/target_params/behavior/threat/distance_weights] by /roslaunch
[rosmaster.master][INFO] 2026-08-30 09:56:46,104: +PARAM [/target_params/behavior/threat/speed_thresholds/low] by /roslaunch
[rosmaster.master][INFO] 2026-08-30 09:56:46,104: +PARAM [/target_params/behavior/threat/speed_thresholds/medium] by /roslaunch
[rosmaster.master][INFO] 2026-08-30 09:56:46,104: +PARAM [/target_params/behavior/threat/speed_thresholds/high] by /roslaunch
[rosmaster.master][INFO] 2026-08-30 09:56:46,104: +PARAM [/target_params/behavior/threat/priority_boost] by /roslaunch
[rosmaster.master][INFO] 2026-08-30 09:56:46,105: +PARAM [/target_params/performance/update_rates/detection] by /roslaunch
[rosmaster.master][INFO] 2026-08-30 09:56:46,105: +PARAM [/target_params/performance/update_rates/tracking] by /roslaunch
[rosmaster.master][INFO] 2026-08-30 09:56:46,105: +PARAM [/target_params/performance/update_rates/control] by /roslaunch
[rosmaster.master][INFO] 2026-08-30 09:56:46,105: +PARAM [/target_params/performance/update_rates/state] by /roslaunch
[rosmaster.master][INFO] 2026-08-30 09:56:46,105: +PARAM [/target_params/performance/latency/max_detection] by /roslaunch
[rosmaster.master][INFO] 2026-08-30 09:56:46,105: +PARAM [/target_params/performance/latency/max_tracking] by /roslaunch
[rosmaster.master][INFO] 2026-08-30 09:56:46,106: +PARAM [/target_params/performance/latency/max_control] by /roslaunch
[rosmaster.master][INFO] 2026-08-30 09:56:46,106: +PARAM [/target_params/performance/resources/max_memory_mb] by /roslaunch
[rosmaster.master][INFO] 2026-08-30 09:56:46,106: +PARAM [/target_params/performance/resources/max_cpu_percent] by /roslaunch
[rosmaster.master][INFO] 2026-08-30 09:56:46,106: +PARAM [/target_params/performance/resources/max_gpu_memory_mb] by /roslaunch
[rosmaster.master][INFO] 2026-08-30 09:56:46,106: +PARAM [/target_params/camera/fx] by /roslaunch
[rosmaster.master][INFO] 2026-08-30 09:56:46,106: +PARAM [/target_params/camera/fy] by /roslaunch
[rosmaster.master][INFO] 2026-08-30 09:56:46,106: +PARAM [/target_params/camera/cx] by /roslaunch
[rosmaster.master][INFO] 2026-08-30 09:56:46,106: +PARAM [/target_params/camera/cy] by /roslaunch
[rosmaster.master][INFO] 2026-08-30 09:56:46,107: +PARAM [/target_params/camera/width] by /roslaunch
[rosmaster.master][INFO] 2026-08-30 09:56:46,107: +PARAM [/target_params/camera/height] by /roslaunch
[rosmaster.master][INFO] 2026-08-30 09:56:46,107: +PARAM [/target_params/camera/fov] by /roslaunch
[rosmaster.master][INFO] 2026-08-30 09:56:46,107: +PARAM [/camera_calib/camera/id] by /roslaunch
[rosmaster.master][INFO] 2026-08-30 09:56:46,107: +PARAM [/camera_calib/camera/model] by /roslaunch
[rosmaster.master][INFO] 2026-08-30 09:56:46,107: +PARAM [/camera_calib/camera/width] by /roslaunch
[rosmaster.master][INFO] 2026-08-30 09:56:46,107: +PARAM [/camera_calib/camera/height] by /roslaunch
[rosmaster.master][INFO] 2026-08-30 09:56:46,107: +PARAM [/camera_calib/camera/intrinsic/fx] by /roslaunch
[rosmaster.master][INFO] 2026-08-30 09:56:46,107: +PARAM [/camera_calib/camera/intrinsic/fy] by /roslaunch
[rosmaster.master][INFO] 2026-08-30 09:56:46,107: +PARAM [/camera_calib/camera/intrinsic/cx] by /roslaunch
[rosmaster.master][INFO] 2026-08-30 09:56:46,107: +PARAM [/camera_calib/camera/intrinsic/cy] by /roslaunch
[rosmaster.master][INFO] 2026-08-30 09:56:46,107: +PARAM [/camera_calib/camera/intrinsic/fov] by /roslaunch
[rosmaster.master][INFO] 2026-08-30 09:56:46,107: +PARAM [/camera_calib/camera/distortion/model] by /roslaunch
[rosmaster.master][INFO] 2026-08-30 09:56:46,108: +PARAM [/camera_calib/camera/distortion/coefficients/k1] by /roslaunch
[rosmaster.master][INFO] 2026-08-30 09:56:46,108: +PARAM [/camera_calib/camera/distortion/coefficients/k2] by /roslaunch
[rosmaster.master][INFO] 2026-08-30 09:56:46,108: +PARAM [/camera_calib/camera/distortion/coefficients/p1] by /roslaunch
[rosmaster.master][INFO] 2026-08-30 09:56:46,108: +PARAM [/camera_calib/camera/distortion/coefficients/p2] by /roslaunch
[rosmaster.master][INFO] 2026-08-30 09:56:46,108: +PARAM [/camera_calib/camera/distortion/coefficients/k3] by /roslaunch
[rosmaster.master][INFO] 2026-08-30 09:56:46,108: +PARAM [/camera_calib/camera/projection/P] by /roslaunch
[rosmaster.master][INFO] 2026-08-30 09:56:46,108: +PARAM [/camera_calib/camera/rectification/R] by /roslaunch
[rosmaster.master][INFO] 2026-08-30 09:56:46,108: +PARAM [/camera_calib/camera/extrinsic/translation] by /roslaunch
[rosmaster.master][INFO] 2026-08-30 09:56:46,108: +PARAM [/camera_calib/camera/extrinsic/rotation] by /roslaunch
[rosmaster.master][INFO] 2026-08-30 09:56:46,108: +PARAM [/camera_calib/camera/extrinsic/rotation_matrix] by /roslaunch
[rosmaster.master][INFO] 2026-08-30 09:56:46,108: +PARAM [/camera_calib/camera/calibration/date] by /roslaunch
[rosmaster.master][INFO] 2026-08-30 09:56:46,108: +PARAM [/camera_calib/camera/calibration/method] by /roslaunch
[rosmaster.master][INFO] 2026-08-30 09:56:46,109: +PARAM [/camera_calib/camera/calibration/reprojection_error] by /roslaunch
[rosmaster.master][INFO] 2026-08-30 09:56:46,109: +PARAM [/camera_calib/camera/calibration/status] by /roslaunch
[rosmaster.master][INFO] 2026-08-30 09:56:46,110: +PARAM [/camera_calib/image_processing/preprocessing/resize] by /roslaunch
[rosmaster.master][INFO] 2026-08-30 09:56:46,110: +PARAM [/camera_calib/image_processing/preprocessing/normalize] by /roslaunch
[rosmaster.master][INFO] 2026-08-30 09:56:46,110: +PARAM [/camera_calib/image_processing/preprocessing/mean] by /roslaunch
[rosmaster.master][INFO] 2026-08-30 09:56:46,110: +PARAM [/camera_calib/image_processing/preprocessing/std] by /roslaunch
[rosmaster.master][INFO] 2026-08-30 09:56:46,110: +PARAM [/camera_calib/image_processing/color_space] by /roslaunch
[rosmaster.master][INFO] 2026-08-30 09:56:46,111: +PARAM [/camera_calib/image_processing/roi/enabled] by /roslaunch
[rosmaster.master][INFO] 2026-08-30 09:56:46,111: +PARAM [/camera_calib/image_processing/roi/x] by /roslaunch
[rosmaster.master][INFO] 2026-08-30 09:56:46,111: +PARAM [/camera_calib/image_processing/roi/y] by /roslaunch
[rosmaster.master][INFO] 2026-08-30 09:56:46,111: +PARAM [/camera_calib/image_processing/roi/width] by /roslaunch
[rosmaster.master][INFO] 2026-08-30 09:56:46,111: +PARAM [/camera_calib/image_processing/roi/height] by /roslaunch
[rosmaster.master][INFO] 2026-08-30 09:56:46,111: +PARAM [/camera_calib/image_processing/augmentation/horizontal_flip] by /roslaunch
[rosmaster.master][INFO] 2026-08-30 09:56:46,111: +PARAM [/camera_calib/image_processing/augmentation/rotation] by /roslaunch
[rosmaster.master][INFO] 2026-08-30 09:56:46,111: +PARAM [/camera_calib/image_processing/augmentation/scale] by /roslaunch
[rosmaster.master][INFO] 2026-08-30 09:56:46,111: +PARAM [/camera_calib/image_processing/augmentation/brightness] by /roslaunch
[rosmaster.master][INFO] 2026-08-30 09:56:46,111: +PARAM [/camera_calib/stereo/enabled] by /roslaunch
[rosmaster.master][INFO] 2026-08-30 09:56:46,112: +PARAM [/camera_calib/stereo/baseline] by /roslaunch
[rosmaster.master][INFO] 2026-08-30 09:56:46,112: +PARAM [/camera_calib/stereo/depth/min_distance] by /roslaunch
[rosmaster.master][INFO] 2026-08-30 09:56:46,112: +PARAM [/camera_calib/stereo/depth/max_distance] by /roslaunch
[rosmaster.master][INFO] 2026-08-30 09:56:46,112: +PARAM [/camera_calib/stereo/depth/disparity_range] by /roslaunch
[rosmaster.master][INFO] 2026-08-30 09:56:46,112: +PARAM [/camera_calib/stereo/matching/algorithm] by /roslaunch
[rosmaster.master][INFO] 2026-08-30 09:56:46,112: +PARAM [/camera_calib/stereo/matching/num_disparities] by /roslaunch
[rosmaster.master][INFO] 2026-08-30 09:56:46,112: +PARAM [/camera_calib/stereo/matching/block_size] by /roslaunch
[rosmaster.master][INFO] 2026-08-30 09:56:46,112: +PARAM [/camera_calib/stereo/matching/p1] by /roslaunch
[rosmaster.master][INFO] 2026-08-30 09:56:46,112: +PARAM [/camera_calib/stereo/matching/p2] by /roslaunch
[rosmaster.master][INFO] 2026-08-30 09:56:46,112: +PARAM [/flight_control/pid/position/x/p] by /roslaunch
[rosmaster.master][INFO] 2026-08-30 09:56:46,113: +PARAM [/flight_control/pid/position/x/i] by /roslaunch
[rosmaster.master][INFO] 2026-08-30 09:56:46,113: +PARAM [/flight_control/pid/position/x/d] by /roslaunch
[rosmaster.master][INFO] 2026-08-30 09:56:46,113: +PARAM [/flight_control/pid/position/x/integral_clamp] by /roslaunch
[rosmaster.master][INFO] 2026-08-30 09:56:46,113: +PARAM [/flight_control/pid/position/y/p] by /roslaunch
[rosmaster.master][INFO] 2026-08-30 09:56:46,113: +PARAM [/flight_control/pid/position/y/i] by /roslaunch
[rosmaster.master][INFO] 2026-08-30 09:56:46,113: +PARAM [/flight_control/pid/position/y/d] by /roslaunch
[rosmaster.master][INFO] 2026-08-30 09:56:46,113: +PARAM [/flight_control/pid/position/y/integral_clamp] by /roslaunch
[rosmaster.master][INFO] 2026-08-30 09:56:46,113: +PARAM [/flight_control/pid/position/z/p] by /roslaunch
[rosmaster.master][INFO] 2026-08-30 09:56:46,113: +PARAM [/flight_control/pid/position/z/i] by /roslaunch
[rosmaster.master][INFO] 2026-08-30 09:56:46,113: +PARAM [/flight_control/pid/position/z/d] by /roslaunch
[rosmaster.master][INFO] 2026-08-30 09:56:46,113: +PARAM [/flight_control/pid/position/z/integral_clamp] by /roslaunch
[rosmaster.master][INFO] 2026-08-30 09:56:46,114: +PARAM [/flight_control/pid/velocity/x/p] by /roslaunch
[rosmaster.master][INFO] 2026-08-30 09:56:46,114: +PARAM [/flight_control/pid/velocity/x/i] by /roslaunch
[rosmaster.master][INFO] 2026-08-30 09:56:46,114: +PARAM [/flight_control/pid/velocity/x/d] by /roslaunch
[rosmaster.master][INFO] 2026-08-30 09:56:46,114: +PARAM [/flight_control/pid/velocity/y/p] by /roslaunch
[rosmaster.master][INFO] 2026-08-30 09:56:46,114: +PARAM [/flight_control/pid/velocity/y/i] by /roslaunch
[rosmaster.master][INFO] 2026-08-30 09:56:46,114: +PARAM [/flight_control/pid/velocity/y/d] by /roslaunch
[rosmaster.master][INFO] 2026-08-30 09:56:46,115: +PARAM [/flight_control/pid/velocity/z/p] by /roslaunch
[rosmaster.master][INFO] 2026-08-30 09:56:46,115: +PARAM [/flight_control/pid/velocity/z/i] by /roslaunch
[rosmaster.master][INFO] 2026-08-30 09:56:46,115: +PARAM [/flight_control/pid/velocity/z/d] by /roslaunch
[rosmaster.master][INFO] 2026-08-30 09:56:46,115: +PARAM [/flight_control/pid/attitude/roll/p] by /roslaunch
[rosmaster.master][INFO] 2026-08-30 09:56:46,115: +PARAM [/flight_control/pid/attitude/roll/i] by /roslaunch
[rosmaster.master][INFO] 2026-08-30 09:56:46,115: +PARAM [/flight_control/pid/attitude/roll/d] by /roslaunch
[rosmaster.master][INFO] 2026-08-30 09:56:46,115: +PARAM [/flight_control/pid/attitude/pitch/p] by /roslaunch
[rosmaster.master][INFO] 2026-08-30 09:56:46,115: +PARAM [/flight_control/pid/attitude/pitch/i] by /roslaunch
[rosmaster.master][INFO] 2026-08-30 09:56:46,116: +PARAM [/flight_control/pid/attitude/pitch/d] by /roslaunch
[rosmaster.master][INFO] 2026-08-30 09:56:46,116: +PARAM [/flight_control/pid/attitude/yaw/p] by /roslaunch
[rosmaster.master][INFO] 2026-08-30 09:56:46,116: +PARAM [/flight_control/pid/attitude/yaw/i] by /roslaunch
[rosmaster.master][INFO] 2026-08-30 09:56:46,116: +PARAM [/flight_control/pid/attitude/yaw/d] by /roslaunch
[rosmaster.master][INFO] 2026-08-30 09:56:46,116: +PARAM [/flight_control/pid/rate/roll/p] by /roslaunch
[rosmaster.master][INFO] 2026-08-30 09:56:46,116: +PARAM [/flight_control/pid/rate/roll/i] by /roslaunch
[rosmaster.master][INFO] 2026-08-30 09:56:46,116: +PARAM [/flight_control/pid/rate/roll/d] by /roslaunch
[rosmaster.master][INFO] 2026-08-30 09:56:46,116: +PARAM [/flight_control/pid/rate/pitch/p] by /roslaunch
[rosmaster.master][INFO] 2026-08-30 09:56:46,116: +PARAM [/flight_control/pid/rate/pitch/i] by /roslaunch
[rosmaster.master][INFO] 2026-08-30 09:56:46,116: +PARAM [/flight_control/pid/rate/pitch/d] by /roslaunch
[rosmaster.master][INFO] 2026-08-30 09:56:46,116: +PARAM [/flight_control/pid/rate/yaw/p] by /roslaunch
[rosmaster.master][INFO] 2026-08-30 09:56:46,117: +PARAM [/flight_control/pid/rate/yaw/i] by /roslaunch
[rosmaster.master][INFO] 2026-08-30 09:56:46,117: +PARAM [/flight_control/pid/rate/yaw/d] by /roslaunch
[rosmaster.master][INFO] 2026-08-30 09:56:46,117: +PARAM [/flight_control/dynamics/constraints/max_velocity] by /roslaunch
[rosmaster.master][INFO] 2026-08-30 09:56:46,117: +PARAM [/flight_control/dynamics/constraints/max_acceleration] by /roslaunch
[rosmaster.master][INFO] 2026-08-30 09:56:46,117: +PARAM [/flight_control/dynamics/constraints/max_yaw_rate] by /roslaunch
[rosmaster.master][INFO] 2026-08-30 09:56:46,117: +PARAM [/flight_control/dynamics/safety_margins/min_altitude] by /roslaunch
[rosmaster.master][INFO] 2026-08-30 09:56:46,117: +PARAM [/flight_control/dynamics/safety_margins/max_altitude] by /roslaunch
[rosmaster.master][INFO] 2026-08-30 09:56:46,117: +PARAM [/flight_control/dynamics/safety_margins/max_tilt] by /roslaunch
[rosmaster.master][INFO] 2026-08-30 09:56:46,117: +PARAM [/flight_control/dynamics/safety_margins/max_rotation_rate] by /roslaunch
[rosmaster.master][INFO] 2026-08-30 09:56:46,117: +PARAM [/flight_control/dynamics/vehicle/mass] by /roslaunch
[rosmaster.master][INFO] 2026-08-30 09:56:46,118: +PARAM [/flight_control/dynamics/vehicle/moment_of_inertia] by /roslaunch
[rosmaster.master][INFO] 2026-08-30 09:56:46,118: +PARAM [/flight_control/dynamics/vehicle/thrust_to_weight] by /roslaunch
[rosmaster.master][INFO] 2026-08-30 09:56:46,118: +PARAM [/flight_control/dynamics/vehicle/max_thrust] by /roslaunch
[rosmaster.master][INFO] 2026-08-30 09:56:46,118: +PARAM [/flight_control/mission/search_patterns/type] by /roslaunch
[rosmaster.master][INFO] 2026-08-30 09:56:46,118: +PARAM [/flight_control/mission/search_patterns/params/radius] by /roslaunch
[rosmaster.master][INFO] 2026-08-30 09:56:46,118: +PARAM [/flight_control/mission/search_patterns/params/spacing] by /roslaunch
[rosmaster.master][INFO] 2026-08-30 09:56:46,118: +PARAM [/flight_control/mission/search_patterns/params/altitude] by /roslaunch
[rosmaster.master][INFO] 2026-08-30 09:56:46,118: +PARAM [/flight_control/mission/engagement/mode] by /roslaunch
[rosmaster.master][INFO] 2026-08-30 09:56:46,118: +PARAM [/flight_control/mission/engagement/priority_high] by /roslaunch
[rosmaster.master][INFO] 2026-08-30 09:56:46,118: +PARAM [/flight_control/mission/engagement/priority_low] by /roslaunch
[rosmaster.master][INFO] 2026-08-30 09:56:46,118: +PARAM [/flight_control/mission/collision_avoidance/enable] by /roslaunch
[rosmaster.master][INFO] 2026-08-30 09:56:46,118: +PARAM [/flight_control/mission/collision_avoidance/min_distance] by /roslaunch
[rosmaster.master][INFO] 2026-08-30 09:56:46,118: +PARAM [/flight_control/mission/collision_avoidance/safety_margin] by /roslaunch
[rosmaster.master][INFO] 2026-08-30 09:56:46,119: +PARAM [/flight_control/mission/collision_avoidance/avoidance_method] by /roslaunch
[rosmaster.master][INFO] 2026-08-30 09:56:46,119: +PARAM [/flight_control/mission/waypoints/tolerance] by /roslaunch
[rosmaster.master][INFO] 2026-08-30 09:56:46,119: +PARAM [/flight_control/mission/waypoints/loiter_time] by /roslaunch
[rosmaster.master][INFO] 2026-08-30 09:56:46,119: +PARAM [/flight_control/mission/waypoints/approach_speed] by /roslaunch
[rosmaster.master][INFO] 2026-08-30 09:56:46,119: +PARAM [/flight_control/simulation/physics/enable_gravity] by /roslaunch
[rosmaster.master][INFO] 2026-08-30 09:56:46,119: +PARAM [/flight_control/simulation/physics/enable_wind] by /roslaunch
[rosmaster.master][INFO] 2026-08-30 09:56:46,119: +PARAM [/flight_control/simulation/physics/enable_turbulence] by /roslaunch
[rosmaster.master][INFO] 2026-08-30 09:56:46,119: +PARAM [/flight_control/simulation/environment/wind_speed] by /roslaunch
[rosmaster.master][INFO] 2026-08-30 09:56:46,119: +PARAM [/flight_control/simulation/environment/wind_direction] by /roslaunch
[rosmaster.master][INFO] 2026-08-30 09:56:46,119: +PARAM [/flight_control/simulation/environment/turbulence_intensity] by /roslaunch
[rosmaster.master][INFO] 2026-08-30 09:56:46,119: +PARAM [/flight_control/simulation/noise/sensor_noise] by /roslaunch
[rosmaster.master][INFO] 2026-08-30 09:56:46,120: +PARAM [/flight_control/simulation/noise/actuator_noise] by /roslaunch
[rosmaster.master][INFO] 2026-08-30 09:56:46,120: +PARAM [/flight_control/simulation/noise/time_delay] by /roslaunch
[rosmaster.master][INFO] 2026-08-30 09:56:46,120: +PARAM [/flight_control/simulation/speed/simulation_speed] by /roslaunch
[rosmaster.master][INFO] 2026-08-30 09:56:46,120: +PARAM [/flight_control/simulation/speed/real_time_factor] by /roslaunch
[rosmaster.master][INFO] 2026-08-30 09:56:46,120: +PARAM [/kalman_filter/kalman_filter/type] by /roslaunch
[rosmaster.master][INFO] 2026-08-30 09:56:46,120: +PARAM [/kalman_filter/kalman_filter/state_dim] by /roslaunch
[rosmaster.master][INFO] 2026-08-30 09:56:46,120: +PARAM [/kalman_filter/kalman_filter/measurement_dim] by /roslaunch
[rosmaster.master][INFO] 2026-08-30 09:56:46,120: +PARAM [/kalman_filter/kalman_filter/noise/process/position] by /roslaunch
[rosmaster.master][INFO] 2026-08-30 09:56:46,121: +PARAM [/kalman_filter/kalman_filter/noise/process/velocity] by /roslaunch
[rosmaster.master][INFO] 2026-08-30 09:56:46,121: +PARAM [/kalman_filter/kalman_filter/noise/process/acceleration] by /roslaunch
[rosmaster.master][INFO] 2026-08-30 09:56:46,121: +PARAM [/kalman_filter/kalman_filter/noise/measurement/position] by /roslaunch
[rosmaster.master][INFO] 2026-08-30 09:56:46,121: +PARAM [/kalman_filter/kalman_filter/parameters/dt] by /roslaunch
[rosmaster.master][INFO] 2026-08-30 09:56:46,121: +PARAM [/kalman_filter/kalman_filter/parameters/adaptive/enabled] by /roslaunch
[rosmaster.master][INFO] 2026-08-30 09:56:46,121: +PARAM [/kalman_filter/kalman_filter/parameters/adaptive/update_rate] by /roslaunch
[rosmaster.master][INFO] 2026-08-30 09:56:46,121: +PARAM [/kalman_filter/kalman_filter/parameters/adaptive/innovation_threshold] by /roslaunch
[rosmaster.master][INFO] 2026-08-30 09:56:46,121: +PARAM [/kalman_filter/kalman_filter/parameters/outlier_rejection/enabled] by /roslaunch
[rosmaster.master][INFO] 2026-08-30 09:56:46,121: +PARAM [/kalman_filter/kalman_filter/parameters/outlier_rejection/mahalanobis_threshold] by /roslaunch
[rosmaster.master][INFO] 2026-08-30 09:56:46,121: +PARAM [/kalman_filter/kalman_filter/parameters/outlier_rejection/gating] by /roslaunch
[rosmaster.master][INFO] 2026-08-30 09:56:46,121: +PARAM [/kalman_filter/kalman_filter/parameters/initialization/max_measurements] by /roslaunch
[rosmaster.master][INFO] 2026-08-30 09:56:46,122: +PARAM [/kalman_filter/kalman_filter/parameters/initialization/min_velocity_samples] by /roslaunch
[rosmaster.master][INFO] 2026-08-30 09:56:46,122: +PARAM [/kalman_filter/kalman_filter/parameters/convergence/max_iterations] by /roslaunch
[rosmaster.master][INFO] 2026-08-30 09:56:46,122: +PARAM [/kalman_filter/kalman_filter/parameters/convergence/epsilon] by /roslaunch
[rosmaster.master][INFO] 2026-08-30 09:56:46,122: +PARAM [/kalman_filter/kalman_filter/multi_target/enabled] by /roslaunch
[rosmaster.master][INFO] 2026-08-30 09:56:46,122: +PARAM [/kalman_filter/kalman_filter/multi_target/max_targets] by /roslaunch
[rosmaster.master][INFO] 2026-08-30 09:56:46,122: +PARAM [/kalman_filter/kalman_filter/multi_target/association/method] by /roslaunch
[rosmaster.master][INFO] 2026-08-30 09:56:46,122: +PARAM [/kalman_filter/kalman_filter/multi_target/association/gating/enabled] by /roslaunch
[rosmaster.master][INFO] 2026-08-30 09:56:46,122: +PARAM [/kalman_filter/kalman_filter/multi_target/association/gating/gate_size] by /roslaunch
[rosmaster.master][INFO] 2026-08-30 09:56:46,122: +PARAM [/kalman_filter/kalman_filter/multi_target/association/gating/dynamic_gating] by /roslaunch
[rosmaster.master][INFO] 2026-08-30 09:56:46,122: +PARAM [/kalman_filter/kalman_filter/multi_target/association/track_management/birth_probability] by /roslaunch
[rosmaster.master][INFO] 2026-08-30 09:56:46,123: +PARAM [/kalman_filter/kalman_filter/multi_target/association/track_management/death_threshold] by /roslaunch
[rosmaster.master][INFO] 2026-08-30 09:56:46,123: +PARAM [/kalman_filter/kalman_filter/multi_target/association/track_management/merge_threshold] by /roslaunch
[rosmaster.master][INFO] 2026-08-30 09:56:46,123: +PARAM [/kalman_filter/kalman_filter/multi_target/scoring/position_weight] by /roslaunch
[rosmaster.master][INFO] 2026-08-30 09:56:46,123: +PARAM [/kalman_filter/kalman_filter/multi_target/scoring/velocity_weight] by /roslaunch
[rosmaster.master][INFO] 2026-08-30 09:56:46,123: +PARAM [/kalman_filter/kalman_filter/multi_target/scoring/appearance_weight] by /roslaunch
[rosmaster.master][INFO] 2026-08-30 09:56:46,123: +PARAM [/kalman_filter/kalman_filter/multi_target/scoring/history_length] by /roslaunch
[rosmaster.master][INFO] 2026-08-30 09:56:46,123: +PARAM [/kalman_filter/sensor_fusion/sensors] by /roslaunch
[rosmaster.master][INFO] 2026-08-30 09:56:46,124: +PARAM [/kalman_filter/sensor_fusion/algorithms/type] by /roslaunch
[rosmaster.master][INFO] 2026-08-30 09:56:46,124: +PARAM [/kalman_filter/sensor_fusion/algorithms/centralized/measurement_dim] by /roslaunch
[rosmaster.master][INFO] 2026-08-30 09:56:46,124: +PARAM [/kalman_filter/sensor_fusion/algorithms/track_to_track/covariance_intersection] by /roslaunch
[rosmaster.master][INFO] 2026-08-30 09:56:46,124: +PARAM [/kalman_filter/sensor_fusion/algorithms/track_to_track/gamma] by /roslaunch
[rosmaster.master][INFO] 2026-08-30 09:56:46,124: +PARAM [/system_params/ros/master/uri] by /roslaunch
[rosmaster.master][INFO] 2026-08-30 09:56:46,124: +PARAM [/system_params/ros/master/timeout] by /roslaunch
[rosmaster.master][INFO] 2026-08-30 09:56:46,124: +PARAM [/system_params/ros/node/name] by /roslaunch
[rosmaster.master][INFO] 2026-08-30 09:56:46,124: +PARAM [/system_params/ros/node/namespace] by /roslaunch
[rosmaster.master][INFO] 2026-08-30 09:56:46,124: +PARAM [/system_params/ros/topics/camera_image] by /roslaunch
[rosmaster.master][INFO] 2026-08-30 09:56:46,124: +PARAM [/system_params/ros/topics/camera_info] by /roslaunch
[rosmaster.master][INFO] 2026-08-30 09:56:46,124: +PARAM [/system_params/ros/topics/vehicle_state] by /roslaunch
[rosmaster.master][INFO] 2026-08-30 09:56:46,124: +PARAM [/system_params/ros/topics/vehicle_position] by /roslaunch
[rosmaster.master][INFO] 2026-08-30 09:56:46,125: +PARAM [/system_params/ros/topics/vehicle_velocity] by /roslaunch
[rosmaster.master][INFO] 2026-08-30 09:56:46,125: +PARAM [/system_params/ros/topics/vehicle_attitude] by /roslaunch
[rosmaster.master][INFO] 2026-08-30 09:56:46,125: +PARAM [/system_params/ros/topics/battery_status] by /roslaunch
[rosmaster.master][INFO] 2026-08-30 09:56:46,125: +PARAM [/system_params/ros/topics/detection_output] by /roslaunch
[rosmaster.master][INFO] 2026-08-30 09:56:46,125: +PARAM [/system_params/ros/topics/tracked_targets] by /roslaunch
[rosmaster.master][INFO] 2026-08-30 09:56:46,125: +PARAM [/system_params/ros/topics/control_command] by /roslaunch
[rosmaster.master][INFO] 2026-08-30 09:56:46,125: +PARAM [/system_params/ros/topics/safety_status] by /roslaunch
[rosmaster.master][INFO] 2026-08-30 09:56:46,125: +PARAM [/system_params/ros/topics/diagnostic_status] by /roslaunch
[rosmaster.master][INFO] 2026-08-30 09:56:46,125: +PARAM [/system_params/ros/topics/debug_info] by /roslaunch
[rosmaster.master][INFO] 2026-08-30 09:56:46,125: +PARAM [/system_params/ros/topics/performance_metrics] by /roslaunch
[rosmaster.master][INFO] 2026-08-30 09:56:46,125: +PARAM [/system_params/ros/topics/test_results] by /roslaunch
[rosmaster.master][INFO] 2026-08-30 09:56:46,125: +PARAM [/system_params/ros/topics/test_status] by /roslaunch
[rosmaster.master][INFO] 2026-08-30 09:56:46,125: +PARAM [/system_params/logging/level] by /roslaunch
[rosmaster.master][INFO] 2026-08-30 09:56:46,126: +PARAM [/system_params/logging/outputs/console] by /roslaunch
[rosmaster.master][INFO] 2026-08-30 09:56:46,126: +PARAM [/system_params/logging/outputs/file] by /roslaunch
[rosmaster.master][INFO] 2026-08-30 09:56:46,126: +PARAM [/system_params/logging/outputs/rosout] by /roslaunch
[rosmaster.master][INFO] 2026-08-30 09:56:46,126: +PARAM [/system_params/logging/file/directory] by /roslaunch
[rosmaster.master][INFO] 2026-08-30 09:56:46,126: +PARAM [/system_params/logging/file/max_size] by /roslaunch
[rosmaster.master][INFO] 2026-08-30 09:56:46,126: +PARAM [/system_params/logging/file/max_files] by /roslaunch
[rosmaster.master][INFO] 2026-08-30 09:56:46,126: +PARAM [/system_params/logging/file/format] by /roslaunch
[rosmaster.master][INFO] 2026-08-30 09:56:46,126: +PARAM [/system_params/logging/performance/enabled] by /roslaunch
[rosmaster.master][INFO] 2026-08-30 09:56:46,126: +PARAM [/system_params/logging/performance/interval] by /roslaunch
[rosmaster.master][INFO] 2026-08-30 09:56:46,126: +PARAM [/system_params/logging/performance/metrics] by /roslaunch
[rosmaster.master][INFO] 2026-08-30 09:56:46,127: +PARAM [/system_params/logging/performance/output_file] by /roslaunch
[rosmaster.master][INFO] 2026-08-30 09:56:46,127: +PARAM [/system_params/safety/geofence/enabled] by /roslaunch
[rosmaster.master][INFO] 2026-08-30 09:56:46,127: +PARAM [/system_params/safety/geofence/shape] by /roslaunch
[rosmaster.master][INFO] 2026-08-30 09:56:46,127: +PARAM [/system_params/safety/geofence/radius] by /roslaunch
[rosmaster.master][INFO] 2026-08-30 09:56:46,127: +PARAM [/system_params/safety/geofence/height] by /roslaunch
[rosmaster.master][INFO] 2026-08-30 09:56:46,127: +PARAM [/system_params/safety/emergency/action] by /roslaunch
[rosmaster.master][INFO] 2026-08-30 09:56:46,127: +PARAM [/system_params/safety/emergency/altitude_min] by /roslaunch
[rosmaster.master][INFO] 2026-08-30 09:56:46,127: +PARAM [/system_params/safety/emergency/altitude_max] by /roslaunch
[rosmaster.master][INFO] 2026-08-30 09:56:46,128: +PARAM [/system_params/safety/failsafe/battery_critical] by /roslaunch
[rosmaster.master][INFO] 2026-08-30 09:56:46,128: +PARAM [/system_params/safety/failsafe/lost_connection] by /roslaunch
[rosmaster.master][INFO] 2026-08-30 09:56:46,128: +PARAM [/system_params/safety/failsafe/gps_failure] by /roslaunch
[rosmaster.master][INFO] 2026-08-30 09:56:46,128: +PARAM [/system_params/safety/failsafe/sensor_failure] by /roslaunch
[rosmaster.master][INFO] 2026-08-30 09:56:46,128: +PARAM [/system_params/safety/failsafe/exceeded_geofence] by /roslaunch
[rosmaster.master][INFO] 2026-08-30 09:56:46,128: +PARAM [/system_params/safety/health/check_interval] by /roslaunch
[rosmaster.master][INFO] 2026-08-30 09:56:46,129: +PARAM [/system_params/safety/health/restart_on_failure] by /roslaunch
[rosmaster.master][INFO] 2026-08-30 09:56:46,129: +PARAM [/system_params/safety/health/max_restarts] by /roslaunch
[rosmaster.master][INFO] 2026-08-30 09:56:46,129: +PARAM [/system_params/safety/health/restart_delay] by /roslaunch
[rosmaster.master][INFO] 2026-08-30 09:56:46,129: +PARAM [/system_params/performance/threads/detection_pool] by /roslaunch
[rosmaster.master][INFO] 2026-08-30 09:56:46,129: +PARAM [/system_params/performance/threads/control_pool] by /roslaunch
[rosmaster.master][INFO] 2026-08-30 09:56:46,129: +PARAM [/system_params/performance/queues/input_queue_size] by /roslaunch
[rosmaster.master][INFO] 2026-08-30 09:56:46,129: +PARAM [/system_params/performance/queues/output_queue_size] by /roslaunch
[rosmaster.master][INFO] 2026-08-30 09:56:46,129: +PARAM [/system_params/performance/memory/cache_images] by /roslaunch
[rosmaster.master][INFO] 2026-08-30 09:56:46,130: +PARAM [/system_params/performance/memory/max_cache_size] by /roslaunch
[rosmaster.master][INFO] 2026-08-30 09:56:46,130: +PARAM [/system_params/performance/memory/max_cached_messages] by /roslaunch
[rosmaster.master][INFO] 2026-08-30 09:56:46,130: +PARAM [/system_params/performance/timing/use_sim_time] by /roslaunch
[rosmaster.master][INFO] 2026-08-30 09:56:46,130: +PARAM [/system_params/performance/timing/publish_rate] by /roslaunch
[rosmaster.master][INFO] 2026-08-30 09:56:46,130: +PARAM [/system_params/performance/timing/control_rate] by /roslaunch
[rosmaster.master][INFO] 2026-08-30 09:56:46,130: +PARAM [/system_params/network/px4/udp_port] by /roslaunch
[rosmaster.master][INFO] 2026-08-30 09:56:46,130: +PARAM [/system_params/network/px4/tcp_port] by /roslaunch
[rosmaster.master][INFO] 2026-08-30 09:56:46,130: +PARAM [/system_params/network/px4/heartbeat_rate] by /roslaunch
[rosmaster.master][INFO] 2026-08-30 09:56:46,130: +PARAM [/system_params/network/mavros/fcu_url] by /roslaunch
[rosmaster.master][INFO] 2026-08-30 09:56:46,130: +PARAM [/system_params/network/mavros/gcs_url] by /roslaunch
[rosmaster.master][INFO] 2026-08-30 09:56:46,131: +PARAM [/system_params/network/timeout] by /roslaunch
[rosmaster.master][INFO] 2026-08-30 09:56:46,131: +PARAM [/system_params/network/reconnect_attempts] by /roslaunch
[rosmaster.master][INFO] 2026-08-30 09:56:46,131: +PARAM [/system_params/network/reconnect_delay] by /roslaunch
[rosmaster.master][INFO] 2026-08-30 09:56:46,131: +PARAM [/system_params/performance/publish_rate] by /roslaunch
[rosmaster.master][INFO] 2026-08-30 09:56:46,131: +PARAM [/use_simulation] by /roslaunch
[rosmaster.master][INFO] 2026-08-30 09:56:46,131: +PARAM [/parameter_validator/config_dir] by /roslaunch
[rosmaster.master][INFO] 2026-08-30 09:56:46,131: +PARAM [/parameter_validator/validate_on_startup] by /roslaunch
[rosmaster.master][INFO] 2026-08-30 09:56:46,131: +PARAM [/mission_manager/mission_config] by /roslaunch
[rosmaster.master][INFO] 2026-08-30 09:56:46,131: +PARAM [/camera_calibration/simulation_mode] by /roslaunch
[rosmaster.master][INFO] 2026-08-30 09:56:46,131: +PARAM [/yolo_detector/model_path] by /roslaunch
[rosmaster.master][INFO] 2026-08-30 09:56:46,131: +PARAM [/yolo_detector/device] by /roslaunch
[rosmaster.master][INFO] 2026-08-30 09:56:46,132: +PARAM [/sensor_fusion/publish_rate] by /roslaunch
[rosmaster.master][INFO] 2026-08-30 09:56:46,132: +PARAM [/sensor_fusion/simulation_mode] by /roslaunch
[rosmaster.master][INFO] 2026-08-30 09:56:46,132: +PARAM [/target_tracking_controller/simulation_mode] by /roslaunch
[rosmaster.master][INFO] 2026-08-30 09:56:46,132: +PARAM [/vehicle_state_monitor/simulation_mode] by /roslaunch
[rosmaster.master][INFO] 2026-08-30 09:56:46,132: +PARAM [/safety_monitor/enable_geofence] by /roslaunch
[rosmaster.master][INFO] 2026-08-30 09:56:46,132: +PARAM [/safety_monitor/simulation_mode] by /roslaunch
[rosmaster.master][INFO] 2026-08-30 09:56:46,132: +PARAM [/system_health_monitor/monitoring_interval] by /roslaunch
[rosmaster.master][INFO] 2026-08-30 09:56:46,132: +PARAM [/system_health_monitor/critical_threshold_cpu] by /roslaunch
[rosmaster.master][INFO] 2026-08-30 09:56:46,133: +PARAM [/system_health_monitor/critical_threshold_memory] by /roslaunch
[rosmaster.master][INFO] 2026-08-30 09:56:46,133: +PARAM [/system_health_monitor/warning_threshold_cpu] by /roslaunch
[rosmaster.master][INFO] 2026-08-30 09:56:46,133: +PARAM [/system_health_monitor/warning_threshold_memory] by /roslaunch
[rosmaster.master][INFO] 2026-08-30 09:56:46,133: +PARAM [/system_health_monitor/enable_network_monitoring] by /roslaunch
[rosmaster.master][INFO] 2026-08-30 09:56:46,133: +PARAM [/system_health_monitor/enable_disk_monitoring] by /roslaunch
[rosmaster.master][INFO] 2026-08-30 09:56:46,133: +PARAM [/system_health_monitor/enable_process_monitoring] by /roslaunch
[rosmaster.master][INFO] 2026-08-30 09:56:46,133: +PARAM [/health_checker/monitored_nodes] by /roslaunch
[rosmaster.master][INFO] 2026-08-30 09:56:46,133: +PARAM [/health_checker/check_interval] by /roslaunch
[rosmaster.master][INFO] 2026-08-30 09:56:46,133: +PARAM [/health_checker/timeout_threshold] by /roslaunch
[rosmaster.master][INFO] 2026-08-30 09:56:46,134: +PARAM [/health_checker/restart_on_failure] by /roslaunch
[rosmaster.master][INFO] 2026-08-30 09:56:46,134: +PARAM [/health_checker/max_restarts] by /roslaunch
[rosmaster.master][INFO] 2026-08-30 09:56:46,235: +SERVICE [/rosout/get_loggers] /rosout http://kamikaze:37335/
[rosmaster.master][INFO] 2026-08-30 09:56:46,238: +SERVICE [/rosout/set_logger_level] /rosout http://kamikaze:37335/
[rosmaster.master][INFO] 2026-08-30 09:56:46,251: +PUB [/rosout_agg] /rosout http://kamikaze:37335/
[rosmaster.master][INFO] 2026-08-30 09:56:46,258: +SUB [/rosout] /rosout http://kamikaze:37335/
[rosmaster.master][INFO] 2026-08-30 09:56:50,996: +PUB [/rosout] /mission_manager http://kamikaze:33505/
[rosmaster.master][INFO] 2026-08-30 09:56:51,029: +SERVICE [/mission_manager/get_loggers] /mission_manager http://kamikaze:33505/
[rosmaster.master][INFO] 2026-08-30 09:56:51,031: publisherUpdate[/rosout] -> http://kamikaze:37335/ ['http://kamikaze:33505/']
[rosmaster.master][INFO] 2026-08-30 09:56:51,045: +SERVICE [/mission_manager/set_logger_level] /mission_manager http://kamikaze:33505/
[rosmaster.master][INFO] 2026-08-30 09:56:51,313: publisherUpdate[/rosout] -> http://kamikaze:37335/ ['http://kamikaze:33505/']: sec=0.28, result=[1, '', 0]
[rosmaster.master][INFO] 2026-08-30 09:56:51,345: +PUB [/mission_status] /mission_manager http://kamikaze:33505/
[rosmaster.master][INFO] 2026-08-30 09:56:51,397: +PUB [/mission_manager/node_health] /mission_manager http://kamikaze:33505/
[rosmaster.master][INFO] 2026-08-30 09:56:51,424: +SUB [/drone_control/command] /mission_manager http://kamikaze:33505/
[rosmaster.master][INFO] 2026-08-30 09:56:51,435: +SUB [/safety_status] /mission_manager http://kamikaze:33505/
[rosmaster.master][INFO] 2026-08-30 09:56:51,499: +SUB [/tracked_targets] /mission_manager http://kamikaze:33505/
[rosmaster.master][INFO] 2026-08-30 09:56:51,515: +CACHEDPARAM [/rosout_disable_topics_generation] by /mission_manager
[rosmaster.master][INFO] 2026-08-30 09:56:51,710: +CACHEDPARAM [/rosout/omit_topics] by /rosout
[rosmaster.master][INFO] 2026-08-30 09:56:51,946: +PUB [/rosout] /command_interpreter http://kamikaze:43681/
[rosmaster.master][INFO] 2026-08-30 09:56:52,012: publisherUpdate[/rosout] -> http://kamikaze:37335/ ['http://kamikaze:33505/', 'http://kamikaze:43681/']
[rosmaster.master][INFO] 2026-08-30 09:56:52,015: publisherUpdate[/rosout] -> http://kamikaze:37335/ ['http://kamikaze:33505/', 'http://kamikaze:43681/']: sec=0.00, result=[1, '', 0]
[rosmaster.master][INFO] 2026-08-30 09:56:52,043: +SERVICE [/command_interpreter/get_loggers] /command_interpreter http://kamikaze:43681/
[rosmaster.master][INFO] 2026-08-30 09:56:52,046: +SERVICE [/command_interpreter/set_logger_level] /command_interpreter http://kamikaze:43681/
[rosmaster.master][INFO] 2026-08-30 09:56:52,095: +SUB [/drone_control/command] /command_interpreter http://kamikaze:43681/
[rosmaster.master][INFO] 2026-08-30 09:56:52,100: +PUB [/drone_control/command_response] /command_interpreter http://kamikaze:43681/
[rosmaster.master][INFO] 2026-08-30 09:56:52,107: +PUB [/rosout] /sensor_fusion http://kamikaze:37979/
[rosmaster.master][INFO] 2026-08-30 09:56:52,110: +PUB [/command_interpreter/node_health] /command_interpreter http://kamikaze:43681/
[rosmaster.master][INFO] 2026-08-30 09:56:52,119: publisherUpdate[/rosout] -> http://kamikaze:37335/ ['http://kamikaze:33505/', 'http://kamikaze:43681/', 'http://kamikaze:37979/']
[rosmaster.master][INFO] 2026-08-30 09:56:52,121: +CACHEDPARAM [/rosout_disable_topics_generation] by /command_interpreter
[rosmaster.master][INFO] 2026-08-30 09:56:52,125: publisherUpdate[/rosout] -> http://kamikaze:37335/ ['http://kamikaze:33505/', 'http://kamikaze:43681/', 'http://kamikaze:37979/']: sec=0.01, result=[1, '', 0]
[rosmaster.master][INFO] 2026-08-30 09:56:52,133: +SERVICE [/sensor_fusion/get_loggers] /sensor_fusion http://kamikaze:37979/
[rosmaster.master][INFO] 2026-08-30 09:56:52,135: +SERVICE [/sensor_fusion/set_logger_level] /sensor_fusion http://kamikaze:37979/
[rosmaster.master][INFO] 2026-08-30 09:56:52,150: +SUB [/mavros/imu/data] /sensor_fusion http://kamikaze:37979/
[rosmaster.master][INFO] 2026-08-30 09:56:52,199: +SUB [/mavros/global_position/global] /sensor_fusion http://kamikaze:37979/
[rosmaster.master][INFO] 2026-08-30 09:56:52,207: +SUB [/mavros/local_position/pose] /sensor_fusion http://kamikaze:37979/
[rosmaster.master][INFO] 2026-08-30 09:56:52,209: +PUB [/sensor_fusion/node_health] /sensor_fusion http://kamikaze:37979/
[rosmaster.master][INFO] 2026-08-30 09:56:52,226: +CACHEDPARAM [/rosout_disable_topics_generation] by /sensor_fusion
[rosmaster.master][INFO] 2026-08-30 09:56:52,319: +PUB [/rosout] /camera_calibration http://kamikaze:42885/
[rosmaster.master][INFO] 2026-08-30 09:56:52,328: publisherUpdate[/rosout] -> http://kamikaze:37335/ ['http://kamikaze:33505/', 'http://kamikaze:43681/', 'http://kamikaze:37979/', 'http://kamikaze:42885/']
[rosmaster.master][INFO] 2026-08-30 09:56:52,334: publisherUpdate[/rosout] -> http://kamikaze:37335/ ['http://kamikaze:33505/', 'http://kamikaze:43681/', 'http://kamikaze:37979/', 'http://kamikaze:42885/']: sec=0.01, result=[1, '', 0]
[rosmaster.master][INFO] 2026-08-30 09:56:52,405: +SERVICE [/camera_calibration/get_loggers] /camera_calibration http://kamikaze:42885/
[rosmaster.master][INFO] 2026-08-30 09:56:52,411: +SERVICE [/camera_calibration/set_logger_level] /camera_calibration http://kamikaze:42885/
[rosmaster.master][INFO] 2026-08-30 09:56:52,413: +PUB [/camera/camera_info] /camera_calibration http://kamikaze:42885/
[rosmaster.master][INFO] 2026-08-30 09:56:52,418: +PUB [/tf] /camera_calibration http://kamikaze:42885/
[rosmaster.master][INFO] 2026-08-30 09:56:52,424: +CACHEDPARAM [/rosout_disable_topics_generation] by /camera_calibration
[rosmaster.master][INFO] 2026-08-30 09:56:52,661: +PUB [/rosout] /parameter_validator http://kamikaze:36583/
[rosmaster.master][INFO] 2026-08-30 09:56:52,708: +SERVICE [/parameter_validator/get_loggers] /parameter_validator http://kamikaze:36583/
[rosmaster.master][INFO] 2026-08-30 09:56:52,711: +SERVICE [/parameter_validator/set_logger_level] /parameter_validator http://kamikaze:36583/
[rosmaster.master][INFO] 2026-08-30 09:56:52,732: publisherUpdate[/rosout] -> http://kamikaze:37335/ ['http://kamikaze:33505/', 'http://kamikaze:43681/', 'http://kamikaze:37979/', 'http://kamikaze:42885/', 'http://kamikaze:36583/']
[rosmaster.master][INFO] 2026-08-30 09:56:52,739: publisherUpdate[/rosout] -> http://kamikaze:37335/ ['http://kamikaze:33505/', 'http://kamikaze:43681/', 'http://kamikaze:37979/', 'http://kamikaze:42885/', 'http://kamikaze:36583/']: sec=0.01, result=[1, '', 0]
[rosmaster.master][INFO] 2026-08-30 09:56:52,801: +PUB [/rosout] /system_health_monitor http://kamikaze:39181/
[rosmaster.master][INFO] 2026-08-30 09:56:52,824: +SERVICE [/system_health_monitor/get_loggers] /system_health_monitor http://kamikaze:39181/
[rosmaster.master][INFO] 2026-08-30 09:56:52,832: +SERVICE [/system_health_monitor/set_logger_level] /system_health_monitor http://kamikaze:39181/
[rosmaster.master][INFO] 2026-08-30 09:56:52,837: publisherUpdate[/rosout] -> http://kamikaze:37335/ ['http://kamikaze:33505/', 'http://kamikaze:43681/', 'http://kamikaze:37979/', 'http://kamikaze:42885/', 'http://kamikaze:36583/', 'http://kamikaze:39181/']
[rosmaster.master][INFO] 2026-08-30 09:56:52,841: publisherUpdate[/rosout] -> http://kamikaze:37335/ ['http://kamikaze:33505/', 'http://kamikaze:43681/', 'http://kamikaze:37979/', 'http://kamikaze:42885/', 'http://kamikaze:36583/', 'http://kamikaze:39181/']: sec=0.00, result=[1, '', 0]
[rosmaster.master][INFO] 2026-08-30 09:56:52,851: +CACHEDPARAM [/rosout_disable_topics_generation] by /parameter_validator
[rosmaster.master][INFO] 2026-08-30 09:56:52,907: +CACHEDPARAM [/rosout_disable_topics_generation] by /parameter_validator
[rosmaster.master][INFO] 2026-08-30 09:56:52,919: +SUB [/health/check_all] /system_health_monitor http://kamikaze:39181/
[rosmaster.master][INFO] 2026-08-30 09:56:52,921: +PUB [/system_health] /system_health_monitor http://kamikaze:39181/
[rosmaster.master][INFO] 2026-08-30 09:56:52,927: +PUB [/diagnostic_status] /system_health_monitor http://kamikaze:39181/
[rosmaster.master][INFO] 2026-08-30 09:56:52,931: +PUB [/performance_metrics] /system_health_monitor http://kamikaze:39181/
[rosmaster.master][INFO] 2026-08-30 09:56:52,933: +PUB [/system_alert] /system_health_monitor http://kamikaze:39181/
[rosmaster.master][INFO] 2026-08-30 09:56:52,938: +CACHEDPARAM [/rosout_disable_topics_generation] by /system_health_monitor
[rosmaster.master][INFO] 2026-08-30 09:56:53,014: +PUB [/rosout] /vehicle_state_monitor http://kamikaze:36657/
[rosmaster.master][INFO] 2026-08-30 09:56:53,018: +PUB [/rosout] /safety_monitor http://kamikaze:43083/
[rosmaster.master][INFO] 2026-08-30 09:56:53,030: +SERVICE [/safety_monitor/get_loggers] /safety_monitor http://kamikaze:43083/
[rosmaster.master][INFO] 2026-08-30 09:56:53,032: +SERVICE [/vehicle_state_monitor/get_loggers] /vehicle_state_monitor http://kamikaze:36657/
[rosmaster.master][INFO] 2026-08-30 09:56:53,033: +SERVICE [/safety_monitor/set_logger_level] /safety_monitor http://kamikaze:43083/
[rosmaster.master][INFO] 2026-08-30 09:56:53,039: +PUB [/rosout] /health_checker http://kamikaze:33613/
[rosmaster.master][INFO] 2026-08-30 09:56:53,040: +SERVICE [/vehicle_state_monitor/set_logger_level] /vehicle_state_monitor http://kamikaze:36657/
[rosmaster.master][INFO] 2026-08-30 09:56:53,042: publisherUpdate[/rosout] -> http://kamikaze:37335/ ['http://kamikaze:33505/', 'http://kamikaze:43681/', 'http://kamikaze:37979/', 'http://kamikaze:42885/', 'http://kamikaze:36583/', 'http://kamikaze:39181/', 'http://kamikaze:36657/']
[rosmaster.master][INFO] 2026-08-30 09:56:53,044: publisherUpdate[/rosout] -> http://kamikaze:37335/ ['http://kamikaze:33505/', 'http://kamikaze:43681/', 'http://kamikaze:37979/', 'http://kamikaze:42885/', 'http://kamikaze:36583/', 'http://kamikaze:39181/', 'http://kamikaze:36657/']: sec=0.00, result=[1, '', 0]
[rosmaster.master][INFO] 2026-08-30 09:56:53,044: publisherUpdate[/rosout] -> http://kamikaze:37335/ ['http://kamikaze:33505/', 'http://kamikaze:43681/', 'http://kamikaze:37979/', 'http://kamikaze:42885/', 'http://kamikaze:36583/', 'http://kamikaze:39181/', 'http://kamikaze:36657/', 'http://kamikaze:43083/']
[rosmaster.master][INFO] 2026-08-30 09:56:53,046: publisherUpdate[/rosout] -> http://kamikaze:37335/ ['http://kamikaze:33505/', 'http://kamikaze:43681/', 'http://kamikaze:37979/', 'http://kamikaze:42885/', 'http://kamikaze:36583/', 'http://kamikaze:39181/', 'http://kamikaze:36657/', 'http://kamikaze:43083/']: sec=0.00, result=[1, '', 0]
[rosmaster.master][INFO] 2026-08-30 09:56:53,046: publisherUpdate[/rosout] -> http://kamikaze:37335/ ['http://kamikaze:33505/', 'http://kamikaze:43681/', 'http://kamikaze:37979/', 'http://kamikaze:42885/', 'http://kamikaze:36583/', 'http://kamikaze:39181/', 'http://kamikaze:36657/', 'http://kamikaze:43083/', 'http://kamikaze:33613/']
[rosmaster.master][INFO] 2026-08-30 09:56:53,097: publisherUpdate[/rosout] -> http://kamikaze:37335/ ['http://kamikaze:33505/', 'http://kamikaze:43681/', 'http://kamikaze:37979/', 'http://kamikaze:42885/', 'http://kamikaze:36583/', 'http://kamikaze:39181/', 'http://kamikaze:36657/', 'http://kamikaze:43083/', 'http://kamikaze:33613/']: sec=0.05, result=[1, '', 0]
[rosmaster.master][INFO] 2026-08-30 09:56:53,107: +SERVICE [/health_checker/get_loggers] /health_checker http://kamikaze:33613/
[rosmaster.master][INFO] 2026-08-30 09:56:53,110: +SERVICE [/health_checker/set_logger_level] /health_checker http://kamikaze:33613/
[rosmaster.master][INFO] 2026-08-30 09:56:53,113: +SUB [/mavros/state] /vehicle_state_monitor http://kamikaze:36657/
[rosmaster.master][INFO] 2026-08-30 09:56:53,121: +SUB [/mavros/battery] /vehicle_state_monitor http://kamikaze:36657/
[rosmaster.master][INFO] 2026-08-30 09:56:53,124: +SUB [/mavros/local_position/pose] /safety_monitor http://kamikaze:43083/
[rosmaster.master][INFO] 2026-08-30 09:56:53,129: +SUB [/mavros/local_position/velocity] /vehicle_state_monitor http://kamikaze:36657/
[rosmaster.master][INFO] 2026-08-30 09:56:53,131: +SUB [/yolo_detector/node_health] /health_checker http://kamikaze:33613/
[rosmaster.master][INFO] 2026-08-30 09:56:53,132: +SUB [/mavros/local_position/velocity] /safety_monitor http://kamikaze:43083/
[rosmaster.master][INFO] 2026-08-30 09:56:53,133: +PUB [/drone_status] /vehicle_state_monitor http://kamikaze:36657/
[rosmaster.master][INFO] 2026-08-30 09:56:53,140: +SUB [/mavros/state] /safety_monitor http://kamikaze:43083/
[rosmaster.master][INFO] 2026-08-30 09:56:53,141: +SUB [/target_tracking_controller/node_health] /health_checker http://kamikaze:33613/
[rosmaster.master][INFO] 2026-08-30 09:56:53,141: +PUB [/diagnostic_status] /vehicle_state_monitor http://kamikaze:36657/
[rosmaster.master][INFO] 2026-08-30 09:56:53,144: +SUB [/vehicle_state_monitor/node_health] /health_checker http://kamikaze:33613/
[rosmaster.master][INFO] 2026-08-30 09:56:53,147: +PUB [/safety_status] /safety_monitor http://kamikaze:43083/
[rosmaster.master][INFO] 2026-08-30 09:56:53,149: +PUB [/vehicle_state_monitor/node_health] /vehicle_state_monitor http://kamikaze:36657/
[rosmaster.master][INFO] 2026-08-30 09:56:53,151: +PUB [/safety_monitor/node_health] /safety_monitor http://kamikaze:43083/
[rosmaster.master][INFO] 2026-08-30 09:56:53,152: +SUB [/mission_manager/node_health] /health_checker http://kamikaze:33613/
[rosmaster.master][INFO] 2026-08-30 09:56:53,155: +PUB [/battery_percentage] /vehicle_state_monitor http://kamikaze:36657/
[rosmaster.master][INFO] 2026-08-30 09:56:53,157: +SUB [/safety_monitor/node_health] /health_checker http://kamikaze:33613/
[rosmaster.master][INFO] 2026-08-30 09:56:53,159: +SERVICE [/drone_emergency_stop] /vehicle_state_monitor http://kamikaze:36657/
[rosmaster.master][INFO] 2026-08-30 09:56:53,160: +PUB [/emergency_triggered] /safety_monitor http://kamikaze:43083/
[rosmaster.master][INFO] 2026-08-30 09:56:53,162: +SERVICE [/drone_arm] /vehicle_state_monitor http://kamikaze:36657/
[rosmaster.master][INFO] 2026-08-30 09:56:53,164: +SERVICE [/drone_disarm] /vehicle_state_monitor http://kamikaze:36657/
[rosmaster.master][INFO] 2026-08-30 09:56:53,165: +SERVICE [/safety/geofence_enable] /safety_monitor http://kamikaze:43083/
[rosmaster.master][INFO] 2026-08-30 09:56:53,165: +SUB [/command_interpreter/node_health] /health_checker http://kamikaze:33613/
[rosmaster.master][INFO] 2026-08-30 09:56:53,169: +SERVICE [/drone_get_status] /vehicle_state_monitor http://kamikaze:36657/
[rosmaster.master][INFO] 2026-08-30 09:56:53,171: +SERVICE [/safety/geofence_disable] /safety_monitor http://kamikaze:43083/
[rosmaster.master][INFO] 2026-08-30 09:56:53,195: +PUB [/system_health] /health_checker http://kamikaze:33613/
[rosmaster.master][INFO] 2026-08-30 09:56:53,197: +SERVICE [/safety/check] /safety_monitor http://kamikaze:43083/
[rosmaster.master][INFO] 2026-08-30 09:56:53,197: publisherUpdate[/safety_status] -> http://kamikaze:33505/ ['http://kamikaze:43083/']
[rosmaster.master][INFO] 2026-08-30 09:56:53,199: publisherUpdate[/vehicle_state_monitor/node_health] -> http://kamikaze:33613/ ['http://kamikaze:36657/']
[rosmaster.master][INFO] 2026-08-30 09:56:53,200: +SERVICE [/health/check_all] /health_checker http://kamikaze:33613/
[rosmaster.master][INFO] 2026-08-30 09:56:53,206: +CACHEDPARAM [/rosout_disable_topics_generation] by /vehicle_state_monitor
[rosmaster.master][INFO] 2026-08-30 09:56:53,209: publisherUpdate[/safety_status] -> http://kamikaze:33505/ ['http://kamikaze:43083/']: sec=0.01, result=[1, '', 0]
[rosmaster.master][INFO] 2026-08-30 09:56:53,211: +SERVICE [/safety/status] /safety_monitor http://kamikaze:43083/
[rosmaster.master][INFO] 2026-08-30 09:56:53,215: publisherUpdate[/vehicle_state_monitor/node_health] -> http://kamikaze:33613/ ['http://kamikaze:36657/']: sec=0.01, result=[1, '', 0]
[rosmaster.master][INFO] 2026-08-30 09:56:53,216: +SERVICE [/health/restart_node] /health_checker http://kamikaze:33613/
[rosmaster.master][INFO] 2026-08-30 09:56:53,230: +CACHEDPARAM [/rosout_disable_topics_generation] by /health_checker
[rosmaster.master][INFO] 2026-08-30 09:56:53,231: +CACHEDPARAM [/rosout_disable_topics_generation] by /safety_monitor
[rosmaster.master][INFO] 2026-08-30 09:56:53,237: +CACHEDPARAM [/rosout_disable_topics_generation] by /safety_monitor
[rosmaster.master][INFO] 2026-08-30 09:56:54,101: +PUB [/rosout] /target_tracking_controller http://kamikaze:45445/
[rosmaster.master][INFO] 2026-08-30 09:56:54,133: publisherUpdate[/rosout] -> http://kamikaze:37335/ ['http://kamikaze:33505/', 'http://kamikaze:43681/', 'http://kamikaze:37979/', 'http://kamikaze:42885/', 'http://kamikaze:36583/', 'http://kamikaze:39181/', 'http://kamikaze:36657/', 'http://kamikaze:43083/', 'http://kamikaze:33613/', 'http://kamikaze:45445/']
[rosmaster.master][INFO] 2026-08-30 09:56:54,138: publisherUpdate[/rosout] -> http://kamikaze:37335/ ['http://kamikaze:33505/', 'http://kamikaze:43681/', 'http://kamikaze:37979/', 'http://kamikaze:42885/', 'http://kamikaze:36583/', 'http://kamikaze:39181/', 'http://kamikaze:36657/', 'http://kamikaze:43083/', 'http://kamikaze:33613/', 'http://kamikaze:45445/']: sec=0.00, result=[1, '', 0]
[rosmaster.master][INFO] 2026-08-30 09:56:54,145: +SERVICE [/target_tracking_controller/get_loggers] /target_tracking_controller http://kamikaze:45445/
[rosmaster.master][INFO] 2026-08-30 09:56:54,148: +SERVICE [/target_tracking_controller/set_logger_level] /target_tracking_controller http://kamikaze:45445/
[rosmaster.master][INFO] 2026-08-30 09:56:54,167: +SUB [/mavros/local_position/odom] /target_tracking_controller http://kamikaze:45445/
[rosmaster.master][INFO] 2026-08-30 09:56:54,173: +SUB [/detected_objects] /target_tracking_controller http://kamikaze:45445/
[rosmaster.master][INFO] 2026-08-30 09:56:54,178: +SUB [/mavros/state] /target_tracking_controller http://kamikaze:45445/
[rosmaster.master][INFO] 2026-08-30 09:56:54,185: +SUB [/mission_status] /target_tracking_controller http://kamikaze:45445/
[rosmaster.master][INFO] 2026-08-30 09:56:54,190: +PUB [/tracked_targets] /target_tracking_controller http://kamikaze:45445/
[rosmaster.master][INFO] 2026-08-30 09:56:54,194: +PUB [/mavros/setpoint_velocity/cmd_vel_unstamped] /target_tracking_controller http://kamikaze:45445/
[rosmaster.master][INFO] 2026-08-30 09:56:54,200: +PUB [/mavros/setpoint_raw/local] /target_tracking_controller http://kamikaze:45445/
[rosmaster.master][INFO] 2026-08-30 09:56:54,205: +PUB [/target_tracking_controller/node_health] /target_tracking_controller http://kamikaze:45445/
[rosmaster.master][INFO] 2026-08-30 09:56:54,236: publisherUpdate[/tracked_targets] -> http://kamikaze:33505/ ['http://kamikaze:45445/']
[rosmaster.master][INFO] 2026-08-30 09:56:54,242: publisherUpdate[/tracked_targets] -> http://kamikaze:33505/ ['http://kamikaze:45445/']: sec=0.01, result=[1, '', 0]
[rosmaster.master][INFO] 2026-08-30 09:56:54,244: publisherUpdate[/target_tracking_controller/node_health] -> http://kamikaze:33613/ ['http://kamikaze:45445/']
[rosmaster.master][INFO] 2026-08-30 09:56:54,250: publisherUpdate[/target_tracking_controller/node_health] -> http://kamikaze:33613/ ['http://kamikaze:45445/']: sec=0.01, result=[1, '', 0]
[rosmaster.master][INFO] 2026-08-30 09:56:56,344: +CACHEDPARAM [/rosout_disable_topics_generation] by /target_tracking_controller
[rosmaster.master][INFO] 2026-08-30 09:56:58,235: +CACHEDPARAM [/rosout_disable_topics_generation] by /health_checker
[rosmaster.master][INFO] 2026-08-30 09:56:58,239: +CACHEDPARAM [/rosout_disable_topics_generation] by /health_checker
[rosmaster.master][INFO] 2026-08-30 09:56:58,244: +CACHEDPARAM [/rosout_disable_topics_generation] by /health_checker
[rosmaster.master][INFO] 2026-08-30 09:56:58,474: +CACHEDPARAM [/rosout_disable_topics_generation] by /target_tracking_controller
[rosmaster.master][INFO] 2026-08-30 09:56:58,481: +CACHEDPARAM [/rosout_disable_topics_generation] by /target_tracking_controller
[rosmaster.master][INFO] 2026-08-30 09:56:58,841: +PUB [/rosout] /trajectory_planner http://trajectory:33795/
[rosmaster.master][INFO] 2026-08-30 09:56:58,853: +SERVICE [/trajectory_planner/get_loggers] /trajectory_planner http://trajectory:33795/
[rosmaster.master][INFO] 2026-08-30 09:56:58,857: +SERVICE [/trajectory_planner/set_logger_level] /trajectory_planner http://trajectory:33795/
[rosmaster.master][INFO] 2026-08-30 09:56:58,873: +SUB [/mavros/local_position/odom] /trajectory_planner http://trajectory:33795/
[rosmaster.master][INFO] 2026-08-30 09:56:58,878: +SUB [/tracked_targets] /trajectory_planner http://trajectory:33795/
[rosmaster.master][INFO] 2026-08-30 09:56:58,883: publisherUpdate[/rosout] -> http://kamikaze:37335/ ['http://kamikaze:33505/', 'http://kamikaze:43681/', 'http://kamikaze:37979/', 'http://kamikaze:42885/', 'http://kamikaze:36583/', 'http://kamikaze:39181/', 'http://kamikaze:36657/', 'http://kamikaze:43083/', 'http://kamikaze:33613/', 'http://kamikaze:45445/', 'http://trajectory:33795/']
[rosmaster.master][INFO] 2026-08-30 09:56:58,885: +SUB [/mission_status] /trajectory_planner http://trajectory:33795/
[rosmaster.master][INFO] 2026-08-30 09:56:58,888: +PUB [/planned_trajectory] /trajectory_planner http://trajectory:33795/
[rosmaster.master][INFO] 2026-08-30 09:56:58,894: publisherUpdate[/rosout] -> http://kamikaze:37335/ ['http://kamikaze:33505/', 'http://kamikaze:43681/', 'http://kamikaze:37979/', 'http://kamikaze:42885/', 'http://kamikaze:36583/', 'http://kamikaze:39181/', 'http://kamikaze:36657/', 'http://kamikaze:43083/', 'http://kamikaze:33613/', 'http://kamikaze:45445/', 'http://trajectory:33795/']: sec=0.01, result=[1, '', 0]
[rosmaster.master][INFO] 2026-08-30 09:56:58,898: +PUB [/waypoints] /trajectory_planner http://trajectory:33795/
[rosmaster.master][INFO] 2026-08-30 09:56:58,905: +PUB [/path] /trajectory_planner http://trajectory:33795/
[rosmaster.master][INFO] 2026-08-30 09:56:58,909: +PUB [/planner_status] /trajectory_planner http://trajectory:33795/
[rosmaster.master][INFO] 2026-08-30 09:56:58,930: +CACHEDPARAM [/rosout_disable_topics_generation] by /trajectory_planner
[rosmaster.master][INFO] 2026-08-30 09:56:59,033: +PUB [/rosout] /performance_monitor http://performance:43249/
[rosmaster.master][INFO] 2026-08-30 09:56:59,041: +SERVICE [/performance_monitor/get_loggers] /performance_monitor http://performance:43249/
[rosmaster.master][INFO] 2026-08-30 09:56:59,043: +SERVICE [/performance_monitor/set_logger_level] /performance_monitor http://performance:43249/
[rosmaster.master][INFO] 2026-08-30 09:56:59,053: +SUB [/performance/command] /performance_monitor http://performance:43249/
[rosmaster.master][INFO] 2026-08-30 09:56:59,057: +SUB [/performance/benchmark] /performance_monitor http://performance:43249/
[rosmaster.master][INFO] 2026-08-30 09:56:59,058: +PUB [/performance/metrics] /performance_monitor http://performance:43249/
[rosmaster.master][INFO] 2026-08-30 09:56:59,060: +PUB [/performance/benchmark_results] /performance_monitor http://performance:43249/
[rosmaster.master][INFO] 2026-08-30 09:56:59,061: +PUB [/performance/alert] /performance_monitor http://performance:43249/
[rosmaster.master][INFO] 2026-08-30 09:56:59,062: +PUB [/diagnostic_status] /performance_monitor http://performance:43249/
[rosmaster.master][INFO] 2026-08-30 09:56:59,065: +CACHEDPARAM [/rosout_disable_topics_generation] by /performance_monitor
[rosmaster.master][INFO] 2026-08-30 09:56:59,094: +PUB [/rosout] /yolo_detector http://kamikaze:35479/
[rosmaster.master][INFO] 2026-08-30 09:56:59,095: publisherUpdate[/rosout] -> http://kamikaze:37335/ ['http://kamikaze:33505/', 'http://kamikaze:43681/', 'http://kamikaze:37979/', 'http://kamikaze:42885/', 'http://kamikaze:36583/', 'http://kamikaze:39181/', 'http://kamikaze:36657/', 'http://kamikaze:43083/', 'http://kamikaze:33613/', 'http://kamikaze:45445/', 'http://trajectory:33795/', 'http://performance:43249/']
[rosmaster.master][INFO] 2026-08-30 09:56:59,098: publisherUpdate[/rosout] -> http://kamikaze:37335/ ['http://kamikaze:33505/', 'http://kamikaze:43681/', 'http://kamikaze:37979/', 'http://kamikaze:42885/', 'http://kamikaze:36583/', 'http://kamikaze:39181/', 'http://kamikaze:36657/', 'http://kamikaze:43083/', 'http://kamikaze:33613/', 'http://kamikaze:45445/', 'http://trajectory:33795/', 'http://performance:43249/']: sec=0.00, result=[1, '', 0]
[rosmaster.master][INFO] 2026-08-30 09:56:59,098: publisherUpdate[/rosout] -> http://kamikaze:37335/ ['http://kamikaze:33505/', 'http://kamikaze:43681/', 'http://kamikaze:37979/', 'http://kamikaze:42885/', 'http://kamikaze:36583/', 'http://kamikaze:39181/', 'http://kamikaze:36657/', 'http://kamikaze:43083/', 'http://kamikaze:33613/', 'http://kamikaze:45445/', 'http://trajectory:33795/', 'http://performance:43249/', 'http://kamikaze:35479/']
[rosmaster.master][INFO] 2026-08-30 09:56:59,100: publisherUpdate[/rosout] -> http://kamikaze:37335/ ['http://kamikaze:33505/', 'http://kamikaze:43681/', 'http://kamikaze:37979/', 'http://kamikaze:42885/', 'http://kamikaze:36583/', 'http://kamikaze:39181/', 'http://kamikaze:36657/', 'http://kamikaze:43083/', 'http://kamikaze:33613/', 'http://kamikaze:45445/', 'http://trajectory:33795/', 'http://performance:43249/', 'http://kamikaze:35479/']: sec=0.00, result=[1, '', 0]
[rosmaster.master][INFO] 2026-08-30 09:56:59,101: +SERVICE [/yolo_detector/get_loggers] /yolo_detector http://kamikaze:35479/
[rosmaster.master][INFO] 2026-08-30 09:56:59,103: +SERVICE [/yolo_detector/set_logger_level] /yolo_detector http://kamikaze:35479/
[rosmaster.master][INFO] 2026-08-30 09:56:59,111: +PUB [/yolo_detector/node_health] /yolo_detector http://kamikaze:35479/
[rosmaster.master][INFO] 2026-08-30 09:56:59,114: publisherUpdate[/yolo_detector/node_health] -> http://kamikaze:33613/ ['http://kamikaze:35479/']
[rosmaster.master][INFO] 2026-08-30 09:56:59,115: +SUB [/drone_control/command] /yolo_detector http://kamikaze:35479/
[rosmaster.master][INFO] 2026-08-30 09:56:59,116: publisherUpdate[/yolo_detector/node_health] -> http://kamikaze:33613/ ['http://kamikaze:35479/']: sec=0.00, result=[1, '', 0]
[rosmaster.master][INFO] 2026-08-30 09:56:59,117: +PUB [/command_response] /yolo_detector http://kamikaze:35479/
[rosmaster.master][INFO] 2026-08-30 09:56:59,126: +SUB [/mission_status] /yolo_detector http://kamikaze:35479/
[rosmaster.master][INFO] 2026-08-30 09:56:59,130: +CACHEDPARAM [/rosout_disable_topics_generation] by /yolo_detector
[rosmaster.master][INFO] 2026-08-30 09:56:59,454: +CACHEDPARAM [/rosout_disable_topics_generation] by /yolo_detector
[rosmaster.master][INFO] 2026-08-30 09:56:59,457: +SUB [/camera/color/image_raw] /yolo_detector http://kamikaze:35479/
[rosmaster.master][INFO] 2026-08-30 09:56:59,458: +PUB [/detected_objects] /yolo_detector http://kamikaze:35479/
[rosmaster.master][INFO] 2026-08-30 09:56:59,460: +CACHEDPARAM [/rosout_disable_topics_generation] by /yolo_detector
[rosmaster.master][INFO] 2026-08-30 09:56:59,463: +CACHEDPARAM [/rosout_disable_topics_generation] by /yolo_detector
[rosmaster.master][INFO] 2026-08-30 09:56:59,500: publisherUpdate[/detected_objects] -> http://kamikaze:45445/ ['http://kamikaze:35479/']
[rosmaster.master][INFO] 2026-08-30 09:56:59,503: publisherUpdate[/detected_objects] -> http://kamikaze:45445/ ['http://kamikaze:35479/']: sec=0.00, result=[1, '', 0]
[rosmaster.master][INFO] 2026-08-30 09:57:01,070: +CACHEDPARAM [/rosout_disable_topics_generation] by /performance_monitor
[rosmaster.master][INFO] 2026-08-30 09:57:06,077: +CACHEDPARAM [/rosout_disable_topics_generation] by /performance_monitor
[rosmaster.master][INFO] 2026-08-30 09:57:11,081: +CACHEDPARAM [/rosout_disable_topics_generation] by /performance_monitor
[rosmaster.master][INFO] 2026-08-30 09:57:12,325: +CACHEDPARAM [/rosout_disable_topics_generation] by /performance_monitor
[rosmaster.master][INFO] 2026-08-30 09:57:13,066: +CACHEDPARAM [/rosout_disable_topics_generation] by /performance_monitor
[rosmaster.master][INFO] 2026-08-30 09:57:14,225: +CACHEDPARAM [/rosout_disable_topics_generation] by /performance_monitor
[rosmaster.master][INFO] 2026-08-30 09:57:14,277: +CACHEDPARAM [/rosout_disable_topics_generation] by /performance_monitor
[rosmaster.master][INFO] 2026-08-30 09:57:14,279: +CACHEDPARAM [/rosout_disable_topics_generation] by /performance_monitor
[rosmaster.master][INFO] 2026-08-30 09:57:19,283: +CACHEDPARAM [/rosout_disable_topics_generation] by /performance_monitor
[rosmaster.master][INFO] 2026-08-30 09:57:20,562: +CACHEDPARAM [/rosout_disable_topics_generation] by /performance_monitor
[rosmaster.master][INFO] 2026-08-30 09:57:21,325: +CACHEDPARAM [/rosout_disable_topics_generation] by /performance_monitor
[rosmaster.master][INFO] 2026-08-30 09:57:22,473: +CACHEDPARAM [/rosout_disable_topics_generation] by /performance_monitor
[rosmaster.master][INFO] 2026-08-30 09:57:22,527: +CACHEDPARAM [/rosout_disable_topics_generation] by /performance_monitor
[rosmaster.master][INFO] 2026-08-30 09:57:22,528: +CACHEDPARAM [/rosout_disable_topics_generation] by /performance_monitor
[rosmaster.master][INFO] 2026-08-30 09:57:27,561: +CACHEDPARAM [/rosout_disable_topics_generation] by /performance_monitor
[rosmaster.master][INFO] 2026-08-30 09:57:28,955: +CACHEDPARAM [/rosout_disable_topics_generation] by /performance_monitor
[rosmaster.master][INFO] 2026-08-30 09:57:29,682: +CACHEDPARAM [/rosout_disable_topics_generation] by /performance_monitor
[rosmaster.master][INFO] 2026-08-30 09:57:30,869: +CACHEDPARAM [/rosout_disable_topics_generation] by /performance_monitor
[rosmaster.master][INFO] 2026-08-30 09:57:30,919: +CACHEDPARAM [/rosout_disable_topics_generation] by /performance_monitor
[rosmaster.master][INFO] 2026-08-30 09:57:30,921: +CACHEDPARAM [/rosout_disable_topics_generation] by /performance_monitor
[rosmaster.master][INFO] 2026-08-30 09:57:35,925: +CACHEDPARAM [/rosout_disable_topics_generation] by /performance_monitor
[rosmaster.master][INFO] 2026-08-30 09:57:38,466: +CACHEDPARAM [/rosout_disable_topics_generation] by /performance_monitor
[rosmaster.master][INFO] 2026-08-30 09:57:39,837: +CACHEDPARAM [/rosout_disable_topics_generation] by /performance_monitor
[rosmaster.master][INFO] 2026-08-30 09:57:41,077: +CACHEDPARAM [/rosout_disable_topics_generation] by /performance_monitor
[rosmaster.master][INFO] 2026-08-30 09:57:41,254: +CACHEDPARAM [/rosout_disable_topics_generation] by /performance_monitor
[rosmaster.master][INFO] 2026-08-30 09:57:41,261: +CACHEDPARAM [/rosout_disable_topics_generation] by /performance_monitor
[rosmaster.master][INFO] 2026-08-30 09:57:46,266: +CACHEDPARAM [/rosout_disable_topics_generation] by /performance_monitor
[rosmaster.master][INFO] 2026-08-30 09:57:48,341: +CACHEDPARAM [/rosout_disable_topics_generation] by /performance_monitor
[rosmaster.master][INFO] 2026-08-30 09:57:49,634: +CACHEDPARAM [/rosout_disable_topics_generation] by /performance_monitor
[rosmaster.master][INFO] 2026-08-30 09:57:50,828: +CACHEDPARAM [/rosout_disable_topics_generation] by /performance_monitor
[rosmaster.master][INFO] 2026-08-30 09:57:50,983: +CACHEDPARAM [/rosout_disable_topics_generation] by /performance_monitor
[rosmaster.master][INFO] 2026-08-30 09:57:50,992: +CACHEDPARAM [/rosout_disable_topics_generation] by /performance_monitor
[rosmaster.master][INFO] 2026-08-30 09:57:56,009: +CACHEDPARAM [/rosout_disable_topics_generation] by /performance_monitor
[rosmaster.master][INFO] 2026-08-30 09:57:59,341: +CACHEDPARAM [/rosout_disable_topics_generation] by /performance_monitor
[rosmaster.master][INFO] 2026-08-30 09:58:00,768: +CACHEDPARAM [/rosout_disable_topics_generation] by /performance_monitor
[rosmaster.master][INFO] 2026-08-30 09:58:01,984: +CACHEDPARAM [/rosout_disable_topics_generation] by /performance_monitor
[rosmaster.master][INFO] 2026-08-30 09:58:02,159: +CACHEDPARAM [/rosout_disable_topics_generation] by /performance_monitor
[rosmaster.master][INFO] 2026-08-30 09:58:02,170: +CACHEDPARAM [/rosout_disable_topics_generation] by /performance_monitor
[rosmaster.master][INFO] 2026-08-30 09:58:07,184: +CACHEDPARAM [/rosout_disable_topics_generation] by /performance_monitor
[rosmaster.master][INFO] 2026-08-30 09:58:09,849: +CACHEDPARAM [/rosout_disable_topics_generation] by /performance_monitor
[rosmaster.master][INFO] 2026-08-30 09:58:11,324: +CACHEDPARAM [/rosout_disable_topics_generation] by /performance_monitor
[rosmaster.master][INFO] 2026-08-30 09:58:12,583: +CACHEDPARAM [/rosout_disable_topics_generation] by /performance_monitor
[rosmaster.master][INFO] 2026-08-30 09:58:12,831: +CACHEDPARAM [/rosout_disable_topics_generation] by /performance_monitor
[rosmaster.master][INFO] 2026-08-30 09:58:12,835: +CACHEDPARAM [/rosout_disable_topics_generation] by /performance_monitor
[rosmaster.master][INFO] 2026-08-30 09:58:17,846: +CACHEDPARAM [/rosout_disable_topics_generation] by /performance_monitor
[rosmaster.master][INFO] 2026-08-30 09:58:21,412: +CACHEDPARAM [/rosout_disable_topics_generation] by /performance_monitor
[rosmaster.master][INFO] 2026-08-30 09:58:23,138: +CACHEDPARAM [/rosout_disable_topics_generation] by /performance_monitor
[rosmaster.master][INFO] 2026-08-30 09:58:24,356: +CACHEDPARAM [/rosout_disable_topics_generation] by /performance_monitor
[rosmaster.master][INFO] 2026-08-30 09:58:24,519: +CACHEDPARAM [/rosout_disable_topics_generation] by /performance_monitor
[rosmaster.master][INFO] 2026-08-30 09:58:24,524: +CACHEDPARAM [/rosout_disable_topics_generation] by /performance_monitor
[rosmaster.master][INFO] 2026-08-30 09:58:29,531: +CACHEDPARAM [/rosout_disable_topics_generation] by /performance_monitor
[rosmaster.master][INFO] 2026-08-30 09:58:32,908: +CACHEDPARAM [/rosout_disable_topics_generation] by /performance_monitor
[rosmaster.master][INFO] 2026-08-30 09:58:34,284: +CACHEDPARAM [/rosout_disable_topics_generation] by /performance_monitor
[rosmaster.master][INFO] 2026-08-30 09:58:35,478: +CACHEDPARAM [/rosout_disable_topics_generation] by /performance_monitor
[rosmaster.master][INFO] 2026-08-30 09:58:35,653: +CACHEDPARAM [/rosout_disable_topics_generation] by /performance_monitor
[rosmaster.master][INFO] 2026-08-30 09:58:35,658: +CACHEDPARAM [/rosout_disable_topics_generation] by /performance_monitor
[rosmaster.master][INFO] 2026-08-30 09:58:40,667: +CACHEDPARAM [/rosout_disable_topics_generation] by /performance_monitor
[rosmaster.master][INFO] 2026-08-30 09:58:42,796: +CACHEDPARAM [/rosout_disable_topics_generation] by /performance_monitor
[rosmaster.master][INFO] 2026-08-30 09:58:44,180: +CACHEDPARAM [/rosout_disable_topics_generation] by /performance_monitor
[rosmaster.master][INFO] 2026-08-30 09:58:45,381: +CACHEDPARAM [/rosout_disable_topics_generation] by /performance_monitor
[rosmaster.master][INFO] 2026-08-30 09:58:45,602: +CACHEDPARAM [/rosout_disable_topics_generation] by /performance_monitor
[rosmaster.master][INFO] 2026-08-30 09:58:45,608: +CACHEDPARAM [/rosout_disable_topics_generation] by /performance_monitor
[rosmaster.master][INFO] 2026-08-30 09:58:50,615: +CACHEDPARAM [/rosout_disable_topics_generation] by /performance_monitor
[rosmaster.master][INFO] 2026-08-30 09:58:53,321: +CACHEDPARAM [/rosout_disable_topics_generation] by /performance_monitor
[rosmaster.master][INFO] 2026-08-30 09:58:54,707: +CACHEDPARAM [/rosout_disable_topics_generation] by /performance_monitor
[rosmaster.master][INFO] 2026-08-30 09:58:55,859: +CACHEDPARAM [/rosout_disable_topics_generation] by /performance_monitor
[rosmaster.master][INFO] 2026-08-30 09:58:56,019: +CACHEDPARAM [/rosout_disable_topics_generation] by /performance_monitor
[rosmaster.master][INFO] 2026-08-30 09:58:56,024: +CACHEDPARAM [/rosout_disable_topics_generation] by /performance_monitor
[rosmaster.master][INFO] 2026-08-30 09:59:01,030: +CACHEDPARAM [/rosout_disable_topics_generation] by /performance_monitor
[rosmaster.master][INFO] 2026-08-30 09:59:03,387: +CACHEDPARAM [/rosout_disable_topics_generation] by /performance_monitor
[rosmaster.master][INFO] 2026-08-30 09:59:04,962: +CACHEDPARAM [/rosout_disable_topics_generation] by /performance_monitor
[rosmaster.master][INFO] 2026-08-30 09:59:06,147: +CACHEDPARAM [/rosout_disable_topics_generation] by /performance_monitor
[rosmaster.master][INFO] 2026-08-30 09:59:06,324: +CACHEDPARAM [/rosout_disable_topics_generation] by /performance_monitor
[rosmaster.master][INFO] 2026-08-30 09:59:06,332: +CACHEDPARAM [/rosout_disable_topics_generation] by /performance_monitor
[rosmaster.master][INFO] 2026-08-30 09:59:11,339: +CACHEDPARAM [/rosout_disable_topics_generation] by /performance_monitor
[rosmaster.master][INFO] 2026-08-30 09:59:13,864: +CACHEDPARAM [/rosout_disable_topics_generation] by /performance_monitor
[rosmaster.master][INFO] 2026-08-30 09:59:15,090: +CACHEDPARAM [/rosout_disable_topics_generation] by /performance_monitor
[rosmaster.master][INFO] 2026-08-30 09:59:16,293: +CACHEDPARAM [/rosout_disable_topics_generation] by /performance_monitor
[rosmaster.master][INFO] 2026-08-30 09:59:16,521: +CACHEDPARAM [/rosout_disable_topics_generation] by /performance_monitor
[rosmaster.master][INFO] 2026-08-30 09:59:16,530: +CACHEDPARAM [/rosout_disable_topics_generation] by /performance_monitor
[rosmaster.master][INFO] 2026-08-30 09:59:21,549: +CACHEDPARAM [/rosout_disable_topics_generation] by /performance_monitor
[rosmaster.master][INFO] 2026-08-30 09:59:24,140: +CACHEDPARAM [/rosout_disable_topics_generation] by /performance_monitor
[rosmaster.master][INFO] 2026-08-30 09:59:25,502: +CACHEDPARAM [/rosout_disable_topics_generation] by /performance_monitor
[rosmaster.master][INFO] 2026-08-30 09:59:26,649: +CACHEDPARAM [/rosout_disable_topics_generation] by /performance_monitor
[rosmaster.master][INFO] 2026-08-30 09:59:26,764: +CACHEDPARAM [/rosout_disable_topics_generation] by /performance_monitor
[rosmaster.master][INFO] 2026-08-30 09:59:26,769: +CACHEDPARAM [/rosout_disable_topics_generation] by /performance_monitor
[rosmaster.master][INFO] 2026-08-30 09:59:31,778: +CACHEDPARAM [/rosout_disable_topics_generation] by /performance_monitor
[rosmaster.master][INFO] 2026-08-30 09:59:34,237: +CACHEDPARAM [/rosout_disable_topics_generation] by /performance_monitor
[rosmaster.master][INFO] 2026-08-30 09:59:35,538: +CACHEDPARAM [/rosout_disable_topics_generation] by /performance_monitor
[rosmaster.master][INFO] 2026-08-30 09:59:36,682: +CACHEDPARAM [/rosout_disable_topics_generation] by /performance_monitor
[rosmaster.master][INFO] 2026-08-30 09:59:36,824: +CACHEDPARAM [/rosout_disable_topics_generation] by /performance_monitor
[rosmaster.master][INFO] 2026-08-30 09:59:36,828: +CACHEDPARAM [/rosout_disable_topics_generation] by /performance_monitor
[rosmaster.master][INFO] 2026-08-30 09:59:41,833: +CACHEDPARAM [/rosout_disable_topics_generation] by /performance_monitor
[rosmaster.master][INFO] 2026-08-30 09:59:44,267: +CACHEDPARAM [/rosout_disable_topics_generation] by /performance_monitor
[rosmaster.master][INFO] 2026-08-30 09:59:45,673: +CACHEDPARAM [/rosout_disable_topics_generation] by /performance_monitor
[rosmaster.master][INFO] 2026-08-30 09:59:46,808: +CACHEDPARAM [/rosout_disable_topics_generation] by /performance_monitor
[rosmaster.master][INFO] 2026-08-30 09:59:46,967: +CACHEDPARAM [/rosout_disable_topics_generation] by /performance_monitor
[rosmaster.master][INFO] 2026-08-30 09:59:46,972: +CACHEDPARAM [/rosout_disable_topics_generation] by /performance_monitor
[rosmaster.master][INFO] 2026-08-30 09:59:51,977: +CACHEDPARAM [/rosout_disable_topics_generation] by /performance_monitor
[rosmaster.master][INFO] 2026-08-30 09:59:53,333: +CACHEDPARAM [/rosout_disable_topics_generation] by /performance_monitor
[rosmaster.master][INFO] 2026-08-30 09:59:54,025: +CACHEDPARAM [/rosout_disable_topics_generation] by /performance_monitor
[rosmaster.master][INFO] 2026-08-30 09:59:55,138: +CACHEDPARAM [/rosout_disable_topics_generation] by /performance_monitor
[rosmaster.master][INFO] 2026-08-30 09:59:55,189: +CACHEDPARAM [/rosout_disable_topics_generation] by /performance_monitor
[rosmaster.master][INFO] 2026-08-30 09:59:55,191: +CACHEDPARAM [/rosout_disable_topics_generation] by /performance_monitor
[rosmaster.master][INFO] 2026-08-30 10:00:00,193: +CACHEDPARAM [/rosout_disable_topics_generation] by /performance_monitor
[rosmaster.master][INFO] 2026-08-30 10:00:01,557: +CACHEDPARAM [/rosout_disable_topics_generation] by /performance_monitor
[rosmaster.master][INFO] 2026-08-30 10:00:02,347: +CACHEDPARAM [/rosout_disable_topics_generation] by /performance_monitor
[rosmaster.master][INFO] 2026-08-30 10:00:03,513: +CACHEDPARAM [/rosout_disable_topics_generation] by /performance_monitor
[rosmaster.master][INFO] 2026-08-30 10:00:03,566: +CACHEDPARAM [/rosout_disable_topics_generation] by /performance_monitor
[rosmaster.master][INFO] 2026-08-30 10:00:03,570: +CACHEDPARAM [/rosout_disable_topics_generation] by /performance_monitor
[rosmaster.master][INFO] 2026-08-30 10:00:08,575: +CACHEDPARAM [/rosout_disable_topics_generation] by /performance_monitor
[rosmaster.master][INFO] 2026-08-30 10:00:10,183: +CACHEDPARAM [/rosout_disable_topics_generation] by /performance_monitor
[rosmaster.master][INFO] 2026-08-30 10:00:11,313: +CACHEDPARAM [/rosout_disable_topics_generation] by /performance_monitor
[rosmaster.master][INFO] 2026-08-30 10:00:12,496: +CACHEDPARAM [/rosout_disable_topics_generation] by /performance_monitor
[rosmaster.master][INFO] 2026-08-30 10:00:12,664: +CACHEDPARAM [/rosout_disable_topics_generation] by /performance_monitor
[rosmaster.master][INFO] 2026-08-30 10:00:12,670: +CACHEDPARAM [/rosout_disable_topics_generation] by /performance_monitor
[rosmaster.master][INFO] 2026-08-30 10:00:17,674: +CACHEDPARAM [/rosout_disable_topics_generation] by /performance_monitor
[rosmaster.master][INFO] 2026-08-30 10:00:20,110: +CACHEDPARAM [/rosout_disable_topics_generation] by /performance_monitor
[rosmaster.master][INFO] 2026-08-30 10:00:21,580: +CACHEDPARAM [/rosout_disable_topics_generation] by /performance_monitor
[rosmaster.master][INFO] 2026-08-30 10:00:22,825: +CACHEDPARAM [/rosout_disable_topics_generation] by /performance_monitor
[rosmaster.master][INFO] 2026-08-30 10:00:22,873: +CACHEDPARAM [/rosout_disable_topics_generation] by /performance_monitor
[rosmaster.master][INFO] 2026-08-30 10:00:22,874: +CACHEDPARAM [/rosout_disable_topics_generation] by /performance_monitor
[rosmaster.master][INFO] 2026-08-30 10:00:27,877: +CACHEDPARAM [/rosout_disable_topics_generation] by /performance_monitor
[rosmaster.master][INFO] 2026-08-30 10:00:29,112: +CACHEDPARAM [/rosout_disable_topics_generation] by /performance_monitor
[rosmaster.master][INFO] 2026-08-30 10:00:29,804: +CACHEDPARAM [/rosout_disable_topics_generation] by /performance_monitor
[rosmaster.master][INFO] 2026-08-30 10:00:30,969: +CACHEDPARAM [/rosout_disable_topics_generation] by /performance_monitor
[rosmaster.master][INFO] 2026-08-30 10:00:31,034: +CACHEDPARAM [/rosout_disable_topics_generation] by /performance_monitor
[rosmaster.master][INFO] 2026-08-30 10:00:31,037: +CACHEDPARAM [/rosout_disable_topics_generation] by /performance_monitor
[rosmaster.master][INFO] 2026-08-30 10:00:36,040: +CACHEDPARAM [/rosout_disable_topics_generation] by /performance_monitor
[rosmaster.master][INFO] 2026-08-30 10:00:37,304: +CACHEDPARAM [/rosout_disable_topics_generation] by /performance_monitor
[rosmaster.master][INFO] 2026-08-30 10:00:38,002: +CACHEDPARAM [/rosout_disable_topics_generation] by /performance_monitor
[rosmaster.master][INFO] 2026-08-30 10:00:39,183: +CACHEDPARAM [/rosout_disable_topics_generation] by /performance_monitor
[rosmaster.master][INFO] 2026-08-30 10:00:39,230: +CACHEDPARAM [/rosout_disable_topics_generation] by /performance_monitor
[rosmaster.master][INFO] 2026-08-30 10:00:39,231: +CACHEDPARAM [/rosout_disable_topics_generation] by /performance_monitor
[rosmaster.master][INFO] 2026-08-30 10:00:44,237: +CACHEDPARAM [/rosout_disable_topics_generation] by /performance_monitor
[rosmaster.master][INFO] 2026-08-30 10:00:45,546: +CACHEDPARAM [/rosout_disable_topics_generation] by /performance_monitor
[rosmaster.master][INFO] 2026-08-30 10:00:46,250: +CACHEDPARAM [/rosout_disable_topics_generation] by /performance_monitor
[rosmaster.master][INFO] 2026-08-30 10:00:47,386: +CACHEDPARAM [/rosout_disable_topics_generation] by /performance_monitor
[rosmaster.master][INFO] 2026-08-30 10:00:47,440: +CACHEDPARAM [/rosout_disable_topics_generation] by /performance_monitor
[rosmaster.master][INFO] 2026-08-30 10:00:47,441: +CACHEDPARAM [/rosout_disable_topics_generation] by /performance_monitor
[rosmaster.master][INFO] 2026-08-30 10:00:52,444: +CACHEDPARAM [/rosout_disable_topics_generation] by /performance_monitor
[rosmaster.master][INFO] 2026-08-30 10:00:53,699: +CACHEDPARAM [/rosout_disable_topics_generation] by /performance_monitor
[rosmaster.master][INFO] 2026-08-30 10:00:54,395: +CACHEDPARAM [/rosout_disable_topics_generation] by /performance_monitor
[rosmaster.master][INFO] 2026-08-30 10:00:55,603: +CACHEDPARAM [/rosout_disable_topics_generation] by /performance_monitor
[rosmaster.master][INFO] 2026-08-30 10:00:55,649: +CACHEDPARAM [/rosout_disable_topics_generation] by /performance_monitor
[rosmaster.master][INFO] 2026-08-30 10:00:55,651: +CACHEDPARAM [/rosout_disable_topics_generation] by /performance_monitor
[rosmaster.master][INFO] 2026-08-30 10:01:00,653: +CACHEDPARAM [/rosout_disable_topics_generation] by /performance_monitor
[rosmaster.master][INFO] 2026-08-30 10:01:01,904: +CACHEDPARAM [/rosout_disable_topics_generation] by /performance_monitor
[rosmaster.master][INFO] 2026-08-30 10:01:02,594: +CACHEDPARAM [/rosout_disable_topics_generation] by /performance_monitor
[rosmaster.master][INFO] 2026-08-30 10:01:03,802: +CACHEDPARAM [/rosout_disable_topics_generation] by /performance_monitor
[rosmaster.master][INFO] 2026-08-30 10:01:03,855: +CACHEDPARAM [/rosout_disable_topics_generation] by /performance_monitor
[rosmaster.master][INFO] 2026-08-30 10:01:03,857: +CACHEDPARAM [/rosout_disable_topics_generation] by /performance_monitor
[rosmaster.master][INFO] 2026-08-30 10:01:08,859: +CACHEDPARAM [/rosout_disable_topics_generation] by /performance_monitor
[rosmaster.master][INFO] 2026-08-30 10:01:10,265: +CACHEDPARAM [/rosout_disable_topics_generation] by /performance_monitor
[rosmaster.master][INFO] 2026-08-30 10:01:10,955: +CACHEDPARAM [/rosout_disable_topics_generation] by /performance_monitor
[rosmaster.master][INFO] 2026-08-30 10:01:12,149: +CACHEDPARAM [/rosout_disable_topics_generation] by /performance_monitor
[rosmaster.master][INFO] 2026-08-30 10:01:12,199: +CACHEDPARAM [/rosout_disable_topics_generation] by /performance_monitor
[rosmaster.master][INFO] 2026-08-30 10:01:12,201: +CACHEDPARAM [/rosout_disable_topics_generation] by /performance_monitor
[rosmaster.master][INFO] 2026-08-30 10:01:17,204: +CACHEDPARAM [/rosout_disable_topics_generation] by /performance_monitor
[rosmaster.master][INFO] 2026-08-30 10:01:18,578: +CACHEDPARAM [/rosout_disable_topics_generation] by /performance_monitor
[rosmaster.master][INFO] 2026-08-30 10:01:19,371: +CACHEDPARAM [/rosout_disable_topics_generation] by /performance_monitor
[rosmaster.master][INFO] 2026-08-30 10:01:20,585: +CACHEDPARAM [/rosout_disable_topics_generation] by /performance_monitor
[rosmaster.master][INFO] 2026-08-30 10:01:20,651: +CACHEDPARAM [/rosout_disable_topics_generation] by /performance_monitor
[rosmaster.master][INFO] 2026-08-30 10:01:20,654: +CACHEDPARAM [/rosout_disable_topics_generation] by /performance_monitor
[rosmaster.master][INFO] 2026-08-30 10:01:25,656: +CACHEDPARAM [/rosout_disable_topics_generation] by /performance_monitor
[rosmaster.master][INFO] 2026-08-30 10:01:26,894: +CACHEDPARAM [/rosout_disable_topics_generation] by /performance_monitor
[rosmaster.master][INFO] 2026-08-30 10:01:27,763: +CACHEDPARAM [/rosout_disable_topics_generation] by /performance_monitor
[rosmaster.master][INFO] 2026-08-30 10:01:28,928: +CACHEDPARAM [/rosout_disable_topics_generation] by /performance_monitor
[rosmaster.master][INFO] 2026-08-30 10:01:28,977: +CACHEDPARAM [/rosout_disable_topics_generation] by /performance_monitor
[rosmaster.master][INFO] 2026-08-30 10:01:28,980: +CACHEDPARAM [/rosout_disable_topics_generation] by /performance_monitor
[rosmaster.master][INFO] 2026-08-30 10:01:33,982: +CACHEDPARAM [/rosout_disable_topics_generation] by /performance_monitor
[rosmaster.master][INFO] 2026-08-30 10:01:35,243: +CACHEDPARAM [/rosout_disable_topics_generation] by /performance_monitor
[rosmaster.master][INFO] 2026-08-30 10:01:35,925: +CACHEDPARAM [/rosout_disable_topics_generation] by /performance_monitor
[rosmaster.master][INFO] 2026-08-30 10:01:37,132: +CACHEDPARAM [/rosout_disable_topics_generation] by /performance_monitor
[rosmaster.master][INFO] 2026-08-30 10:01:37,181: +CACHEDPARAM [/rosout_disable_topics_generation] by /performance_monitor
[rosmaster.master][INFO] 2026-08-30 10:01:37,184: +CACHEDPARAM [/rosout_disable_topics_generation] by /performance_monitor
[rosmaster.master][INFO] 2026-08-30 10:01:42,186: +CACHEDPARAM [/rosout_disable_topics_generation] by /performance_monitor
[rosmaster.master][INFO] 2026-08-30 10:01:43,426: +CACHEDPARAM [/rosout_disable_topics_generation] by /performance_monitor
[rosmaster.master][INFO] 2026-08-30 10:01:44,116: +CACHEDPARAM [/rosout_disable_topics_generation] by /performance_monitor
[rosmaster.master][INFO] 2026-08-30 10:01:45,265: +CACHEDPARAM [/rosout_disable_topics_generation] by /performance_monitor
[rosmaster.master][INFO] 2026-08-30 10:01:45,318: +CACHEDPARAM [/rosout_disable_topics_generation] by /performance_monitor
[rosmaster.master][INFO] 2026-08-30 10:01:45,319: +CACHEDPARAM [/rosout_disable_topics_generation] by /performance_monitor
[rosmaster.master][INFO] 2026-08-30 10:01:50,322: +CACHEDPARAM [/rosout_disable_topics_generation] by /performance_monitor
[rosmaster.master][INFO] 2026-08-30 10:01:51,581: +CACHEDPARAM [/rosout_disable_topics_generation] by /performance_monitor
[rosmaster.master][INFO] 2026-08-30 10:01:52,322: +CACHEDPARAM [/rosout_disable_topics_generation] by /performance_monitor
[rosmaster.master][INFO] 2026-08-30 10:01:53,517: +CACHEDPARAM [/rosout_disable_topics_generation] by /performance_monitor
[rosmaster.master][INFO] 2026-08-30 10:01:53,564: +CACHEDPARAM [/rosout_disable_topics_generation] by /performance_monitor
[rosmaster.master][INFO] 2026-08-30 10:01:53,566: +CACHEDPARAM [/rosout_disable_topics_generation] by /performance_monitor
[rosmaster.master][INFO] 2026-08-30 10:01:58,568: +CACHEDPARAM [/rosout_disable_topics_generation] by /performance_monitor
[rosmaster.master][INFO] 2026-08-30 10:01:59,890: +CACHEDPARAM [/rosout_disable_topics_generation] by /performance_monitor
[rosmaster.master][INFO] 2026-08-30 10:02:00,583: +CACHEDPARAM [/rosout_disable_topics_generation] by /performance_monitor
[rosmaster.master][INFO] 2026-08-30 10:02:01,745: +CACHEDPARAM [/rosout_disable_topics_generation] by /performance_monitor
[rosmaster.master][INFO] 2026-08-30 10:02:01,793: +CACHEDPARAM [/rosout_disable_topics_generation] by /performance_monitor
[rosmaster.master][INFO] 2026-08-30 10:02:01,794: +CACHEDPARAM [/rosout_disable_topics_generation] by /performance_monitor
[rosmaster.master][INFO] 2026-08-30 10:02:06,796: +CACHEDPARAM [/rosout_disable_topics_generation] by /performance_monitor
[rosmaster.master][INFO] 2026-08-30 10:02:08,066: +CACHEDPARAM [/rosout_disable_topics_generation] by /performance_monitor
[rosmaster.master][INFO] 2026-08-30 10:02:08,749: +CACHEDPARAM [/rosout_disable_topics_generation] by /performance_monitor
[rosmaster.master][INFO] 2026-08-30 10:02:09,971: +CACHEDPARAM [/rosout_disable_topics_generation] by /performance_monitor
[rosmaster.master][INFO] 2026-08-30 10:02:10,020: +CACHEDPARAM [/rosout_disable_topics_generation] by /performance_monitor
[rosmaster.master][INFO] 2026-08-30 10:02:10,021: +CACHEDPARAM [/rosout_disable_topics_generation] by /performance_monitor
[rosmaster.master][INFO] 2026-08-30 10:02:15,024: +CACHEDPARAM [/rosout_disable_topics_generation] by /performance_monitor
[rosmaster.master][INFO] 2026-08-30 10:02:16,265: +CACHEDPARAM [/rosout_disable_topics_generation] by /performance_monitor
[rosmaster.master][INFO] 2026-08-30 10:02:16,950: +CACHEDPARAM [/rosout_disable_topics_generation] by /performance_monitor
[rosmaster.master][INFO] 2026-08-30 10:02:18,120: +CACHEDPARAM [/rosout_disable_topics_generation] by /performance_monitor
[rosmaster.master][INFO] 2026-08-30 10:02:18,168: +CACHEDPARAM [/rosout_disable_topics_generation] by /performance_monitor
[rosmaster.master][INFO] 2026-08-30 10:02:18,170: +CACHEDPARAM [/rosout_disable_topics_generation] by /performance_monitor
[rosmaster.master][INFO] 2026-08-30 10:02:23,171: +CACHEDPARAM [/rosout_disable_topics_generation] by /performance_monitor
[rosmaster.master][INFO] 2026-08-30 10:02:24,422: +CACHEDPARAM [/rosout_disable_topics_generation] by /performance_monitor
[rosmaster.master][INFO] 2026-08-30 10:02:25,114: +CACHEDPARAM [/rosout_disable_topics_generation] by /performance_monitor
[rosmaster.master][INFO] 2026-08-30 10:02:26,296: +CACHEDPARAM [/rosout_disable_topics_generation] by /performance_monitor
[rosmaster.master][INFO] 2026-08-30 10:02:26,343: +CACHEDPARAM [/rosout_disable_topics_generation] by /performance_monitor
[rosmaster.master][INFO] 2026-08-30 10:02:26,345: +CACHEDPARAM [/rosout_disable_topics_generation] by /performance_monitor
[rosmaster.master][INFO] 2026-08-30 10:02:31,348: +CACHEDPARAM [/rosout_disable_topics_generation] by /performance_monitor
[rosmaster.master][INFO] 2026-08-30 10:02:32,613: +CACHEDPARAM [/rosout_disable_topics_generation] by /performance_monitor
[rosmaster.master][INFO] 2026-08-30 10:02:33,297: +CACHEDPARAM [/rosout_disable_topics_generation] by /performance_monitor
[rosmaster.master][INFO] 2026-08-30 10:02:34,481: +CACHEDPARAM [/rosout_disable_topics_generation] by /performance_monitor
[rosmaster.master][INFO] 2026-08-30 10:02:34,528: +CACHEDPARAM [/rosout_disable_topics_generation] by /performance_monitor
[rosmaster.master][INFO] 2026-08-30 10:02:34,529: +CACHEDPARAM [/rosout_disable_topics_generation] by /performance_monitor
[rosmaster.master][INFO] 2026-08-30 10:02:39,531: +CACHEDPARAM [/rosout_disable_topics_generation] by /performance_monitor
[rosmaster.master][INFO] 2026-08-30 10:02:40,795: +CACHEDPARAM [/rosout_disable_topics_generation] by /performance_monitor
[rosmaster.master][INFO] 2026-08-30 10:02:41,493: +CACHEDPARAM [/rosout_disable_topics_generation] by /performance_monitor
[rosmaster.master][INFO] 2026-08-30 10:02:42,676: +CACHEDPARAM [/rosout_disable_topics_generation] by /performance_monitor
[rosmaster.master][INFO] 2026-08-30 10:02:42,724: +CACHEDPARAM [/rosout_disable_topics_generation] by /performance_monitor
[rosmaster.master][INFO] 2026-08-30 10:02:42,725: +CACHEDPARAM [/rosout_disable_topics_generation] by /performance_monitor
[rosmaster.master][INFO] 2026-08-30 10:02:47,727: +CACHEDPARAM [/rosout_disable_topics_generation] by /performance_monitor
[rosmaster.master][INFO] 2026-08-30 10:02:49,006: +CACHEDPARAM [/rosout_disable_topics_generation] by /performance_monitor
[rosmaster.master][INFO] 2026-08-30 10:02:49,689: +CACHEDPARAM [/rosout_disable_topics_generation] by /performance_monitor
[rosmaster.master][INFO] 2026-08-30 10:02:50,837: +CACHEDPARAM [/rosout_disable_topics_generation] by /performance_monitor
[rosmaster.master][INFO] 2026-08-30 10:02:50,896: +CACHEDPARAM [/rosout_disable_topics_generation] by /performance_monitor
[rosmaster.master][INFO] 2026-08-30 10:02:50,898: +CACHEDPARAM [/rosout_disable_topics_generation] by /performance_monitor
[rosmaster.master][INFO] 2026-08-30 10:02:55,900: +CACHEDPARAM [/rosout_disable_topics_generation] by /performance_monitor
[rosmaster.master][INFO] 2026-08-30 10:02:57,157: +CACHEDPARAM [/rosout_disable_topics_generation] by /performance_monitor
[rosmaster.master][INFO] 2026-08-30 10:02:57,849: +CACHEDPARAM [/rosout_disable_topics_generation] by /performance_monitor
[rosmaster.master][INFO] 2026-08-30 10:02:59,011: +CACHEDPARAM [/rosout_disable_topics_generation] by /performance_monitor
[rosmaster.master][INFO] 2026-08-30 10:02:59,058: +CACHEDPARAM [/rosout_disable_topics_generation] by /performance_monitor
[rosmaster.master][INFO] 2026-08-30 10:02:59,059: +CACHEDPARAM [/rosout_disable_topics_generation] by /performance_monitor
[rosmaster.master][INFO] 2026-08-30 10:03:04,063: +CACHEDPARAM [/rosout_disable_topics_generation] by /performance_monitor
[rosmaster.master][INFO] 2026-08-30 10:03:05,363: +CACHEDPARAM [/rosout_disable_topics_generation] by /performance_monitor
[rosmaster.master][INFO] 2026-08-30 10:03:06,055: +CACHEDPARAM [/rosout_disable_topics_generation] by /performance_monitor
[rosmaster.master][INFO] 2026-08-30 10:03:07,216: +CACHEDPARAM [/rosout_disable_topics_generation] by /performance_monitor
[rosmaster.master][INFO] 2026-08-30 10:03:07,265: +CACHEDPARAM [/rosout_disable_topics_generation] by /performance_monitor
[rosmaster.master][INFO] 2026-08-30 10:03:07,266: +CACHEDPARAM [/rosout_disable_topics_generation] by /performance_monitor
[rosmaster.master][INFO] 2026-08-30 10:03:12,270: +CACHEDPARAM [/rosout_disable_topics_generation] by /performance_monitor
[rosmaster.master][INFO] 2026-08-30 10:03:13,502: +CACHEDPARAM [/rosout_disable_topics_generation] by /performance_monitor
[rosmaster.master][INFO] 2026-08-30 10:03:14,190: +CACHEDPARAM [/rosout_disable_topics_generation] by /performance_monitor
[rosmaster.master][INFO] 2026-08-30 10:03:15,391: +CACHEDPARAM [/rosout_disable_topics_generation] by /performance_monitor
[rosmaster.master][INFO] 2026-08-30 10:03:15,444: +CACHEDPARAM [/rosout_disable_topics_generation] by /performance_monitor
[rosmaster.master][INFO] 2026-08-30 10:03:15,447: +CACHEDPARAM [/rosout_disable_topics_generation] by /performance_monitor
[rosmaster.master][INFO] 2026-08-30 10:03:20,452: +CACHEDPARAM [/rosout_disable_topics_generation] by /performance_monitor
[rosmaster.master][INFO] 2026-08-30 10:03:21,709: +CACHEDPARAM [/rosout_disable_topics_generation] by /performance_monitor
[rosmaster.master][INFO] 2026-08-30 10:03:22,419: +CACHEDPARAM [/rosout_disable_topics_generation] by /performance_monitor
[rosmaster.master][INFO] 2026-08-30 10:03:23,583: +CACHEDPARAM [/rosout_disable_topics_generation] by /performance_monitor
[rosmaster.master][INFO] 2026-08-30 10:03:23,637: +CACHEDPARAM [/rosout_disable_topics_generation] by /performance_monitor
[rosmaster.master][INFO] 2026-08-30 10:03:23,639: +CACHEDPARAM [/rosout_disable_topics_generation] by /performance_monitor
[rosmaster.master][INFO] 2026-08-30 10:03:28,646: +CACHEDPARAM [/rosout_disable_topics_generation] by /performance_monitor
[rosmaster.master][INFO] 2026-08-30 10:03:29,929: +CACHEDPARAM [/rosout_disable_topics_generation] by /performance_monitor
[rosmaster.master][INFO] 2026-08-30 10:03:30,621: +CACHEDPARAM [/rosout_disable_topics_generation] by /performance_monitor
[rosmaster.master][INFO] 2026-08-30 10:03:31,814: +CACHEDPARAM [/rosout_disable_topics_generation] by /performance_monitor
[rosmaster.master][INFO] 2026-08-30 10:03:31,860: +CACHEDPARAM [/rosout_disable_topics_generation] by /performance_monitor
[rosmaster.master][INFO] 2026-08-30 10:03:31,861: +CACHEDPARAM [/rosout_disable_topics_generation] by /performance_monitor
[rosmaster.master][INFO] 2026-08-30 10:03:36,864: +CACHEDPARAM [/rosout_disable_topics_generation] by /performance_monitor
[rosmaster.master][INFO] 2026-08-30 10:03:38,130: +CACHEDPARAM [/rosout_disable_topics_generation] by /performance_monitor
[rosmaster.master][INFO] 2026-08-30 10:03:38,830: +CACHEDPARAM [/rosout_disable_topics_generation] by /performance_monitor
[rosmaster.master][INFO] 2026-08-30 10:03:39,972: +CACHEDPARAM [/rosout_disable_topics_generation] by /performance_monitor
[rosmaster.master][INFO] 2026-08-30 10:03:40,023: +CACHEDPARAM [/rosout_disable_topics_generation] by /performance_monitor
[rosmaster.master][INFO] 2026-08-30 10:03:40,026: +CACHEDPARAM [/rosout_disable_topics_generation] by /performance_monitor
[rosmaster.master][INFO] 2026-08-30 10:03:45,028: +CACHEDPARAM [/rosout_disable_topics_generation] by /performance_monitor
[rosmaster.master][INFO] 2026-08-30 10:03:46,273: +CACHEDPARAM [/rosout_disable_topics_generation] by /performance_monitor
[rosmaster.master][INFO] 2026-08-30 10:03:46,962: +CACHEDPARAM [/rosout_disable_topics_generation] by /performance_monitor
[rosmaster.master][INFO] 2026-08-30 10:03:48,165: +CACHEDPARAM [/rosout_disable_topics_generation] by /performance_monitor
[rosmaster.master][INFO] 2026-08-30 10:03:48,220: +CACHEDPARAM [/rosout_disable_topics_generation] by /performance_monitor
[rosmaster.master][INFO] 2026-08-30 10:03:48,221: +CACHEDPARAM [/rosout_disable_topics_generation] by /performance_monitor
[rosmaster.master][INFO] 2026-08-30 10:03:53,224: +CACHEDPARAM [/rosout_disable_topics_generation] by /performance_monitor
[rosmaster.master][INFO] 2026-08-30 10:03:54,675: +CACHEDPARAM [/rosout_disable_topics_generation] by /performance_monitor
[rosmaster.master][INFO] 2026-08-30 10:03:55,369: +CACHEDPARAM [/rosout_disable_topics_generation] by /performance_monitor
[rosmaster.master][INFO] 2026-08-30 10:03:56,532: +CACHEDPARAM [/rosout_disable_topics_generation] by /performance_monitor
[rosmaster.master][INFO] 2026-08-30 10:03:56,586: +CACHEDPARAM [/rosout_disable_topics_generation] by /performance_monitor
[rosmaster.master][INFO] 2026-08-30 10:03:56,587: +CACHEDPARAM [/rosout_disable_topics_generation] by /performance_monitor
[rosmaster.master][INFO] 2026-08-30 10:04:01,589: +CACHEDPARAM [/rosout_disable_topics_generation] by /performance_monitor
[rosmaster.master][INFO] 2026-08-30 10:04:02,998: +CACHEDPARAM [/rosout_disable_topics_generation] by /performance_monitor
[rosmaster.master][INFO] 2026-08-30 10:04:03,892: +CACHEDPARAM [/rosout_disable_topics_generation] by /performance_monitor
[rosmaster.master][INFO] 2026-08-30 10:04:05,096: +CACHEDPARAM [/rosout_disable_topics_generation] by /performance_monitor
[rosmaster.master][INFO] 2026-08-30 10:04:05,146: +CACHEDPARAM [/rosout_disable_topics_generation] by /performance_monitor
[rosmaster.master][INFO] 2026-08-30 10:04:05,148: +CACHEDPARAM [/rosout_disable_topics_generation] by /performance_monitor
[rosmaster.master][INFO] 2026-08-30 10:04:10,151: +CACHEDPARAM [/rosout_disable_topics_generation] by /performance_monitor
[rosmaster.master][INFO] 2026-08-30 10:04:11,399: +CACHEDPARAM [/rosout_disable_topics_generation] by /performance_monitor
[rosmaster.master][INFO] 2026-08-30 10:04:12,092: +CACHEDPARAM [/rosout_disable_topics_generation] by /performance_monitor
[rosmaster.master][INFO] 2026-08-30 10:04:13,479: +CACHEDPARAM [/rosout_disable_topics_generation] by /performance_monitor
[rosmaster.master][INFO] 2026-08-30 10:04:13,534: +CACHEDPARAM [/rosout_disable_topics_generation] by /performance_monitor
[rosmaster.master][INFO] 2026-08-30 10:04:13,539: +CACHEDPARAM [/rosout_disable_topics_generation] by /performance_monitor
[rosmaster.master][INFO] 2026-08-30 10:04:18,543: +CACHEDPARAM [/rosout_disable_topics_generation] by /performance_monitor
[rosmaster.master][INFO] 2026-08-30 10:04:19,799: +CACHEDPARAM [/rosout_disable_topics_generation] by /performance_monitor
[rosmaster.master][INFO] 2026-08-30 10:04:20,488: +CACHEDPARAM [/rosout_disable_topics_generation] by /performance_monitor
[rosmaster.master][INFO] 2026-08-30 10:04:21,767: +CACHEDPARAM [/rosout_disable_topics_generation] by /performance_monitor
[rosmaster.master][INFO] 2026-08-30 10:04:21,815: +CACHEDPARAM [/rosout_disable_topics_generation] by /performance_monitor
[rosmaster.master][INFO] 2026-08-30 10:04:21,817: +CACHEDPARAM [/rosout_disable_topics_generation] by /performance_monitor
[rosmaster.master][INFO] 2026-08-30 10:04:26,818: +CACHEDPARAM [/rosout_disable_topics_generation] by /performance_monitor
[rosmaster.master][INFO] 2026-08-30 10:04:28,072: +CACHEDPARAM [/rosout_disable_topics_generation] by /performance_monitor
[rosmaster.master][INFO] 2026-08-30 10:04:28,757: +CACHEDPARAM [/rosout_disable_topics_generation] by /performance_monitor
[rosmaster.master][INFO] 2026-08-30 10:04:30,100: +CACHEDPARAM [/rosout_disable_topics_generation] by /performance_monitor
[rosmaster.master][INFO] 2026-08-30 10:04:30,147: +CACHEDPARAM [/rosout_disable_topics_generation] by /performance_monitor
[rosmaster.master][INFO] 2026-08-30 10:04:30,149: +CACHEDPARAM [/rosout_disable_topics_generation] by /performance_monitor
[rosmaster.master][INFO] 2026-08-30 10:04:35,153: +CACHEDPARAM [/rosout_disable_topics_generation] by /performance_monitor
[rosmaster.master][INFO] 2026-08-30 10:04:36,433: +CACHEDPARAM [/rosout_disable_topics_generation] by /performance_monitor
[rosmaster.master][INFO] 2026-08-30 10:04:37,133: +CACHEDPARAM [/rosout_disable_topics_generation] by /performance_monitor
[rosmaster.master][INFO] 2026-08-30 10:04:38,489: +CACHEDPARAM [/rosout_disable_topics_generation] by /performance_monitor
[rosmaster.master][INFO] 2026-08-30 10:04:38,537: +CACHEDPARAM [/rosout_disable_topics_generation] by /performance_monitor
[rosmaster.master][INFO] 2026-08-30 10:04:38,538: +CACHEDPARAM [/rosout_disable_topics_generation] by /performance_monitor
[rosmaster.master][INFO] 2026-08-30 10:04:43,542: +CACHEDPARAM [/rosout_disable_topics_generation] by /performance_monitor
[rosmaster.master][INFO] 2026-08-30 10:04:44,815: +CACHEDPARAM [/rosout_disable_topics_generation] by /performance_monitor
[rosmaster.master][INFO] 2026-08-30 10:04:45,511: +CACHEDPARAM [/rosout_disable_topics_generation] by /performance_monitor
[rosmaster.master][INFO] 2026-08-30 10:04:46,817: +CACHEDPARAM [/rosout_disable_topics_generation] by /performance_monitor
[rosmaster.master][INFO] 2026-08-30 10:04:46,872: +CACHEDPARAM [/rosout_disable_topics_generation] by /performance_monitor
[rosmaster.master][INFO] 2026-08-30 10:04:46,874: +CACHEDPARAM [/rosout_disable_topics_generation] by /performance_monitor
[rosmaster.master][INFO] 2026-08-30 10:04:51,876: +CACHEDPARAM [/rosout_disable_topics_generation] by /performance_monitor
[rosmaster.master][INFO] 2026-08-30 10:04:53,135: +CACHEDPARAM [/rosout_disable_topics_generation] by /performance_monitor
[rosmaster.master][INFO] 2026-08-30 10:04:53,832: +CACHEDPARAM [/rosout_disable_topics_generation] by /performance_monitor
[rosmaster.master][INFO] 2026-08-30 10:04:55,094: +CACHEDPARAM [/rosout_disable_topics_generation] by /performance_monitor
[rosmaster.master][INFO] 2026-08-30 10:04:55,145: +CACHEDPARAM [/rosout_disable_topics_generation] by /performance_monitor
[rosmaster.master][INFO] 2026-08-30 10:04:55,146: +CACHEDPARAM [/rosout_disable_topics_generation] by /performance_monitor
[rosmaster.master][INFO] 2026-08-30 10:05:00,149: +CACHEDPARAM [/rosout_disable_topics_generation] by /performance_monitor
[rosmaster.master][INFO] 2026-08-30 10:05:01,397: +CACHEDPARAM [/rosout_disable_topics_generation] by /performance_monitor
[rosmaster.master][INFO] 2026-08-30 10:05:02,079: +CACHEDPARAM [/rosout_disable_topics_generation] by /performance_monitor
[rosmaster.master][INFO] 2026-08-30 10:05:03,397: +CACHEDPARAM [/rosout_disable_topics_generation] by /performance_monitor
[rosmaster.master][INFO] 2026-08-30 10:05:03,456: +CACHEDPARAM [/rosout_disable_topics_generation] by /performance_monitor
[rosmaster.master][INFO] 2026-08-30 10:05:03,458: +CACHEDPARAM [/rosout_disable_topics_generation] by /performance_monitor
[rosmaster.master][INFO] 2026-08-30 10:05:08,461: +CACHEDPARAM [/rosout_disable_topics_generation] by /performance_monitor
[rosmaster.master][INFO] 2026-08-30 10:05:09,718: +CACHEDPARAM [/rosout_disable_topics_generation] by /performance_monitor
[rosmaster.master][INFO] 2026-08-30 10:05:10,407: +CACHEDPARAM [/rosout_disable_topics_generation] by /performance_monitor
[rosmaster.master][INFO] 2026-08-30 10:05:11,726: +CACHEDPARAM [/rosout_disable_topics_generation] by /performance_monitor
[rosmaster.master][INFO] 2026-08-30 10:05:11,774: +CACHEDPARAM [/rosout_disable_topics_generation] by /performance_monitor
[rosmaster.master][INFO] 2026-08-30 10:05:11,776: +CACHEDPARAM [/rosout_disable_topics_generation] by /performance_monitor
[rosmaster.master][INFO] 2026-08-30 10:05:16,777: +CACHEDPARAM [/rosout_disable_topics_generation] by /performance_monitor
[rosmaster.master][INFO] 2026-08-30 10:05:18,030: +CACHEDPARAM [/rosout_disable_topics_generation] by /performance_monitor
[rosmaster.master][INFO] 2026-08-30 10:05:18,720: +CACHEDPARAM [/rosout_disable_topics_generation] by /performance_monitor
[rosmaster.master][INFO] 2026-08-30 10:05:19,957: +CACHEDPARAM [/rosout_disable_topics_generation] by /performance_monitor
[rosmaster.master][INFO] 2026-08-30 10:05:20,008: +CACHEDPARAM [/rosout_disable_topics_generation] by /performance_monitor
[rosmaster.master][INFO] 2026-08-30 10:05:20,010: +CACHEDPARAM [/rosout_disable_topics_generation] by /performance_monitor
[rosmaster.master][INFO] 2026-08-30 10:05:25,013: +CACHEDPARAM [/rosout_disable_topics_generation] by /performance_monitor
[rosmaster.master][INFO] 2026-08-30 10:05:26,281: +CACHEDPARAM [/rosout_disable_topics_generation] by /performance_monitor
[rosmaster.master][INFO] 2026-08-30 10:05:26,972: +CACHEDPARAM [/rosout_disable_topics_generation] by /performance_monitor
[rosmaster.master][INFO] 2026-08-30 10:05:28,277: +CACHEDPARAM [/rosout_disable_topics_generation] by /performance_monitor
[rosmaster.master][INFO] 2026-08-30 10:05:28,335: +CACHEDPARAM [/rosout_disable_topics_generation] by /performance_monitor
[rosmaster.master][INFO] 2026-08-30 10:05:28,337: +CACHEDPARAM [/rosout_disable_topics_generation] by /performance_monitor
[rosmaster.master][INFO] 2026-08-30 10:05:33,341: +CACHEDPARAM [/rosout_disable_topics_generation] by /performance_monitor
[rosmaster.master][INFO] 2026-08-30 10:05:34,600: +CACHEDPARAM [/rosout_disable_topics_generation] by /performance_monitor
[rosmaster.master][INFO] 2026-08-30 10:05:35,288: +CACHEDPARAM [/rosout_disable_topics_generation] by /performance_monitor
[rosmaster.master][INFO] 2026-08-30 10:05:36,609: +CACHEDPARAM [/rosout_disable_topics_generation] by /performance_monitor
[rosmaster.master][INFO] 2026-08-30 10:05:36,665: +CACHEDPARAM [/rosout_disable_topics_generation] by /performance_monitor
[rosmaster.master][INFO] 2026-08-30 10:05:36,667: +CACHEDPARAM [/rosout_disable_topics_generation] by /performance_monitor
[rosmaster.master][INFO] 2026-08-30 10:05:41,670: +CACHEDPARAM [/rosout_disable_topics_generation] by /performance_monitor
[rosmaster.master][INFO] 2026-08-30 10:05:42,929: +CACHEDPARAM [/rosout_disable_topics_generation] by /performance_monitor
[rosmaster.master][INFO] 2026-08-30 10:05:43,617: +CACHEDPARAM [/rosout_disable_topics_generation] by /performance_monitor
[rosmaster.master][INFO] 2026-08-30 10:05:44,867: +CACHEDPARAM [/rosout_disable_topics_generation] by /performance_monitor
[rosmaster.master][INFO] 2026-08-30 10:05:44,921: +CACHEDPARAM [/rosout_disable_topics_generation] by /performance_monitor
[rosmaster.master][INFO] 2026-08-30 10:05:44,922: +CACHEDPARAM [/rosout_disable_topics_generation] by /performance_monitor
[rosmaster.master][INFO] 2026-08-30 10:05:49,925: +CACHEDPARAM [/rosout_disable_topics_generation] by /performance_monitor
[rosmaster.master][INFO] 2026-08-30 10:05:51,191: +CACHEDPARAM [/rosout_disable_topics_generation] by /performance_monitor
[rosmaster.master][INFO] 2026-08-30 10:05:51,886: +CACHEDPARAM [/rosout_disable_topics_generation] by /performance_monitor
[rosmaster.master][INFO] 2026-08-30 10:05:53,080: +CACHEDPARAM [/rosout_disable_topics_generation] by /performance_monitor
[rosmaster.master][INFO] 2026-08-30 10:05:53,127: +CACHEDPARAM [/rosout_disable_topics_generation] by /performance_monitor
[rosmaster.master][INFO] 2026-08-30 10:05:53,129: +CACHEDPARAM [/rosout_disable_topics_generation] by /performance_monitor
[rosmaster.master][INFO] 2026-08-30 10:05:58,132: +CACHEDPARAM [/rosout_disable_topics_generation] by /performance_monitor
[rosmaster.master][INFO] 2026-08-30 10:05:59,379: +CACHEDPARAM [/rosout_disable_topics_generation] by /performance_monitor
[rosmaster.master][INFO] 2026-08-30 10:06:00,084: +CACHEDPARAM [/rosout_disable_topics_generation] by /performance_monitor
[rosmaster.master][INFO] 2026-08-30 10:06:01,208: +CACHEDPARAM [/rosout_disable_topics_generation] by /performance_monitor
[rosmaster.master][INFO] 2026-08-30 10:06:01,294: +CACHEDPARAM [/rosout_disable_topics_generation] by /performance_monitor
[rosmaster.master][INFO] 2026-08-30 10:06:01,297: +CACHEDPARAM [/rosout_disable_topics_generation] by /performance_monitor
[rosmaster.master][INFO] 2026-08-30 10:06:06,300: +CACHEDPARAM [/rosout_disable_topics_generation] by /performance_monitor
[rosmaster.master][INFO] 2026-08-30 10:06:07,603: +CACHEDPARAM [/rosout_disable_topics_generation] by /performance_monitor
[rosmaster.master][INFO] 2026-08-30 10:06:08,292: +CACHEDPARAM [/rosout_disable_topics_generation] by /performance_monitor
[rosmaster.master][INFO] 2026-08-30 10:06:09,590: +CACHEDPARAM [/rosout_disable_topics_generation] by /performance_monitor
[rosmaster.master][INFO] 2026-08-30 10:06:09,638: +CACHEDPARAM [/rosout_disable_topics_generation] by /performance_monitor
[rosmaster.master][INFO] 2026-08-30 10:06:09,640: +CACHEDPARAM [/rosout_disable_topics_generation] by /performance_monitor
[rosmaster.master][INFO] 2026-08-30 10:06:14,642: +CACHEDPARAM [/rosout_disable_topics_generation] by /performance_monitor
[rosmaster.master][INFO] 2026-08-30 10:06:15,911: +CACHEDPARAM [/rosout_disable_topics_generation] by /performance_monitor
[rosmaster.master][INFO] 2026-08-30 10:06:16,600: +CACHEDPARAM [/rosout_disable_topics_generation] by /performance_monitor
[rosmaster.master][INFO] 2026-08-30 10:06:17,911: +CACHEDPARAM [/rosout_disable_topics_generation] by /performance_monitor
[rosmaster.master][INFO] 2026-08-30 10:06:17,970: +CACHEDPARAM [/rosout_disable_topics_generation] by /performance_monitor
[rosmaster.master][INFO] 2026-08-30 10:06:17,972: +CACHEDPARAM [/rosout_disable_topics_generation] by /performance_monitor
[rosmaster.master][INFO] 2026-08-30 10:06:22,975: +CACHEDPARAM [/rosout_disable_topics_generation] by /performance_monitor
[rosmaster.master][INFO] 2026-08-30 10:06:24,227: +CACHEDPARAM [/rosout_disable_topics_generation] by /performance_monitor
[rosmaster.master][INFO] 2026-08-30 10:06:24,910: +CACHEDPARAM [/rosout_disable_topics_generation] by /performance_monitor
[rosmaster.master][INFO] 2026-08-30 10:06:26,243: +CACHEDPARAM [/rosout_disable_topics_generation] by /performance_monitor
[rosmaster.master][INFO] 2026-08-30 10:06:26,298: +CACHEDPARAM [/rosout_disable_topics_generation] by /performance_monitor
[rosmaster.master][INFO] 2026-08-30 10:06:26,299: +CACHEDPARAM [/rosout_disable_topics_generation] by /performance_monitor
[rosmaster.master][INFO] 2026-08-30 10:06:31,301: +CACHEDPARAM [/rosout_disable_topics_generation] by /performance_monitor
[rosmaster.master][INFO] 2026-08-30 10:06:32,671: +CACHEDPARAM [/rosout_disable_topics_generation] by /performance_monitor
[rosmaster.master][INFO] 2026-08-30 10:06:33,473: +CACHEDPARAM [/rosout_disable_topics_generation] by /performance_monitor
[rosmaster.master][INFO] 2026-08-30 10:06:34,771: +CACHEDPARAM [/rosout_disable_topics_generation] by /performance_monitor
[rosmaster.master][INFO] 2026-08-30 10:06:34,826: +CACHEDPARAM [/rosout_disable_topics_generation] by /performance_monitor
[rosmaster.master][INFO] 2026-08-30 10:06:34,827: +CACHEDPARAM [/rosout_disable_topics_generation] by /performance_monitor
[rosmaster.master][INFO] 2026-08-30 10:06:39,831: +CACHEDPARAM [/rosout_disable_topics_generation] by /performance_monitor
[rosmaster.master][INFO] 2026-08-30 10:06:41,085: +CACHEDPARAM [/rosout_disable_topics_generation] by /performance_monitor
[rosmaster.master][INFO] 2026-08-30 10:06:41,780: +CACHEDPARAM [/rosout_disable_topics_generation] by /performance_monitor
[rosmaster.master][INFO] 2026-08-30 10:06:43,117: +CACHEDPARAM [/rosout_disable_topics_generation] by /performance_monitor
[rosmaster.master][INFO] 2026-08-30 10:06:43,173: +CACHEDPARAM [/rosout_disable_topics_generation] by /performance_monitor
[rosmaster.master][INFO] 2026-08-30 10:06:43,176: +CACHEDPARAM [/rosout_disable_topics_generation] by /performance_monitor
[rosmaster.master][INFO] 2026-08-30 10:06:48,177: +CACHEDPARAM [/rosout_disable_topics_generation] by /performance_monitor
[rosmaster.master][INFO] 2026-08-30 10:06:49,413: +CACHEDPARAM [/rosout_disable_topics_generation] by /performance_monitor
[rosmaster.master][INFO] 2026-08-30 10:06:50,113: +CACHEDPARAM [/rosout_disable_topics_generation] by /performance_monitor
[rosmaster.master][INFO] 2026-08-30 10:06:51,463: +CACHEDPARAM [/rosout_disable_topics_generation] by /performance_monitor
[rosmaster.master][INFO] 2026-08-30 10:06:51,515: +CACHEDPARAM [/rosout_disable_topics_generation] by /performance_monitor
[rosmaster.master][INFO] 2026-08-30 10:06:51,517: +CACHEDPARAM [/rosout_disable_topics_generation] by /performance_monitor
[rosmaster.master][INFO] 2026-08-30 10:06:56,519: +CACHEDPARAM [/rosout_disable_topics_generation] by /performance_monitor
[rosmaster.master][INFO] 2026-08-30 10:06:57,756: +CACHEDPARAM [/rosout_disable_topics_generation] by /performance_monitor
[rosmaster.master][INFO] 2026-08-30 10:06:58,453: +CACHEDPARAM [/rosout_disable_topics_generation] by /performance_monitor
[rosmaster.master][INFO] 2026-08-30 10:06:59,750: +CACHEDPARAM [/rosout_disable_topics_generation] by /performance_monitor
[rosmaster.master][INFO] 2026-08-30 10:06:59,800: +CACHEDPARAM [/rosout_disable_topics_generation] by /performance_monitor
[rosmaster.master][INFO] 2026-08-30 10:06:59,802: +CACHEDPARAM [/rosout_disable_topics_generation] by /performance_monitor
[rosmaster.master][INFO] 2026-08-30 10:07:04,808: +CACHEDPARAM [/rosout_disable_topics_generation] by /performance_monitor
[rosmaster.master][INFO] 2026-08-30 10:07:06,079: +CACHEDPARAM [/rosout_disable_topics_generation] by /performance_monitor
[rosmaster.master][INFO] 2026-08-30 10:07:06,763: +CACHEDPARAM [/rosout_disable_topics_generation] by /performance_monitor
[rosmaster.master][INFO] 2026-08-30 10:07:08,101: +CACHEDPARAM [/rosout_disable_topics_generation] by /performance_monitor
[rosmaster.master][INFO] 2026-08-30 10:07:08,157: +CACHEDPARAM [/rosout_disable_topics_generation] by /performance_monitor
[rosmaster.master][INFO] 2026-08-30 10:07:08,159: +CACHEDPARAM [/rosout_disable_topics_generation] by /performance_monitor
[rosmaster.master][INFO] 2026-08-30 10:07:13,161: +CACHEDPARAM [/rosout_disable_topics_generation] by /performance_monitor
[rosmaster.master][INFO] 2026-08-30 10:07:14,405: +CACHEDPARAM [/rosout_disable_topics_generation] by /performance_monitor
[rosmaster.master][INFO] 2026-08-30 10:07:15,091: +CACHEDPARAM [/rosout_disable_topics_generation] by /performance_monitor
[rosmaster.master][INFO] 2026-08-30 10:07:16,334: +CACHEDPARAM [/rosout_disable_topics_generation] by /performance_monitor
[rosmaster.master][INFO] 2026-08-30 10:07:16,382: +CACHEDPARAM [/rosout_disable_topics_generation] by /performance_monitor
[rosmaster.master][INFO] 2026-08-30 10:07:16,384: +CACHEDPARAM [/rosout_disable_topics_generation] by /performance_monitor
[rosmaster.master][INFO] 2026-08-30 10:07:21,387: +CACHEDPARAM [/rosout_disable_topics_generation] by /performance_monitor
[rosmaster.master][INFO] 2026-08-30 10:07:22,664: +CACHEDPARAM [/rosout_disable_topics_generation] by /performance_monitor
[rosmaster.master][INFO] 2026-08-30 10:07:23,352: +CACHEDPARAM [/rosout_disable_topics_generation] by /performance_monitor
[rosmaster.master][INFO] 2026-08-30 10:07:24,689: +CACHEDPARAM [/rosout_disable_topics_generation] by /performance_monitor
[rosmaster.master][INFO] 2026-08-30 10:07:24,746: +CACHEDPARAM [/rosout_disable_topics_generation] by /performance_monitor
[rosmaster.master][INFO] 2026-08-30 10:07:24,752: +CACHEDPARAM [/rosout_disable_topics_generation] by /performance_monitor
[rosmaster.master][INFO] 2026-08-30 10:07:29,753: +CACHEDPARAM [/rosout_disable_topics_generation] by /performance_monitor
[rosmaster.master][INFO] 2026-08-30 10:07:31,004: +CACHEDPARAM [/rosout_disable_topics_generation] by /performance_monitor
[rosmaster.master][INFO] 2026-08-30 10:07:31,693: +CACHEDPARAM [/rosout_disable_topics_generation] by /performance_monitor
[rosmaster.master][INFO] 2026-08-30 10:07:33,053: +CACHEDPARAM [/rosout_disable_topics_generation] by /performance_monitor
[rosmaster.master][INFO] 2026-08-30 10:07:33,102: +CACHEDPARAM [/rosout_disable_topics_generation] by /performance_monitor
[rosmaster.master][INFO] 2026-08-30 10:07:33,105: +CACHEDPARAM [/rosout_disable_topics_generation] by /performance_monitor
[rosmaster.master][INFO] 2026-08-30 10:07:38,111: +CACHEDPARAM [/rosout_disable_topics_generation] by /performance_monitor
[rosmaster.master][INFO] 2026-08-30 10:07:39,391: +CACHEDPARAM [/rosout_disable_topics_generation] by /performance_monitor
[rosmaster.master][INFO] 2026-08-30 10:07:40,077: +CACHEDPARAM [/rosout_disable_topics_generation] by /performance_monitor
[rosmaster.master][INFO] 2026-08-30 10:07:41,416: +CACHEDPARAM [/rosout_disable_topics_generation] by /performance_monitor
[rosmaster.master][INFO] 2026-08-30 10:07:41,464: +CACHEDPARAM [/rosout_disable_topics_generation] by /performance_monitor
[rosmaster.master][INFO] 2026-08-30 10:07:41,466: +CACHEDPARAM [/rosout_disable_topics_generation] by /performance_monitor
[rosmaster.master][INFO] 2026-08-30 10:07:46,467: +CACHEDPARAM [/rosout_disable_topics_generation] by /performance_monitor
[rosmaster.master][INFO] 2026-08-30 10:07:47,763: +CACHEDPARAM [/rosout_disable_topics_generation] by /performance_monitor
[rosmaster.master][INFO] 2026-08-30 10:07:48,460: +CACHEDPARAM [/rosout_disable_topics_generation] by /performance_monitor
[rosmaster.master][INFO] 2026-08-30 10:07:49,762: +CACHEDPARAM [/rosout_disable_topics_generation] by /performance_monitor
[rosmaster.master][INFO] 2026-08-30 10:07:49,818: +CACHEDPARAM [/rosout_disable_topics_generation] by /performance_monitor
[rosmaster.master][INFO] 2026-08-30 10:07:49,820: +CACHEDPARAM [/rosout_disable_topics_generation] by /performance_monitor
[rosmaster.master][INFO] 2026-08-30 10:07:54,822: +CACHEDPARAM [/rosout_disable_topics_generation] by /performance_monitor
[rosmaster.master][INFO] 2026-08-30 10:07:56,093: +CACHEDPARAM [/rosout_disable_topics_generation] by /performance_monitor
[rosmaster.master][INFO] 2026-08-30 10:07:57,228: +CACHEDPARAM [/rosout_disable_topics_generation] by /performance_monitor
[rosmaster.master][INFO] 2026-08-30 10:07:58,442: +CACHEDPARAM [/rosout_disable_topics_generation] by /performance_monitor
[rosmaster.master][INFO] 2026-08-30 10:07:58,489: +CACHEDPARAM [/rosout_disable_topics_generation] by /performance_monitor
[rosmaster.master][INFO] 2026-08-30 10:07:58,491: +CACHEDPARAM [/rosout_disable_topics_generation] by /performance_monitor
[rosmaster.master][INFO] 2026-08-30 10:08:03,493: +CACHEDPARAM [/rosout_disable_topics_generation] by /performance_monitor
[rosmaster.master][INFO] 2026-08-30 10:08:05,607: +CACHEDPARAM [/rosout_disable_topics_generation] by /performance_monitor
[rosmaster.master][INFO] 2026-08-30 10:08:06,736: +CACHEDPARAM [/rosout_disable_topics_generation] by /performance_monitor
[rosmaster.master][INFO] 2026-08-30 10:08:07,938: +CACHEDPARAM [/rosout_disable_topics_generation] by /performance_monitor
[rosmaster.master][INFO] 2026-08-30 10:08:07,995: +CACHEDPARAM [/rosout_disable_topics_generation] by /performance_monitor
[rosmaster.master][INFO] 2026-08-30 10:08:08,000: +CACHEDPARAM [/rosout_disable_topics_generation] by /performance_monitor
[rosmaster.master][INFO] 2026-08-30 10:08:13,007: +CACHEDPARAM [/rosout_disable_topics_generation] by /performance_monitor
[rosmaster.master][INFO] 2026-08-30 10:08:14,875: +CACHEDPARAM [/rosout_disable_topics_generation] by /performance_monitor
[rosmaster.master][INFO] 2026-08-30 10:08:15,572: +CACHEDPARAM [/rosout_disable_topics_generation] by /performance_monitor
[rosmaster.master][INFO] 2026-08-30 10:08:16,777: +CACHEDPARAM [/rosout_disable_topics_generation] by /performance_monitor
[rosmaster.master][INFO] 2026-08-30 10:08:16,833: +CACHEDPARAM [/rosout_disable_topics_generation] by /performance_monitor
[rosmaster.master][INFO] 2026-08-30 10:08:16,836: +CACHEDPARAM [/rosout_disable_topics_generation] by /performance_monitor
[rosmaster.master][INFO] 2026-08-30 10:08:21,840: +CACHEDPARAM [/rosout_disable_topics_generation] by /performance_monitor
[rosmaster.master][INFO] 2026-08-30 10:08:23,094: +CACHEDPARAM [/rosout_disable_topics_generation] by /performance_monitor
[rosmaster.master][INFO] 2026-08-30 10:08:23,721: -SUB [/mavros/local_position/odom] /trajectory_planner http://trajectory:33795/
[rosmaster.master][INFO] 2026-08-30 10:08:23,722: -SUB [/tracked_targets] /trajectory_planner http://trajectory:33795/
[rosmaster.master][INFO] 2026-08-30 10:08:23,722: -SUB [/mission_status] /trajectory_planner http://trajectory:33795/
[rosmaster.master][INFO] 2026-08-30 10:08:23,722: -PUB [/rosout] /trajectory_planner http://trajectory:33795/
[rosmaster.master][INFO] 2026-08-30 10:08:23,722: -PUB [/planned_trajectory] /trajectory_planner http://trajectory:33795/
[rosmaster.master][INFO] 2026-08-30 10:08:23,722: -PUB [/waypoints] /trajectory_planner http://trajectory:33795/
[rosmaster.master][INFO] 2026-08-30 10:08:23,722: -PUB [/path] /trajectory_planner http://trajectory:33795/
[rosmaster.master][INFO] 2026-08-30 10:08:23,723: -PUB [/planner_status] /trajectory_planner http://trajectory:33795/
[rosmaster.master][INFO] 2026-08-30 10:08:23,723: -SERVICE [/trajectory_planner/get_loggers] /trajectory_planner rosrpc://trajectory:32915
[rosmaster.master][INFO] 2026-08-30 10:08:23,723: -SERVICE [/trajectory_planner/set_logger_level] /trajectory_planner rosrpc://trajectory:32915
[rosmaster.master][INFO] 2026-08-30 10:08:23,734: -SUB [/performance/command] /performance_monitor http://performance:43249/
[rosmaster.master][INFO] 2026-08-30 10:08:23,735: -SUB [/performance/benchmark] /performance_monitor http://performance:43249/
[rosmaster.master][INFO] 2026-08-30 10:08:23,735: -PUB [/rosout] /performance_monitor http://performance:43249/
[rosmaster.master][INFO] 2026-08-30 10:08:23,735: -PUB [/performance/metrics] /performance_monitor http://performance:43249/
[rosmaster.master][INFO] 2026-08-30 10:08:23,735: -PUB [/performance/benchmark_results] /performance_monitor http://performance:43249/
[rosmaster.master][INFO] 2026-08-30 10:08:23,735: -PUB [/performance/alert] /performance_monitor http://performance:43249/
[rosmaster.master][INFO] 2026-08-30 10:08:23,735: -PUB [/diagnostic_status] /performance_monitor http://performance:43249/
[rosmaster.master][INFO] 2026-08-30 10:08:23,736: -SERVICE [/performance_monitor/get_loggers] /performance_monitor rosrpc://performance:38269
[rosmaster.master][INFO] 2026-08-30 10:08:23,736: -SERVICE [/performance_monitor/set_logger_level] /performance_monitor rosrpc://performance:38269
[rosmaster.master][INFO] 2026-08-30 10:08:23,743: publisherUpdate[/rosout] -> http://kamikaze:37335/ ['http://kamikaze:33505/', 'http://kamikaze:43681/', 'http://kamikaze:37979/', 'http://kamikaze:42885/', 'http://kamikaze:36583/', 'http://kamikaze:39181/', 'http://kamikaze:36657/', 'http://kamikaze:43083/', 'http://kamikaze:33613/', 'http://kamikaze:45445/', 'http://performance:43249/', 'http://kamikaze:35479/']
[rosmaster.master][INFO] 2026-08-30 10:08:23,751: publisherUpdate[/rosout] -> http://kamikaze:37335/ ['http://kamikaze:33505/', 'http://kamikaze:43681/', 'http://kamikaze:37979/', 'http://kamikaze:42885/', 'http://kamikaze:36583/', 'http://kamikaze:39181/', 'http://kamikaze:36657/', 'http://kamikaze:43083/', 'http://kamikaze:33613/', 'http://kamikaze:45445/', 'http://performance:43249/', 'http://kamikaze:35479/']: sec=0.01, result=[1, '', 0]
[rosmaster.master][INFO] 2026-08-30 10:08:23,755: publisherUpdate[/rosout] -> http://kamikaze:37335/ ['http://kamikaze:33505/', 'http://kamikaze:43681/', 'http://kamikaze:37979/', 'http://kamikaze:42885/', 'http://kamikaze:36583/', 'http://kamikaze:39181/', 'http://kamikaze:36657/', 'http://kamikaze:43083/', 'http://kamikaze:33613/', 'http://kamikaze:45445/', 'http://kamikaze:35479/']
[rosmaster.master][INFO] 2026-08-30 10:08:23,759: publisherUpdate[/rosout] -> http://kamikaze:37335/ ['http://kamikaze:33505/', 'http://kamikaze:43681/', 'http://kamikaze:37979/', 'http://kamikaze:42885/', 'http://kamikaze:36583/', 'http://kamikaze:39181/', 'http://kamikaze:36657/', 'http://kamikaze:43083/', 'http://kamikaze:33613/', 'http://kamikaze:45445/', 'http://kamikaze:35479/']: sec=0.00, result=[1, '', 0]
[rosmaster.master][INFO] 2026-08-30 10:08:23,885: +CACHEDPARAM [/rosout_disable_topics_generation] by /performance_monitor
