

1788083806.242106120  Node Startup
1788083811.519936800 INFO /mission_manager [mission_manager.py:115(MissionManager.__init__)] [topics: /tracked_targets, /safety_status, /mission_status, /mission_manager/node_health, /rosout, /drone_control/command] Mission Manager initialized
1788083812.123783826 INFO /command_interpreter [command_interpreter.py:65(CommandInterpreter.__init__)] [topics: /drone_control/command_response, /drone_control/command, /command_interpreter/node_health, /rosout] Command Interpreter initialized
1788083812.227642536 INFO /sensor_fusion [sensor_fusion.py:40(SensorFusion.__init__)] [topics: /mavros/global_position/global, /mavros/local_position/pose, /rosout, /sensor_fusion/node_health, /mavros/imu/data] Sensor Fusion initialized
1788083812.426136255 INFO /camera_calibration [camera_calibration.py:29(CameraCalibration.__init__)] [topics: /camera/camera_info, /tf, /rosout] Camera calibration node started
1788083812.942826509 INFO /system_health_monitor [system_health_monitor.py:77(SystemHealthMonitor.__init__)] [topics: /diagnostic_status, /health/check_all, /rosout, /performance_metrics, /system_alert, /system_health] System Health Monitor initialized
1788083812.908348083 INFO /parameter_validator [parameter_validator.py:65(ParameterValidator.__init__)] [topics: /rosout] Parameter validator initialized successfully
1788083813.208302736 INFO /vehicle_state_monitor [vehicle_state_monitor.py:83(VehicleStateMonitor.__init__)] [topics: /vehicle_state_monitor/node_health, /diagnostic_status, /drone_status, /battery_percentage, /mavros/battery, /mavros/local_position/velocity, /rosout, /mavros/state] Vehicle State Monitor started
1788083813.233362197 INFO /health_checker [health_checker.py:58(HealthChecker.__init__)] [topics: /yolo_detector/node_health, /vehicle_state_monitor/node_health, /target_tracking_controller/node_health, /mission_manager/node_health, /command_interpreter/node_health, /safety_monitor/node_health, /system_health, /rosout] Health Checker initialized
1788083813.234002351 INFO /safety_monitor [safety_monitor.py:77(SafetyMonitor.__init__)] [topics: /safety_status, /mavros/state, /mavros/local_position/velocity, /emergency_triggered, /safety_monitor/node_health, /rosout, /mavros/local_position/pose] Safety Monitor initialized
1788083813.240028858 INFO /safety_monitor [safety_monitor.py:78(SafetyMonitor.__init__)] [topics: /safety_status, /mavros/state, /mavros/local_position/velocity, /emergency_triggered, /safety_monitor/node_health, /rosout, /mavros/local_position/pose] Health publisher: /safety_monitor/node_health
1788083816.346520900 WARN /target_tracking_controller [target_tracking_controller.py:103(TargetTrackingController.__init__)] [topics: /target_tracking_controller/node_health, /mission_status, /mavros/setpoint_raw/local, /tracked_targets, /rosout, /mavros/state, /mavros/setpoint_velocity/cmd_vel_unstamped, /detected_objects, /mavros/local_position/odom] MAVROS set_mode service not available: timeout exceeded while waiting for service /mavros/set_mode
1788083818.236691951 WARN /health_checker [health_checker.py:90(HealthChecker._check_health)] [topics: /yolo_detector/node_health, /vehicle_state_monitor/node_health, /target_tracking_controller/node_health, /mission_manager/node_health, /command_interpreter/node_health, /safety_monitor/node_health, /system_health, /rosout] Unhealthy nodes: 2
1788083818.241712331 WARN /health_checker [health_checker.py:92(HealthChecker._check_health)] [topics: /yolo_detector/node_health, /vehicle_state_monitor/node_health, /target_tracking_controller/node_health, /mission_manager/node_health, /command_interpreter/node_health, /safety_monitor/node_health, /system_health, /rosout]   yolo_detector: No health report
1788083818.246309518 WARN /health_checker [health_checker.py:92(HealthChecker._check_health)] [topics: /yolo_detector/node_health, /vehicle_state_monitor/node_health, /target_tracking_controller/node_health, /mission_manager/node_health, /command_interpreter/node_health, /safety_monitor/node_health, /system_health, /rosout]   target_tracking_controller: No health report
1788083818.476381778 WARN /target_tracking_controller [target_tracking_controller.py:110(TargetTrackingController.__init__)] [topics: /target_tracking_controller/node_health, /mission_status, /mavros/setpoint_raw/local, /tracked_targets, /rosout, /mavros/state, /mavros/setpoint_velocity/cmd_vel_unstamped, /detected_objects, /mavros/local_position/odom] MAVROS arming service not available: timeout exceeded while waiting for service /mavros/cmd/arming
1788083818.483306407 INFO /target_tracking_controller [target_tracking_controller.py:126(TargetTrackingController.__init__)] [topics: /target_tracking_controller/node_health, /mission_status, /mavros/setpoint_raw/local, /tracked_targets, /rosout, /mavros/state, /mavros/setpoint_velocity/cmd_vel_unstamped, /detected_objects, /mavros/local_position/odom] Target Tracking Controller started in SEARCHING mode
1788083818.932483911 INFO /trajectory_planner [trajectory_planner.py:94(TrajectoryPlanner.__init__)] [topics: /path, /mavros/local_position/odom, /tracked_targets, /waypoints, /mission_status, /rosout, /planner_status, /planned_trajectory] Trajectory Planner initialized
1788083819.131558179 INFO /yolo_detector [yolo_detector.py:102(YOLODetector._load_model)] [topics: /mission_status, /drone_control/command, /command_response, /yolo_detector/node_health, /rosout] Loading YOLO model from: /PX4-Autopilot/yolov8s.pt
1788083819.065988540 INFO /performance_monitor [performance_monitor.py:103(PerformanceMonitor.__init__)] [topics: /performance/benchmark_results, /performance/alert, /rosout, /performance/command, /performance/metrics, /diagnostic_status, /performance/benchmark] Performance Monitor initialized
1788083819.455360651 INFO /yolo_detector [yolo_detector.py:121(YOLODetector._load_model)] [topics: /mission_status, /drone_control/command, /command_response, /yolo_detector/node_health, /rosout] YOLO model loaded successfully!
1788083819.461610317 INFO /yolo_detector [yolo_detector.py:96(YOLODetector.__init__)] [topics: /mission_status, /drone_control/command, /camera/color/image_raw, /command_response, /yolo_detector/node_health, /detected_objects, /rosout] YOLO Detector initialized in production mode
1788083819.465784072 INFO /yolo_detector [yolo_detector.py:97(YOLODetector.__init__)] [topics: /mission_status, /drone_control/command, /camera/color/image_raw, /command_response, /yolo_detector/node_health, /detected_objects, /rosout] Vehicle classes: [2, 3, 5, 6, 7]
1788083821.071290254 INFO /performance_monitor [performance_monitor.py:121(PerformanceMonitor.start_monitoring)] [topics: /performance/benchmark_results, /performance/alert, /rosout, /performance/command, /performance/metrics, /diagnostic_status, /performance/benchmark] Performance monitoring started
1788083826.078941106 INFO /performance_monitor [performance_monitor.py:381(PerformanceMonitor.benchmark_fps)] [topics: /performance/benchmark_results, /performance/alert, /rosout, /performance/command, /performance/metrics, /diagnostic_status, /performance/benchmark] Running FPS benchmark...
1788083831.082661867 INFO /performance_monitor [performance_monitor.py:414(PerformanceMonitor.benchmark_cpu)] [topics: /performance/benchmark_results, /performance/alert, /rosout, /performance/command, /performance/metrics, /diagnostic_status, /performance/benchmark] Running CPU benchmark...
1788083832.326552629 INFO /performance_monitor [performance_monitor.py:438(PerformanceMonitor.benchmark_memory)] [topics: /performance/benchmark_results, /performance/alert, /rosout, /performance/command, /performance/metrics, /diagnostic_status, /performance/benchmark] Running memory benchmark...
1788083833.067000150 INFO /performance_monitor [performance_monitor.py:474(PerformanceMonitor.benchmark_network)] [topics: /performance/benchmark_results, /performance/alert, /rosout, /performance/command, /performance/metrics, /diagnostic_status, /performance/benchmark] Running network benchmark...
1788083834.226022481 INFO /performance_monitor [performance_monitor.py:520(PerformanceMonitor.benchmark_application)] [topics: /performance/benchmark_results, /performance/alert, /rosout, /performance/command, /performance/metrics, /diagnostic_status, /performance/benchmark] Running application benchmark...
1788083834.278303146 INFO /performance_monitor [performance_monitor.py:373(PerformanceMonitor.run_benchmark)] [topics: /performance/benchmark_results, /performance/alert, /rosout, /performance/command, /performance/metrics, /diagnostic_status, /performance/benchmark] Benchmark completed with overall score: 0.63
1788083834.281071662 INFO /performance_monitor [performance_monitor.py:381(PerformanceMonitor.benchmark_fps)] [topics: /performance/benchmark_results, /performance/alert, /rosout, /performance/command, /performance/metrics, /diagnostic_status, /performance/benchmark] Running FPS benchmark...
1788083839.284370660 INFO /performance_monitor [performance_monitor.py:414(PerformanceMonitor.benchmark_cpu)] [topics: /performance/benchmark_results, /performance/alert, /rosout, /performance/command, /performance/metrics, /diagnostic_status, /performance/benchmark] Running CPU benchmark...
1788083840.563440799 INFO /performance_monitor [performance_monitor.py:438(PerformanceMonitor.benchmark_memory)] [topics: /performance/benchmark_results, /performance/alert, /rosout, /performance/command, /performance/metrics, /diagnostic_status, /performance/benchmark] Running memory benchmark...
1788083841.326198816 INFO /performance_monitor [performance_monitor.py:474(PerformanceMonitor.benchmark_network)] [topics: /performance/benchmark_results, /performance/alert, /rosout, /performance/command, /performance/metrics, /diagnostic_status, /performance/benchmark] Running network benchmark...
1788083842.474109411 INFO /performance_monitor [performance_monitor.py:520(PerformanceMonitor.benchmark_application)] [topics: /performance/benchmark_results, /performance/alert, /rosout, /performance/command, /performance/metrics, /diagnostic_status, /performance/benchmark] Running application benchmark...
1788083842.528013706 INFO /performance_monitor [performance_monitor.py:373(PerformanceMonitor.run_benchmark)] [topics: /performance/benchmark_results, /performance/alert, /rosout, /performance/command, /performance/metrics, /diagnostic_status, /performance/benchmark] Benchmark completed with overall score: 0.63
1788083842.529355287 INFO /performance_monitor [performance_monitor.py:381(PerformanceMonitor.benchmark_fps)] [topics: /performance/benchmark_results, /performance/alert, /rosout, /performance/command, /performance/metrics, /diagnostic_status, /performance/benchmark] Running FPS benchmark...
1788083847.607909440 INFO /performance_monitor [performance_monitor.py:414(PerformanceMonitor.benchmark_cpu)] [topics: /performance/benchmark_results, /performance/alert, /rosout, /performance/command, /performance/metrics, /diagnostic_status, /performance/benchmark] Running CPU benchmark...
1788083848.956428050 INFO /performance_monitor [performance_monitor.py:438(PerformanceMonitor.benchmark_memory)] [topics: /performance/benchmark_results, /performance/alert, /rosout, /performance/command, /performance/metrics, /diagnostic_status, /performance/benchmark] Running memory benchmark...
1788083849.682827711 INFO /performance_monitor [performance_monitor.py:474(PerformanceMonitor.benchmark_network)] [topics: /performance/benchmark_results, /performance/alert, /rosout, /performance/command, /performance/metrics, /diagnostic_status, /performance/benchmark] Running network benchmark...
1788083850.870697975 INFO /performance_monitor [performance_monitor.py:520(PerformanceMonitor.benchmark_application)] [topics: /performance/benchmark_results, /performance/alert, /rosout, /performance/command, /performance/metrics, /diagnostic_status, /performance/benchmark] Running application benchmark...
1788083850.920486688 INFO /performance_monitor [performance_monitor.py:373(PerformanceMonitor.run_benchmark)] [topics: /performance/benchmark_results, /performance/alert, /rosout, /performance/command, /performance/metrics, /diagnostic_status, /performance/benchmark] Benchmark completed with overall score: 0.63
1788083850.922047853 INFO /performance_monitor [performance_monitor.py:381(PerformanceMonitor.benchmark_fps)] [topics: /performance/benchmark_results, /performance/alert, /rosout, /performance/command, /performance/metrics, /diagnostic_status, /performance/benchmark] Running FPS benchmark...
1788083855.927867650 INFO /performance_monitor [performance_monitor.py:414(PerformanceMonitor.benchmark_cpu)] [topics: /performance/benchmark_results, /performance/alert, /rosout, /performance/command, /performance/metrics, /diagnostic_status, /performance/benchmark] Running CPU benchmark...
1788083858.469692945 INFO /performance_monitor [performance_monitor.py:438(PerformanceMonitor.benchmark_memory)] [topics: /performance/benchmark_results, /performance/alert, /rosout, /performance/command, /performance/metrics, /diagnostic_status, /performance/benchmark] Running memory benchmark...
1788083859.839744567 INFO /performance_monitor [performance_monitor.py:474(PerformanceMonitor.benchmark_network)] [topics: /performance/benchmark_results, /performance/alert, /rosout, /performance/command, /performance/metrics, /diagnostic_status, /performance/benchmark] Running network benchmark...
1788083861.079246044 INFO /performance_monitor [performance_monitor.py:520(PerformanceMonitor.benchmark_application)] [topics: /performance/benchmark_results, /performance/alert, /rosout, /performance/command, /performance/metrics, /diagnostic_status, /performance/benchmark] Running application benchmark...
1788083861.256401777 INFO /performance_monitor [performance_monitor.py:373(PerformanceMonitor.run_benchmark)] [topics: /performance/benchmark_results, /performance/alert, /rosout, /performance/command, /performance/metrics, /diagnostic_status, /performance/benchmark] Benchmark completed with overall score: 0.63
1788083861.262536048 INFO /performance_monitor [performance_monitor.py:381(PerformanceMonitor.benchmark_fps)] [topics: /performance/benchmark_results, /performance/alert, /rosout, /performance/command, /performance/metrics, /diagnostic_status, /performance/benchmark] Running FPS benchmark...
1788083866.268268346 INFO /performance_monitor [performance_monitor.py:414(PerformanceMonitor.benchmark_cpu)] [topics: /performance/benchmark_results, /performance/alert, /rosout, /performance/command, /performance/metrics, /diagnostic_status, /performance/benchmark] Running CPU benchmark...
1788083868.343974113 INFO /performance_monitor [performance_monitor.py:438(PerformanceMonitor.benchmark_memory)] [topics: /performance/benchmark_results, /performance/alert, /rosout, /performance/command, /performance/metrics, /diagnostic_status, /performance/benchmark] Running memory benchmark...
1788083869.637534856 INFO /performance_monitor [performance_monitor.py:474(PerformanceMonitor.benchmark_network)] [topics: /performance/benchmark_results, /performance/alert, /rosout, /performance/command, /performance/metrics, /diagnostic_status, /performance/benchmark] Running network benchmark...
1788083870.830717325 INFO /performance_monitor [performance_monitor.py:520(PerformanceMonitor.benchmark_application)] [topics: /performance/benchmark_results, /performance/alert, /rosout, /performance/command, /performance/metrics, /diagnostic_status, /performance/benchmark] Running application benchmark...
1788083870.985308647 INFO /performance_monitor [performance_monitor.py:373(PerformanceMonitor.run_benchmark)] [topics: /performance/benchmark_results, /performance/alert, /rosout, /performance/command, /performance/metrics, /diagnostic_status, /performance/benchmark] Benchmark completed with overall score: 0.63
1788083870.999978303 INFO /performance_monitor [performance_monitor.py:381(PerformanceMonitor.benchmark_fps)] [topics: /performance/benchmark_results, /performance/alert, /rosout, /performance/command, /performance/metrics, /diagnostic_status, /performance/benchmark] Running FPS benchmark...
1788083876.012064933 INFO /performance_monitor [performance_monitor.py:414(PerformanceMonitor.benchmark_cpu)] [topics: /performance/benchmark_results, /performance/alert, /rosout, /performance/command, /performance/metrics, /diagnostic_status, /performance/benchmark] Running CPU benchmark...
1788083879.344084739 INFO /performance_monitor [performance_monitor.py:438(PerformanceMonitor.benchmark_memory)] [topics: /performance/benchmark_results, /performance/alert, /rosout, /performance/command, /performance/metrics, /diagnostic_status, /performance/benchmark] Running memory benchmark...
1788083880.771218538 INFO /performance_monitor [performance_monitor.py:474(PerformanceMonitor.benchmark_network)] [topics: /performance/benchmark_results, /performance/alert, /rosout, /performance/command, /performance/metrics, /diagnostic_status, /performance/benchmark] Running network benchmark...
1788083881.986710309 INFO /performance_monitor [performance_monitor.py:520(PerformanceMonitor.benchmark_application)] [topics: /performance/benchmark_results, /performance/alert, /rosout, /performance/command, /performance/metrics, /diagnostic_status, /performance/benchmark] Running application benchmark...
1788083882.161521911 INFO /performance_monitor [performance_monitor.py:373(PerformanceMonitor.run_benchmark)] [topics: /performance/benchmark_results, /performance/alert, /rosout, /performance/command, /performance/metrics, /diagnostic_status, /performance/benchmark] Benchmark completed with overall score: 0.63
1788083882.178566455 INFO /performance_monitor [performance_monitor.py:381(PerformanceMonitor.benchmark_fps)] [topics: /performance/benchmark_results, /performance/alert, /rosout, /performance/command, /performance/metrics, /diagnostic_status, /performance/benchmark] Running FPS benchmark...
1788083887.191444873 INFO /performance_monitor [performance_monitor.py:414(PerformanceMonitor.benchmark_cpu)] [topics: /performance/benchmark_results, /performance/alert, /rosout, /performance/command, /performance/metrics, /diagnostic_status, /performance/benchmark] Running CPU benchmark...
1788083889.851935386 INFO /performance_monitor [performance_monitor.py:438(PerformanceMonitor.benchmark_memory)] [topics: /performance/benchmark_results, /performance/alert, /rosout, /performance/command, /performance/metrics, /diagnostic_status, /performance/benchmark] Running memory benchmark...
1788083891.327183008 INFO /performance_monitor [performance_monitor.py:474(PerformanceMonitor.benchmark_network)] [topics: /performance/benchmark_results, /performance/alert, /rosout, /performance/command, /performance/metrics, /diagnostic_status, /performance/benchmark] Running network benchmark...
1788083892.585338354 INFO /performance_monitor [performance_monitor.py:520(PerformanceMonitor.benchmark_application)] [topics: /performance/benchmark_results, /performance/alert, /rosout, /performance/command, /performance/metrics, /diagnostic_status, /performance/benchmark] Running application benchmark...
1788083892.832512855 INFO /performance_monitor [performance_monitor.py:373(PerformanceMonitor.run_benchmark)] [topics: /performance/benchmark_results, /performance/alert, /rosout, /performance/command, /performance/metrics, /diagnostic_status, /performance/benchmark] Benchmark completed with overall score: 0.63
1788083892.839621543 INFO /performance_monitor [performance_monitor.py:381(PerformanceMonitor.benchmark_fps)] [topics: /performance/benchmark_results, /performance/alert, /rosout, /performance/command, /performance/metrics, /diagnostic_status, /performance/benchmark] Running FPS benchmark...
1788083897.852136611 INFO /performance_monitor [performance_monitor.py:414(PerformanceMonitor.benchmark_cpu)] [topics: /performance/benchmark_results, /performance/alert, /rosout, /performance/command, /performance/metrics, /diagnostic_status, /performance/benchmark] Running CPU benchmark...
1788083901.414947986 INFO /performance_monitor [performance_monitor.py:438(PerformanceMonitor.benchmark_memory)] [topics: /performance/benchmark_results, /performance/alert, /rosout, /performance/command, /performance/metrics, /diagnostic_status, /performance/benchmark] Running memory benchmark...
1788083903.140921592 INFO /performance_monitor [performance_monitor.py:474(PerformanceMonitor.benchmark_network)] [topics: /performance/benchmark_results, /performance/alert, /rosout, /performance/command, /performance/metrics, /diagnostic_status, /performance/benchmark] Running network benchmark...
1788083904.358055830 INFO /performance_monitor [performance_monitor.py:520(PerformanceMonitor.benchmark_application)] [topics: /performance/benchmark_results, /performance/alert, /rosout, /performance/command, /performance/metrics, /diagnostic_status, /performance/benchmark] Running application benchmark...
1788083904.522121906 INFO /performance_monitor [performance_monitor.py:373(PerformanceMonitor.run_benchmark)] [topics: /performance/benchmark_results, /performance/alert, /rosout, /performance/command, /performance/metrics, /diagnostic_status, /performance/benchmark] Benchmark completed with overall score: 0.63
1788083904.525355815 INFO /performance_monitor [performance_monitor.py:381(PerformanceMonitor.benchmark_fps)] [topics: /performance/benchmark_results, /performance/alert, /rosout, /performance/command, /performance/metrics, /diagnostic_status, /performance/benchmark] Running FPS benchmark...
1788083909.534812688 INFO /performance_monitor [performance_monitor.py:414(PerformanceMonitor.benchmark_cpu)] [topics: /performance/benchmark_results, /performance/alert, /rosout, /performance/command, /performance/metrics, /diagnostic_status, /performance/benchmark] Running CPU benchmark...
1788083912.910197496 INFO /performance_monitor [performance_monitor.py:438(PerformanceMonitor.benchmark_memory)] [topics: /performance/benchmark_results, /performance/alert, /rosout, /performance/command, /performance/metrics, /diagnostic_status, /performance/benchmark] Running memory benchmark...
1788083914.285732030 INFO /performance_monitor [performance_monitor.py:474(PerformanceMonitor.benchmark_network)] [topics: /performance/benchmark_results, /performance/alert, /rosout, /performance/command, /performance/metrics, /diagnostic_status, /performance/benchmark] Running network benchmark...
1788083915.480032920 INFO /performance_monitor [performance_monitor.py:520(PerformanceMonitor.benchmark_application)] [topics: /performance/benchmark_results, /performance/alert, /rosout, /performance/command, /performance/metrics, /diagnostic_status, /performance/benchmark] Running application benchmark...
1788083915.654672622 INFO /performance_monitor [performance_monitor.py:373(PerformanceMonitor.run_benchmark)] [topics: /performance/benchmark_results, /performance/alert, /rosout, /performance/command, /performance/metrics, /diagnostic_status, /performance/benchmark] Benchmark completed with overall score: 0.63
1788083915.660172462 INFO /performance_monitor [performance_monitor.py:381(PerformanceMonitor.benchmark_fps)] [topics: /performance/benchmark_results, /performance/alert, /rosout, /performance/command, /performance/metrics, /diagnostic_status, /performance/benchmark] Running FPS benchmark...
1788083920.669279575 INFO /performance_monitor [performance_monitor.py:414(PerformanceMonitor.benchmark_cpu)] [topics: /performance/benchmark_results, /performance/alert, /rosout, /performance/command, /performance/metrics, /diagnostic_status, /performance/benchmark] Running CPU benchmark...
1788083922.800463914 INFO /performance_monitor [performance_monitor.py:438(PerformanceMonitor.benchmark_memory)] [topics: /performance/benchmark_results, /performance/alert, /rosout, /performance/command, /performance/metrics, /diagnostic_status, /performance/benchmark] Running memory benchmark...
1788083924.182351112 INFO /performance_monitor [performance_monitor.py:474(PerformanceMonitor.benchmark_network)] [topics: /performance/benchmark_results, /performance/alert, /rosout, /performance/command, /performance/metrics, /diagnostic_status, /performance/benchmark] Running network benchmark...
1788083925.383339881 INFO /performance_monitor [performance_monitor.py:520(PerformanceMonitor.benchmark_application)] [topics: /performance/benchmark_results, /performance/alert, /rosout, /performance/command, /performance/metrics, /diagnostic_status, /performance/benchmark] Running application benchmark...
1788083925.604464530 INFO /performance_monitor [performance_monitor.py:373(PerformanceMonitor.run_benchmark)] [topics: /performance/benchmark_results, /performance/alert, /rosout, /performance/command, /performance/metrics, /diagnostic_status, /performance/benchmark] Benchmark completed with overall score: 0.63
1788083925.611470937 INFO /performance_monitor [performance_monitor.py:381(PerformanceMonitor.benchmark_fps)] [topics: /performance/benchmark_results, /performance/alert, /rosout, /performance/command, /performance/metrics, /diagnostic_status, /performance/benchmark] Running FPS benchmark...
1788083930.616222858 INFO /performance_monitor [performance_monitor.py:414(PerformanceMonitor.benchmark_cpu)] [topics: /performance/benchmark_results, /performance/alert, /rosout, /performance/command, /performance/metrics, /diagnostic_status, /performance/benchmark] Running CPU benchmark...
1788083933.325851678 INFO /performance_monitor [performance_monitor.py:438(PerformanceMonitor.benchmark_memory)] [topics: /performance/benchmark_results, /performance/alert, /rosout, /performance/command, /performance/metrics, /diagnostic_status, /performance/benchmark] Running memory benchmark...
1788083934.711390733 INFO /performance_monitor [performance_monitor.py:474(PerformanceMonitor.benchmark_network)] [topics: /performance/benchmark_results, /performance/alert, /rosout, /performance/command, /performance/metrics, /diagnostic_status, /performance/benchmark] Running network benchmark...
1788083935.864549398 INFO /performance_monitor [performance_monitor.py:520(PerformanceMonitor.benchmark_application)] [topics: /performance/benchmark_results, /performance/alert, /rosout, /performance/command, /performance/metrics, /diagnostic_status, /performance/benchmark] Running application benchmark...
1788083936.021128654 INFO /performance_monitor [performance_monitor.py:373(PerformanceMonitor.run_benchmark)] [topics: /performance/benchmark_results, /performance/alert, /rosout, /performance/command, /performance/metrics, /diagnostic_status, /performance/benchmark] Benchmark completed with overall score: 0.63
1788083936.026403903 INFO /performance_monitor [performance_monitor.py:381(PerformanceMonitor.benchmark_fps)] [topics: /performance/benchmark_results, /performance/alert, /rosout, /performance/command, /performance/metrics, /diagnostic_status, /performance/benchmark] Running FPS benchmark...
1788083941.032204866 INFO /performance_monitor [performance_monitor.py:414(PerformanceMonitor.benchmark_cpu)] [topics: /performance/benchmark_results, /performance/alert, /rosout, /performance/command, /performance/metrics, /diagnostic_status, /performance/benchmark] Running CPU benchmark...
1788083943.388717174 INFO /performance_monitor [performance_monitor.py:438(PerformanceMonitor.benchmark_memory)] [topics: /performance/benchmark_results, /performance/alert, /rosout, /performance/command, /performance/metrics, /diagnostic_status, /performance/benchmark] Running memory benchmark...
1788083944.964022636 INFO /performance_monitor [performance_monitor.py:474(PerformanceMonitor.benchmark_network)] [topics: /performance/benchmark_results, /performance/alert, /rosout, /performance/command, /performance/metrics, /diagnostic_status, /performance/benchmark] Running network benchmark...
1788083946.148573160 INFO /performance_monitor [performance_monitor.py:520(PerformanceMonitor.benchmark_application)] [topics: /performance/benchmark_results, /performance/alert, /rosout, /performance/command, /performance/metrics, /diagnostic_status, /performance/benchmark] Running application benchmark...
1788083946.330642938 INFO /performance_monitor [performance_monitor.py:373(PerformanceMonitor.run_benchmark)] [topics: /performance/benchmark_results, /performance/alert, /rosout, /performance/command, /performance/metrics, /diagnostic_status, /performance/benchmark] Benchmark completed with overall score: 0.63
1788083946.335840940 INFO /performance_monitor [performance_monitor.py:381(PerformanceMonitor.benchmark_fps)] [topics: /performance/benchmark_results, /performance/alert, /rosout, /performance/command, /performance/metrics, /diagnostic_status, /performance/benchmark] Running FPS benchmark...
1788083951.340025901 INFO /performance_monitor [performance_monitor.py:414(PerformanceMonitor.benchmark_cpu)] [topics: /performance/benchmark_results, /performance/alert, /rosout, /performance/command, /performance/metrics, /diagnostic_status, /performance/benchmark] Running CPU benchmark...
1788083953.866552352 INFO /performance_monitor [performance_monitor.py:438(PerformanceMonitor.benchmark_memory)] [topics: /performance/benchmark_results, /performance/alert, /rosout, /performance/command, /performance/metrics, /diagnostic_status, /performance/benchmark] Running memory benchmark...
1788083955.094957351 INFO /performance_monitor [performance_monitor.py:474(PerformanceMonitor.benchmark_network)] [topics: /performance/benchmark_results, /performance/alert, /rosout, /performance/command, /performance/metrics, /diagnostic_status, /performance/benchmark] Running network benchmark...
1788083956.295164346 INFO /performance_monitor [performance_monitor.py:520(PerformanceMonitor.benchmark_application)] [topics: /performance/benchmark_results, /performance/alert, /rosout, /performance/command, /performance/metrics, /diagnostic_status, /performance/benchmark] Running application benchmark...
1788083956.526562452 INFO /performance_monitor [performance_monitor.py:373(PerformanceMonitor.run_benchmark)] [topics: /performance/benchmark_results, /performance/alert, /rosout, /performance/command, /performance/metrics, /diagnostic_status, /performance/benchmark] Benchmark completed with overall score: 0.63
1788083956.536343574 INFO /performance_monitor [performance_monitor.py:381(PerformanceMonitor.benchmark_fps)] [topics: /performance/benchmark_results, /performance/alert, /rosout, /performance/command, /performance/metrics, /diagnostic_status, /performance/benchmark] Running FPS benchmark...
1788083961.551070213 INFO /performance_monitor [performance_monitor.py:414(PerformanceMonitor.benchmark_cpu)] [topics: /performance/benchmark_results, /performance/alert, /rosout, /performance/command, /performance/metrics, /diagnostic_status, /performance/benchmark] Running CPU benchmark...
1788083964.142774105 INFO /performance_monitor [performance_monitor.py:438(PerformanceMonitor.benchmark_memory)] [topics: /performance/benchmark_results, /performance/alert, /rosout, /performance/command, /performance/metrics, /diagnostic_status, /performance/benchmark] Running memory benchmark...
1788083965.504587173 INFO /performance_monitor [performance_monitor.py:474(PerformanceMonitor.benchmark_network)] [topics: /performance/benchmark_results, /performance/alert, /rosout, /performance/command, /performance/metrics, /diagnostic_status, /performance/benchmark] Running network benchmark...
1788083966.650765657 INFO /performance_monitor [performance_monitor.py:520(PerformanceMonitor.benchmark_application)] [topics: /performance/benchmark_results, /performance/alert, /rosout, /performance/command, /performance/metrics, /diagnostic_status, /performance/benchmark] Running application benchmark...
1788083966.767508983 INFO /performance_monitor [performance_monitor.py:373(PerformanceMonitor.run_benchmark)] [topics: /performance/benchmark_results, /performance/alert, /rosout, /performance/command, /performance/metrics, /diagnostic_status, /performance/benchmark] Benchmark completed with overall score: 0.63
1788083966.772255420 INFO /performance_monitor [performance_monitor.py:381(PerformanceMonitor.benchmark_fps)] [topics: /performance/benchmark_results, /performance/alert, /rosout, /performance/command, /performance/metrics, /diagnostic_status, /performance/benchmark] Running FPS benchmark...
1788083971.780941009 INFO /performance_monitor [performance_monitor.py:414(PerformanceMonitor.benchmark_cpu)] [topics: /performance/benchmark_results, /performance/alert, /rosout, /performance/command, /performance/metrics, /diagnostic_status, /performance/benchmark] Running CPU benchmark...
1788083974.239460706 INFO /performance_monitor [performance_monitor.py:438(PerformanceMonitor.benchmark_memory)] [topics: /performance/benchmark_results, /performance/alert, /rosout, /performance/command, /performance/metrics, /diagnostic_status, /performance/benchmark] Running memory benchmark...
1788083975.540579319 INFO /performance_monitor [performance_monitor.py:474(PerformanceMonitor.benchmark_network)] [topics: /performance/benchmark_results, /performance/alert, /rosout, /performance/command, /performance/metrics, /diagnostic_status, /performance/benchmark] Running network benchmark...
1788083976.684418678 INFO /performance_monitor [performance_monitor.py:520(PerformanceMonitor.benchmark_application)] [topics: /performance/benchmark_results, /performance/alert, /rosout, /performance/command, /performance/metrics, /diagnostic_status, /performance/benchmark] Running application benchmark...
1788083976.826724290 INFO /performance_monitor [performance_monitor.py:373(PerformanceMonitor.run_benchmark)] [topics: /performance/benchmark_results, /performance/alert, /rosout, /performance/command, /performance/metrics, /diagnostic_status, /performance/benchmark] Benchmark completed with overall score: 0.63
1788083976.830311059 INFO /performance_monitor [performance_monitor.py:381(PerformanceMonitor.benchmark_fps)] [topics: /performance/benchmark_results, /performance/alert, /rosout, /performance/command, /performance/metrics, /diagnostic_status, /performance/benchmark] Running FPS benchmark...
1788083981.837379932 INFO /performance_monitor [performance_monitor.py:414(PerformanceMonitor.benchmark_cpu)] [topics: /performance/benchmark_results, /performance/alert, /rosout, /performance/command, /performance/metrics, /diagnostic_status, /performance/benchmark] Running CPU benchmark...
1788083984.269420862 INFO /performance_monitor [performance_monitor.py:438(PerformanceMonitor.benchmark_memory)] [topics: /performance/benchmark_results, /performance/alert, /rosout, /performance/command, /performance/metrics, /diagnostic_status, /performance/benchmark] Running memory benchmark...
1788083985.675630807 INFO /performance_monitor [performance_monitor.py:474(PerformanceMonitor.benchmark_network)] [topics: /performance/benchmark_results, /performance/alert, /rosout, /performance/command, /performance/metrics, /diagnostic_status, /performance/benchmark] Running network benchmark...
1788083986.812192678 INFO /performance_monitor [performance_monitor.py:520(PerformanceMonitor.benchmark_application)] [topics: /performance/benchmark_results, /performance/alert, /rosout, /performance/command, /performance/metrics, /diagnostic_status, /performance/benchmark] Running application benchmark...
1788083986.969529151 INFO /performance_monitor [performance_monitor.py:373(PerformanceMonitor.run_benchmark)] [topics: /performance/benchmark_results, /performance/alert, /rosout, /performance/command, /performance/metrics, /diagnostic_status, /performance/benchmark] Benchmark completed with overall score: 0.63
1788083986.974308967 INFO /performance_monitor [performance_monitor.py:381(PerformanceMonitor.benchmark_fps)] [topics: /performance/benchmark_results, /performance/alert, /rosout, /performance/command, /performance/metrics, /diagnostic_status, /performance/benchmark] Running FPS benchmark...
1788083991.978230476 INFO /performance_monitor [performance_monitor.py:414(PerformanceMonitor.benchmark_cpu)] [topics: /performance/benchmark_results, /performance/alert, /rosout, /performance/command, /performance/metrics, /diagnostic_status, /performance/benchmark] Running CPU benchmark...
1788083993.334816217 INFO /performance_monitor [performance_monitor.py:438(PerformanceMonitor.benchmark_memory)] [topics: /performance/benchmark_results, /performance/alert, /rosout, /performance/command, /performance/metrics, /diagnostic_status, /performance/benchmark] Running memory benchmark...
1788083994.025912284 INFO /performance_monitor [performance_monitor.py:474(PerformanceMonitor.benchmark_network)] [topics: /performance/benchmark_results, /performance/alert, /rosout, /performance/command, /performance/metrics, /diagnostic_status, /performance/benchmark] Running network benchmark...
1788083995.139164209 INFO /performance_monitor [performance_monitor.py:520(PerformanceMonitor.benchmark_application)] [topics: /performance/benchmark_results, /performance/alert, /rosout, /performance/command, /performance/metrics, /diagnostic_status, /performance/benchmark] Running application benchmark...
1788083995.190271139 INFO /performance_monitor [performance_monitor.py:373(PerformanceMonitor.run_benchmark)] [topics: /performance/benchmark_results, /performance/alert, /rosout, /performance/command, /performance/metrics, /diagnostic_status, /performance/benchmark] Benchmark completed with overall score: 0.63
1788083995.192369937 INFO /performance_monitor [performance_monitor.py:381(PerformanceMonitor.benchmark_fps)] [topics: /performance/benchmark_results, /performance/alert, /rosout, /performance/command, /performance/metrics, /diagnostic_status, /performance/benchmark] Running FPS benchmark...
1788084000.194617271 INFO /performance_monitor [performance_monitor.py:414(PerformanceMonitor.benchmark_cpu)] [topics: /performance/benchmark_results, /performance/alert, /rosout, /performance/command, /performance/metrics, /diagnostic_status, /performance/benchmark] Running CPU benchmark...
1788084001.558271646 INFO /performance_monitor [performance_monitor.py:438(PerformanceMonitor.benchmark_memory)] [topics: /performance/benchmark_results, /performance/alert, /rosout, /performance/command, /performance/metrics, /diagnostic_status, /performance/benchmark] Running memory benchmark...
1788084002.348811864 INFO /performance_monitor [performance_monitor.py:474(PerformanceMonitor.benchmark_network)] [topics: /performance/benchmark_results, /performance/alert, /rosout, /performance/command, /performance/metrics, /diagnostic_status, /performance/benchmark] Running network benchmark...
1788084003.514194488 INFO /performance_monitor [performance_monitor.py:520(PerformanceMonitor.benchmark_application)] [topics: /performance/benchmark_results, /performance/alert, /rosout, /performance/command, /performance/metrics, /diagnostic_status, /performance/benchmark] Running application benchmark...
1788084003.567859649 INFO /performance_monitor [performance_monitor.py:373(PerformanceMonitor.run_benchmark)] [topics: /performance/benchmark_results, /performance/alert, /rosout, /performance/command, /performance/metrics, /diagnostic_status, /performance/benchmark] Benchmark completed with overall score: 0.63
1788084003.571101427 INFO /performance_monitor [performance_monitor.py:381(PerformanceMonitor.benchmark_fps)] [topics: /performance/benchmark_results, /performance/alert, /rosout, /performance/command, /performance/metrics, /diagnostic_status, /performance/benchmark] Running FPS benchmark...
1788084008.576286792 INFO /performance_monitor [performance_monitor.py:414(PerformanceMonitor.benchmark_cpu)] [topics: /performance/benchmark_results, /performance/alert, /rosout, /performance/command, /performance/metrics, /diagnostic_status, /performance/benchmark] Running CPU benchmark...
1788084010.184543132 INFO /performance_monitor [performance_monitor.py:438(PerformanceMonitor.benchmark_memory)] [topics: /performance/benchmark_results, /performance/alert, /rosout, /performance/command, /performance/metrics, /diagnostic_status, /performance/benchmark] Running memory benchmark...
1788084011.314648151 INFO /performance_monitor [performance_monitor.py:474(PerformanceMonitor.benchmark_network)] [topics: /performance/benchmark_results, /performance/alert, /rosout, /performance/command, /performance/metrics, /diagnostic_status, /performance/benchmark] Running network benchmark...
1788084012.502027034 INFO /performance_monitor [performance_monitor.py:520(PerformanceMonitor.benchmark_application)] [topics: /performance/benchmark_results, /performance/alert, /rosout, /performance/command, /performance/metrics, /diagnostic_status, /performance/benchmark] Running application benchmark...
1788084012.666459083 INFO /performance_monitor [performance_monitor.py:373(PerformanceMonitor.run_benchmark)] [topics: /performance/benchmark_results, /performance/alert, /rosout, /performance/command, /performance/metrics, /diagnostic_status, /performance/benchmark] Benchmark completed with overall score: 0.63
1788084012.672364234 INFO /performance_monitor [performance_monitor.py:381(PerformanceMonitor.benchmark_fps)] [topics: /performance/benchmark_results, /performance/alert, /rosout, /performance/command, /performance/metrics, /diagnostic_status, /performance/benchmark] Running FPS benchmark...
1788084017.675306081 INFO /performance_monitor [performance_monitor.py:414(PerformanceMonitor.benchmark_cpu)] [topics: /performance/benchmark_results, /performance/alert, /rosout, /performance/command, /performance/metrics, /diagnostic_status, /performance/benchmark] Running CPU benchmark...
1788084020.114635705 INFO /performance_monitor [performance_monitor.py:438(PerformanceMonitor.benchmark_memory)] [topics: /performance/benchmark_results, /performance/alert, /rosout, /performance/command, /performance/metrics, /diagnostic_status, /performance/benchmark] Running memory benchmark...
1788084021.582392692 INFO /performance_monitor [performance_monitor.py:474(PerformanceMonitor.benchmark_network)] [topics: /performance/benchmark_results, /performance/alert, /rosout, /performance/command, /performance/metrics, /diagnostic_status, /performance/benchmark] Running network benchmark...
1788084022.825841665 INFO /performance_monitor [performance_monitor.py:520(PerformanceMonitor.benchmark_application)] [topics: /performance/benchmark_results, /performance/alert, /rosout, /performance/command, /performance/metrics, /diagnostic_status, /performance/benchmark] Running application benchmark...
1788084022.874117374 INFO /performance_monitor [performance_monitor.py:373(PerformanceMonitor.run_benchmark)] [topics: /performance/benchmark_results, /performance/alert, /rosout, /performance/command, /performance/metrics, /diagnostic_status, /performance/benchmark] Benchmark completed with overall score: 0.63
1788084022.875450372 INFO /performance_monitor [performance_monitor.py:381(PerformanceMonitor.benchmark_fps)] [topics: /performance/benchmark_results, /performance/alert, /rosout, /performance/command, /performance/metrics, /diagnostic_status, /performance/benchmark] Running FPS benchmark...
1788084027.877971887 INFO /performance_monitor [performance_monitor.py:414(PerformanceMonitor.benchmark_cpu)] [topics: /performance/benchmark_results, /performance/alert, /rosout, /performance/command, /performance/metrics, /diagnostic_status, /performance/benchmark] Running CPU benchmark...
1788084029.113190174 INFO /performance_monitor [performance_monitor.py:438(PerformanceMonitor.benchmark_memory)] [topics: /performance/benchmark_results, /performance/alert, /rosout, /performance/command, /performance/metrics, /diagnostic_status, /performance/benchmark] Running memory benchmark...
1788084029.805156946 INFO /performance_monitor [performance_monitor.py:474(PerformanceMonitor.benchmark_network)] [topics: /performance/benchmark_results, /performance/alert, /rosout, /performance/command, /performance/metrics, /diagnostic_status, /performance/benchmark] Running network benchmark...
1788084030.971421718 INFO /performance_monitor [performance_monitor.py:520(PerformanceMonitor.benchmark_application)] [topics: /performance/benchmark_results, /performance/alert, /rosout, /performance/command, /performance/metrics, /diagnostic_status, /performance/benchmark] Running application benchmark...
1788084031.035594224 INFO /performance_monitor [performance_monitor.py:373(PerformanceMonitor.run_benchmark)] [topics: /performance/benchmark_results, /performance/alert, /rosout, /performance/command, /performance/metrics, /diagnostic_status, /performance/benchmark] Benchmark completed with overall score: 0.63
1788084031.037955284 INFO /performance_monitor [performance_monitor.py:381(PerformanceMonitor.benchmark_fps)] [topics: /performance/benchmark_results, /performance/alert, /rosout, /performance/command, /performance/metrics, /diagnostic_status, /performance/benchmark] Running FPS benchmark...
1788084036.040738105 INFO /performance_monitor [performance_monitor.py:414(PerformanceMonitor.benchmark_cpu)] [topics: /performance/benchmark_results, /performance/alert, /rosout, /performance/command, /performance/metrics, /diagnostic_status, /performance/benchmark] Running CPU benchmark...
1788084037.304926633 INFO /performance_monitor [performance_monitor.py:438(PerformanceMonitor.benchmark_memory)] [topics: /performance/benchmark_results, /performance/alert, /rosout, /performance/command, /performance/metrics, /diagnostic_status, /performance/benchmark] Running memory benchmark...
1788084038.003287315 INFO /performance_monitor [performance_monitor.py:474(PerformanceMonitor.benchmark_network)] [topics: /performance/benchmark_results, /performance/alert, /rosout, /performance/command, /performance/metrics, /diagnostic_status, /performance/benchmark] Running network benchmark...
1788084039.184273242 INFO /performance_monitor [performance_monitor.py:520(PerformanceMonitor.benchmark_application)] [topics: /performance/benchmark_results, /performance/alert, /rosout, /performance/command, /performance/metrics, /diagnostic_status, /performance/benchmark] Running application benchmark...
1788084039.230908870 INFO /performance_monitor [performance_monitor.py:373(PerformanceMonitor.run_benchmark)] [topics: /performance/benchmark_results, /performance/alert, /rosout, /performance/command, /performance/metrics, /diagnostic_status, /performance/benchmark] Benchmark completed with overall score: 0.63
1788084039.232259273 INFO /performance_monitor [performance_monitor.py:381(PerformanceMonitor.benchmark_fps)] [topics: /performance/benchmark_results, /performance/alert, /rosout, /performance/command, /performance/metrics, /diagnostic_status, /performance/benchmark] Running FPS benchmark...
1788084044.238711118 INFO /performance_monitor [performance_monitor.py:414(PerformanceMonitor.benchmark_cpu)] [topics: /performance/benchmark_results, /performance/alert, /rosout, /performance/command, /performance/metrics, /diagnostic_status, /performance/benchmark] Running CPU benchmark...
1788084045.547338485 INFO /performance_monitor [performance_monitor.py:438(PerformanceMonitor.benchmark_memory)] [topics: /performance/benchmark_results, /performance/alert, /rosout, /performance/command, /performance/metrics, /diagnostic_status, /performance/benchmark] Running memory benchmark...
1788084046.251677751 INFO /performance_monitor [performance_monitor.py:474(PerformanceMonitor.benchmark_network)] [topics: /performance/benchmark_results, /performance/alert, /rosout, /performance/command, /performance/metrics, /diagnostic_status, /performance/benchmark] Running network benchmark...
1788084047.387469768 INFO /performance_monitor [performance_monitor.py:520(PerformanceMonitor.benchmark_application)] [topics: /performance/benchmark_results, /performance/alert, /rosout, /performance/command, /performance/metrics, /diagnostic_status, /performance/benchmark] Running application benchmark...
1788084047.440714597 INFO /performance_monitor [performance_monitor.py:373(PerformanceMonitor.run_benchmark)] [topics: /performance/benchmark_results, /performance/alert, /rosout, /performance/command, /performance/metrics, /diagnostic_status, /performance/benchmark] Benchmark completed with overall score: 0.63
1788084047.442115545 INFO /performance_monitor [performance_monitor.py:381(PerformanceMonitor.benchmark_fps)] [topics: /performance/benchmark_results, /performance/alert, /rosout, /performance/command, /performance/metrics, /diagnostic_status, /performance/benchmark] Running FPS benchmark...
1788084052.445139408 INFO /performance_monitor [performance_monitor.py:414(PerformanceMonitor.benchmark_cpu)] [topics: /performance/benchmark_results, /performance/alert, /rosout, /performance/command, /performance/metrics, /diagnostic_status, /performance/benchmark] Running CPU benchmark...
1788084053.700057506 INFO /performance_monitor [performance_monitor.py:438(PerformanceMonitor.benchmark_memory)] [topics: /performance/benchmark_results, /performance/alert, /rosout, /performance/command, /performance/metrics, /diagnostic_status, /performance/benchmark] Running memory benchmark...
1788084054.396947860 INFO /performance_monitor [performance_monitor.py:474(PerformanceMonitor.benchmark_network)] [topics: /performance/benchmark_results, /performance/alert, /rosout, /performance/command, /performance/metrics, /diagnostic_status, /performance/benchmark] Running network benchmark...
1788084055.603798627 INFO /performance_monitor [performance_monitor.py:520(PerformanceMonitor.benchmark_application)] [topics: /performance/benchmark_results, /performance/alert, /rosout, /performance/command, /performance/metrics, /diagnostic_status, /performance/benchmark] Running application benchmark...
1788084055.650390386 INFO /performance_monitor [performance_monitor.py:373(PerformanceMonitor.run_benchmark)] [topics: /performance/benchmark_results, /performance/alert, /rosout, /performance/command, /performance/metrics, /diagnostic_status, /performance/benchmark] Benchmark completed with overall score: 0.63
1788084055.651704072 INFO /performance_monitor [performance_monitor.py:381(PerformanceMonitor.benchmark_fps)] [topics: /performance/benchmark_results, /performance/alert, /rosout, /performance/command, /performance/metrics, /diagnostic_status, /performance/benchmark] Running FPS benchmark...
1788084060.654617071 INFO /performance_monitor [performance_monitor.py:414(PerformanceMonitor.benchmark_cpu)] [topics: /performance/benchmark_results, /performance/alert, /rosout, /performance/command, /performance/metrics, /diagnostic_status, /performance/benchmark] Running CPU benchmark...
1788084061.904859066 INFO /performance_monitor [performance_monitor.py:438(PerformanceMonitor.benchmark_memory)] [topics: /performance/benchmark_results, /performance/alert, /rosout, /performance/command, /performance/metrics, /diagnostic_status, /performance/benchmark] Running memory benchmark...
1788084062.595662355 INFO /performance_monitor [performance_monitor.py:474(PerformanceMonitor.benchmark_network)] [topics: /performance/benchmark_results, /performance/alert, /rosout, /performance/command, /performance/metrics, /diagnostic_status, /performance/benchmark] Running network benchmark...
1788084063.802830696 INFO /performance_monitor [performance_monitor.py:520(PerformanceMonitor.benchmark_application)] [topics: /performance/benchmark_results, /performance/alert, /rosout, /performance/command, /performance/metrics, /diagnostic_status, /performance/benchmark] Running application benchmark...
1788084063.856367349 INFO /performance_monitor [performance_monitor.py:373(PerformanceMonitor.run_benchmark)] [topics: /performance/benchmark_results, /performance/alert, /rosout, /performance/command, /performance/metrics, /diagnostic_status, /performance/benchmark] Benchmark completed with overall score: 0.63
1788084063.857680320 INFO /performance_monitor [performance_monitor.py:381(PerformanceMonitor.benchmark_fps)] [topics: /performance/benchmark_results, /performance/alert, /rosout, /performance/command, /performance/metrics, /diagnostic_status, /performance/benchmark] Running FPS benchmark...
1788084068.860062360 INFO /performance_monitor [performance_monitor.py:414(PerformanceMonitor.benchmark_cpu)] [topics: /performance/benchmark_results, /performance/alert, /rosout, /performance/command, /performance/metrics, /diagnostic_status, /performance/benchmark] Running CPU benchmark...
1788084070.266544103 INFO /performance_monitor [performance_monitor.py:438(PerformanceMonitor.benchmark_memory)] [topics: /performance/benchmark_results, /performance/alert, /rosout, /performance/command, /performance/metrics, /diagnostic_status, /performance/benchmark] Running memory benchmark...
1788084070.956921339 INFO /performance_monitor [performance_monitor.py:474(PerformanceMonitor.benchmark_network)] [topics: /performance/benchmark_results, /performance/alert, /rosout, /performance/command, /performance/metrics, /diagnostic_status, /performance/benchmark] Running network benchmark...
1788084072.150454044 INFO /performance_monitor [performance_monitor.py:520(PerformanceMonitor.benchmark_application)] [topics: /performance/benchmark_results, /performance/alert, /rosout, /performance/command, /performance/metrics, /diagnostic_status, /performance/benchmark] Running application benchmark...
1788084072.200007438 INFO /performance_monitor [performance_monitor.py:373(PerformanceMonitor.run_benchmark)] [topics: /performance/benchmark_results, /performance/alert, /rosout, /performance/command, /performance/metrics, /diagnostic_status, /performance/benchmark] Benchmark completed with overall score: 0.63
1788084072.201667785 INFO /performance_monitor [performance_monitor.py:381(PerformanceMonitor.benchmark_fps)] [topics: /performance/benchmark_results, /performance/alert, /rosout, /performance/command, /performance/metrics, /diagnostic_status, /performance/benchmark] Running FPS benchmark...
1788084077.205052375 INFO /performance_monitor [performance_monitor.py:414(PerformanceMonitor.benchmark_cpu)] [topics: /performance/benchmark_results, /performance/alert, /rosout, /performance/command, /performance/metrics, /diagnostic_status, /performance/benchmark] Running CPU benchmark...
1788084078.579027652 INFO /performance_monitor [performance_monitor.py:438(PerformanceMonitor.benchmark_memory)] [topics: /performance/benchmark_results, /performance/alert, /rosout, /performance/command, /performance/metrics, /diagnostic_status, /performance/benchmark] Running memory benchmark...
1788084079.373286724 INFO /performance_monitor [performance_monitor.py:474(PerformanceMonitor.benchmark_network)] [topics: /performance/benchmark_results, /performance/alert, /rosout, /performance/command, /performance/metrics, /diagnostic_status, /performance/benchmark] Running network benchmark...
1788084080.586305379 INFO /performance_monitor [performance_monitor.py:520(PerformanceMonitor.benchmark_application)] [topics: /performance/benchmark_results, /performance/alert, /rosout, /performance/command, /performance/metrics, /diagnostic_status, /performance/benchmark] Running application benchmark...
1788084080.652499437 INFO /performance_monitor [performance_monitor.py:373(PerformanceMonitor.run_benchmark)] [topics: /performance/benchmark_results, /performance/alert, /rosout, /performance/command, /performance/metrics, /diagnostic_status, /performance/benchmark] Benchmark completed with overall score: 0.63
1788084080.655038118 INFO /performance_monitor [performance_monitor.py:381(PerformanceMonitor.benchmark_fps)] [topics: /performance/benchmark_results, /performance/alert, /rosout, /performance/command, /performance/metrics, /diagnostic_status, /performance/benchmark] Running FPS benchmark...
1788084085.657465696 INFO /performance_monitor [performance_monitor.py:414(PerformanceMonitor.benchmark_cpu)] [topics: /performance/benchmark_results, /performance/alert, /rosout, /performance/command, /performance/metrics, /diagnostic_status, /performance/benchmark] Running CPU benchmark...
1788084086.895689249 INFO /performance_monitor [performance_monitor.py:438(PerformanceMonitor.benchmark_memory)] [topics: /performance/benchmark_results, /performance/alert, /rosout, /performance/command, /performance/metrics, /diagnostic_status, /performance/benchmark] Running memory benchmark...
1788084087.768662214 INFO /performance_monitor [performance_monitor.py:474(PerformanceMonitor.benchmark_network)] [topics: /performance/benchmark_results, /performance/alert, /rosout, /performance/command, /performance/metrics, /diagnostic_status, /performance/benchmark] Running network benchmark...
1788084088.929279804 INFO /performance_monitor [performance_monitor.py:520(PerformanceMonitor.benchmark_application)] [topics: /performance/benchmark_results, /performance/alert, /rosout, /performance/command, /performance/metrics, /diagnostic_status, /performance/benchmark] Running application benchmark...
1788084088.978427648 INFO /performance_monitor [performance_monitor.py:373(PerformanceMonitor.run_benchmark)] [topics: /performance/benchmark_results, /performance/alert, /rosout, /performance/command, /performance/metrics, /diagnostic_status, /performance/benchmark] Benchmark completed with overall score: 0.63
1788084088.980931997 INFO /performance_monitor [performance_monitor.py:381(PerformanceMonitor.benchmark_fps)] [topics: /performance/benchmark_results, /performance/alert, /rosout, /performance/command, /performance/metrics, /diagnostic_status, /performance/benchmark] Running FPS benchmark...
1788084093.983336687 INFO /performance_monitor [performance_monitor.py:414(PerformanceMonitor.benchmark_cpu)] [topics: /performance/benchmark_results, /performance/alert, /rosout, /performance/command, /performance/metrics, /diagnostic_status, /performance/benchmark] Running CPU benchmark...
1788084095.244374513 INFO /performance_monitor [performance_monitor.py:438(PerformanceMonitor.benchmark_memory)] [topics: /performance/benchmark_results, /performance/alert, /rosout, /performance/command, /performance/metrics, /diagnostic_status, /performance/benchmark] Running memory benchmark...
1788084095.926103353 INFO /performance_monitor [performance_monitor.py:474(PerformanceMonitor.benchmark_network)] [topics: /performance/benchmark_results, /performance/alert, /rosout, /performance/command, /performance/metrics, /diagnostic_status, /performance/benchmark] Running network benchmark...
1788084097.133414030 INFO /performance_monitor [performance_monitor.py:520(PerformanceMonitor.benchmark_application)] [topics: /performance/benchmark_results, /performance/alert, /rosout, /performance/command, /performance/metrics, /diagnostic_status, /performance/benchmark] Running application benchmark...
1788084097.181760311 INFO /performance_monitor [performance_monitor.py:373(PerformanceMonitor.run_benchmark)] [topics: /performance/benchmark_results, /performance/alert, /rosout, /performance/command, /performance/metrics, /diagnostic_status, /performance/benchmark] Benchmark completed with overall score: 0.63
1788084097.184682607 INFO /performance_monitor [performance_monitor.py:381(PerformanceMonitor.benchmark_fps)] [topics: /performance/benchmark_results, /performance/alert, /rosout, /performance/command, /performance/metrics, /diagnostic_status, /performance/benchmark] Running FPS benchmark...
1788084102.187151670 INFO /performance_monitor [performance_monitor.py:414(PerformanceMonitor.benchmark_cpu)] [topics: /performance/benchmark_results, /performance/alert, /rosout, /performance/command, /performance/metrics, /diagnostic_status, /performance/benchmark] Running CPU benchmark...
1788084103.428178787 INFO /performance_monitor [performance_monitor.py:438(PerformanceMonitor.benchmark_memory)] [topics: /performance/benchmark_results, /performance/alert, /rosout, /performance/command, /performance/metrics, /diagnostic_status, /performance/benchmark] Running memory benchmark...
1788084104.118461847 INFO /performance_monitor [performance_monitor.py:474(PerformanceMonitor.benchmark_network)] [topics: /performance/benchmark_results, /performance/alert, /rosout, /performance/command, /performance/metrics, /diagnostic_status, /performance/benchmark] Running network benchmark...
1788084105.266010761 INFO /performance_monitor [performance_monitor.py:520(PerformanceMonitor.benchmark_application)] [topics: /performance/benchmark_results, /performance/alert, /rosout, /performance/command, /performance/metrics, /diagnostic_status, /performance/benchmark] Running application benchmark...
1788084105.319102764 INFO /performance_monitor [performance_monitor.py:373(PerformanceMonitor.run_benchmark)] [topics: /performance/benchmark_results, /performance/alert, /rosout, /performance/command, /performance/metrics, /diagnostic_status, /performance/benchmark] Benchmark completed with overall score: 0.63
1788084105.320465087 INFO /performance_monitor [performance_monitor.py:381(PerformanceMonitor.benchmark_fps)] [topics: /performance/benchmark_results, /performance/alert, /rosout, /performance/command, /performance/metrics, /diagnostic_status, /performance/benchmark] Running FPS benchmark...
1788084110.323469161 INFO /performance_monitor [performance_monitor.py:414(PerformanceMonitor.benchmark_cpu)] [topics: /performance/benchmark_results, /performance/alert, /rosout, /performance/command, /performance/metrics, /diagnostic_status, /performance/benchmark] Running CPU benchmark...
1788084111.582100629 INFO /performance_monitor [performance_monitor.py:438(PerformanceMonitor.benchmark_memory)] [topics: /performance/benchmark_results, /performance/alert, /rosout, /performance/command, /performance/metrics, /diagnostic_status, /performance/benchmark] Running memory benchmark...
1788084112.323105335 INFO /performance_monitor [performance_monitor.py:474(PerformanceMonitor.benchmark_network)] [topics: /performance/benchmark_results, /performance/alert, /rosout, /performance/command, /performance/metrics, /diagnostic_status, /performance/benchmark] Running network benchmark...
1788084113.517725944 INFO /performance_monitor [performance_monitor.py:520(PerformanceMonitor.benchmark_application)] [topics: /performance/benchmark_results, /performance/alert, /rosout, /performance/command, /performance/metrics, /diagnostic_status, /performance/benchmark] Running application benchmark...
1788084113.565287351 INFO /performance_monitor [performance_monitor.py:373(PerformanceMonitor.run_benchmark)] [topics: /performance/benchmark_results, /performance/alert, /rosout, /performance/command, /performance/metrics, /diagnostic_status, /performance/benchmark] Benchmark completed with overall score: 0.63
1788084113.566724538 INFO /performance_monitor [performance_monitor.py:381(PerformanceMonitor.benchmark_fps)] [topics: /performance/benchmark_results, /performance/alert, /rosout, /performance/command, /performance/metrics, /diagnostic_status, /performance/benchmark] Running FPS benchmark...
1788084118.568966388 INFO /performance_monitor [performance_monitor.py:414(PerformanceMonitor.benchmark_cpu)] [topics: /performance/benchmark_results, /performance/alert, /rosout, /performance/command, /performance/metrics, /diagnostic_status, /performance/benchmark] Running CPU benchmark...
1788084119.890858173 INFO /performance_monitor [performance_monitor.py:438(PerformanceMonitor.benchmark_memory)] [topics: /performance/benchmark_results, /performance/alert, /rosout, /performance/command, /performance/metrics, /diagnostic_status, /performance/benchmark] Running memory benchmark...
1788084120.584108352 INFO /performance_monitor [performance_monitor.py:474(PerformanceMonitor.benchmark_network)] [topics: /performance/benchmark_results, /performance/alert, /rosout, /performance/command, /performance/metrics, /diagnostic_status, /performance/benchmark] Running network benchmark...
1788084121.746586322 INFO /performance_monitor [performance_monitor.py:520(PerformanceMonitor.benchmark_application)] [topics: /performance/benchmark_results, /performance/alert, /rosout, /performance/command, /performance/metrics, /diagnostic_status, /performance/benchmark] Running application benchmark...
1788084121.794066429 INFO /performance_monitor [performance_monitor.py:373(PerformanceMonitor.run_benchmark)] [topics: /performance/benchmark_results, /performance/alert, /rosout, /performance/command, /performance/metrics, /diagnostic_status, /performance/benchmark] Benchmark completed with overall score: 0.63
1788084121.795385837 INFO /performance_monitor [performance_monitor.py:381(PerformanceMonitor.benchmark_fps)] [topics: /performance/benchmark_results, /performance/alert, /rosout, /performance/command, /performance/metrics, /diagnostic_status, /performance/benchmark] Running FPS benchmark...
1788084126.797677040 INFO /performance_monitor [performance_monitor.py:414(PerformanceMonitor.benchmark_cpu)] [topics: /performance/benchmark_results, /performance/alert, /rosout, /performance/command, /performance/metrics, /diagnostic_status, /performance/benchmark] Running CPU benchmark...
1788084128.067116975 INFO /performance_monitor [performance_monitor.py:438(PerformanceMonitor.benchmark_memory)] [topics: /performance/benchmark_results, /performance/alert, /rosout, /performance/command, /performance/metrics, /diagnostic_status, /performance/benchmark] Running memory benchmark...
1788084128.750141382 INFO /performance_monitor [performance_monitor.py:474(PerformanceMonitor.benchmark_network)] [topics: /performance/benchmark_results, /performance/alert, /rosout, /performance/command, /performance/metrics, /diagnostic_status, /performance/benchmark] Running network benchmark...
1788084129.972610235 INFO /performance_monitor [performance_monitor.py:520(PerformanceMonitor.benchmark_application)] [topics: /performance/benchmark_results, /performance/alert, /rosout, /performance/command, /performance/metrics, /diagnostic_status, /performance/benchmark] Running application benchmark...
1788084130.020968675 INFO /performance_monitor [performance_monitor.py:373(PerformanceMonitor.run_benchmark)] [topics: /performance/benchmark_results, /performance/alert, /rosout, /performance/command, /performance/metrics, /diagnostic_status, /performance/benchmark] Benchmark completed with overall score: 0.63
1788084130.022503852 INFO /performance_monitor [performance_monitor.py:381(PerformanceMonitor.benchmark_fps)] [topics: /performance/benchmark_results, /performance/alert, /rosout, /performance/command, /performance/metrics, /diagnostic_status, /performance/benchmark] Running FPS benchmark...
1788084135.024991750 INFO /performance_monitor [performance_monitor.py:414(PerformanceMonitor.benchmark_cpu)] [topics: /performance/benchmark_results, /performance/alert, /rosout, /performance/command, /performance/metrics, /diagnostic_status, /performance/benchmark] Running CPU benchmark...
1788084136.266830444 INFO /performance_monitor [performance_monitor.py:438(PerformanceMonitor.benchmark_memory)] [topics: /performance/benchmark_results, /performance/alert, /rosout, /performance/command, /performance/metrics, /diagnostic_status, /performance/benchmark] Running memory benchmark...
1788084136.952280998 INFO /performance_monitor [performance_monitor.py:474(PerformanceMonitor.benchmark_network)] [topics: /performance/benchmark_results, /performance/alert, /rosout, /performance/command, /performance/metrics, /diagnostic_status, /performance/benchmark] Running network benchmark...
1788084138.121473550 INFO /performance_monitor [performance_monitor.py:520(PerformanceMonitor.benchmark_application)] [topics: /performance/benchmark_results, /performance/alert, /rosout, /performance/command, /performance/metrics, /diagnostic_status, /performance/benchmark] Running application benchmark...
1788084138.169209957 INFO /performance_monitor [performance_monitor.py:373(PerformanceMonitor.run_benchmark)] [topics: /performance/benchmark_results, /performance/alert, /rosout, /performance/command, /performance/metrics, /diagnostic_status, /performance/benchmark] Benchmark completed with overall score: 0.63
1788084138.170799732 INFO /performance_monitor [performance_monitor.py:381(PerformanceMonitor.benchmark_fps)] [topics: /performance/benchmark_results, /performance/alert, /rosout, /performance/command, /performance/metrics, /diagnostic_status, /performance/benchmark] Running FPS benchmark...
1788084143.172302007 INFO /performance_monitor [performance_monitor.py:414(PerformanceMonitor.benchmark_cpu)] [topics: /performance/benchmark_results, /performance/alert, /rosout, /performance/command, /performance/metrics, /diagnostic_status, /performance/benchmark] Running CPU benchmark...
1788084144.423270702 INFO /performance_monitor [performance_monitor.py:438(PerformanceMonitor.benchmark_memory)] [topics: /performance/benchmark_results, /performance/alert, /rosout, /performance/command, /performance/metrics, /diagnostic_status, /performance/benchmark] Running memory benchmark...
1788084145.114732265 INFO /performance_monitor [performance_monitor.py:474(PerformanceMonitor.benchmark_network)] [topics: /performance/benchmark_results, /performance/alert, /rosout, /performance/command, /performance/metrics, /diagnostic_status, /performance/benchmark] Running network benchmark...
1788084146.297397851 INFO /performance_monitor [performance_monitor.py:520(PerformanceMonitor.benchmark_application)] [topics: /performance/benchmark_results, /performance/alert, /rosout, /performance/command, /performance/metrics, /diagnostic_status, /performance/benchmark] Running application benchmark...
1788084146.344567060 INFO /performance_monitor [performance_monitor.py:373(PerformanceMonitor.run_benchmark)] [topics: /performance/benchmark_results, /performance/alert, /rosout, /performance/command, /performance/metrics, /diagnostic_status, /performance/benchmark] Benchmark completed with overall score: 0.63
1788084146.345783233 INFO /performance_monitor [performance_monitor.py:381(PerformanceMonitor.benchmark_fps)] [topics: /performance/benchmark_results, /performance/alert, /rosout, /performance/command, /performance/metrics, /diagnostic_status, /performance/benchmark] Running FPS benchmark...
1788084151.348874568 INFO /performance_monitor [performance_monitor.py:414(PerformanceMonitor.benchmark_cpu)] [topics: /performance/benchmark_results, /performance/alert, /rosout, /performance/command, /performance/metrics, /diagnostic_status, /performance/benchmark] Running CPU benchmark...
1788084152.614037036 INFO /performance_monitor [performance_monitor.py:438(PerformanceMonitor.benchmark_memory)] [topics: /performance/benchmark_results, /performance/alert, /rosout, /performance/command, /performance/metrics, /diagnostic_status, /performance/benchmark] Running memory benchmark...
1788084153.298295497 INFO /performance_monitor [performance_monitor.py:474(PerformanceMonitor.benchmark_network)] [topics: /performance/benchmark_results, /performance/alert, /rosout, /performance/command, /performance/metrics, /diagnostic_status, /performance/benchmark] Running network benchmark...
1788084154.481818437 INFO /performance_monitor [performance_monitor.py:520(PerformanceMonitor.benchmark_application)] [topics: /performance/benchmark_results, /performance/alert, /rosout, /performance/command, /performance/metrics, /diagnostic_status, /performance/benchmark] Running application benchmark...
1788084154.529100656 INFO /performance_monitor [performance_monitor.py:373(PerformanceMonitor.run_benchmark)] [topics: /performance/benchmark_results, /performance/alert, /rosout, /performance/command, /performance/metrics, /diagnostic_status, /performance/benchmark] Benchmark completed with overall score: 0.63
1788084154.530359029 INFO /performance_monitor [performance_monitor.py:381(PerformanceMonitor.benchmark_fps)] [topics: /performance/benchmark_results, /performance/alert, /rosout, /performance/command, /performance/metrics, /diagnostic_status, /performance/benchmark] Running FPS benchmark...
1788084159.532570838 INFO /performance_monitor [performance_monitor.py:414(PerformanceMonitor.benchmark_cpu)] [topics: /performance/benchmark_results, /performance/alert, /rosout, /performance/command, /performance/metrics, /diagnostic_status, /performance/benchmark] Running CPU benchmark...
1788084160.795961618 INFO /performance_monitor [performance_monitor.py:438(PerformanceMonitor.benchmark_memory)] [topics: /performance/benchmark_results, /performance/alert, /rosout, /performance/command, /performance/metrics, /diagnostic_status, /performance/benchmark] Running memory benchmark...
1788084161.494179725 INFO /performance_monitor [performance_monitor.py:474(PerformanceMonitor.benchmark_network)] [topics: /performance/benchmark_results, /performance/alert, /rosout, /performance/command, /performance/metrics, /diagnostic_status, /performance/benchmark] Running network benchmark...
1788084162.677067995 INFO /performance_monitor [performance_monitor.py:520(PerformanceMonitor.benchmark_application)] [topics: /performance/benchmark_results, /performance/alert, /rosout, /performance/command, /performance/metrics, /diagnostic_status, /performance/benchmark] Running application benchmark...
1788084162.724649429 INFO /performance_monitor [performance_monitor.py:373(PerformanceMonitor.run_benchmark)] [topics: /performance/benchmark_results, /performance/alert, /rosout, /performance/command, /performance/metrics, /diagnostic_status, /performance/benchmark] Benchmark completed with overall score: 0.63
1788084162.725932836 INFO /performance_monitor [performance_monitor.py:381(PerformanceMonitor.benchmark_fps)] [topics: /performance/benchmark_results, /performance/alert, /rosout, /performance/command, /performance/metrics, /diagnostic_status, /performance/benchmark] Running FPS benchmark...
1788084167.728657960 INFO /performance_monitor [performance_monitor.py:414(PerformanceMonitor.benchmark_cpu)] [topics: /performance/benchmark_results, /performance/alert, /rosout, /performance/command, /performance/metrics, /diagnostic_status, /performance/benchmark] Running CPU benchmark...
1788084169.007371187 INFO /performance_monitor [performance_monitor.py:438(PerformanceMonitor.benchmark_memory)] [topics: /performance/benchmark_results, /performance/alert, /rosout, /performance/command, /performance/metrics, /diagnostic_status, /performance/benchmark] Running memory benchmark...
1788084169.690906524 INFO /performance_monitor [performance_monitor.py:474(PerformanceMonitor.benchmark_network)] [topics: /performance/benchmark_results, /performance/alert, /rosout, /performance/command, /performance/metrics, /diagnostic_status, /performance/benchmark] Running network benchmark...
1788084170.839164257 INFO /performance_monitor [performance_monitor.py:520(PerformanceMonitor.benchmark_application)] [topics: /performance/benchmark_results, /performance/alert, /rosout, /performance/command, /performance/metrics, /diagnostic_status, /performance/benchmark] Running application benchmark...
1788084170.897074460 INFO /performance_monitor [performance_monitor.py:373(PerformanceMonitor.run_benchmark)] [topics: /performance/benchmark_results, /performance/alert, /rosout, /performance/command, /performance/metrics, /diagnostic_status, /performance/benchmark] Benchmark completed with overall score: 0.63
1788084170.898525953 INFO /performance_monitor [performance_monitor.py:381(PerformanceMonitor.benchmark_fps)] [topics: /performance/benchmark_results, /performance/alert, /rosout, /performance/command, /performance/metrics, /diagnostic_status, /performance/benchmark] Running FPS benchmark...
1788084175.901655197 INFO /performance_monitor [performance_monitor.py:414(PerformanceMonitor.benchmark_cpu)] [topics: /performance/benchmark_results, /performance/alert, /rosout, /performance/command, /performance/metrics, /diagnostic_status, /performance/benchmark] Running CPU benchmark...
1788084177.158482074 INFO /performance_monitor [performance_monitor.py:438(PerformanceMonitor.benchmark_memory)] [topics: /performance/benchmark_results, /performance/alert, /rosout, /performance/command, /performance/metrics, /diagnostic_status, /performance/benchmark] Running memory benchmark...
1788084177.849885702 INFO /performance_monitor [performance_monitor.py:474(PerformanceMonitor.benchmark_network)] [topics: /performance/benchmark_results, /performance/alert, /rosout, /performance/command, /performance/metrics, /diagnostic_status, /performance/benchmark] Running network benchmark...
1788084179.012075185 INFO /performance_monitor [performance_monitor.py:520(PerformanceMonitor.benchmark_application)] [topics: /performance/benchmark_results, /performance/alert, /rosout, /performance/command, /performance/metrics, /diagnostic_status, /performance/benchmark] Running application benchmark...
1788084179.058961391 INFO /performance_monitor [performance_monitor.py:373(PerformanceMonitor.run_benchmark)] [topics: /performance/benchmark_results, /performance/alert, /rosout, /performance/command, /performance/metrics, /diagnostic_status, /performance/benchmark] Benchmark completed with overall score: 0.63
1788084179.060251951 INFO /performance_monitor [performance_monitor.py:381(PerformanceMonitor.benchmark_fps)] [topics: /performance/benchmark_results, /performance/alert, /rosout, /performance/command, /performance/metrics, /diagnostic_status, /performance/benchmark] Running FPS benchmark...
1788084184.063910961 INFO /performance_monitor [performance_monitor.py:414(PerformanceMonitor.benchmark_cpu)] [topics: /performance/benchmark_results, /performance/alert, /rosout, /performance/command, /performance/metrics, /diagnostic_status, /performance/benchmark] Running CPU benchmark...
1788084185.365004301 INFO /performance_monitor [performance_monitor.py:438(PerformanceMonitor.benchmark_memory)] [topics: /performance/benchmark_results, /performance/alert, /rosout, /performance/command, /performance/metrics, /diagnostic_status, /performance/benchmark] Running memory benchmark...
1788084186.056608915 INFO /performance_monitor [performance_monitor.py:474(PerformanceMonitor.benchmark_network)] [topics: /performance/benchmark_results, /performance/alert, /rosout, /performance/command, /performance/metrics, /diagnostic_status, /performance/benchmark] Running network benchmark...
1788084187.217029809 INFO /performance_monitor [performance_monitor.py:520(PerformanceMonitor.benchmark_application)] [topics: /performance/benchmark_results, /performance/alert, /rosout, /performance/command, /performance/metrics, /diagnostic_status, /performance/benchmark] Running application benchmark...
1788084187.265880107 INFO /performance_monitor [performance_monitor.py:373(PerformanceMonitor.run_benchmark)] [topics: /performance/benchmark_results, /performance/alert, /rosout, /performance/command, /performance/metrics, /diagnostic_status, /performance/benchmark] Benchmark completed with overall score: 0.63
1788084187.267389535 INFO /performance_monitor [performance_monitor.py:381(PerformanceMonitor.benchmark_fps)] [topics: /performance/benchmark_results, /performance/alert, /rosout, /performance/command, /performance/metrics, /diagnostic_status, /performance/benchmark] Running FPS benchmark...
1788084192.271106958 INFO /performance_monitor [performance_monitor.py:414(PerformanceMonitor.benchmark_cpu)] [topics: /performance/benchmark_results, /performance/alert, /rosout, /performance/command, /performance/metrics, /diagnostic_status, /performance/benchmark] Running CPU benchmark...
1788084193.503728151 INFO /performance_monitor [performance_monitor.py:438(PerformanceMonitor.benchmark_memory)] [topics: /performance/benchmark_results, /performance/alert, /rosout, /performance/command, /performance/metrics, /diagnostic_status, /performance/benchmark] Running memory benchmark...
1788084194.191826105 INFO /performance_monitor [performance_monitor.py:474(PerformanceMonitor.benchmark_network)] [topics: /performance/benchmark_results, /performance/alert, /rosout, /performance/command, /performance/metrics, /diagnostic_status, /performance/benchmark] Running network benchmark...
1788084195.391943931 INFO /performance_monitor [performance_monitor.py:520(PerformanceMonitor.benchmark_application)] [topics: /performance/benchmark_results, /performance/alert, /rosout, /performance/command, /performance/metrics, /diagnostic_status, /performance/benchmark] Running application benchmark...
1788084195.445577621 INFO /performance_monitor [performance_monitor.py:373(PerformanceMonitor.run_benchmark)] [topics: /performance/benchmark_results, /performance/alert, /rosout, /performance/command, /performance/metrics, /diagnostic_status, /performance/benchmark] Benchmark completed with overall score: 0.63
1788084195.450666904 INFO /performance_monitor [performance_monitor.py:381(PerformanceMonitor.benchmark_fps)] [topics: /performance/benchmark_results, /performance/alert, /rosout, /performance/command, /performance/metrics, /diagnostic_status, /performance/benchmark] Running FPS benchmark...
1788084200.453570365 INFO /performance_monitor [performance_monitor.py:414(PerformanceMonitor.benchmark_cpu)] [topics: /performance/benchmark_results, /performance/alert, /rosout, /performance/command, /performance/metrics, /diagnostic_status, /performance/benchmark] Running CPU benchmark...
1788084201.710680723 INFO /performance_monitor [performance_monitor.py:438(PerformanceMonitor.benchmark_memory)] [topics: /performance/benchmark_results, /performance/alert, /rosout, /performance/command, /performance/metrics, /diagnostic_status, /performance/benchmark] Running memory benchmark...
1788084202.421113014 INFO /performance_monitor [performance_monitor.py:474(PerformanceMonitor.benchmark_network)] [topics: /performance/benchmark_results, /performance/alert, /rosout, /performance/command, /performance/metrics, /diagnostic_status, /performance/benchmark] Running network benchmark...
1788084203.583959579 INFO /performance_monitor [performance_monitor.py:520(PerformanceMonitor.benchmark_application)] [topics: /performance/benchmark_results, /performance/alert, /rosout, /performance/command, /performance/metrics, /diagnostic_status, /performance/benchmark] Running application benchmark...
1788084203.638297557 INFO /performance_monitor [performance_monitor.py:373(PerformanceMonitor.run_benchmark)] [topics: /performance/benchmark_results, /performance/alert, /rosout, /performance/command, /performance/metrics, /diagnostic_status, /performance/benchmark] Benchmark completed with overall score: 0.63
1788084203.643961668 INFO /performance_monitor [performance_monitor.py:381(PerformanceMonitor.benchmark_fps)] [topics: /performance/benchmark_results, /performance/alert, /rosout, /performance/command, /performance/metrics, /diagnostic_status, /performance/benchmark] Running FPS benchmark...
1788084208.646866321 INFO /performance_monitor [performance_monitor.py:414(PerformanceMonitor.benchmark_cpu)] [topics: /performance/benchmark_results, /performance/alert, /rosout, /performance/command, /performance/metrics, /diagnostic_status, /performance/benchmark] Running CPU benchmark...
1788084209.930459976 INFO /performance_monitor [performance_monitor.py:438(PerformanceMonitor.benchmark_memory)] [topics: /performance/benchmark_results, /performance/alert, /rosout, /performance/command, /performance/metrics, /diagnostic_status, /performance/benchmark] Running memory benchmark...
1788084210.622863292 INFO /performance_monitor [performance_monitor.py:474(PerformanceMonitor.benchmark_network)] [topics: /performance/benchmark_results, /performance/alert, /rosout, /performance/command, /performance/metrics, /diagnostic_status, /performance/benchmark] Running network benchmark...
1788084211.814941644 INFO /performance_monitor [performance_monitor.py:520(PerformanceMonitor.benchmark_application)] [topics: /performance/benchmark_results, /performance/alert, /rosout, /performance/command, /performance/metrics, /diagnostic_status, /performance/benchmark] Running application benchmark...
1788084211.861071825 INFO /performance_monitor [performance_monitor.py:373(PerformanceMonitor.run_benchmark)] [topics: /performance/benchmark_results, /performance/alert, /rosout, /performance/command, /performance/metrics, /diagnostic_status, /performance/benchmark] Benchmark completed with overall score: 0.63
1788084211.862343072 INFO /performance_monitor [performance_monitor.py:381(PerformanceMonitor.benchmark_fps)] [topics: /performance/benchmark_results, /performance/alert, /rosout, /performance/command, /performance/metrics, /diagnostic_status, /performance/benchmark] Running FPS benchmark...
1788084216.864758014 INFO /performance_monitor [performance_monitor.py:414(PerformanceMonitor.benchmark_cpu)] [topics: /performance/benchmark_results, /performance/alert, /rosout, /performance/command, /performance/metrics, /diagnostic_status, /performance/benchmark] Running CPU benchmark...
1788084218.133651256 INFO /performance_monitor [performance_monitor.py:438(PerformanceMonitor.benchmark_memory)] [topics: /performance/benchmark_results, /performance/alert, /rosout, /performance/command, /performance/metrics, /diagnostic_status, /performance/benchmark] Running memory benchmark...
1788084218.832070589 INFO /performance_monitor [performance_monitor.py:474(PerformanceMonitor.benchmark_network)] [topics: /performance/benchmark_results, /performance/alert, /rosout, /performance/command, /performance/metrics, /diagnostic_status, /performance/benchmark] Running network benchmark...
1788084219.973727464 INFO /performance_monitor [performance_monitor.py:520(PerformanceMonitor.benchmark_application)] [topics: /performance/benchmark_results, /performance/alert, /rosout, /performance/command, /performance/metrics, /diagnostic_status, /performance/benchmark] Running application benchmark...
1788084220.024341821 INFO /performance_monitor [performance_monitor.py:373(PerformanceMonitor.run_benchmark)] [topics: /performance/benchmark_results, /performance/alert, /rosout, /performance/command, /performance/metrics, /diagnostic_status, /performance/benchmark] Benchmark completed with overall score: 0.63
1788084220.026871204 INFO /performance_monitor [performance_monitor.py:381(PerformanceMonitor.benchmark_fps)] [topics: /performance/benchmark_results, /performance/alert, /rosout, /performance/command, /performance/metrics, /diagnostic_status, /performance/benchmark] Running FPS benchmark...
1788084225.029623746 INFO /performance_monitor [performance_monitor.py:414(PerformanceMonitor.benchmark_cpu)] [topics: /performance/benchmark_results, /performance/alert, /rosout, /performance/command, /performance/metrics, /diagnostic_status, /performance/benchmark] Running CPU benchmark...
1788084226.274428129 INFO /performance_monitor [performance_monitor.py:438(PerformanceMonitor.benchmark_memory)] [topics: /performance/benchmark_results, /performance/alert, /rosout, /performance/command, /performance/metrics, /diagnostic_status, /performance/benchmark] Running memory benchmark...
1788084226.963046073 INFO /performance_monitor [performance_monitor.py:474(PerformanceMonitor.benchmark_network)] [topics: /performance/benchmark_results, /performance/alert, /rosout, /performance/command, /performance/metrics, /diagnostic_status, /performance/benchmark] Running network benchmark...
1788084228.166472196 INFO /performance_monitor [performance_monitor.py:520(PerformanceMonitor.benchmark_application)] [topics: /performance/benchmark_results, /performance/alert, /rosout, /performance/command, /performance/metrics, /diagnostic_status, /performance/benchmark] Running application benchmark...
1788084228.220817565 INFO /performance_monitor [performance_monitor.py:373(PerformanceMonitor.run_benchmark)] [topics: /performance/benchmark_results, /performance/alert, /rosout, /performance/command, /performance/metrics, /diagnostic_status, /performance/benchmark] Benchmark completed with overall score: 0.63
1788084228.222124576 INFO /performance_monitor [performance_monitor.py:381(PerformanceMonitor.benchmark_fps)] [topics: /performance/benchmark_results, /performance/alert, /rosout, /performance/command, /performance/metrics, /diagnostic_status, /performance/benchmark] Running FPS benchmark...
1788084233.224883317 INFO /performance_monitor [performance_monitor.py:414(PerformanceMonitor.benchmark_cpu)] [topics: /performance/benchmark_results, /performance/alert, /rosout, /performance/command, /performance/metrics, /diagnostic_status, /performance/benchmark] Running CPU benchmark...
1788084234.677000761 INFO /performance_monitor [performance_monitor.py:438(PerformanceMonitor.benchmark_memory)] [topics: /performance/benchmark_results, /performance/alert, /rosout, /performance/command, /performance/metrics, /diagnostic_status, /performance/benchmark] Running memory benchmark...
1788084235.370467424 INFO /performance_monitor [performance_monitor.py:474(PerformanceMonitor.benchmark_network)] [topics: /performance/benchmark_results, /performance/alert, /rosout, /performance/command, /performance/metrics, /diagnostic_status, /performance/benchmark] Running network benchmark...
1788084236.533576250 INFO /performance_monitor [performance_monitor.py:520(PerformanceMonitor.benchmark_application)] [topics: /performance/benchmark_results, /performance/alert, /rosout, /performance/command, /performance/metrics, /diagnostic_status, /performance/benchmark] Running application benchmark...
1788084236.587131738 INFO /performance_monitor [performance_monitor.py:373(PerformanceMonitor.run_benchmark)] [topics: /performance/benchmark_results, /performance/alert, /rosout, /performance/command, /performance/metrics, /diagnostic_status, /performance/benchmark] Benchmark completed with overall score: 0.63
1788084236.588389396 INFO /performance_monitor [performance_monitor.py:381(PerformanceMonitor.benchmark_fps)] [topics: /performance/benchmark_results, /performance/alert, /rosout, /performance/command, /performance/metrics, /diagnostic_status, /performance/benchmark] Running FPS benchmark...
1788084241.590437412 INFO /performance_monitor [performance_monitor.py:414(PerformanceMonitor.benchmark_cpu)] [topics: /performance/benchmark_results, /performance/alert, /rosout, /performance/command, /performance/metrics, /diagnostic_status, /performance/benchmark] Running CPU benchmark...
1788084243.001377105 INFO /performance_monitor [performance_monitor.py:438(PerformanceMonitor.benchmark_memory)] [topics: /performance/benchmark_results, /performance/alert, /rosout, /performance/command, /performance/metrics, /diagnostic_status, /performance/benchmark] Running memory benchmark...
1788084243.893489122 INFO /performance_monitor [performance_monitor.py:474(PerformanceMonitor.benchmark_network)] [topics: /performance/benchmark_results, /performance/alert, /rosout, /performance/command, /performance/metrics, /diagnostic_status, /performance/benchmark] Running network benchmark...
1788084245.096749305 INFO /performance_monitor [performance_monitor.py:520(PerformanceMonitor.benchmark_application)] [topics: /performance/benchmark_results, /performance/alert, /rosout, /performance/command, /performance/metrics, /diagnostic_status, /performance/benchmark] Running application benchmark...
1788084245.146807193 INFO /performance_monitor [performance_monitor.py:373(PerformanceMonitor.run_benchmark)] [topics: /performance/benchmark_results, /performance/alert, /rosout, /performance/command, /performance/metrics, /diagnostic_status, /performance/benchmark] Benchmark completed with overall score: 0.63
1788084245.149244070 INFO /performance_monitor [performance_monitor.py:381(PerformanceMonitor.benchmark_fps)] [topics: /performance/benchmark_results, /performance/alert, /rosout, /performance/command, /performance/metrics, /diagnostic_status, /performance/benchmark] Running FPS benchmark...
1788084250.152508497 INFO /performance_monitor [performance_monitor.py:414(PerformanceMonitor.benchmark_cpu)] [topics: /performance/benchmark_results, /performance/alert, /rosout, /performance/command, /performance/metrics, /diagnostic_status, /performance/benchmark] Running CPU benchmark...
1788084251.401612043 INFO /performance_monitor [performance_monitor.py:438(PerformanceMonitor.benchmark_memory)] [topics: /performance/benchmark_results, /performance/alert, /rosout, /performance/command, /performance/metrics, /diagnostic_status, /performance/benchmark] Running memory benchmark...
1788084252.095154523 INFO /performance_monitor [performance_monitor.py:474(PerformanceMonitor.benchmark_network)] [topics: /performance/benchmark_results, /performance/alert, /rosout, /performance/command, /performance/metrics, /diagnostic_status, /performance/benchmark] Running network benchmark...
1788084253.480954885 INFO /performance_monitor [performance_monitor.py:520(PerformanceMonitor.benchmark_application)] [topics: /performance/benchmark_results, /performance/alert, /rosout, /performance/command, /performance/metrics, /diagnostic_status, /performance/benchmark] Running application benchmark...
1788084253.534628391 INFO /performance_monitor [performance_monitor.py:373(PerformanceMonitor.run_benchmark)] [topics: /performance/benchmark_results, /performance/alert, /rosout, /performance/command, /performance/metrics, /diagnostic_status, /performance/benchmark] Benchmark completed with overall score: 0.62
1788084253.540444850 INFO /performance_monitor [performance_monitor.py:381(PerformanceMonitor.benchmark_fps)] [topics: /performance/benchmark_results, /performance/alert, /rosout, /performance/command, /performance/metrics, /diagnostic_status, /performance/benchmark] Running FPS benchmark...
1788084258.543680906 INFO /performance_monitor [performance_monitor.py:414(PerformanceMonitor.benchmark_cpu)] [topics: /performance/benchmark_results, /performance/alert, /rosout, /performance/command, /performance/metrics, /diagnostic_status, /performance/benchmark] Running CPU benchmark...
1788084259.800489187 INFO /performance_monitor [performance_monitor.py:438(PerformanceMonitor.benchmark_memory)] [topics: /performance/benchmark_results, /performance/alert, /rosout, /performance/command, /performance/metrics, /diagnostic_status, /performance/benchmark] Running memory benchmark...
1788084260.490164518 INFO /performance_monitor [performance_monitor.py:474(PerformanceMonitor.benchmark_network)] [topics: /performance/benchmark_results, /performance/alert, /rosout, /performance/command, /performance/metrics, /diagnostic_status, /performance/benchmark] Running network benchmark...
1788084261.768468141 INFO /performance_monitor [performance_monitor.py:520(PerformanceMonitor.benchmark_application)] [topics: /performance/benchmark_results, /performance/alert, /rosout, /performance/command, /performance/metrics, /diagnostic_status, /performance/benchmark] Running application benchmark...
1788084261.816383600 INFO /performance_monitor [performance_monitor.py:373(PerformanceMonitor.run_benchmark)] [topics: /performance/benchmark_results, /performance/alert, /rosout, /performance/command, /performance/metrics, /diagnostic_status, /performance/benchmark] Benchmark completed with overall score: 0.63
1788084261.817769765 INFO /performance_monitor [performance_monitor.py:381(PerformanceMonitor.benchmark_fps)] [topics: /performance/benchmark_results, /performance/alert, /rosout, /performance/command, /performance/metrics, /diagnostic_status, /performance/benchmark] Running FPS benchmark...
1788084266.819643020 INFO /performance_monitor [performance_monitor.py:414(PerformanceMonitor.benchmark_cpu)] [topics: /performance/benchmark_results, /performance/alert, /rosout, /performance/command, /performance/metrics, /diagnostic_status, /performance/benchmark] Running CPU benchmark...
1788084268.073316335 INFO /performance_monitor [performance_monitor.py:438(PerformanceMonitor.benchmark_memory)] [topics: /performance/benchmark_results, /performance/alert, /rosout, /performance/command, /performance/metrics, /diagnostic_status, /performance/benchmark] Running memory benchmark...
1788084268.759473085 INFO /performance_monitor [performance_monitor.py:474(PerformanceMonitor.benchmark_network)] [topics: /performance/benchmark_results, /performance/alert, /rosout, /performance/command, /performance/metrics, /diagnostic_status, /performance/benchmark] Running network benchmark...
1788084270.100776910 INFO /performance_monitor [performance_monitor.py:520(PerformanceMonitor.benchmark_application)] [topics: /performance/benchmark_results, /performance/alert, /rosout, /performance/command, /performance/metrics, /diagnostic_status, /performance/benchmark] Running application benchmark...
1788084270.148675441 INFO /performance_monitor [performance_monitor.py:373(PerformanceMonitor.run_benchmark)] [topics: /performance/benchmark_results, /performance/alert, /rosout, /performance/command, /performance/metrics, /diagnostic_status, /performance/benchmark] Benchmark completed with overall score: 0.63
1788084270.150206089 INFO /performance_monitor [performance_monitor.py:381(PerformanceMonitor.benchmark_fps)] [topics: /performance/benchmark_results, /performance/alert, /rosout, /performance/command, /performance/metrics, /diagnostic_status, /performance/benchmark] Running FPS benchmark...
1788084275.154195308 INFO /performance_monitor [performance_monitor.py:414(PerformanceMonitor.benchmark_cpu)] [topics: /performance/benchmark_results, /performance/alert, /rosout, /performance/command, /performance/metrics, /diagnostic_status, /performance/benchmark] Running CPU benchmark...
1788084276.434550762 INFO /performance_monitor [performance_monitor.py:438(PerformanceMonitor.benchmark_memory)] [topics: /performance/benchmark_results, /performance/alert, /rosout, /performance/command, /performance/metrics, /diagnostic_status, /performance/benchmark] Running memory benchmark...
1788084277.134426116 INFO /performance_monitor [performance_monitor.py:474(PerformanceMonitor.benchmark_network)] [topics: /performance/benchmark_results, /performance/alert, /rosout, /performance/command, /performance/metrics, /diagnostic_status, /performance/benchmark] Running network benchmark...
1788084278.490472555 INFO /performance_monitor [performance_monitor.py:520(PerformanceMonitor.benchmark_application)] [topics: /performance/benchmark_results, /performance/alert, /rosout, /performance/command, /performance/metrics, /diagnostic_status, /performance/benchmark] Running application benchmark...
1788084278.538057804 INFO /performance_monitor [performance_monitor.py:373(PerformanceMonitor.run_benchmark)] [topics: /performance/benchmark_results, /performance/alert, /rosout, /performance/command, /performance/metrics, /diagnostic_status, /performance/benchmark] Benchmark completed with overall score: 0.62
1788084278.539330244 INFO /performance_monitor [performance_monitor.py:381(PerformanceMonitor.benchmark_fps)] [topics: /performance/benchmark_results, /performance/alert, /rosout, /performance/command, /performance/metrics, /diagnostic_status, /performance/benchmark] Running FPS benchmark...
1788084283.542797565 INFO /performance_monitor [performance_monitor.py:414(PerformanceMonitor.benchmark_cpu)] [topics: /performance/benchmark_results, /performance/alert, /rosout, /performance/command, /performance/metrics, /diagnostic_status, /performance/benchmark] Running CPU benchmark...
1788084284.816593170 INFO /performance_monitor [performance_monitor.py:438(PerformanceMonitor.benchmark_memory)] [topics: /performance/benchmark_results, /performance/alert, /rosout, /performance/command, /performance/metrics, /diagnostic_status, /performance/benchmark] Running memory benchmark...
1788084285.516312837 INFO /performance_monitor [performance_monitor.py:474(PerformanceMonitor.benchmark_network)] [topics: /performance/benchmark_results, /performance/alert, /rosout, /performance/command, /performance/metrics, /diagnostic_status, /performance/benchmark] Running network benchmark...
1788084286.818274974 INFO /performance_monitor [performance_monitor.py:520(PerformanceMonitor.benchmark_application)] [topics: /performance/benchmark_results, /performance/alert, /rosout, /performance/command, /performance/metrics, /diagnostic_status, /performance/benchmark] Running application benchmark...
1788084286.873451232 INFO /performance_monitor [performance_monitor.py:373(PerformanceMonitor.run_benchmark)] [topics: /performance/benchmark_results, /performance/alert, /rosout, /performance/command, /performance/metrics, /diagnostic_status, /performance/benchmark] Benchmark completed with overall score: 0.63
1788084286.874834060 INFO /performance_monitor [performance_monitor.py:381(PerformanceMonitor.benchmark_fps)] [topics: /performance/benchmark_results, /performance/alert, /rosout, /performance/command, /performance/metrics, /diagnostic_status, /performance/benchmark] Running FPS benchmark...
1788084291.876907825 INFO /performance_monitor [performance_monitor.py:414(PerformanceMonitor.benchmark_cpu)] [topics: /performance/benchmark_results, /performance/alert, /rosout, /performance/command, /performance/metrics, /diagnostic_status, /performance/benchmark] Running CPU benchmark...
1788084293.139967203 INFO /performance_monitor [performance_monitor.py:438(PerformanceMonitor.benchmark_memory)] [topics: /performance/benchmark_results, /performance/alert, /rosout, /performance/command, /performance/metrics, /diagnostic_status, /performance/benchmark] Running memory benchmark...
1788084293.833339214 INFO /performance_monitor [performance_monitor.py:474(PerformanceMonitor.benchmark_network)] [topics: /performance/benchmark_results, /performance/alert, /rosout, /performance/command, /performance/metrics, /diagnostic_status, /performance/benchmark] Running network benchmark...
1788084295.095087766 INFO /performance_monitor [performance_monitor.py:520(PerformanceMonitor.benchmark_application)] [topics: /performance/benchmark_results, /performance/alert, /rosout, /performance/command, /performance/metrics, /diagnostic_status, /performance/benchmark] Running application benchmark...
1788084295.145870923 INFO /performance_monitor [performance_monitor.py:373(PerformanceMonitor.run_benchmark)] [topics: /performance/benchmark_results, /performance/alert, /rosout, /performance/command, /performance/metrics, /diagnostic_status, /performance/benchmark] Benchmark completed with overall score: 0.63
1788084295.147386550 INFO /performance_monitor [performance_monitor.py:381(PerformanceMonitor.benchmark_fps)] [topics: /performance/benchmark_results, /performance/alert, /rosout, /performance/command, /performance/metrics, /diagnostic_status, /performance/benchmark] Running FPS benchmark...
1788084300.151412725 INFO /performance_monitor [performance_monitor.py:414(PerformanceMonitor.benchmark_cpu)] [topics: /performance/benchmark_results, /performance/alert, /rosout, /performance/command, /performance/metrics, /diagnostic_status, /performance/benchmark] Running CPU benchmark...
1788084301.398540735 INFO /performance_monitor [performance_monitor.py:438(PerformanceMonitor.benchmark_memory)] [topics: /performance/benchmark_results, /performance/alert, /rosout, /performance/command, /performance/metrics, /diagnostic_status, /performance/benchmark] Running memory benchmark...
1788084302.079756021 INFO /performance_monitor [performance_monitor.py:474(PerformanceMonitor.benchmark_network)] [topics: /performance/benchmark_results, /performance/alert, /rosout, /performance/command, /performance/metrics, /diagnostic_status, /performance/benchmark] Running network benchmark...
1788084303.398411989 INFO /performance_monitor [performance_monitor.py:520(PerformanceMonitor.benchmark_application)] [topics: /performance/benchmark_results, /performance/alert, /rosout, /performance/command, /performance/metrics, /diagnostic_status, /performance/benchmark] Running application benchmark...
1788084303.457619667 INFO /performance_monitor [performance_monitor.py:373(PerformanceMonitor.run_benchmark)] [topics: /performance/benchmark_results, /performance/alert, /rosout, /performance/command, /performance/metrics, /diagnostic_status, /performance/benchmark] Benchmark completed with overall score: 0.63
1788084303.459057092 INFO /performance_monitor [performance_monitor.py:381(PerformanceMonitor.benchmark_fps)] [topics: /performance/benchmark_results, /performance/alert, /rosout, /performance/command, /performance/metrics, /diagnostic_status, /performance/benchmark] Running FPS benchmark...
1788084308.463083744 INFO /performance_monitor [performance_monitor.py:414(PerformanceMonitor.benchmark_cpu)] [topics: /performance/benchmark_results, /performance/alert, /rosout, /performance/command, /performance/metrics, /diagnostic_status, /performance/benchmark] Running CPU benchmark...
1788084309.718856334 INFO /performance_monitor [performance_monitor.py:438(PerformanceMonitor.benchmark_memory)] [topics: /performance/benchmark_results, /performance/alert, /rosout, /performance/command, /performance/metrics, /diagnostic_status, /performance/benchmark] Running memory benchmark...
1788084310.407902717 INFO /performance_monitor [performance_monitor.py:474(PerformanceMonitor.benchmark_network)] [topics: /performance/benchmark_results, /performance/alert, /rosout, /performance/command, /performance/metrics, /diagnostic_status, /performance/benchmark] Running network benchmark...
1788084311.727387666 INFO /performance_monitor [performance_monitor.py:520(PerformanceMonitor.benchmark_application)] [topics: /performance/benchmark_results, /performance/alert, /rosout, /performance/command, /performance/metrics, /diagnostic_status, /performance/benchmark] Running application benchmark...
1788084311.775321245 INFO /performance_monitor [performance_monitor.py:373(PerformanceMonitor.run_benchmark)] [topics: /performance/benchmark_results, /performance/alert, /rosout, /performance/command, /performance/metrics, /diagnostic_status, /performance/benchmark] Benchmark completed with overall score: 0.63
1788084311.776782512 INFO /performance_monitor [performance_monitor.py:381(PerformanceMonitor.benchmark_fps)] [topics: /performance/benchmark_results, /performance/alert, /rosout, /performance/command, /performance/metrics, /diagnostic_status, /performance/benchmark] Running FPS benchmark...
1788084316.778745174 INFO /performance_monitor [performance_monitor.py:414(PerformanceMonitor.benchmark_cpu)] [topics: /performance/benchmark_results, /performance/alert, /rosout, /performance/command, /performance/metrics, /diagnostic_status, /performance/benchmark] Running CPU benchmark...
1788084318.033640146 INFO /performance_monitor [performance_monitor.py:438(PerformanceMonitor.benchmark_memory)] [topics: /performance/benchmark_results, /performance/alert, /rosout, /performance/command, /performance/metrics, /diagnostic_status, /performance/benchmark] Running memory benchmark...
1788084318.721832513 INFO /performance_monitor [performance_monitor.py:474(PerformanceMonitor.benchmark_network)] [topics: /performance/benchmark_results, /performance/alert, /rosout, /performance/command, /performance/metrics, /diagnostic_status, /performance/benchmark] Running network benchmark...
1788084319.958283185 INFO /performance_monitor [performance_monitor.py:520(PerformanceMonitor.benchmark_application)] [topics: /performance/benchmark_results, /performance/alert, /rosout, /performance/command, /performance/metrics, /diagnostic_status, /performance/benchmark] Running application benchmark...
1788084320.009186267 INFO /performance_monitor [performance_monitor.py:373(PerformanceMonitor.run_benchmark)] [topics: /performance/benchmark_results, /performance/alert, /rosout, /performance/command, /performance/metrics, /diagnostic_status, /performance/benchmark] Benchmark completed with overall score: 0.63
1788084320.010606288 INFO /performance_monitor [performance_monitor.py:381(PerformanceMonitor.benchmark_fps)] [topics: /performance/benchmark_results, /performance/alert, /rosout, /performance/command, /performance/metrics, /diagnostic_status, /performance/benchmark] Running FPS benchmark...
1788084325.014235734 INFO /performance_monitor [performance_monitor.py:414(PerformanceMonitor.benchmark_cpu)] [topics: /performance/benchmark_results, /performance/alert, /rosout, /performance/command, /performance/metrics, /diagnostic_status, /performance/benchmark] Running CPU benchmark...
1788084326.285169363 INFO /performance_monitor [performance_monitor.py:438(PerformanceMonitor.benchmark_memory)] [topics: /performance/benchmark_results, /performance/alert, /rosout, /performance/command, /performance/metrics, /diagnostic_status, /performance/benchmark] Running memory benchmark...
1788084326.973270893 INFO /performance_monitor [performance_monitor.py:474(PerformanceMonitor.benchmark_network)] [topics: /performance/benchmark_results, /performance/alert, /rosout, /performance/command, /performance/metrics, /diagnostic_status, /performance/benchmark] Running network benchmark...
1788084328.278646230 INFO /performance_monitor [performance_monitor.py:520(PerformanceMonitor.benchmark_application)] [topics: /performance/benchmark_results, /performance/alert, /rosout, /performance/command, /performance/metrics, /diagnostic_status, /performance/benchmark] Running application benchmark...
1788084328.336578845 INFO /performance_monitor [performance_monitor.py:373(PerformanceMonitor.run_benchmark)] [topics: /performance/benchmark_results, /performance/alert, /rosout, /performance/command, /performance/metrics, /diagnostic_status, /performance/benchmark] Benchmark completed with overall score: 0.63
1788084328.338225841 INFO /performance_monitor [performance_monitor.py:381(PerformanceMonitor.benchmark_fps)] [topics: /performance/benchmark_results, /performance/alert, /rosout, /performance/command, /performance/metrics, /diagnostic_status, /performance/benchmark] Running FPS benchmark...
1788084333.341699600 INFO /performance_monitor [performance_monitor.py:414(PerformanceMonitor.benchmark_cpu)] [topics: /performance/benchmark_results, /performance/alert, /rosout, /performance/command, /performance/metrics, /diagnostic_status, /performance/benchmark] Running CPU benchmark...
1788084334.603493690 INFO /performance_monitor [performance_monitor.py:438(PerformanceMonitor.benchmark_memory)] [topics: /performance/benchmark_results, /performance/alert, /rosout, /performance/command, /performance/metrics, /diagnostic_status, /performance/benchmark] Running memory benchmark...
1788084335.291640043 INFO /performance_monitor [performance_monitor.py:474(PerformanceMonitor.benchmark_network)] [topics: /performance/benchmark_results, /performance/alert, /rosout, /performance/command, /performance/metrics, /diagnostic_status, /performance/benchmark] Running network benchmark...
1788084336.610013246 INFO /performance_monitor [performance_monitor.py:520(PerformanceMonitor.benchmark_application)] [topics: /performance/benchmark_results, /performance/alert, /rosout, /performance/command, /performance/metrics, /diagnostic_status, /performance/benchmark] Running application benchmark...
1788084336.666519880 INFO /performance_monitor [performance_monitor.py:373(PerformanceMonitor.run_benchmark)] [topics: /performance/benchmark_results, /performance/alert, /rosout, /performance/command, /performance/metrics, /diagnostic_status, /performance/benchmark] Benchmark completed with overall score: 0.63
1788084336.668034076 INFO /performance_monitor [performance_monitor.py:381(PerformanceMonitor.benchmark_fps)] [topics: /performance/benchmark_results, /performance/alert, /rosout, /performance/command, /performance/metrics, /diagnostic_status, /performance/benchmark] Running FPS benchmark...
1788084341.671202421 INFO /performance_monitor [performance_monitor.py:414(PerformanceMonitor.benchmark_cpu)] [topics: /performance/benchmark_results, /performance/alert, /rosout, /performance/command, /performance/metrics, /diagnostic_status, /performance/benchmark] Running CPU benchmark...
1788084342.931283712 INFO /performance_monitor [performance_monitor.py:438(PerformanceMonitor.benchmark_memory)] [topics: /performance/benchmark_results, /performance/alert, /rosout, /performance/command, /performance/metrics, /diagnostic_status, /performance/benchmark] Running memory benchmark...
1788084343.619932174 INFO /performance_monitor [performance_monitor.py:474(PerformanceMonitor.benchmark_network)] [topics: /performance/benchmark_results, /performance/alert, /rosout, /performance/command, /performance/metrics, /diagnostic_status, /performance/benchmark] Running network benchmark...
1788084344.867750644 INFO /performance_monitor [performance_monitor.py:520(PerformanceMonitor.benchmark_application)] [topics: /performance/benchmark_results, /performance/alert, /rosout, /performance/command, /performance/metrics, /diagnostic_status, /performance/benchmark] Running application benchmark...
1788084344.921842336 INFO /performance_monitor [performance_monitor.py:373(PerformanceMonitor.run_benchmark)] [topics: /performance/benchmark_results, /performance/alert, /rosout, /performance/command, /performance/metrics, /diagnostic_status, /performance/benchmark] Benchmark completed with overall score: 0.63
1788084344.923494577 INFO /performance_monitor [performance_monitor.py:381(PerformanceMonitor.benchmark_fps)] [topics: /performance/benchmark_results, /performance/alert, /rosout, /performance/command, /performance/metrics, /diagnostic_status, /performance/benchmark] Running FPS benchmark...
1788084349.926589727 INFO /performance_monitor [performance_monitor.py:414(PerformanceMonitor.benchmark_cpu)] [topics: /performance/benchmark_results, /performance/alert, /rosout, /performance/command, /performance/metrics, /diagnostic_status, /performance/benchmark] Running CPU benchmark...
1788084351.193999767 INFO /performance_monitor [performance_monitor.py:438(PerformanceMonitor.benchmark_memory)] [topics: /performance/benchmark_results, /performance/alert, /rosout, /performance/command, /performance/metrics, /diagnostic_status, /performance/benchmark] Running memory benchmark...
1788084351.887644767 INFO /performance_monitor [performance_monitor.py:474(PerformanceMonitor.benchmark_network)] [topics: /performance/benchmark_results, /performance/alert, /rosout, /performance/command, /performance/metrics, /diagnostic_status, /performance/benchmark] Running network benchmark...
1788084353.080972909 INFO /performance_monitor [performance_monitor.py:520(PerformanceMonitor.benchmark_application)] [topics: /performance/benchmark_results, /performance/alert, /rosout, /performance/command, /performance/metrics, /diagnostic_status, /performance/benchmark] Running application benchmark...
1788084353.128575563 INFO /performance_monitor [performance_monitor.py:373(PerformanceMonitor.run_benchmark)] [topics: /performance/benchmark_results, /performance/alert, /rosout, /performance/command, /performance/metrics, /diagnostic_status, /performance/benchmark] Benchmark completed with overall score: 0.63
1788084353.130077838 INFO /performance_monitor [performance_monitor.py:381(PerformanceMonitor.benchmark_fps)] [topics: /performance/benchmark_results, /performance/alert, /rosout, /performance/command, /performance/metrics, /diagnostic_status, /performance/benchmark] Running FPS benchmark...
1788084358.133102178 INFO /performance_monitor [performance_monitor.py:414(PerformanceMonitor.benchmark_cpu)] [topics: /performance/benchmark_results, /performance/alert, /rosout, /performance/command, /performance/metrics, /diagnostic_status, /performance/benchmark] Running CPU benchmark...
1788084359.381027936 INFO /performance_monitor [performance_monitor.py:438(PerformanceMonitor.benchmark_memory)] [topics: /performance/benchmark_results, /performance/alert, /rosout, /performance/command, /performance/metrics, /diagnostic_status, /performance/benchmark] Running memory benchmark...
1788084360.085124492 INFO /performance_monitor [performance_monitor.py:474(PerformanceMonitor.benchmark_network)] [topics: /performance/benchmark_results, /performance/alert, /rosout, /performance/command, /performance/metrics, /diagnostic_status, /performance/benchmark] Running network benchmark...
1788084361.209626197 INFO /performance_monitor [performance_monitor.py:520(PerformanceMonitor.benchmark_application)] [topics: /performance/benchmark_results, /performance/alert, /rosout, /performance/command, /performance/metrics, /diagnostic_status, /performance/benchmark] Running application benchmark...
1788084361.295497655 INFO /performance_monitor [performance_monitor.py:373(PerformanceMonitor.run_benchmark)] [topics: /performance/benchmark_results, /performance/alert, /rosout, /performance/command, /performance/metrics, /diagnostic_status, /performance/benchmark] Benchmark completed with overall score: 0.63
1788084361.297816276 INFO /performance_monitor [performance_monitor.py:381(PerformanceMonitor.benchmark_fps)] [topics: /performance/benchmark_results, /performance/alert, /rosout, /performance/command, /performance/metrics, /diagnostic_status, /performance/benchmark] Running FPS benchmark...
1788084366.301173925 INFO /performance_monitor [performance_monitor.py:414(PerformanceMonitor.benchmark_cpu)] [topics: /performance/benchmark_results, /performance/alert, /rosout, /performance/command, /performance/metrics, /diagnostic_status, /performance/benchmark] Running CPU benchmark...
1788084367.604677200 INFO /performance_monitor [performance_monitor.py:438(PerformanceMonitor.benchmark_memory)] [topics: /performance/benchmark_results, /performance/alert, /rosout, /performance/command, /performance/metrics, /diagnostic_status, /performance/benchmark] Running memory benchmark...
1788084368.293730020 INFO /performance_monitor [performance_monitor.py:474(PerformanceMonitor.benchmark_network)] [topics: /performance/benchmark_results, /performance/alert, /rosout, /performance/command, /performance/metrics, /diagnostic_status, /performance/benchmark] Running network benchmark...
1788084369.590910673 INFO /performance_monitor [performance_monitor.py:520(PerformanceMonitor.benchmark_application)] [topics: /performance/benchmark_results, /performance/alert, /rosout, /performance/command, /performance/metrics, /diagnostic_status, /performance/benchmark] Running application benchmark...
1788084369.639544486 INFO /performance_monitor [performance_monitor.py:373(PerformanceMonitor.run_benchmark)] [topics: /performance/benchmark_results, /performance/alert, /rosout, /performance/command, /performance/metrics, /diagnostic_status, /performance/benchmark] Benchmark completed with overall score: 0.63
1788084369.640927791 INFO /performance_monitor [performance_monitor.py:381(PerformanceMonitor.benchmark_fps)] [topics: /performance/benchmark_results, /performance/alert, /rosout, /performance/command, /performance/metrics, /diagnostic_status, /performance/benchmark] Running FPS benchmark...
1788084374.642800092 INFO /performance_monitor [performance_monitor.py:414(PerformanceMonitor.benchmark_cpu)] [topics: /performance/benchmark_results, /performance/alert, /rosout, /performance/command, /performance/metrics, /diagnostic_status, /performance/benchmark] Running CPU benchmark...
1788084375.916369438 INFO /performance_monitor [performance_monitor.py:438(PerformanceMonitor.benchmark_memory)] [topics: /performance/benchmark_results, /performance/alert, /rosout, /performance/command, /performance/metrics, /diagnostic_status, /performance/benchmark] Running memory benchmark...
1788084376.601997375 INFO /performance_monitor [performance_monitor.py:474(PerformanceMonitor.benchmark_network)] [topics: /performance/benchmark_results, /performance/alert, /rosout, /performance/command, /performance/metrics, /diagnostic_status, /performance/benchmark] Running network benchmark...
1788084377.912366151 INFO /performance_monitor [performance_monitor.py:520(PerformanceMonitor.benchmark_application)] [topics: /performance/benchmark_results, /performance/alert, /rosout, /performance/command, /performance/metrics, /diagnostic_status, /performance/benchmark] Running application benchmark...
1788084377.971246480 INFO /performance_monitor [performance_monitor.py:373(PerformanceMonitor.run_benchmark)] [topics: /performance/benchmark_results, /performance/alert, /rosout, /performance/command, /performance/metrics, /diagnostic_status, /performance/benchmark] Benchmark completed with overall score: 0.63
1788084377.973799228 INFO /performance_monitor [performance_monitor.py:381(PerformanceMonitor.benchmark_fps)] [topics: /performance/benchmark_results, /performance/alert, /rosout, /performance/command, /performance/metrics, /diagnostic_status, /performance/benchmark] Running FPS benchmark...
1788084382.976102352 INFO /performance_monitor [performance_monitor.py:414(PerformanceMonitor.benchmark_cpu)] [topics: /performance/benchmark_results, /performance/alert, /rosout, /performance/command, /performance/metrics, /diagnostic_status, /performance/benchmark] Running CPU benchmark...
1788084384.228329658 INFO /performance_monitor [performance_monitor.py:438(PerformanceMonitor.benchmark_memory)] [topics: /performance/benchmark_results, /performance/alert, /rosout, /performance/command, /performance/metrics, /diagnostic_status, /performance/benchmark] Running memory benchmark...
1788084384.911629676 INFO /performance_monitor [performance_monitor.py:474(PerformanceMonitor.benchmark_network)] [topics: /performance/benchmark_results, /performance/alert, /rosout, /performance/command, /performance/metrics, /diagnostic_status, /performance/benchmark] Running network benchmark...
1788084386.244313955 INFO /performance_monitor [performance_monitor.py:520(PerformanceMonitor.benchmark_application)] [topics: /performance/benchmark_results, /performance/alert, /rosout, /performance/command, /performance/metrics, /diagnostic_status, /performance/benchmark] Running application benchmark...
1788084386.298614263 INFO /performance_monitor [performance_monitor.py:373(PerformanceMonitor.run_benchmark)] [topics: /performance/benchmark_results, /performance/alert, /rosout, /performance/command, /performance/metrics, /diagnostic_status, /performance/benchmark] Benchmark completed with overall score: 0.63
1788084386.300079345 INFO /performance_monitor [performance_monitor.py:381(PerformanceMonitor.benchmark_fps)] [topics: /performance/benchmark_results, /performance/alert, /rosout, /performance/command, /performance/metrics, /diagnostic_status, /performance/benchmark] Running FPS benchmark...
1788084391.302560329 INFO /performance_monitor [performance_monitor.py:414(PerformanceMonitor.benchmark_cpu)] [topics: /performance/benchmark_results, /performance/alert, /rosout, /performance/command, /performance/metrics, /diagnostic_status, /performance/benchmark] Running CPU benchmark...
1788084392.673861265 INFO /performance_monitor [performance_monitor.py:438(PerformanceMonitor.benchmark_memory)] [topics: /performance/benchmark_results, /performance/alert, /rosout, /performance/command, /performance/metrics, /diagnostic_status, /performance/benchmark] Running memory benchmark...
1788084393.474881887 INFO /performance_monitor [performance_monitor.py:474(PerformanceMonitor.benchmark_network)] [topics: /performance/benchmark_results, /performance/alert, /rosout, /performance/command, /performance/metrics, /diagnostic_status, /performance/benchmark] Running network benchmark...
1788084394.772426605 INFO /performance_monitor [performance_monitor.py:520(PerformanceMonitor.benchmark_application)] [topics: /performance/benchmark_results, /performance/alert, /rosout, /performance/command, /performance/metrics, /diagnostic_status, /performance/benchmark] Running application benchmark...
1788084394.827161312 INFO /performance_monitor [performance_monitor.py:373(PerformanceMonitor.run_benchmark)] [topics: /performance/benchmark_results, /performance/alert, /rosout, /performance/command, /performance/metrics, /diagnostic_status, /performance/benchmark] Benchmark completed with overall score: 0.63
1788084394.828530788 INFO /performance_monitor [performance_monitor.py:381(PerformanceMonitor.benchmark_fps)] [topics: /performance/benchmark_results, /performance/alert, /rosout, /performance/command, /performance/metrics, /diagnostic_status, /performance/benchmark] Running FPS benchmark...
1788084399.831733942 INFO /performance_monitor [performance_monitor.py:414(PerformanceMonitor.benchmark_cpu)] [topics: /performance/benchmark_results, /performance/alert, /rosout, /performance/command, /performance/metrics, /diagnostic_status, /performance/benchmark] Running CPU benchmark...
1788084401.085838794 INFO /performance_monitor [performance_monitor.py:438(PerformanceMonitor.benchmark_memory)] [topics: /performance/benchmark_results, /performance/alert, /rosout, /performance/command, /performance/metrics, /diagnostic_status, /performance/benchmark] Running memory benchmark...
1788084401.780921697 INFO /performance_monitor [performance_monitor.py:474(PerformanceMonitor.benchmark_network)] [topics: /performance/benchmark_results, /performance/alert, /rosout, /performance/command, /performance/metrics, /diagnostic_status, /performance/benchmark] Running network benchmark...
1788084403.117890357 INFO /performance_monitor [performance_monitor.py:520(PerformanceMonitor.benchmark_application)] [topics: /performance/benchmark_results, /performance/alert, /rosout, /performance/command, /performance/metrics, /diagnostic_status, /performance/benchmark] Running application benchmark...
1788084403.174320220 INFO /performance_monitor [performance_monitor.py:373(PerformanceMonitor.run_benchmark)] [topics: /performance/benchmark_results, /performance/alert, /rosout, /performance/command, /performance/metrics, /diagnostic_status, /performance/benchmark] Benchmark completed with overall score: 0.63
1788084403.176890850 INFO /performance_monitor [performance_monitor.py:381(PerformanceMonitor.benchmark_fps)] [topics: /performance/benchmark_results, /performance/alert, /rosout, /performance/command, /performance/metrics, /diagnostic_status, /performance/benchmark] Running FPS benchmark...
1788084408.178602695 INFO /performance_monitor [performance_monitor.py:414(PerformanceMonitor.benchmark_cpu)] [topics: /performance/benchmark_results, /performance/alert, /rosout, /performance/command, /performance/metrics, /diagnostic_status, /performance/benchmark] Running CPU benchmark...
1788084409.414435863 INFO /performance_monitor [performance_monitor.py:438(PerformanceMonitor.benchmark_memory)] [topics: /performance/benchmark_results, /performance/alert, /rosout, /performance/command, /performance/metrics, /diagnostic_status, /performance/benchmark] Running memory benchmark...
1788084410.119130611 INFO /performance_monitor [performance_monitor.py:474(PerformanceMonitor.benchmark_network)] [topics: /performance/benchmark_results, /performance/alert, /rosout, /performance/command, /performance/metrics, /diagnostic_status, /performance/benchmark] Running network benchmark...
1788084411.463817119 INFO /performance_monitor [performance_monitor.py:520(PerformanceMonitor.benchmark_application)] [topics: /performance/benchmark_results, /performance/alert, /rosout, /performance/command, /performance/metrics, /diagnostic_status, /performance/benchmark] Running application benchmark...
1788084411.516477584 INFO /performance_monitor [performance_monitor.py:373(PerformanceMonitor.run_benchmark)] [topics: /performance/benchmark_results, /performance/alert, /rosout, /performance/command, /performance/metrics, /diagnostic_status, /performance/benchmark] Benchmark completed with overall score: 0.62
1788084411.517965555 INFO /performance_monitor [performance_monitor.py:381(PerformanceMonitor.benchmark_fps)] [topics: /performance/benchmark_results, /performance/alert, /rosout, /performance/command, /performance/metrics, /diagnostic_status, /performance/benchmark] Running FPS benchmark...
1788084416.520240306 INFO /performance_monitor [performance_monitor.py:414(PerformanceMonitor.benchmark_cpu)] [topics: /performance/benchmark_results, /performance/alert, /rosout, /performance/command, /performance/metrics, /diagnostic_status, /performance/benchmark] Running CPU benchmark...
1788084417.757509231 INFO /performance_monitor [performance_monitor.py:438(PerformanceMonitor.benchmark_memory)] [topics: /performance/benchmark_results, /performance/alert, /rosout, /performance/command, /performance/metrics, /diagnostic_status, /performance/benchmark] Running memory benchmark...
1788084418.454766511 INFO /performance_monitor [performance_monitor.py:474(PerformanceMonitor.benchmark_network)] [topics: /performance/benchmark_results, /performance/alert, /rosout, /performance/command, /performance/metrics, /diagnostic_status, /performance/benchmark] Running network benchmark...
1788084419.750849962 INFO /performance_monitor [performance_monitor.py:520(PerformanceMonitor.benchmark_application)] [topics: /performance/benchmark_results, /performance/alert, /rosout, /performance/command, /performance/metrics, /diagnostic_status, /performance/benchmark] Running application benchmark...
1788084419.800818443 INFO /performance_monitor [performance_monitor.py:373(PerformanceMonitor.run_benchmark)] [topics: /performance/benchmark_results, /performance/alert, /rosout, /performance/command, /performance/metrics, /diagnostic_status, /performance/benchmark] Benchmark completed with overall score: 0.63
1788084419.803463697 INFO /performance_monitor [performance_monitor.py:381(PerformanceMonitor.benchmark_fps)] [topics: /performance/benchmark_results, /performance/alert, /rosout, /performance/command, /performance/metrics, /diagnostic_status, /performance/benchmark] Running FPS benchmark...
1788084424.809248208 INFO /performance_monitor [performance_monitor.py:414(PerformanceMonitor.benchmark_cpu)] [topics: /performance/benchmark_results, /performance/alert, /rosout, /performance/command, /performance/metrics, /diagnostic_status, /performance/benchmark] Running CPU benchmark...
1788084426.080533981 INFO /performance_monitor [performance_monitor.py:438(PerformanceMonitor.benchmark_memory)] [topics: /performance/benchmark_results, /performance/alert, /rosout, /performance/command, /performance/metrics, /diagnostic_status, /performance/benchmark] Running memory benchmark...
1788084426.765064001 INFO /performance_monitor [performance_monitor.py:474(PerformanceMonitor.benchmark_network)] [topics: /performance/benchmark_results, /performance/alert, /rosout, /performance/command, /performance/metrics, /diagnostic_status, /performance/benchmark] Running network benchmark...
1788084428.101901531 INFO /performance_monitor [performance_monitor.py:520(PerformanceMonitor.benchmark_application)] [topics: /performance/benchmark_results, /performance/alert, /rosout, /performance/command, /performance/metrics, /diagnostic_status, /performance/benchmark] Running application benchmark...
1788084428.158059358 INFO /performance_monitor [performance_monitor.py:373(PerformanceMonitor.run_benchmark)] [topics: /performance/benchmark_results, /performance/alert, /rosout, /performance/command, /performance/metrics, /diagnostic_status, /performance/benchmark] Benchmark completed with overall score: 0.63
1788084428.159656524 INFO /performance_monitor [performance_monitor.py:381(PerformanceMonitor.benchmark_fps)] [topics: /performance/benchmark_results, /performance/alert, /rosout, /performance/command, /performance/metrics, /diagnostic_status, /performance/benchmark] Running FPS benchmark...
1788084433.161737918 INFO /performance_monitor [performance_monitor.py:414(PerformanceMonitor.benchmark_cpu)] [topics: /performance/benchmark_results, /performance/alert, /rosout, /performance/command, /performance/metrics, /diagnostic_status, /performance/benchmark] Running CPU benchmark...
1788084434.406943559 INFO /performance_monitor [performance_monitor.py:438(PerformanceMonitor.benchmark_memory)] [topics: /performance/benchmark_results, /performance/alert, /rosout, /performance/command, /performance/metrics, /diagnostic_status, /performance/benchmark] Running memory benchmark...
1788084435.092087030 INFO /performance_monitor [performance_monitor.py:474(PerformanceMonitor.benchmark_network)] [topics: /performance/benchmark_results, /performance/alert, /rosout, /performance/command, /performance/metrics, /diagnostic_status, /performance/benchmark] Running network benchmark...
1788084436.335222721 INFO /performance_monitor [performance_monitor.py:520(PerformanceMonitor.benchmark_application)] [topics: /performance/benchmark_results, /performance/alert, /rosout, /performance/command, /performance/metrics, /diagnostic_status, /performance/benchmark] Running application benchmark...
1788084436.383385896 INFO /performance_monitor [performance_monitor.py:373(PerformanceMonitor.run_benchmark)] [topics: /performance/benchmark_results, /performance/alert, /rosout, /performance/command, /performance/metrics, /diagnostic_status, /performance/benchmark] Benchmark completed with overall score: 0.63
1788084436.384702205 INFO /performance_monitor [performance_monitor.py:381(PerformanceMonitor.benchmark_fps)] [topics: /performance/benchmark_results, /performance/alert, /rosout, /performance/command, /performance/metrics, /diagnostic_status, /performance/benchmark] Running FPS benchmark...
1788084441.387808561 INFO /performance_monitor [performance_monitor.py:414(PerformanceMonitor.benchmark_cpu)] [topics: /performance/benchmark_results, /performance/alert, /rosout, /performance/command, /performance/metrics, /diagnostic_status, /performance/benchmark] Running CPU benchmark...
1788084442.664979934 INFO /performance_monitor [performance_monitor.py:438(PerformanceMonitor.benchmark_memory)] [topics: /performance/benchmark_results, /performance/alert, /rosout, /performance/command, /performance/metrics, /diagnostic_status, /performance/benchmark] Running memory benchmark...
1788084443.353350400 INFO /performance_monitor [performance_monitor.py:474(PerformanceMonitor.benchmark_network)] [topics: /performance/benchmark_results, /performance/alert, /rosout, /performance/command, /performance/metrics, /diagnostic_status, /performance/benchmark] Running network benchmark...
1788084444.690130233 INFO /performance_monitor [performance_monitor.py:520(PerformanceMonitor.benchmark_application)] [topics: /performance/benchmark_results, /performance/alert, /rosout, /performance/command, /performance/metrics, /diagnostic_status, /performance/benchmark] Running application benchmark...
1788084444.748467445 INFO /performance_monitor [performance_monitor.py:373(PerformanceMonitor.run_benchmark)] [topics: /performance/benchmark_results, /performance/alert, /rosout, /performance/command, /performance/metrics, /diagnostic_status, /performance/benchmark] Benchmark completed with overall score: 0.63
1788084444.752681732 INFO /performance_monitor [performance_monitor.py:381(PerformanceMonitor.benchmark_fps)] [topics: /performance/benchmark_results, /performance/alert, /rosout, /performance/command, /performance/metrics, /diagnostic_status, /performance/benchmark] Running FPS benchmark...
1788084449.754552125 INFO /performance_monitor [performance_monitor.py:414(PerformanceMonitor.benchmark_cpu)] [topics: /performance/benchmark_results, /performance/alert, /rosout, /performance/command, /performance/metrics, /diagnostic_status, /performance/benchmark] Running CPU benchmark...
1788084451.004957437 INFO /performance_monitor [performance_monitor.py:438(PerformanceMonitor.benchmark_memory)] [topics: /performance/benchmark_results, /performance/alert, /rosout, /performance/command, /performance/metrics, /diagnostic_status, /performance/benchmark] Running memory benchmark...
1788084451.694293737 INFO /performance_monitor [performance_monitor.py:474(PerformanceMonitor.benchmark_network)] [topics: /performance/benchmark_results, /performance/alert, /rosout, /performance/command, /performance/metrics, /diagnostic_status, /performance/benchmark] Running network benchmark...
1788084453.053932189 INFO /performance_monitor [performance_monitor.py:520(PerformanceMonitor.benchmark_application)] [topics: /performance/benchmark_results, /performance/alert, /rosout, /performance/command, /performance/metrics, /diagnostic_status, /performance/benchmark] Running application benchmark...
1788084453.103281259 INFO /performance_monitor [performance_monitor.py:373(PerformanceMonitor.run_benchmark)] [topics: /performance/benchmark_results, /performance/alert, /rosout, /performance/command, /performance/metrics, /diagnostic_status, /performance/benchmark] Benchmark completed with overall score: 0.62
1788084453.105663537 INFO /performance_monitor [performance_monitor.py:381(PerformanceMonitor.benchmark_fps)] [topics: /performance/benchmark_results, /performance/alert, /rosout, /performance/command, /performance/metrics, /diagnostic_status, /performance/benchmark] Running FPS benchmark...
1788084458.112563133 INFO /performance_monitor [performance_monitor.py:414(PerformanceMonitor.benchmark_cpu)] [topics: /performance/benchmark_results, /performance/alert, /rosout, /performance/command, /performance/metrics, /diagnostic_status, /performance/benchmark] Running CPU benchmark...
1788084459.391924142 INFO /performance_monitor [performance_monitor.py:438(PerformanceMonitor.benchmark_memory)] [topics: /performance/benchmark_results, /performance/alert, /rosout, /performance/command, /performance/metrics, /diagnostic_status, /performance/benchmark] Running memory benchmark...
1788084460.078855752 INFO /performance_monitor [performance_monitor.py:474(PerformanceMonitor.benchmark_network)] [topics: /performance/benchmark_results, /performance/alert, /rosout, /performance/command, /performance/metrics, /diagnostic_status, /performance/benchmark] Running network benchmark...
1788084461.417432069 INFO /performance_monitor [performance_monitor.py:520(PerformanceMonitor.benchmark_application)] [topics: /performance/benchmark_results, /performance/alert, /rosout, /performance/command, /performance/metrics, /diagnostic_status, /performance/benchmark] Running application benchmark...
1788084461.465483665 INFO /performance_monitor [performance_monitor.py:373(PerformanceMonitor.run_benchmark)] [topics: /performance/benchmark_results, /performance/alert, /rosout, /performance/command, /performance/metrics, /diagnostic_status, /performance/benchmark] Benchmark completed with overall score: 0.63
1788084461.466812133 INFO /performance_monitor [performance_monitor.py:381(PerformanceMonitor.benchmark_fps)] [topics: /performance/benchmark_results, /performance/alert, /rosout, /performance/command, /performance/metrics, /diagnostic_status, /performance/benchmark] Running FPS benchmark...
1788084466.468638658 INFO /performance_monitor [performance_monitor.py:414(PerformanceMonitor.benchmark_cpu)] [topics: /performance/benchmark_results, /performance/alert, /rosout, /performance/command, /performance/metrics, /diagnostic_status, /performance/benchmark] Running CPU benchmark...
1788084467.764284610 INFO /performance_monitor [performance_monitor.py:438(PerformanceMonitor.benchmark_memory)] [topics: /performance/benchmark_results, /performance/alert, /rosout, /performance/command, /performance/metrics, /diagnostic_status, /performance/benchmark] Running memory benchmark...
1788084468.460857391 INFO /performance_monitor [performance_monitor.py:474(PerformanceMonitor.benchmark_network)] [topics: /performance/benchmark_results, /performance/alert, /rosout, /performance/command, /performance/metrics, /diagnostic_status, /performance/benchmark] Running network benchmark...
1788084469.763218641 INFO /performance_monitor [performance_monitor.py:520(PerformanceMonitor.benchmark_application)] [topics: /performance/benchmark_results, /performance/alert, /rosout, /performance/command, /performance/metrics, /diagnostic_status, /performance/benchmark] Running application benchmark...
1788084469.818976879 INFO /performance_monitor [performance_monitor.py:373(PerformanceMonitor.run_benchmark)] [topics: /performance/benchmark_results, /performance/alert, /rosout, /performance/command, /performance/metrics, /diagnostic_status, /performance/benchmark] Benchmark completed with overall score: 0.63
1788084469.820876121 INFO /performance_monitor [performance_monitor.py:381(PerformanceMonitor.benchmark_fps)] [topics: /performance/benchmark_results, /performance/alert, /rosout, /performance/command, /performance/metrics, /diagnostic_status, /performance/benchmark] Running FPS benchmark...
1788084474.822851181 INFO /performance_monitor [performance_monitor.py:414(PerformanceMonitor.benchmark_cpu)] [topics: /performance/benchmark_results, /performance/alert, /rosout, /performance/command, /performance/metrics, /diagnostic_status, /performance/benchmark] Running CPU benchmark...
1788084476.095940113 INFO /performance_monitor [performance_monitor.py:438(PerformanceMonitor.benchmark_memory)] [topics: /performance/benchmark_results, /performance/alert, /rosout, /performance/command, /performance/metrics, /diagnostic_status, /performance/benchmark] Running memory benchmark...
1788084477.232367038 INFO /performance_monitor [performance_monitor.py:474(PerformanceMonitor.benchmark_network)] [topics: /performance/benchmark_results, /performance/alert, /rosout, /performance/command, /performance/metrics, /diagnostic_status, /performance/benchmark] Running network benchmark...
1788084478.443416357 INFO /performance_monitor [performance_monitor.py:520(PerformanceMonitor.benchmark_application)] [topics: /performance/benchmark_results, /performance/alert, /rosout, /performance/command, /performance/metrics, /diagnostic_status, /performance/benchmark] Running application benchmark...
1788084478.490200757 INFO /performance_monitor [performance_monitor.py:373(PerformanceMonitor.run_benchmark)] [topics: /performance/benchmark_results, /performance/alert, /rosout, /performance/command, /performance/metrics, /diagnostic_status, /performance/benchmark] Benchmark completed with overall score: 0.63
1788084478.491731166 INFO /performance_monitor [performance_monitor.py:381(PerformanceMonitor.benchmark_fps)] [topics: /performance/benchmark_results, /performance/alert, /rosout, /performance/command, /performance/metrics, /diagnostic_status, /performance/benchmark] Running FPS benchmark...
1788084483.494512796 INFO /performance_monitor [performance_monitor.py:414(PerformanceMonitor.benchmark_cpu)] [topics: /performance/benchmark_results, /performance/alert, /rosout, /performance/command, /performance/metrics, /diagnostic_status, /performance/benchmark] Running CPU benchmark...
1788084485.611502408 INFO /performance_monitor [performance_monitor.py:438(PerformanceMonitor.benchmark_memory)] [topics: /performance/benchmark_results, /performance/alert, /rosout, /performance/command, /performance/metrics, /diagnostic_status, /performance/benchmark] Running memory benchmark...
1788084486.740275382 INFO /performance_monitor [performance_monitor.py:474(PerformanceMonitor.benchmark_network)] [topics: /performance/benchmark_results, /performance/alert, /rosout, /performance/command, /performance/metrics, /diagnostic_status, /performance/benchmark] Running network benchmark...
1788084487.939276695 INFO /performance_monitor [performance_monitor.py:520(PerformanceMonitor.benchmark_application)] [topics: /performance/benchmark_results, /performance/alert, /rosout, /performance/command, /performance/metrics, /diagnostic_status, /performance/benchmark] Running application benchmark...
1788084487.996640920 INFO /performance_monitor [performance_monitor.py:373(PerformanceMonitor.run_benchmark)] [topics: /performance/benchmark_results, /performance/alert, /rosout, /performance/command, /performance/metrics, /diagnostic_status, /performance/benchmark] Benchmark completed with overall score: 0.63
1788084488.003065347 INFO /performance_monitor [performance_monitor.py:381(PerformanceMonitor.benchmark_fps)] [topics: /performance/benchmark_results, /performance/alert, /rosout, /performance/command, /performance/metrics, /diagnostic_status, /performance/benchmark] Running FPS benchmark...
1788084493.007740736 INFO /performance_monitor [performance_monitor.py:414(PerformanceMonitor.benchmark_cpu)] [topics: /performance/benchmark_results, /performance/alert, /rosout, /performance/command, /performance/metrics, /diagnostic_status, /performance/benchmark] Running CPU benchmark...
1788084494.876546859 INFO /performance_monitor [performance_monitor.py:438(PerformanceMonitor.benchmark_memory)] [topics: /performance/benchmark_results, /performance/alert, /rosout, /performance/command, /performance/metrics, /diagnostic_status, /performance/benchmark] Running memory benchmark...
1788084495.574058055 INFO /performance_monitor [performance_monitor.py:474(PerformanceMonitor.benchmark_network)] [topics: /performance/benchmark_results, /performance/alert, /rosout, /performance/command, /performance/metrics, /diagnostic_status, /performance/benchmark] Running network benchmark...
1788084496.778712511 INFO /performance_monitor [performance_monitor.py:520(PerformanceMonitor.benchmark_application)] [topics: /performance/benchmark_results, /performance/alert, /rosout, /performance/command, /performance/metrics, /diagnostic_status, /performance/benchmark] Running application benchmark...
1788084496.834669589 INFO /performance_monitor [performance_monitor.py:373(PerformanceMonitor.run_benchmark)] [topics: /performance/benchmark_results, /performance/alert, /rosout, /performance/command, /performance/metrics, /diagnostic_status, /performance/benchmark] Benchmark completed with overall score: 0.63
1788084496.837351083 INFO /performance_monitor [performance_monitor.py:381(PerformanceMonitor.benchmark_fps)] [topics: /performance/benchmark_results, /performance/alert, /rosout, /performance/command, /performance/metrics, /diagnostic_status, /performance/benchmark] Running FPS benchmark...
1788084501.841689348 INFO /performance_monitor [performance_monitor.py:414(PerformanceMonitor.benchmark_cpu)] [topics: /performance/benchmark_results, /performance/alert, /rosout, /performance/command, /performance/metrics, /diagnostic_status, /performance/benchmark] Running CPU benchmark...
1788084503.094841003 INFO /performance_monitor [performance_monitor.py:438(PerformanceMonitor.benchmark_memory)] [topics: /performance/benchmark_results, /performance/alert, /rosout, /performance/command, /performance/metrics, /diagnostic_status, /performance/benchmark] Running memory benchmark...
