[rosmaster.main][INFO] 2026-08-30 09:30:12,668: initialization complete, waiting for shutdown
[rosmaster.main][INFO] 2026-08-30 09:30:12,672: Starting ROS Master Node
[xmlrpc][INFO] 2026-08-30 09:30:12,686: XML-RPC server binding to 127.0.0.1:11311
[xmlrpc][INFO] 2026-08-30 09:30:12,690: Started XML-RPC server [http://localhost:11311/]
[rosmaster.master][INFO] 2026-08-30 09:30:12,690: Master initialized: port[11311], uri[http://localhost:11311/]
[xmlrpc][INFO] 2026-08-30 09:30:12,691: xml rpc node: starting XML-RPC server
[rosmaster.master][INFO] 2026-08-30 09:30:12,791: +PARAM [/run_id] by /roslaunch
[rosmaster.master][INFO] 2026-08-30 09:30:12,795: +PARAM [/roslaunch/uris/host_localhost__35859] by /roslaunch
[rosmaster.master][INFO] 2026-08-30 09:30:12,906: +PARAM [/rosversion] by /roslaunch
[rosmaster.master][INFO] 2026-08-30 09:30:12,907: +PARAM [/rosdistro] by /roslaunch
[rosmaster.master][INFO] 2026-08-30 09:30:12,907: +PARAM [/target_params/detection/model/path] by /roslaunch
[rosmaster.master][INFO] 2026-08-30 09:30:12,907: +PARAM [/target_params/detection/model/device] by /roslaunch
[rosmaster.master][INFO] 2026-08-30 09:30:12,908: +PARAM [/target_params/detection/model/input_size] by /roslaunch
[rosmaster.master][INFO] 2026-08-30 09:30:12,908: +PARAM [/target_params/detection/model/batch_size] by /roslaunch
[rosmaster.master][INFO] 2026-08-30 09:30:12,909: +PARAM [/target_params/detection/confidence_threshold] by /roslaunch
[rosmaster.master][INFO] 2026-08-30 09:30:12,909: +PARAM [/target_params/detection/nms_threshold] by /roslaunch
[rosmaster.master][INFO] 2026-08-30 09:30:12,909: +PARAM [/target_params/detection/max_detections] by /roslaunch
[rosmaster.master][INFO] 2026-08-30 09:30:12,910: +PARAM [/target_params/detection/vehicle_classes] by /roslaunch
[rosmaster.master][INFO] 2026-08-30 09:30:12,910: +PARAM [/target_params/detection/class_thresholds/class_1] by /roslaunch
[rosmaster.master][INFO] 2026-08-30 09:30:12,910: +PARAM [/target_params/detection/class_thresholds/class_2] by /roslaunch
[rosmaster.master][INFO] 2026-08-30 09:30:12,910: +PARAM [/target_params/detection/class_thresholds/class_3] by /roslaunch
[rosmaster.master][INFO] 2026-08-30 09:30:12,910: +PARAM [/target_params/detection/class_thresholds/class_5] by /roslaunch
[rosmaster.master][INFO] 2026-08-30 09:30:12,910: +PARAM [/target_params/detection/class_thresholds/class_6] by /roslaunch
[rosmaster.master][INFO] 2026-08-30 09:30:12,911: +PARAM [/target_params/detection/class_thresholds/class_7] by /roslaunch
[rosmaster.master][INFO] 2026-08-30 09:30:12,911: +PARAM [/target_params/detection/class_thresholds/class_8] by /roslaunch
[rosmaster.master][INFO] 2026-08-30 09:30:12,911: +PARAM [/target_params/detection/performance/max_fps] by /roslaunch
[rosmaster.master][INFO] 2026-08-30 09:30:12,911: +PARAM [/target_params/detection/performance/frame_skip] by /roslaunch
[rosmaster.master][INFO] 2026-08-30 09:30:12,911: +PARAM [/target_params/detection/performance/parallel_inference] by /roslaunch
[rosmaster.master][INFO] 2026-08-30 09:30:12,911: +PARAM [/target_params/detection/performance/gpu_memory_limit] by /roslaunch
[rosmaster.master][INFO] 2026-08-30 09:30:12,911: +PARAM [/target_params/tracking/engagement_distance] by /roslaunch
[rosmaster.master][INFO] 2026-08-30 09:30:12,912: +PARAM [/target_params/tracking/attack_distance] by /roslaunch
[rosmaster.master][INFO] 2026-08-30 09:30:12,912: +PARAM [/target_params/tracking/disengagement_distance] by /roslaunch
[rosmaster.master][INFO] 2026-08-30 09:30:12,912: +PARAM [/target_params/tracking/max_tracks] by /roslaunch
[rosmaster.master][INFO] 2026-08-30 09:30:12,912: +PARAM [/target_params/tracking/max_lost_frames] by /roslaunch
[rosmaster.master][INFO] 2026-08-30 09:30:12,913: +PARAM [/target_params/tracking/min_track_length] by /roslaunch
[rosmaster.master][INFO] 2026-08-30 09:30:12,913: +PARAM [/target_params/tracking/track_confidence_threshold] by /roslaunch
[rosmaster.master][INFO] 2026-08-30 09:30:12,913: +PARAM [/target_params/tracking/association/iou_threshold] by /roslaunch
[rosmaster.master][INFO] 2026-08-30 09:30:12,913: +PARAM [/target_params/tracking/association/distance_threshold] by /roslaunch
[rosmaster.master][INFO] 2026-08-30 09:30:12,914: +PARAM [/target_params/tracking/association/appearance_weight] by /roslaunch
[rosmaster.master][INFO] 2026-08-30 09:30:12,914: +PARAM [/target_params/tracking/association/motion_weight] by /roslaunch
[rosmaster.master][INFO] 2026-08-30 09:30:12,914: +PARAM [/target_params/tracking/kalman/dt] by /roslaunch
[rosmaster.master][INFO] 2026-08-30 09:30:12,914: +PARAM [/target_params/tracking/kalman/process_noise] by /roslaunch
[rosmaster.master][INFO] 2026-08-30 09:30:12,915: +PARAM [/target_params/tracking/kalman/measurement_noise] by /roslaunch
[rosmaster.master][INFO] 2026-08-30 09:30:12,915: +PARAM [/target_params/tracking/kalman/initial_velocity] by /roslaunch
[rosmaster.master][INFO] 2026-08-30 09:30:12,915: +PARAM [/target_params/tracking/kalman/state_dim] by /roslaunch
[rosmaster.master][INFO] 2026-08-30 09:30:12,915: +PARAM [/target_params/tracking/kalman/measurement_dim] by /roslaunch
[rosmaster.master][INFO] 2026-08-30 09:30:12,915: +PARAM [/target_params/behavior/speed_classes/stationary] by /roslaunch
[rosmaster.master][INFO] 2026-08-30 09:30:12,915: +PARAM [/target_params/behavior/speed_classes/slow] by /roslaunch
[rosmaster.master][INFO] 2026-08-30 09:30:12,916: +PARAM [/target_params/behavior/speed_classes/medium] by /roslaunch
[rosmaster.master][INFO] 2026-08-30 09:30:12,916: +PARAM [/target_params/behavior/speed_classes/fast] by /roslaunch
[rosmaster.master][INFO] 2026-08-30 09:30:12,919: +PARAM [/target_params/behavior/speed_classes/extreme] by /roslaunch
[rosmaster.master][INFO] 2026-08-30 09:30:12,920: +PARAM [/target_params/behavior/models/random_walk/noise_scale] by /roslaunch
[rosmaster.master][INFO] 2026-08-30 09:30:12,920: +PARAM [/target_params/behavior/models/random_walk/persistence] by /roslaunch
[rosmaster.master][INFO] 2026-08-30 09:30:12,921: +PARAM [/target_params/behavior/models/pursuit/max_acceleration] by /roslaunch
[rosmaster.master][INFO] 2026-08-30 09:30:12,921: +PARAM [/target_params/behavior/models/pursuit/max_turn_rate] by /roslaunch
[rosmaster.master][INFO] 2026-08-30 09:30:12,921: +PARAM [/target_params/behavior/models/evasion/max_acceleration] by /roslaunch
[rosmaster.master][INFO] 2026-08-30 09:30:12,921: +PARAM [/target_params/behavior/models/evasion/max_turn_rate] by /roslaunch
[rosmaster.master][INFO] 2026-08-30 09:30:12,921: +PARAM [/target_params/behavior/threat/distance_weights] by /roslaunch
[rosmaster.master][INFO] 2026-08-30 09:30:12,922: +PARAM [/target_params/behavior/threat/speed_thresholds/low] by /roslaunch
[rosmaster.master][INFO] 2026-08-30 09:30:12,924: +PARAM [/target_params/behavior/threat/speed_thresholds/medium] by /roslaunch
[rosmaster.master][INFO] 2026-08-30 09:30:12,924: +PARAM [/target_params/behavior/threat/speed_thresholds/high] by /roslaunch
[rosmaster.master][INFO] 2026-08-30 09:30:12,924: +PARAM [/target_params/behavior/threat/priority_boost] by /roslaunch
[rosmaster.master][INFO] 2026-08-30 09:30:12,925: +PARAM [/target_params/performance/update_rates/detection] by /roslaunch
[rosmaster.master][INFO] 2026-08-30 09:30:12,925: +PARAM [/target_params/performance/update_rates/tracking] by /roslaunch
[rosmaster.master][INFO] 2026-08-30 09:30:12,925: +PARAM [/target_params/performance/update_rates/control] by /roslaunch
[rosmaster.master][INFO] 2026-08-30 09:30:12,925: +PARAM [/target_params/performance/update_rates/state] by /roslaunch
[rosmaster.master][INFO] 2026-08-30 09:30:12,925: +PARAM [/target_params/performance/latency/max_detection] by /roslaunch
[rosmaster.master][INFO] 2026-08-30 09:30:12,926: +PARAM [/target_params/performance/latency/max_tracking] by /roslaunch
[rosmaster.master][INFO] 2026-08-30 09:30:12,926: +PARAM [/target_params/performance/latency/max_control] by /roslaunch
[rosmaster.master][INFO] 2026-08-30 09:30:12,926: +PARAM [/target_params/performance/resources/max_memory_mb] by /roslaunch
[rosmaster.master][INFO] 2026-08-30 09:30:12,926: +PARAM [/target_params/performance/resources/max_cpu_percent] by /roslaunch
[rosmaster.master][INFO] 2026-08-30 09:30:12,927: +PARAM [/target_params/performance/resources/max_gpu_memory_mb] by /roslaunch
[rosmaster.master][INFO] 2026-08-30 09:30:12,927: +PARAM [/target_params/camera/fx] by /roslaunch
[rosmaster.master][INFO] 2026-08-30 09:30:12,928: +PARAM [/target_params/camera/fy] by /roslaunch
[rosmaster.master][INFO] 2026-08-30 09:30:12,928: +PARAM [/target_params/camera/cx] by /roslaunch
[rosmaster.master][INFO] 2026-08-30 09:30:12,928: +PARAM [/target_params/camera/cy] by /roslaunch
[rosmaster.master][INFO] 2026-08-30 09:30:12,928: +PARAM [/target_params/camera/width] by /roslaunch
[rosmaster.master][INFO] 2026-08-30 09:30:12,929: +PARAM [/target_params/camera/height] by /roslaunch
[rosmaster.master][INFO] 2026-08-30 09:30:12,929: +PARAM [/target_params/camera/fov] by /roslaunch
[rosmaster.master][INFO] 2026-08-30 09:30:12,929: +PARAM [/camera_calib/camera/id] by /roslaunch
[rosmaster.master][INFO] 2026-08-30 09:30:12,930: +PARAM [/camera_calib/camera/model] by /roslaunch
[rosmaster.master][INFO] 2026-08-30 09:30:12,931: +PARAM [/camera_calib/camera/width] by /roslaunch
[rosmaster.master][INFO] 2026-08-30 09:30:12,932: +PARAM [/camera_calib/camera/height] by /roslaunch
[rosmaster.master][INFO] 2026-08-30 09:30:12,932: +PARAM [/camera_calib/camera/intrinsic/fx] by /roslaunch
[rosmaster.master][INFO] 2026-08-30 09:30:12,933: +PARAM [/camera_calib/camera/intrinsic/fy] by /roslaunch
[rosmaster.master][INFO] 2026-08-30 09:30:12,935: +PARAM [/camera_calib/camera/intrinsic/cx] by /roslaunch
[rosmaster.master][INFO] 2026-08-30 09:30:12,935: +PARAM [/camera_calib/camera/intrinsic/cy] by /roslaunch
[rosmaster.master][INFO] 2026-08-30 09:30:12,935: +PARAM [/camera_calib/camera/intrinsic/fov] by /roslaunch
[rosmaster.master][INFO] 2026-08-30 09:30:12,936: +PARAM [/camera_calib/camera/distortion/model] by /roslaunch
[rosmaster.master][INFO] 2026-08-30 09:30:12,936: +PARAM [/camera_calib/camera/distortion/coefficients/k1] by /roslaunch
[rosmaster.master][INFO] 2026-08-30 09:30:12,937: +PARAM [/camera_calib/camera/distortion/coefficients/k2] by /roslaunch
[rosmaster.master][INFO] 2026-08-30 09:30:12,937: +PARAM [/camera_calib/camera/distortion/coefficients/p1] by /roslaunch
[rosmaster.master][INFO] 2026-08-30 09:30:12,938: +PARAM [/camera_calib/camera/distortion/coefficients/p2] by /roslaunch
[rosmaster.master][INFO] 2026-08-30 09:30:12,938: +PARAM [/camera_calib/camera/distortion/coefficients/k3] by /roslaunch
[rosmaster.master][INFO] 2026-08-30 09:30:12,938: +PARAM [/camera_calib/camera/projection/P] by /roslaunch
[rosmaster.master][INFO] 2026-08-30 09:30:12,939: +PARAM [/camera_calib/camera/rectification/R] by /roslaunch
[rosmaster.master][INFO] 2026-08-30 09:30:12,939: +PARAM [/camera_calib/camera/extrinsic/translation] by /roslaunch
[rosmaster.master][INFO] 2026-08-30 09:30:12,939: +PARAM [/camera_calib/camera/extrinsic/rotation] by /roslaunch
[rosmaster.master][INFO] 2026-08-30 09:30:12,939: +PARAM [/camera_calib/camera/extrinsic/rotation_matrix] by /roslaunch
[rosmaster.master][INFO] 2026-08-30 09:30:12,940: +PARAM [/camera_calib/camera/calibration/date] by /roslaunch
[rosmaster.master][INFO] 2026-08-30 09:30:12,940: +PARAM [/camera_calib/camera/calibration/method] by /roslaunch
[rosmaster.master][INFO] 2026-08-30 09:30:12,941: +PARAM [/camera_calib/camera/calibration/reprojection_error] by /roslaunch
[rosmaster.master][INFO] 2026-08-30 09:30:12,941: +PARAM [/camera_calib/camera/calibration/status] by /roslaunch
[rosmaster.master][INFO] 2026-08-30 09:30:12,941: +PARAM [/camera_calib/image_processing/preprocessing/resize] by /roslaunch
[rosmaster.master][INFO] 2026-08-30 09:30:12,941: +PARAM [/camera_calib/image_processing/preprocessing/normalize] by /roslaunch
[rosmaster.master][INFO] 2026-08-30 09:30:12,941: +PARAM [/camera_calib/image_processing/preprocessing/mean] by /roslaunch
[rosmaster.master][INFO] 2026-08-30 09:30:12,942: +PARAM [/camera_calib/image_processing/preprocessing/std] by /roslaunch
[rosmaster.master][INFO] 2026-08-30 09:30:12,942: +PARAM [/camera_calib/image_processing/color_space] by /roslaunch
[rosmaster.master][INFO] 2026-08-30 09:30:12,942: +PARAM [/camera_calib/image_processing/roi/enabled] by /roslaunch
[rosmaster.master][INFO] 2026-08-30 09:30:12,943: +PARAM [/camera_calib/image_processing/roi/x] by /roslaunch
[rosmaster.master][INFO] 2026-08-30 09:30:12,943: +PARAM [/camera_calib/image_processing/roi/y] by /roslaunch
[rosmaster.master][INFO] 2026-08-30 09:30:12,943: +PARAM [/camera_calib/image_processing/roi/width] by /roslaunch
[rosmaster.master][INFO] 2026-08-30 09:30:12,943: +PARAM [/camera_calib/image_processing/roi/height] by /roslaunch
[rosmaster.master][INFO] 2026-08-30 09:30:12,943: +PARAM [/camera_calib/image_processing/augmentation/horizontal_flip] by /roslaunch
[rosmaster.master][INFO] 2026-08-30 09:30:12,944: +PARAM [/camera_calib/image_processing/augmentation/rotation] by /roslaunch
[rosmaster.master][INFO] 2026-08-30 09:30:12,944: +PARAM [/camera_calib/image_processing/augmentation/scale] by /roslaunch
[rosmaster.master][INFO] 2026-08-30 09:30:12,944: +PARAM [/camera_calib/image_processing/augmentation/brightness] by /roslaunch
[rosmaster.master][INFO] 2026-08-30 09:30:12,944: +PARAM [/camera_calib/stereo/enabled] by /roslaunch
[rosmaster.master][INFO] 2026-08-30 09:30:12,945: +PARAM [/camera_calib/stereo/baseline] by /roslaunch
[rosmaster.master][INFO] 2026-08-30 09:30:12,945: +PARAM [/camera_calib/stereo/depth/min_distance] by /roslaunch
[rosmaster.master][INFO] 2026-08-30 09:30:12,945: +PARAM [/camera_calib/stereo/depth/max_distance] by /roslaunch
[rosmaster.master][INFO] 2026-08-30 09:30:12,945: +PARAM [/camera_calib/stereo/depth/disparity_range] by /roslaunch
[rosmaster.master][INFO] 2026-08-30 09:30:12,946: +PARAM [/camera_calib/stereo/matching/algorithm] by /roslaunch
[rosmaster.master][INFO] 2026-08-30 09:30:12,946: +PARAM [/camera_calib/stereo/matching/num_disparities] by /roslaunch
[rosmaster.master][INFO] 2026-08-30 09:30:12,946: +PARAM [/camera_calib/stereo/matching/block_size] by /roslaunch
[rosmaster.master][INFO] 2026-08-30 09:30:12,947: +PARAM [/camera_calib/stereo/matching/p1] by /roslaunch
[rosmaster.master][INFO] 2026-08-30 09:30:12,947: +PARAM [/camera_calib/stereo/matching/p2] by /roslaunch
[rosmaster.master][INFO] 2026-08-30 09:30:12,947: +PARAM [/flight_control/pid/position/x/p] by /roslaunch
[rosmaster.master][INFO] 2026-08-30 09:30:12,947: +PARAM [/flight_control/pid/position/x/i] by /roslaunch
[rosmaster.master][INFO] 2026-08-30 09:30:12,948: +PARAM [/flight_control/pid/position/x/d] by /roslaunch
[rosmaster.master][INFO] 2026-08-30 09:30:12,948: +PARAM [/flight_control/pid/position/x/integral_clamp] by /roslaunch
[rosmaster.master][INFO] 2026-08-30 09:30:12,948: +PARAM [/flight_control/pid/position/y/p] by /roslaunch
[rosmaster.master][INFO] 2026-08-30 09:30:12,949: +PARAM [/flight_control/pid/position/y/i] by /roslaunch
[rosmaster.master][INFO] 2026-08-30 09:30:12,949: +PARAM [/flight_control/pid/position/y/d] by /roslaunch
[rosmaster.master][INFO] 2026-08-30 09:30:12,949: +PARAM [/flight_control/pid/position/y/integral_clamp] by /roslaunch
[rosmaster.master][INFO] 2026-08-30 09:30:12,951: +PARAM [/flight_control/pid/position/z/p] by /roslaunch
[rosmaster.master][INFO] 2026-08-30 09:30:12,951: +PARAM [/flight_control/pid/position/z/i] by /roslaunch
[rosmaster.master][INFO] 2026-08-30 09:30:12,951: +PARAM [/flight_control/pid/position/z/d] by /roslaunch
[rosmaster.master][INFO] 2026-08-30 09:30:12,952: +PARAM [/flight_control/pid/position/z/integral_clamp] by /roslaunch
[rosmaster.master][INFO] 2026-08-30 09:30:12,952: +PARAM [/flight_control/pid/velocity/x/p] by /roslaunch
[rosmaster.master][INFO] 2026-08-30 09:30:12,952: +PARAM [/flight_control/pid/velocity/x/i] by /roslaunch
[rosmaster.master][INFO] 2026-08-30 09:30:12,953: +PARAM [/flight_control/pid/velocity/x/d] by /roslaunch
[rosmaster.master][INFO] 2026-08-30 09:30:12,953: +PARAM [/flight_control/pid/velocity/y/p] by /roslaunch
[rosmaster.master][INFO] 2026-08-30 09:30:12,953: +PARAM [/flight_control/pid/velocity/y/i] by /roslaunch
[rosmaster.master][INFO] 2026-08-30 09:30:12,953: +PARAM [/flight_control/pid/velocity/y/d] by /roslaunch
[rosmaster.master][INFO] 2026-08-30 09:30:12,955: +PARAM [/flight_control/pid/velocity/z/p] by /roslaunch
[rosmaster.master][INFO] 2026-08-30 09:30:12,955: +PARAM [/flight_control/pid/velocity/z/i] by /roslaunch
[rosmaster.master][INFO] 2026-08-30 09:30:12,955: +PARAM [/flight_control/pid/velocity/z/d] by /roslaunch
[rosmaster.master][INFO] 2026-08-30 09:30:12,955: +PARAM [/flight_control/pid/attitude/roll/p] by /roslaunch
[rosmaster.master][INFO] 2026-08-30 09:30:12,956: +PARAM [/flight_control/pid/attitude/roll/i] by /roslaunch
[rosmaster.master][INFO] 2026-08-30 09:30:12,956: +PARAM [/flight_control/pid/attitude/roll/d] by /roslaunch
[rosmaster.master][INFO] 2026-08-30 09:30:12,956: +PARAM [/flight_control/pid/attitude/pitch/p] by /roslaunch
[rosmaster.master][INFO] 2026-08-30 09:30:12,956: +PARAM [/flight_control/pid/attitude/pitch/i] by /roslaunch
[rosmaster.master][INFO] 2026-08-30 09:30:12,956: +PARAM [/flight_control/pid/attitude/pitch/d] by /roslaunch
[rosmaster.master][INFO] 2026-08-30 09:30:12,956: +PARAM [/flight_control/pid/attitude/yaw/p] by /roslaunch
[rosmaster.master][INFO] 2026-08-30 09:30:12,956: +PARAM [/flight_control/pid/attitude/yaw/i] by /roslaunch
[rosmaster.master][INFO] 2026-08-30 09:30:12,957: +PARAM [/flight_control/pid/attitude/yaw/d] by /roslaunch
[rosmaster.master][INFO] 2026-08-30 09:30:12,957: +PARAM [/flight_control/pid/rate/roll/p] by /roslaunch
[rosmaster.master][INFO] 2026-08-30 09:30:12,958: +PARAM [/flight_control/pid/rate/roll/i] by /roslaunch
[rosmaster.master][INFO] 2026-08-30 09:30:12,958: +PARAM [/flight_control/pid/rate/roll/d] by /roslaunch
[rosmaster.master][INFO] 2026-08-30 09:30:12,958: +PARAM [/flight_control/pid/rate/pitch/p] by /roslaunch
[rosmaster.master][INFO] 2026-08-30 09:30:12,959: +PARAM [/flight_control/pid/rate/pitch/i] by /roslaunch
[rosmaster.master][INFO] 2026-08-30 09:30:12,959: +PARAM [/flight_control/pid/rate/pitch/d] by /roslaunch
[rosmaster.master][INFO] 2026-08-30 09:30:12,959: +PARAM [/flight_control/pid/rate/yaw/p] by /roslaunch
[rosmaster.master][INFO] 2026-08-30 09:30:12,959: +PARAM [/flight_control/pid/rate/yaw/i] by /roslaunch
[rosmaster.master][INFO] 2026-08-30 09:30:12,959: +PARAM [/flight_control/pid/rate/yaw/d] by /roslaunch
[rosmaster.master][INFO] 2026-08-30 09:30:12,959: +PARAM [/flight_control/dynamics/constraints/max_velocity] by /roslaunch
[rosmaster.master][INFO] 2026-08-30 09:30:12,960: +PARAM [/flight_control/dynamics/constraints/max_acceleration] by /roslaunch
[rosmaster.master][INFO] 2026-08-30 09:30:12,960: +PARAM [/flight_control/dynamics/constraints/max_yaw_rate] by /roslaunch
[rosmaster.master][INFO] 2026-08-30 09:30:12,960: +PARAM [/flight_control/dynamics/safety_margins/min_altitude] by /roslaunch
[rosmaster.master][INFO] 2026-08-30 09:30:12,960: +PARAM [/flight_control/dynamics/safety_margins/max_altitude] by /roslaunch
[rosmaster.master][INFO] 2026-08-30 09:30:12,960: +PARAM [/flight_control/dynamics/safety_margins/max_tilt] by /roslaunch
[rosmaster.master][INFO] 2026-08-30 09:30:12,960: +PARAM [/flight_control/dynamics/safety_margins/max_rotation_rate] by /roslaunch
[rosmaster.master][INFO] 2026-08-30 09:30:12,961: +PARAM [/flight_control/dynamics/vehicle/mass] by /roslaunch
[rosmaster.master][INFO] 2026-08-30 09:30:12,961: +PARAM [/flight_control/dynamics/vehicle/moment_of_inertia] by /roslaunch
[rosmaster.master][INFO] 2026-08-30 09:30:12,961: +PARAM [/flight_control/dynamics/vehicle/thrust_to_weight] by /roslaunch
[rosmaster.master][INFO] 2026-08-30 09:30:12,961: +PARAM [/flight_control/dynamics/vehicle/max_thrust] by /roslaunch
[rosmaster.master][INFO] 2026-08-30 09:30:12,962: +PARAM [/flight_control/mission/search_patterns/type] by /roslaunch
[rosmaster.master][INFO] 2026-08-30 09:30:12,962: +PARAM [/flight_control/mission/search_patterns/params/radius] by /roslaunch
[rosmaster.master][INFO] 2026-08-30 09:30:12,962: +PARAM [/flight_control/mission/search_patterns/params/spacing] by /roslaunch
[rosmaster.master][INFO] 2026-08-30 09:30:12,962: +PARAM [/flight_control/mission/search_patterns/params/altitude] by /roslaunch
[rosmaster.master][INFO] 2026-08-30 09:30:12,964: +PARAM [/flight_control/mission/engagement/mode] by /roslaunch
[rosmaster.master][INFO] 2026-08-30 09:30:12,964: +PARAM [/flight_control/mission/engagement/priority_high] by /roslaunch
[rosmaster.master][INFO] 2026-08-30 09:30:12,965: +PARAM [/flight_control/mission/engagement/priority_low] by /roslaunch
[rosmaster.master][INFO] 2026-08-30 09:30:12,965: +PARAM [/flight_control/mission/collision_avoidance/enable] by /roslaunch
[rosmaster.master][INFO] 2026-08-30 09:30:12,965: +PARAM [/flight_control/mission/collision_avoidance/min_distance] by /roslaunch
[rosmaster.master][INFO] 2026-08-30 09:30:12,965: +PARAM [/flight_control/mission/collision_avoidance/safety_margin] by /roslaunch
[rosmaster.master][INFO] 2026-08-30 09:30:12,965: +PARAM [/flight_control/mission/collision_avoidance/avoidance_method] by /roslaunch
[rosmaster.master][INFO] 2026-08-30 09:30:12,966: +PARAM [/flight_control/mission/waypoints/tolerance] by /roslaunch
[rosmaster.master][INFO] 2026-08-30 09:30:12,966: +PARAM [/flight_control/mission/waypoints/loiter_time] by /roslaunch
[rosmaster.master][INFO] 2026-08-30 09:30:12,966: +PARAM [/flight_control/mission/waypoints/approach_speed] by /roslaunch
[rosmaster.master][INFO] 2026-08-30 09:30:12,967: +PARAM [/flight_control/simulation/physics/enable_gravity] by /roslaunch
[rosmaster.master][INFO] 2026-08-30 09:30:12,967: +PARAM [/flight_control/simulation/physics/enable_wind] by /roslaunch
[rosmaster.master][INFO] 2026-08-30 09:30:12,967: +PARAM [/flight_control/simulation/physics/enable_turbulence] by /roslaunch
[rosmaster.master][INFO] 2026-08-30 09:30:12,967: +PARAM [/flight_control/simulation/environment/wind_speed] by /roslaunch
[rosmaster.master][INFO] 2026-08-30 09:30:12,968: +PARAM [/flight_control/simulation/environment/wind_direction] by /roslaunch
[rosmaster.master][INFO] 2026-08-30 09:30:12,968: +PARAM [/flight_control/simulation/environment/turbulence_intensity] by /roslaunch
[rosmaster.master][INFO] 2026-08-30 09:30:12,968: +PARAM [/flight_control/simulation/noise/sensor_noise] by /roslaunch
[rosmaster.master][INFO] 2026-08-30 09:30:12,968: +PARAM [/flight_control/simulation/noise/actuator_noise] by /roslaunch
[rosmaster.master][INFO] 2026-08-30 09:30:12,969: +PARAM [/flight_control/simulation/noise/time_delay] by /roslaunch
[rosmaster.master][INFO] 2026-08-30 09:30:12,969: +PARAM [/flight_control/simulation/speed/simulation_speed] by /roslaunch
[rosmaster.master][INFO] 2026-08-30 09:30:12,970: +PARAM [/flight_control/simulation/speed/real_time_factor] by /roslaunch
[rosmaster.master][INFO] 2026-08-30 09:30:12,970: +PARAM [/kalman_filter/kalman_filter/type] by /roslaunch
[rosmaster.master][INFO] 2026-08-30 09:30:12,970: +PARAM [/kalman_filter/kalman_filter/state_dim] by /roslaunch
[rosmaster.master][INFO] 2026-08-30 09:30:12,970: +PARAM [/kalman_filter/kalman_filter/measurement_dim] by /roslaunch
[rosmaster.master][INFO] 2026-08-30 09:30:12,970: +PARAM [/kalman_filter/kalman_filter/noise/process/position] by /roslaunch
[rosmaster.master][INFO] 2026-08-30 09:30:12,971: +PARAM [/kalman_filter/kalman_filter/noise/process/velocity] by /roslaunch
[rosmaster.master][INFO] 2026-08-30 09:30:12,971: +PARAM [/kalman_filter/kalman_filter/noise/process/acceleration] by /roslaunch
[rosmaster.master][INFO] 2026-08-30 09:30:12,971: +PARAM [/kalman_filter/kalman_filter/noise/measurement/position] by /roslaunch
[rosmaster.master][INFO] 2026-08-30 09:30:12,972: +PARAM [/kalman_filter/kalman_filter/parameters/dt] by /roslaunch
[rosmaster.master][INFO] 2026-08-30 09:30:12,972: +PARAM [/kalman_filter/kalman_filter/parameters/adaptive/enabled] by /roslaunch
[rosmaster.master][INFO] 2026-08-30 09:30:12,972: +PARAM [/kalman_filter/kalman_filter/parameters/adaptive/update_rate] by /roslaunch
[rosmaster.master][INFO] 2026-08-30 09:30:12,973: +PARAM [/kalman_filter/kalman_filter/parameters/adaptive/innovation_threshold] by /roslaunch
[rosmaster.master][INFO] 2026-08-30 09:30:12,973: +PARAM [/kalman_filter/kalman_filter/parameters/outlier_rejection/enabled] by /roslaunch
[rosmaster.master][INFO] 2026-08-30 09:30:12,973: +PARAM [/kalman_filter/kalman_filter/parameters/outlier_rejection/mahalanobis_threshold] by /roslaunch
[rosmaster.master][INFO] 2026-08-30 09:30:12,974: +PARAM [/kalman_filter/kalman_filter/parameters/outlier_rejection/gating] by /roslaunch
[rosmaster.master][INFO] 2026-08-30 09:30:12,974: +PARAM [/kalman_filter/kalman_filter/parameters/initialization/max_measurements] by /roslaunch
[rosmaster.master][INFO] 2026-08-30 09:30:12,975: +PARAM [/kalman_filter/kalman_filter/parameters/initialization/min_velocity_samples] by /roslaunch
[rosmaster.master][INFO] 2026-08-30 09:30:12,976: +PARAM [/kalman_filter/kalman_filter/parameters/convergence/max_iterations] by /roslaunch
[rosmaster.master][INFO] 2026-08-30 09:30:12,976: +PARAM [/kalman_filter/kalman_filter/parameters/convergence/epsilon] by /roslaunch
[rosmaster.master][INFO] 2026-08-30 09:30:12,976: +PARAM [/kalman_filter/kalman_filter/multi_target/enabled] by /roslaunch
[rosmaster.master][INFO] 2026-08-30 09:30:12,977: +PARAM [/kalman_filter/kalman_filter/multi_target/max_targets] by /roslaunch
[rosmaster.master][INFO] 2026-08-30 09:30:12,977: +PARAM [/kalman_filter/kalman_filter/multi_target/association/method] by /roslaunch
[rosmaster.master][INFO] 2026-08-30 09:30:12,978: +PARAM [/kalman_filter/kalman_filter/multi_target/association/gating/enabled] by /roslaunch
[rosmaster.master][INFO] 2026-08-30 09:30:12,978: +PARAM [/kalman_filter/kalman_filter/multi_target/association/gating/gate_size] by /roslaunch
[rosmaster.master][INFO] 2026-08-30 09:30:12,978: +PARAM [/kalman_filter/kalman_filter/multi_target/association/gating/dynamic_gating] by /roslaunch
[rosmaster.master][INFO] 2026-08-30 09:30:12,979: +PARAM [/kalman_filter/kalman_filter/multi_target/association/track_management/birth_probability] by /roslaunch
[rosmaster.master][INFO] 2026-08-30 09:30:12,979: +PARAM [/kalman_filter/kalman_filter/multi_target/association/track_management/death_threshold] by /roslaunch
[rosmaster.master][INFO] 2026-08-30 09:30:12,979: +PARAM [/kalman_filter/kalman_filter/multi_target/association/track_management/merge_threshold] by /roslaunch
[rosmaster.master][INFO] 2026-08-30 09:30:12,979: +PARAM [/kalman_filter/kalman_filter/multi_target/scoring/position_weight] by /roslaunch
[rosmaster.master][INFO] 2026-08-30 09:30:12,981: +PARAM [/kalman_filter/kalman_filter/multi_target/scoring/velocity_weight] by /roslaunch
[rosmaster.master][INFO] 2026-08-30 09:30:12,982: +PARAM [/kalman_filter/kalman_filter/multi_target/scoring/appearance_weight] by /roslaunch
[rosmaster.master][INFO] 2026-08-30 09:30:12,982: +PARAM [/kalman_filter/kalman_filter/multi_target/scoring/history_length] by /roslaunch
[rosmaster.master][INFO] 2026-08-30 09:30:12,982: +PARAM [/kalman_filter/sensor_fusion/sensors] by /roslaunch
[rosmaster.master][INFO] 2026-08-30 09:30:12,982: +PARAM [/kalman_filter/sensor_fusion/algorithms/type] by /roslaunch
[rosmaster.master][INFO] 2026-08-30 09:30:12,983: +PARAM [/kalman_filter/sensor_fusion/algorithms/centralized/measurement_dim] by /roslaunch
[rosmaster.master][INFO] 2026-08-30 09:30:12,983: +PARAM [/kalman_filter/sensor_fusion/algorithms/track_to_track/covariance_intersection] by /roslaunch
[rosmaster.master][INFO] 2026-08-30 09:30:12,983: +PARAM [/kalman_filter/sensor_fusion/algorithms/track_to_track/gamma] by /roslaunch
[rosmaster.master][INFO] 2026-08-30 09:30:12,984: +PARAM [/system_params/ros/master/uri] by /roslaunch
[rosmaster.master][INFO] 2026-08-30 09:30:12,984: +PARAM [/system_params/ros/master/timeout] by /roslaunch
[rosmaster.master][INFO] 2026-08-30 09:30:12,984: +PARAM [/system_params/ros/node/name] by /roslaunch
[rosmaster.master][INFO] 2026-08-30 09:30:12,984: +PARAM [/system_params/ros/node/namespace] by /roslaunch
[rosmaster.master][INFO] 2026-08-30 09:30:12,985: +PARAM [/system_params/ros/topics/camera_image] by /roslaunch
[rosmaster.master][INFO] 2026-08-30 09:30:12,985: +PARAM [/system_params/ros/topics/camera_info] by /roslaunch
[rosmaster.master][INFO] 2026-08-30 09:30:12,985: +PARAM [/system_params/ros/topics/vehicle_state] by /roslaunch
[rosmaster.master][INFO] 2026-08-30 09:30:12,986: +PARAM [/system_params/ros/topics/vehicle_position] by /roslaunch
[rosmaster.master][INFO] 2026-08-30 09:30:12,986: +PARAM [/system_params/ros/topics/vehicle_velocity] by /roslaunch
[rosmaster.master][INFO] 2026-08-30 09:30:12,986: +PARAM [/system_params/ros/topics/vehicle_attitude] by /roslaunch
[rosmaster.master][INFO] 2026-08-30 09:30:12,986: +PARAM [/system_params/ros/topics/battery_status] by /roslaunch
[rosmaster.master][INFO] 2026-08-30 09:30:12,987: +PARAM [/system_params/ros/topics/detection_output] by /roslaunch
[rosmaster.master][INFO] 2026-08-30 09:30:12,987: +PARAM [/system_params/ros/topics/tracked_targets] by /roslaunch
[rosmaster.master][INFO] 2026-08-30 09:30:12,987: +PARAM [/system_params/ros/topics/control_command] by /roslaunch
[rosmaster.master][INFO] 2026-08-30 09:30:12,987: +PARAM [/system_params/ros/topics/safety_status] by /roslaunch
[rosmaster.master][INFO] 2026-08-30 09:30:12,988: +PARAM [/system_params/ros/topics/diagnostic_status] by /roslaunch
[rosmaster.master][INFO] 2026-08-30 09:30:12,989: +PARAM [/system_params/ros/topics/debug_info] by /roslaunch
[rosmaster.master][INFO] 2026-08-30 09:30:12,989: +PARAM [/system_params/ros/topics/performance_metrics] by /roslaunch
[rosmaster.master][INFO] 2026-08-30 09:30:12,989: +PARAM [/system_params/ros/topics/test_results] by /roslaunch
[rosmaster.master][INFO] 2026-08-30 09:30:12,989: +PARAM [/system_params/ros/topics/test_status] by /roslaunch
[rosmaster.master][INFO] 2026-08-30 09:30:12,989: +PARAM [/system_params/logging/level] by /roslaunch
[rosmaster.master][INFO] 2026-08-30 09:30:12,990: +PARAM [/system_params/logging/outputs/console] by /roslaunch
[rosmaster.master][INFO] 2026-08-30 09:30:12,990: +PARAM [/system_params/logging/outputs/file] by /roslaunch
[rosmaster.master][INFO] 2026-08-30 09:30:12,990: +PARAM [/system_params/logging/outputs/rosout] by /roslaunch
[rosmaster.master][INFO] 2026-08-30 09:30:12,991: +PARAM [/system_params/logging/file/directory] by /roslaunch
[rosmaster.master][INFO] 2026-08-30 09:30:12,991: +PARAM [/system_params/logging/file/max_size] by /roslaunch
[rosmaster.master][INFO] 2026-08-30 09:30:12,991: +PARAM [/system_params/logging/file/max_files] by /roslaunch
[rosmaster.master][INFO] 2026-08-30 09:30:12,991: +PARAM [/system_params/logging/file/format] by /roslaunch
[rosmaster.master][INFO] 2026-08-30 09:30:12,992: +PARAM [/system_params/logging/performance/enabled] by /roslaunch
[rosmaster.master][INFO] 2026-08-30 09:30:12,992: +PARAM [/system_params/logging/performance/interval] by /roslaunch
[rosmaster.master][INFO] 2026-08-30 09:30:12,992: +PARAM [/system_params/logging/performance/metrics] by /roslaunch
[rosmaster.master][INFO] 2026-08-30 09:30:12,992: +PARAM [/system_params/logging/performance/output_file] by /roslaunch
[rosmaster.master][INFO] 2026-08-30 09:30:12,992: +PARAM [/system_params/safety/geofence/enabled] by /roslaunch
[rosmaster.master][INFO] 2026-08-30 09:30:12,993: +PARAM [/system_params/safety/geofence/shape] by /roslaunch
[rosmaster.master][INFO] 2026-08-30 09:30:12,993: +PARAM [/system_params/safety/geofence/radius] by /roslaunch
[rosmaster.master][INFO] 2026-08-30 09:30:12,993: +PARAM [/system_params/safety/geofence/height] by /roslaunch
[rosmaster.master][INFO] 2026-08-30 09:30:12,994: +PARAM [/system_params/safety/emergency/action] by /roslaunch
[rosmaster.master][INFO] 2026-08-30 09:30:12,994: +PARAM [/system_params/safety/emergency/altitude_min] by /roslaunch
[rosmaster.master][INFO] 2026-08-30 09:30:12,996: +PARAM [/system_params/safety/emergency/altitude_max] by /roslaunch
[rosmaster.master][INFO] 2026-08-30 09:30:12,997: +PARAM [/system_params/safety/failsafe/battery_critical] by /roslaunch
[rosmaster.master][INFO] 2026-08-30 09:30:12,997: +PARAM [/system_params/safety/failsafe/lost_connection] by /roslaunch
[rosmaster.master][INFO] 2026-08-30 09:30:12,997: +PARAM [/system_params/safety/failsafe/gps_failure] by /roslaunch
[rosmaster.master][INFO] 2026-08-30 09:30:12,998: +PARAM [/system_params/safety/failsafe/sensor_failure] by /roslaunch
[rosmaster.master][INFO] 2026-08-30 09:30:12,999: +PARAM [/system_params/safety/failsafe/exceeded_geofence] by /roslaunch
[rosmaster.master][INFO] 2026-08-30 09:30:13,001: +PARAM [/system_params/safety/health/check_interval] by /roslaunch
[rosmaster.master][INFO] 2026-08-30 09:30:13,001: +PARAM [/system_params/safety/health/restart_on_failure] by /roslaunch
[rosmaster.master][INFO] 2026-08-30 09:30:13,002: +PARAM [/system_params/safety/health/max_restarts] by /roslaunch
[rosmaster.master][INFO] 2026-08-30 09:30:13,002: +PARAM [/system_params/safety/health/restart_delay] by /roslaunch
[rosmaster.master][INFO] 2026-08-30 09:30:13,002: +PARAM [/system_params/performance/threads/detection_pool] by /roslaunch
[rosmaster.master][INFO] 2026-08-30 09:30:13,003: +PARAM [/system_params/performance/threads/control_pool] by /roslaunch
[rosmaster.master][INFO] 2026-08-30 09:30:13,004: +PARAM [/system_params/performance/queues/input_queue_size] by /roslaunch
[rosmaster.master][INFO] 2026-08-30 09:30:13,004: +PARAM [/system_params/performance/queues/output_queue_size] by /roslaunch
[rosmaster.master][INFO] 2026-08-30 09:30:13,004: +PARAM [/system_params/performance/memory/cache_images] by /roslaunch
[rosmaster.master][INFO] 2026-08-30 09:30:13,004: +PARAM [/system_params/performance/memory/max_cache_size] by /roslaunch
[rosmaster.master][INFO] 2026-08-30 09:30:13,004: +PARAM [/system_params/performance/memory/max_cached_messages] by /roslaunch
[rosmaster.master][INFO] 2026-08-30 09:30:13,004: +PARAM [/system_params/performance/timing/use_sim_time] by /roslaunch
[rosmaster.master][INFO] 2026-08-30 09:30:13,005: +PARAM [/system_params/performance/timing/publish_rate] by /roslaunch
[rosmaster.master][INFO] 2026-08-30 09:30:13,005: +PARAM [/system_params/performance/timing/control_rate] by /roslaunch
[rosmaster.master][INFO] 2026-08-30 09:30:13,006: +PARAM [/system_params/network/px4/udp_port] by /roslaunch
[rosmaster.master][INFO] 2026-08-30 09:30:13,006: +PARAM [/system_params/network/px4/tcp_port] by /roslaunch
[rosmaster.master][INFO] 2026-08-30 09:30:13,006: +PARAM [/system_params/network/px4/heartbeat_rate] by /roslaunch
[rosmaster.master][INFO] 2026-08-30 09:30:13,006: +PARAM [/system_params/network/mavros/fcu_url] by /roslaunch
[rosmaster.master][INFO] 2026-08-30 09:30:13,006: +PARAM [/system_params/network/mavros/gcs_url] by /roslaunch
[rosmaster.master][INFO] 2026-08-30 09:30:13,006: +PARAM [/system_params/network/timeout] by /roslaunch
[rosmaster.master][INFO] 2026-08-30 09:30:13,007: +PARAM [/system_params/network/reconnect_attempts] by /roslaunch
[rosmaster.master][INFO] 2026-08-30 09:30:13,007: +PARAM [/system_params/network/reconnect_delay] by /roslaunch
[rosmaster.master][INFO] 2026-08-30 09:30:13,007: +PARAM [/system_params/performance/publish_rate] by /roslaunch
[rosmaster.master][INFO] 2026-08-30 09:30:13,007: +PARAM [/use_simulation] by /roslaunch
[rosmaster.master][INFO] 2026-08-30 09:30:13,007: +PARAM [/parameter_validator/config_dir] by /roslaunch
[rosmaster.master][INFO] 2026-08-30 09:30:13,007: +PARAM [/parameter_validator/validate_on_startup] by /roslaunch
[rosmaster.master][INFO] 2026-08-30 09:30:13,007: +PARAM [/mission_manager/mission_config] by /roslaunch
[rosmaster.master][INFO] 2026-08-30 09:30:13,008: +PARAM [/camera_calibration/simulation_mode] by /roslaunch
[rosmaster.master][INFO] 2026-08-30 09:30:13,008: +PARAM [/yolo_detector/model_path] by /roslaunch
[rosmaster.master][INFO] 2026-08-30 09:30:13,009: +PARAM [/yolo_detector/device] by /roslaunch
[rosmaster.master][INFO] 2026-08-30 09:30:13,009: +PARAM [/sensor_fusion/publish_rate] by /roslaunch
[rosmaster.master][INFO] 2026-08-30 09:30:13,009: +PARAM [/sensor_fusion/simulation_mode] by /roslaunch
[rosmaster.master][INFO] 2026-08-30 09:30:13,009: +PARAM [/target_tracking_controller/simulation_mode] by /roslaunch
[rosmaster.master][INFO] 2026-08-30 09:30:13,010: +PARAM [/vehicle_state_monitor/simulation_mode] by /roslaunch
[rosmaster.master][INFO] 2026-08-30 09:30:13,010: +PARAM [/safety_monitor/enable_geofence] by /roslaunch
[rosmaster.master][INFO] 2026-08-30 09:30:13,010: +PARAM [/safety_monitor/simulation_mode] by /roslaunch
[rosmaster.master][INFO] 2026-08-30 09:30:13,010: +PARAM [/system_health_monitor/monitoring_interval] by /roslaunch
[rosmaster.master][INFO] 2026-08-30 09:30:13,012: +PARAM [/system_health_monitor/critical_threshold_cpu] by /roslaunch
[rosmaster.master][INFO] 2026-08-30 09:30:13,014: +PARAM [/system_health_monitor/critical_threshold_memory] by /roslaunch
[rosmaster.master][INFO] 2026-08-30 09:30:13,015: +PARAM [/system_health_monitor/warning_threshold_cpu] by /roslaunch
[rosmaster.master][INFO] 2026-08-30 09:30:13,015: +PARAM [/system_health_monitor/warning_threshold_memory] by /roslaunch
[rosmaster.master][INFO] 2026-08-30 09:30:13,015: +PARAM [/system_health_monitor/enable_network_monitoring] by /roslaunch
[rosmaster.master][INFO] 2026-08-30 09:30:13,016: +PARAM [/system_health_monitor/enable_disk_monitoring] by /roslaunch
[rosmaster.master][INFO] 2026-08-30 09:30:13,016: +PARAM [/system_health_monitor/enable_process_monitoring] by /roslaunch
[rosmaster.master][INFO] 2026-08-30 09:30:13,017: +PARAM [/health_checker/monitored_nodes] by /roslaunch
[rosmaster.master][INFO] 2026-08-30 09:30:13,017: +PARAM [/health_checker/check_interval] by /roslaunch
[rosmaster.master][INFO] 2026-08-30 09:30:13,018: +PARAM [/health_checker/timeout_threshold] by /roslaunch
[rosmaster.master][INFO] 2026-08-30 09:30:13,019: +PARAM [/health_checker/restart_on_failure] by /roslaunch
[rosmaster.master][INFO] 2026-08-30 09:30:13,019: +PARAM [/health_checker/max_restarts] by /roslaunch
[rosmaster.master][INFO] 2026-08-30 09:30:13,059: +SERVICE [/rosout/get_loggers] /rosout http://localhost:38639/
[rosmaster.master][INFO] 2026-08-30 09:30:13,064: +SERVICE [/rosout/set_logger_level] /rosout http://localhost:38639/
[rosmaster.master][INFO] 2026-08-30 09:30:13,080: +PUB [/rosout_agg] /rosout http://localhost:38639/
[rosmaster.master][INFO] 2026-08-30 09:30:13,092: +SUB [/rosout] /rosout http://localhost:38639/
[rosmaster.master][INFO] 2026-08-30 09:30:21,035: +PUB [/rosout] /system_health_monitor http://localhost:36277/
[rosmaster.master][INFO] 2026-08-30 09:30:21,100: publisherUpdate[/rosout] -> http://localhost:38639/ ['http://localhost:36277/']
[rosmaster.master][INFO] 2026-08-30 09:30:21,113: +SERVICE [/system_health_monitor/get_loggers] /system_health_monitor http://localhost:36277/
[rosmaster.master][INFO] 2026-08-30 09:30:21,125: +SERVICE [/system_health_monitor/set_logger_level] /system_health_monitor http://localhost:36277/
[rosmaster.master][INFO] 2026-08-30 09:30:21,199: publisherUpdate[/rosout] -> http://localhost:38639/ ['http://localhost:36277/']: sec=0.10, result=[1, '', 0]
[rosmaster.master][INFO] 2026-08-30 09:30:21,217: +SUB [/health/check_all] /system_health_monitor http://localhost:36277/
[rosmaster.master][INFO] 2026-08-30 09:30:21,238: +PUB [/system_health] /system_health_monitor http://localhost:36277/
[rosmaster.master][INFO] 2026-08-30 09:30:21,286: +PUB [/diagnostic_status] /system_health_monitor http://localhost:36277/
[rosmaster.master][INFO] 2026-08-30 09:30:21,288: +PUB [/performance_metrics] /system_health_monitor http://localhost:36277/
[rosmaster.master][INFO] 2026-08-30 09:30:21,294: +PUB [/system_alert] /system_health_monitor http://localhost:36277/
[rosmaster.master][INFO] 2026-08-30 09:30:21,305: +PUB [/rosout] /command_interpreter http://localhost:45669/
[rosmaster.master][INFO] 2026-08-30 09:30:21,307: +PUB [/rosout] /sensor_fusion http://localhost:35449/
[rosmaster.master][INFO] 2026-08-30 09:30:21,312: +CACHEDPARAM [/rosout_disable_topics_generation] by /system_health_monitor
[rosmaster.master][INFO] 2026-08-30 09:30:21,313: publisherUpdate[/rosout] -> http://localhost:38639/ ['http://localhost:36277/', 'http://localhost:45669/']
[rosmaster.master][INFO] 2026-08-30 09:30:21,323: +SERVICE [/command_interpreter/get_loggers] /command_interpreter http://localhost:45669/
[rosmaster.master][INFO] 2026-08-30 09:30:21,327: publisherUpdate[/rosout] -> http://localhost:38639/ ['http://localhost:36277/', 'http://localhost:45669/']: sec=0.01, result=[1, '', 0]
[rosmaster.master][INFO] 2026-08-30 09:30:21,327: publisherUpdate[/rosout] -> http://localhost:38639/ ['http://localhost:36277/', 'http://localhost:45669/', 'http://localhost:35449/']
[rosmaster.master][INFO] 2026-08-30 09:30:21,332: publisherUpdate[/rosout] -> http://localhost:38639/ ['http://localhost:36277/', 'http://localhost:45669/', 'http://localhost:35449/']: sec=0.00, result=[1, '', 0]
[rosmaster.master][INFO] 2026-08-30 09:30:21,335: +SERVICE [/command_interpreter/set_logger_level] /command_interpreter http://localhost:45669/
[rosmaster.master][INFO] 2026-08-30 09:30:21,336: +SERVICE [/sensor_fusion/get_loggers] /sensor_fusion http://localhost:35449/
[rosmaster.master][INFO] 2026-08-30 09:30:21,343: +SERVICE [/sensor_fusion/set_logger_level] /sensor_fusion http://localhost:35449/
[rosmaster.master][INFO] 2026-08-30 09:30:21,344: +SUB [/drone_control/command] /command_interpreter http://localhost:45669/
[rosmaster.master][INFO] 2026-08-30 09:30:21,350: +PUB [/drone_control/command_response] /command_interpreter http://localhost:45669/
[rosmaster.master][INFO] 2026-08-30 09:30:21,355: +PUB [/command_interpreter/node_health] /command_interpreter http://localhost:45669/
[rosmaster.master][INFO] 2026-08-30 09:30:21,386: +SUB [/mavros/imu/data] /sensor_fusion http://localhost:35449/
[rosmaster.master][INFO] 2026-08-30 09:30:21,389: +SUB [/mavros/global_position/global] /sensor_fusion http://localhost:35449/
[rosmaster.master][INFO] 2026-08-30 09:30:21,392: +CACHEDPARAM [/rosout_disable_topics_generation] by /command_interpreter
[rosmaster.master][INFO] 2026-08-30 09:30:21,395: +SUB [/mavros/local_position/pose] /sensor_fusion http://localhost:35449/
[rosmaster.master][INFO] 2026-08-30 09:30:21,402: +PUB [/sensor_fusion/node_health] /sensor_fusion http://localhost:35449/
[rosmaster.master][INFO] 2026-08-30 09:30:21,408: +PUB [/rosout] /parameter_validator http://localhost:38883/
[rosmaster.master][INFO] 2026-08-30 09:30:21,417: +CACHEDPARAM [/rosout_disable_topics_generation] by /sensor_fusion
[rosmaster.master][INFO] 2026-08-30 09:30:21,426: publisherUpdate[/rosout] -> http://localhost:38639/ ['http://localhost:36277/', 'http://localhost:45669/', 'http://localhost:35449/', 'http://localhost:38883/']
[rosmaster.master][INFO] 2026-08-30 09:30:21,431: +SERVICE [/parameter_validator/get_loggers] /parameter_validator http://localhost:38883/
[rosmaster.master][INFO] 2026-08-30 09:30:21,435: +SERVICE [/parameter_validator/set_logger_level] /parameter_validator http://localhost:38883/
[rosmaster.master][INFO] 2026-08-30 09:30:21,498: publisherUpdate[/rosout] -> http://localhost:38639/ ['http://localhost:36277/', 'http://localhost:45669/', 'http://localhost:35449/', 'http://localhost:38883/']: sec=0.07, result=[1, '', 0]
[rosmaster.master][INFO] 2026-08-30 09:30:21,536: +CACHEDPARAM [/rosout/omit_topics] by /rosout
[rosmaster.master][INFO] 2026-08-30 09:30:21,605: +PUB [/rosout] /health_checker http://localhost:33631/
[rosmaster.master][INFO] 2026-08-30 09:30:21,626: +SERVICE [/health_checker/get_loggers] /health_checker http://localhost:33631/
[rosmaster.master][INFO] 2026-08-30 09:30:21,630: +SERVICE [/health_checker/set_logger_level] /health_checker http://localhost:33631/
[rosmaster.master][INFO] 2026-08-30 09:30:21,683: publisherUpdate[/rosout] -> http://localhost:38639/ ['http://localhost:36277/', 'http://localhost:45669/', 'http://localhost:35449/', 'http://localhost:38883/', 'http://localhost:33631/']
[rosmaster.master][INFO] 2026-08-30 09:30:21,689: publisherUpdate[/rosout] -> http://localhost:38639/ ['http://localhost:36277/', 'http://localhost:45669/', 'http://localhost:35449/', 'http://localhost:38883/', 'http://localhost:33631/']: sec=0.00, result=[1, '', 0]
[rosmaster.master][INFO] 2026-08-30 09:30:21,704: +SUB [/yolo_detector/node_health] /health_checker http://localhost:33631/
[rosmaster.master][INFO] 2026-08-30 09:30:21,730: +CACHEDPARAM [/rosout_disable_topics_generation] by /parameter_validator
[rosmaster.master][INFO] 2026-08-30 09:30:21,732: +SUB [/target_tracking_controller/node_health] /health_checker http://localhost:33631/
[rosmaster.master][INFO] 2026-08-30 09:30:21,733: +CACHEDPARAM [/rosout_disable_topics_generation] by /parameter_validator
[rosmaster.master][INFO] 2026-08-30 09:30:21,782: +SUB [/vehicle_state_monitor/node_health] /health_checker http://localhost:33631/
[rosmaster.master][INFO] 2026-08-30 09:30:21,788: +SUB [/mission_manager/node_health] /health_checker http://localhost:33631/
[rosmaster.master][INFO] 2026-08-30 09:30:21,793: +SUB [/safety_monitor/node_health] /health_checker http://localhost:33631/
[rosmaster.master][INFO] 2026-08-30 09:30:21,801: +PUB [/rosout] /camera_calibration http://localhost:38767/
[rosmaster.master][INFO] 2026-08-30 09:30:21,802: publisherUpdate[/rosout] -> http://localhost:38639/ ['http://localhost:36277/', 'http://localhost:45669/', 'http://localhost:35449/', 'http://localhost:38883/', 'http://localhost:33631/', 'http://localhost:38767/']
[rosmaster.master][INFO] 2026-08-30 09:30:21,806: publisherUpdate[/rosout] -> http://localhost:38639/ ['http://localhost:36277/', 'http://localhost:45669/', 'http://localhost:35449/', 'http://localhost:38883/', 'http://localhost:33631/', 'http://localhost:38767/']: sec=0.00, result=[1, '', 0]
[rosmaster.master][INFO] 2026-08-30 09:30:21,813: +SUB [/command_interpreter/node_health] /health_checker http://localhost:33631/
[rosmaster.master][INFO] 2026-08-30 09:30:21,818: +PUB [/system_health] /health_checker http://localhost:33631/
[rosmaster.master][INFO] 2026-08-30 09:30:21,819: +SERVICE [/camera_calibration/get_loggers] /camera_calibration http://localhost:38767/
[rosmaster.master][INFO] 2026-08-30 09:30:21,821: +SERVICE [/camera_calibration/set_logger_level] /camera_calibration http://localhost:38767/
[rosmaster.master][INFO] 2026-08-30 09:30:21,823: +SERVICE [/health/check_all] /health_checker http://localhost:33631/
[rosmaster.master][INFO] 2026-08-30 09:30:21,824: +PUB [/camera/camera_info] /camera_calibration http://localhost:38767/
[rosmaster.master][INFO] 2026-08-30 09:30:21,825: +SERVICE [/health/restart_node] /health_checker http://localhost:33631/
[rosmaster.master][INFO] 2026-08-30 09:30:21,827: +PUB [/tf] /camera_calibration http://localhost:38767/
[rosmaster.master][INFO] 2026-08-30 09:30:21,831: +CACHEDPARAM [/rosout_disable_topics_generation] by /health_checker
[rosmaster.master][INFO] 2026-08-30 09:30:21,832: +CACHEDPARAM [/rosout_disable_topics_generation] by /camera_calibration
[rosmaster.master][INFO] 2026-08-30 09:30:21,934: +PUB [/rosout] /vehicle_state_monitor http://localhost:36505/
[rosmaster.master][INFO] 2026-08-30 09:30:21,989: +PUB [/rosout] /mission_manager http://localhost:33543/
[rosmaster.master][INFO] 2026-08-30 09:30:21,994: publisherUpdate[/rosout] -> http://localhost:38639/ ['http://localhost:36277/', 'http://localhost:45669/', 'http://localhost:35449/', 'http://localhost:38883/', 'http://localhost:33631/', 'http://localhost:38767/', 'http://localhost:36505/']
[rosmaster.master][INFO] 2026-08-30 09:30:21,996: publisherUpdate[/rosout] -> http://localhost:38639/ ['http://localhost:36277/', 'http://localhost:45669/', 'http://localhost:35449/', 'http://localhost:38883/', 'http://localhost:33631/', 'http://localhost:38767/', 'http://localhost:36505/']: sec=0.00, result=[1, '', 0]
[rosmaster.master][INFO] 2026-08-30 09:30:21,997: publisherUpdate[/rosout] -> http://localhost:38639/ ['http://localhost:36277/', 'http://localhost:45669/', 'http://localhost:35449/', 'http://localhost:38883/', 'http://localhost:33631/', 'http://localhost:38767/', 'http://localhost:36505/', 'http://localhost:33543/']
[rosmaster.master][INFO] 2026-08-30 09:30:22,005: +SERVICE [/vehicle_state_monitor/get_loggers] /vehicle_state_monitor http://localhost:36505/
[rosmaster.master][INFO] 2026-08-30 09:30:22,015: +SERVICE [/vehicle_state_monitor/set_logger_level] /vehicle_state_monitor http://localhost:36505/
[rosmaster.master][INFO] 2026-08-30 09:30:22,022: +SUB [/mavros/state] /vehicle_state_monitor http://localhost:36505/
[rosmaster.master][INFO] 2026-08-30 09:30:22,026: publisherUpdate[/rosout] -> http://localhost:38639/ ['http://localhost:36277/', 'http://localhost:45669/', 'http://localhost:35449/', 'http://localhost:38883/', 'http://localhost:33631/', 'http://localhost:38767/', 'http://localhost:36505/', 'http://localhost:33543/']: sec=0.03, result=[1, '', 0]
[rosmaster.master][INFO] 2026-08-30 09:30:22,029: +SUB [/mavros/battery] /vehicle_state_monitor http://localhost:36505/
[rosmaster.master][INFO] 2026-08-30 09:30:22,031: +SUB [/mavros/local_position/velocity] /vehicle_state_monitor http://localhost:36505/
[rosmaster.master][INFO] 2026-08-30 09:30:22,034: +SERVICE [/mission_manager/get_loggers] /mission_manager http://localhost:33543/
[rosmaster.master][INFO] 2026-08-30 09:30:22,037: +PUB [/drone_status] /vehicle_state_monitor http://localhost:36505/
[rosmaster.master][INFO] 2026-08-30 09:30:22,039: +SERVICE [/mission_manager/set_logger_level] /mission_manager http://localhost:33543/
[rosmaster.master][INFO] 2026-08-30 09:30:22,043: +PUB [/diagnostic_status] /vehicle_state_monitor http://localhost:36505/
[rosmaster.master][INFO] 2026-08-30 09:30:22,085: +PUB [/vehicle_state_monitor/node_health] /vehicle_state_monitor http://localhost:36505/
[rosmaster.master][INFO] 2026-08-30 09:30:22,091: +PUB [/battery_percentage] /vehicle_state_monitor http://localhost:36505/
[rosmaster.master][INFO] 2026-08-30 09:30:22,098: +SERVICE [/drone_emergency_stop] /vehicle_state_monitor http://localhost:36505/
[rosmaster.master][INFO] 2026-08-30 09:30:22,101: +SERVICE [/drone_arm] /vehicle_state_monitor http://localhost:36505/
[rosmaster.master][INFO] 2026-08-30 09:30:22,116: publisherUpdate[/vehicle_state_monitor/node_health] -> http://localhost:33631/ ['http://localhost:36505/']
[rosmaster.master][INFO] 2026-08-30 09:30:22,120: +SERVICE [/drone_disarm] /vehicle_state_monitor http://localhost:36505/
[rosmaster.master][INFO] 2026-08-30 09:30:22,123: +SERVICE [/drone_get_status] /vehicle_state_monitor http://localhost:36505/
[rosmaster.master][INFO] 2026-08-30 09:30:22,126: publisherUpdate[/vehicle_state_monitor/node_health] -> http://localhost:33631/ ['http://localhost:36505/']: sec=0.01, result=[1, '', 0]
[rosmaster.master][INFO] 2026-08-30 09:30:22,133: +PUB [/mission_status] /mission_manager http://localhost:33543/
[rosmaster.master][INFO] 2026-08-30 09:30:22,135: +PUB [/mission_manager/node_health] /mission_manager http://localhost:33543/
[rosmaster.master][INFO] 2026-08-30 09:30:22,139: +CACHEDPARAM [/rosout_disable_topics_generation] by /vehicle_state_monitor
[rosmaster.master][INFO] 2026-08-30 09:30:22,139: +SUB [/drone_control/command] /mission_manager http://localhost:33543/
[rosmaster.master][INFO] 2026-08-30 09:30:22,147: +SUB [/safety_status] /mission_manager http://localhost:33543/
[rosmaster.master][INFO] 2026-08-30 09:30:22,186: +SUB [/tracked_targets] /mission_manager http://localhost:33543/
[rosmaster.master][INFO] 2026-08-30 09:30:22,191: +CACHEDPARAM [/rosout_disable_topics_generation] by /mission_manager
[rosmaster.master][INFO] 2026-08-30 09:30:22,227: publisherUpdate[/mission_manager/node_health] -> http://localhost:33631/ ['http://localhost:33543/']
[rosmaster.master][INFO] 2026-08-30 09:30:22,232: publisherUpdate[/mission_manager/node_health] -> http://localhost:33631/ ['http://localhost:33543/']: sec=0.00, result=[1, '', 0]
[rosmaster.master][INFO] 2026-08-30 09:30:22,337: +PUB [/rosout] /safety_monitor http://localhost:34887/
[rosmaster.master][INFO] 2026-08-30 09:30:22,349: +SERVICE [/safety_monitor/get_loggers] /safety_monitor http://localhost:34887/
[rosmaster.master][INFO] 2026-08-30 09:30:22,351: +SERVICE [/safety_monitor/set_logger_level] /safety_monitor http://localhost:34887/
[rosmaster.master][INFO] 2026-08-30 09:30:22,362: +SUB [/mavros/local_position/pose] /safety_monitor http://localhost:34887/
[rosmaster.master][INFO] 2026-08-30 09:30:22,366: +SUB [/mavros/local_position/velocity] /safety_monitor http://localhost:34887/
[rosmaster.master][INFO] 2026-08-30 09:30:22,370: +SUB [/mavros/state] /safety_monitor http://localhost:34887/
[rosmaster.master][INFO] 2026-08-30 09:30:22,373: +PUB [/safety_status] /safety_monitor http://localhost:34887/
[rosmaster.master][INFO] 2026-08-30 09:30:22,375: +PUB [/safety_monitor/node_health] /safety_monitor http://localhost:34887/
[rosmaster.master][INFO] 2026-08-30 09:30:22,376: +PUB [/emergency_triggered] /safety_monitor http://localhost:34887/
[rosmaster.master][INFO] 2026-08-30 09:30:22,377: +SERVICE [/safety/geofence_enable] /safety_monitor http://localhost:34887/
[rosmaster.master][INFO] 2026-08-30 09:30:22,379: +SERVICE [/safety/geofence_disable] /safety_monitor http://localhost:34887/
[rosmaster.master][INFO] 2026-08-30 09:30:22,381: +SERVICE [/safety/check] /safety_monitor http://localhost:34887/
[rosmaster.master][INFO] 2026-08-30 09:30:22,383: +SERVICE [/safety/status] /safety_monitor http://localhost:34887/
[rosmaster.master][INFO] 2026-08-30 09:30:22,386: +CACHEDPARAM [/rosout_disable_topics_generation] by /safety_monitor
[rosmaster.master][INFO] 2026-08-30 09:30:22,389: +CACHEDPARAM [/rosout_disable_topics_generation] by /safety_monitor
[rosmaster.master][INFO] 2026-08-30 09:30:22,431: publisherUpdate[/rosout] -> http://localhost:38639/ ['http://localhost:36277/', 'http://localhost:45669/', 'http://localhost:35449/', 'http://localhost:38883/', 'http://localhost:33631/', 'http://localhost:38767/', 'http://localhost:36505/', 'http://localhost:33543/', 'http://localhost:34887/']
[rosmaster.master][INFO] 2026-08-30 09:30:22,432: publisherUpdate[/safety_status] -> http://localhost:33543/ ['http://localhost:34887/']
[rosmaster.master][INFO] 2026-08-30 09:30:22,434: publisherUpdate[/rosout] -> http://localhost:38639/ ['http://localhost:36277/', 'http://localhost:45669/', 'http://localhost:35449/', 'http://localhost:38883/', 'http://localhost:33631/', 'http://localhost:38767/', 'http://localhost:36505/', 'http://localhost:33543/', 'http://localhost:34887/']: sec=0.00, result=[1, '', 0]
[rosmaster.master][INFO] 2026-08-30 09:30:22,434: publisherUpdate[/safety_monitor/node_health] -> http://localhost:33631/ ['http://localhost:34887/']
[rosmaster.master][INFO] 2026-08-30 09:30:22,439: publisherUpdate[/safety_monitor/node_health] -> http://localhost:33631/ ['http://localhost:34887/']: sec=0.00, result=[1, '', 0]
[rosmaster.master][INFO] 2026-08-30 09:30:22,440: publisherUpdate[/safety_status] -> http://localhost:33543/ ['http://localhost:34887/']: sec=0.01, result=[1, '', 0]
[rosmaster.master][INFO] 2026-08-30 09:30:23,193: +PUB [/rosout] /target_tracking_controller http://localhost:38975/
[rosmaster.master][INFO] 2026-08-30 09:30:23,204: +SERVICE [/target_tracking_controller/get_loggers] /target_tracking_controller http://localhost:38975/
[rosmaster.master][INFO] 2026-08-30 09:30:23,206: +SERVICE [/target_tracking_controller/set_logger_level] /target_tracking_controller http://localhost:38975/
[rosmaster.master][INFO] 2026-08-30 09:30:23,219: +SUB [/mavros/local_position/odom] /target_tracking_controller http://localhost:38975/
[rosmaster.master][INFO] 2026-08-30 09:30:23,223: +SUB [/detected_objects] /target_tracking_controller http://localhost:38975/
[rosmaster.master][INFO] 2026-08-30 09:30:23,227: +SUB [/mavros/state] /target_tracking_controller http://localhost:38975/
[rosmaster.master][INFO] 2026-08-30 09:30:23,231: +SUB [/mission_status] /target_tracking_controller http://localhost:38975/
[rosmaster.master][INFO] 2026-08-30 09:30:23,234: +PUB [/tracked_targets] /target_tracking_controller http://localhost:38975/
[rosmaster.master][INFO] 2026-08-30 09:30:23,237: +PUB [/mavros/setpoint_velocity/cmd_vel_unstamped] /target_tracking_controller http://localhost:38975/
[rosmaster.master][INFO] 2026-08-30 09:30:23,239: publisherUpdate[/rosout] -> http://localhost:38639/ ['http://localhost:36277/', 'http://localhost:45669/', 'http://localhost:35449/', 'http://localhost:38883/', 'http://localhost:33631/', 'http://localhost:38767/', 'http://localhost:36505/', 'http://localhost:33543/', 'http://localhost:34887/', 'http://localhost:38975/']
[rosmaster.master][INFO] 2026-08-30 09:30:23,242: +PUB [/mavros/setpoint_raw/local] /target_tracking_controller http://localhost:38975/
[rosmaster.master][INFO] 2026-08-30 09:30:23,244: +PUB [/target_tracking_controller/node_health] /target_tracking_controller http://localhost:38975/
[rosmaster.master][INFO] 2026-08-30 09:30:23,245: publisherUpdate[/rosout] -> http://localhost:38639/ ['http://localhost:36277/', 'http://localhost:45669/', 'http://localhost:35449/', 'http://localhost:38883/', 'http://localhost:33631/', 'http://localhost:38767/', 'http://localhost:36505/', 'http://localhost:33543/', 'http://localhost:34887/', 'http://localhost:38975/']: sec=0.01, result=[1, '', 0]
[rosmaster.master][INFO] 2026-08-30 09:30:23,245: publisherUpdate[/tracked_targets] -> http://localhost:33543/ ['http://localhost:38975/']
[rosmaster.master][INFO] 2026-08-30 09:30:23,245: publisherUpdate[/target_tracking_controller/node_health] -> http://localhost:33631/ ['http://localhost:38975/']
[rosmaster.master][INFO] 2026-08-30 09:30:23,252: publisherUpdate[/tracked_targets] -> http://localhost:33543/ ['http://localhost:38975/']: sec=0.01, result=[1, '', 0]
[rosmaster.master][INFO] 2026-08-30 09:30:23,253: publisherUpdate[/target_tracking_controller/node_health] -> http://localhost:33631/ ['http://localhost:38975/']: sec=0.01, result=[1, '', 0]
[rosmaster.master][INFO] 2026-08-30 09:30:25,386: +CACHEDPARAM [/rosout_disable_topics_generation] by /target_tracking_controller
[rosmaster.master][INFO] 2026-08-30 09:30:26,838: +CACHEDPARAM [/rosout_disable_topics_generation] by /health_checker
[rosmaster.master][INFO] 2026-08-30 09:30:26,842: +CACHEDPARAM [/rosout_disable_topics_generation] by /health_checker
[rosmaster.master][INFO] 2026-08-30 09:30:26,845: +CACHEDPARAM [/rosout_disable_topics_generation] by /health_checker
[rosmaster.master][INFO] 2026-08-30 09:30:27,166: +PUB [/rosout] /yolo_detector http://localhost:38823/
[rosmaster.master][INFO] 2026-08-30 09:30:27,175: +SERVICE [/yolo_detector/get_loggers] /yolo_detector http://localhost:38823/
[rosmaster.master][INFO] 2026-08-30 09:30:27,177: +SERVICE [/yolo_detector/set_logger_level] /yolo_detector http://localhost:38823/
[rosmaster.master][INFO] 2026-08-30 09:30:27,187: +PUB [/yolo_detector/node_health] /yolo_detector http://localhost:38823/
[rosmaster.master][INFO] 2026-08-30 09:30:27,192: +SUB [/drone_control/command] /yolo_detector http://localhost:38823/
[rosmaster.master][INFO] 2026-08-30 09:30:27,194: +PUB [/command_response] /yolo_detector http://localhost:38823/
[rosmaster.master][INFO] 2026-08-30 09:30:27,197: +SUB [/mission_status] /yolo_detector http://localhost:38823/
[rosmaster.master][INFO] 2026-08-30 09:30:27,200: +CACHEDPARAM [/rosout_disable_topics_generation] by /yolo_detector
[rosmaster.master][INFO] 2026-08-30 09:30:27,219: publisherUpdate[/rosout] -> http://localhost:38639/ ['http://localhost:36277/', 'http://localhost:45669/', 'http://localhost:35449/', 'http://localhost:38883/', 'http://localhost:33631/', 'http://localhost:38767/', 'http://localhost:36505/', 'http://localhost:33543/', 'http://localhost:34887/', 'http://localhost:38975/', 'http://localhost:38823/']
[rosmaster.master][INFO] 2026-08-30 09:30:27,220: publisherUpdate[/yolo_detector/node_health] -> http://localhost:33631/ ['http://localhost:38823/']
[rosmaster.master][INFO] 2026-08-30 09:30:27,222: publisherUpdate[/rosout] -> http://localhost:38639/ ['http://localhost:36277/', 'http://localhost:45669/', 'http://localhost:35449/', 'http://localhost:38883/', 'http://localhost:33631/', 'http://localhost:38767/', 'http://localhost:36505/', 'http://localhost:33543/', 'http://localhost:34887/', 'http://localhost:38975/', 'http://localhost:38823/']: sec=0.00, result=[1, '', 0]
[rosmaster.master][INFO] 2026-08-30 09:30:27,224: publisherUpdate[/yolo_detector/node_health] -> http://localhost:33631/ ['http://localhost:38823/']: sec=0.00, result=[1, '', 0]
[rosmaster.master][INFO] 2026-08-30 09:30:27,446: +CACHEDPARAM [/rosout_disable_topics_generation] by /yolo_detector
[rosmaster.master][INFO] 2026-08-30 09:30:27,451: +SUB [/camera/color/image_raw] /yolo_detector http://localhost:38823/
[rosmaster.master][INFO] 2026-08-30 09:30:27,453: +PUB [/detected_objects] /yolo_detector http://localhost:38823/
[rosmaster.master][INFO] 2026-08-30 09:30:27,456: +CACHEDPARAM [/rosout_disable_topics_generation] by /yolo_detector
[rosmaster.master][INFO] 2026-08-30 09:30:27,458: +CACHEDPARAM [/rosout_disable_topics_generation] by /yolo_detector
[rosmaster.master][INFO] 2026-08-30 09:30:27,523: +CACHEDPARAM [/rosout_disable_topics_generation] by /target_tracking_controller
[rosmaster.master][INFO] 2026-08-30 09:30:27,523: publisherUpdate[/detected_objects] -> http://localhost:38975/ ['http://localhost:38823/']
[rosmaster.master][INFO] 2026-08-30 09:30:27,527: publisherUpdate[/detected_objects] -> http://localhost:38975/ ['http://localhost:38823/']: sec=0.00, result=[1, '', 0]
[rosmaster.master][INFO] 2026-08-30 09:30:27,532: +CACHEDPARAM [/rosout_disable_topics_generation] by /target_tracking_controller
[rosmaster.master][INFO] 2026-08-30 09:38:03,941: +PUB [/rosout] /performance_monitor http://localhost:39969/
[rosmaster.master][INFO] 2026-08-30 09:38:03,942: publisherUpdate[/rosout] -> http://localhost:38639/ ['http://localhost:36277/', 'http://localhost:45669/', 'http://localhost:35449/', 'http://localhost:38883/', 'http://localhost:33631/', 'http://localhost:38767/', 'http://localhost:36505/', 'http://localhost:33543/', 'http://localhost:34887/', 'http://localhost:38975/', 'http://localhost:38823/', 'http://localhost:39969/']
[rosmaster.master][INFO] 2026-08-30 09:38:03,947: publisherUpdate[/rosout] -> http://localhost:38639/ ['http://localhost:36277/', 'http://localhost:45669/', 'http://localhost:35449/', 'http://localhost:38883/', 'http://localhost:33631/', 'http://localhost:38767/', 'http://localhost:36505/', 'http://localhost:33543/', 'http://localhost:34887/', 'http://localhost:38975/', 'http://localhost:38823/', 'http://localhost:39969/']: sec=0.00, result=[1, '', 0]
[rosmaster.master][INFO] 2026-08-30 09:38:03,949: +SERVICE [/performance_monitor/get_loggers] /performance_monitor http://localhost:39969/
[rosmaster.master][INFO] 2026-08-30 09:38:03,950: +SERVICE [/performance_monitor/set_logger_level] /performance_monitor http://localhost:39969/
[rosmaster.master][INFO] 2026-08-30 09:38:03,955: +SUB [/performance/command] /performance_monitor http://localhost:39969/
[rosmaster.master][INFO] 2026-08-30 09:38:03,957: +SUB [/performance/benchmark] /performance_monitor http://localhost:39969/
[rosmaster.master][INFO] 2026-08-30 09:38:03,958: +PUB [/performance/metrics] /performance_monitor http://localhost:39969/
[rosmaster.master][INFO] 2026-08-30 09:38:03,959: +PUB [/performance/benchmark_results] /performance_monitor http://localhost:39969/
[rosmaster.master][INFO] 2026-08-30 09:38:03,960: +PUB [/performance/alert] /performance_monitor http://localhost:39969/
[rosmaster.master][INFO] 2026-08-30 09:38:03,961: +PUB [/diagnostic_status] /performance_monitor http://localhost:39969/
[rosmaster.master][INFO] 2026-08-30 09:38:03,962: +CACHEDPARAM [/rosout_disable_topics_generation] by /performance_monitor
[rosmaster.master][INFO] 2026-08-30 09:38:05,971: +CACHEDPARAM [/rosout_disable_topics_generation] by /performance_monitor
[rosmaster.master][INFO] 2026-08-30 09:38:07,967: +CACHEDPARAM [/rosout_disable_topics_generation] by /performance_monitor
[rosmaster.master][INFO] 2026-08-30 09:38:09,965: +CACHEDPARAM [/rosout_disable_topics_generation] by /performance_monitor
[rosmaster.master][INFO] 2026-08-30 09:38:10,975: +CACHEDPARAM [/rosout_disable_topics_generation] by /performance_monitor
[rosmaster.master][INFO] 2026-08-30 09:38:11,965: +CACHEDPARAM [/rosout_disable_topics_generation] by /performance_monitor
[rosmaster.master][INFO] 2026-08-30 09:38:12,973: +CACHEDPARAM [/rosout_disable_topics_generation] by /performance_monitor
[rosmaster.master][INFO] 2026-08-30 09:38:13,969: +CACHEDPARAM [/rosout_disable_topics_generation] by /performance_monitor
[rosmaster.master][INFO] 2026-08-30 09:38:14,969: +CACHEDPARAM [/rosout_disable_topics_generation] by /performance_monitor
[rosmaster.master][INFO] 2026-08-30 09:38:15,965: +CACHEDPARAM [/rosout_disable_topics_generation] by /performance_monitor
[rosmaster.master][INFO] 2026-08-30 09:38:15,979: +CACHEDPARAM [/rosout_disable_topics_generation] by /performance_monitor
[rosmaster.master][INFO] 2026-08-30 09:38:16,974: +CACHEDPARAM [/rosout_disable_topics_generation] by /performance_monitor
[rosmaster.master][INFO] 2026-08-30 09:38:17,234: +CACHEDPARAM [/rosout_disable_topics_generation] by /performance_monitor
[rosmaster.master][INFO] 2026-08-30 09:38:17,981: +CACHEDPARAM [/rosout_disable_topics_generation] by /performance_monitor
[rosmaster.master][INFO] 2026-08-30 09:38:18,002: +CACHEDPARAM [/rosout_disable_topics_generation] by /performance_monitor
[rosmaster.master][INFO] 2026-08-30 09:38:18,048: +CACHEDPARAM [/rosout_disable_topics_generation] by /performance_monitor
[rosmaster.master][INFO] 2026-08-30 09:38:19,012: +CACHEDPARAM [/rosout_disable_topics_generation] by /performance_monitor
[rosmaster.master][INFO] 2026-08-30 09:38:19,245: +CACHEDPARAM [/rosout_disable_topics_generation] by /performance_monitor
[rosmaster.master][INFO] 2026-08-30 09:38:19,968: +CACHEDPARAM [/rosout_disable_topics_generation] by /performance_monitor
[rosmaster.master][INFO] 2026-08-30 09:38:19,971: +CACHEDPARAM [/rosout_disable_topics_generation] by /performance_monitor
[rosmaster.master][INFO] 2026-08-30 09:38:19,973: +CACHEDPARAM [/rosout_disable_topics_generation] by /performance_monitor
[rosmaster.master][INFO] 2026-08-30 09:38:20,457: +CACHEDPARAM [/rosout_disable_topics_generation] by /performance_monitor
[rosmaster.master][INFO] 2026-08-30 09:38:20,603: +CACHEDPARAM [/rosout_disable_topics_generation] by /performance_monitor
[rosmaster.master][INFO] 2026-08-30 09:38:20,630: +CACHEDPARAM [/rosout_disable_topics_generation] by /performance_monitor
[rosmaster.master][INFO] 2026-08-30 09:38:20,986: +CACHEDPARAM [/rosout_disable_topics_generation] by /performance_monitor
[rosmaster.master][INFO] 2026-08-30 09:38:21,312: +CACHEDPARAM [/rosout_disable_topics_generation] by /performance_monitor
[rosmaster.master][INFO] 2026-08-30 09:38:22,007: +CACHEDPARAM [/rosout_disable_topics_generation] by /performance_monitor
[rosmaster.master][INFO] 2026-08-30 09:38:22,021: +CACHEDPARAM [/rosout_disable_topics_generation] by /performance_monitor
[rosmaster.master][INFO] 2026-08-30 09:38:22,117: +CACHEDPARAM [/rosout_disable_topics_generation] by /performance_monitor
[rosmaster.master][INFO] 2026-08-30 09:38:22,638: +CACHEDPARAM [/rosout_disable_topics_generation] by /performance_monitor
[rosmaster.master][INFO] 2026-08-30 09:38:22,732: +CACHEDPARAM [/rosout_disable_topics_generation] by /performance_monitor
[rosmaster.master][INFO] 2026-08-30 09:38:22,758: +CACHEDPARAM [/rosout_disable_topics_generation] by /performance_monitor
[rosmaster.master][INFO] 2026-08-30 09:38:23,006: +CACHEDPARAM [/rosout_disable_topics_generation] by /performance_monitor
[rosmaster.master][INFO] 2026-08-30 09:38:23,426: +CACHEDPARAM [/rosout_disable_topics_generation] by /performance_monitor
[rosmaster.master][INFO] 2026-08-30 09:38:24,000: +CACHEDPARAM [/rosout_disable_topics_generation] by /performance_monitor
[rosmaster.master][INFO] 2026-08-30 09:38:24,024: +CACHEDPARAM [/rosout_disable_topics_generation] by /performance_monitor
[rosmaster.master][INFO] 2026-08-30 09:38:24,374: +CACHEDPARAM [/rosout_disable_topics_generation] by /performance_monitor
[rosmaster.master][INFO] 2026-08-30 09:38:24,634: +CACHEDPARAM [/rosout_disable_topics_generation] by /performance_monitor
[rosmaster.master][INFO] 2026-08-30 09:38:24,723: +CACHEDPARAM [/rosout_disable_topics_generation] by /performance_monitor
[rosmaster.master][INFO] 2026-08-30 09:38:24,749: +CACHEDPARAM [/rosout_disable_topics_generation] by /performance_monitor
[rosmaster.master][INFO] 2026-08-30 09:38:24,974: +CACHEDPARAM [/rosout_disable_topics_generation] by /performance_monitor
[rosmaster.master][INFO] 2026-08-30 09:38:25,625: +CACHEDPARAM [/rosout_disable_topics_generation] by /performance_monitor
[rosmaster.master][INFO] 2026-08-30 09:38:25,639: +CACHEDPARAM [/rosout_disable_topics_generation] by /performance_monitor
[rosmaster.master][INFO] 2026-08-30 09:38:26,002: +CACHEDPARAM [/rosout_disable_topics_generation] by /performance_monitor
[rosmaster.master][INFO] 2026-08-30 09:38:26,049: +CACHEDPARAM [/rosout_disable_topics_generation] by /performance_monitor
[rosmaster.master][INFO] 2026-08-30 09:38:27,028: +CACHEDPARAM [/rosout_disable_topics_generation] by /performance_monitor
[rosmaster.master][INFO] 2026-08-30 09:38:27,332: +CACHEDPARAM [/rosout_disable_topics_generation] by /performance_monitor
[rosmaster.master][INFO] 2026-08-30 09:38:27,458: +CACHEDPARAM [/rosout_disable_topics_generation] by /performance_monitor
[rosmaster.master][INFO] 2026-08-30 09:38:27,640: +CACHEDPARAM [/rosout_disable_topics_generation] by /performance_monitor
[rosmaster.master][INFO] 2026-08-30 09:38:27,657: +CACHEDPARAM [/rosout_disable_topics_generation] by /performance_monitor
[rosmaster.master][INFO] 2026-08-30 09:38:27,791: +CACHEDPARAM [/rosout_disable_topics_generation] by /performance_monitor
[rosmaster.master][INFO] 2026-08-30 09:38:28,025: +CACHEDPARAM [/rosout_disable_topics_generation] by /performance_monitor
[rosmaster.master][INFO] 2026-08-30 09:38:28,101: +CACHEDPARAM [/rosout_disable_topics_generation] by /performance_monitor
[rosmaster.master][INFO] 2026-08-30 09:38:29,054: +CACHEDPARAM [/rosout_disable_topics_generation] by /performance_monitor
[rosmaster.master][INFO] 2026-08-30 09:38:29,788: +CACHEDPARAM [/rosout_disable_topics_generation] by /performance_monitor
[rosmaster.master][INFO] 2026-08-30 09:38:29,865: +CACHEDPARAM [/rosout_disable_topics_generation] by /performance_monitor
[rosmaster.master][INFO] 2026-08-30 09:38:30,028: +CACHEDPARAM [/rosout_disable_topics_generation] by /performance_monitor
[rosmaster.master][INFO] 2026-08-30 09:38:30,230: +CACHEDPARAM [/rosout_disable_topics_generation] by /performance_monitor
[rosmaster.master][INFO] 2026-08-30 09:38:30,904: +CACHEDPARAM [/rosout_disable_topics_generation] by /performance_monitor
[rosmaster.master][INFO] 2026-08-30 09:38:31,059: +CACHEDPARAM [/rosout_disable_topics_generation] by /performance_monitor
[rosmaster.master][INFO] 2026-08-30 09:38:32,056: +CACHEDPARAM [/rosout_disable_topics_generation] by /performance_monitor
[rosmaster.master][INFO] 2026-08-30 09:38:32,149: +CACHEDPARAM [/rosout_disable_topics_generation] by /performance_monitor
[rosmaster.master][INFO] 2026-08-30 09:38:32,822: +CACHEDPARAM [/rosout_disable_topics_generation] by /performance_monitor
[rosmaster.master][INFO] 2026-08-30 09:38:33,291: +CACHEDPARAM [/rosout_disable_topics_generation] by /performance_monitor
[rosmaster.master][INFO] 2026-08-30 09:38:33,779: -SUB [/performance/command] /performance_monitor http://localhost:39969/
[rosmaster.master][INFO] 2026-08-30 09:38:33,779: -SUB [/performance/benchmark] /performance_monitor http://localhost:39969/
[rosmaster.master][INFO] 2026-08-30 09:38:33,779: -PUB [/rosout] /performance_monitor http://localhost:39969/
[rosmaster.master][INFO] 2026-08-30 09:38:33,779: -PUB [/performance/metrics] /performance_monitor http://localhost:39969/
[rosmaster.master][INFO] 2026-08-30 09:38:33,779: -PUB [/performance/benchmark_results] /performance_monitor http://localhost:39969/
[rosmaster.master][INFO] 2026-08-30 09:38:33,780: -PUB [/performance/alert] /performance_monitor http://localhost:39969/
[rosmaster.master][INFO] 2026-08-30 09:38:33,780: -PUB [/diagnostic_status] /performance_monitor http://localhost:39969/
[rosmaster.master][INFO] 2026-08-30 09:38:33,780: -SERVICE [/performance_monitor/get_loggers] /performance_monitor rosrpc://localhost:37723
[rosmaster.master][INFO] 2026-08-30 09:38:33,780: -SERVICE [/performance_monitor/set_logger_level] /performance_monitor rosrpc://localhost:37723
[rosmaster.master][INFO] 2026-08-30 09:38:33,823: publisherUpdate[/rosout] -> http://localhost:38639/ ['http://localhost:36277/', 'http://localhost:45669/', 'http://localhost:35449/', 'http://localhost:38883/', 'http://localhost:33631/', 'http://localhost:38767/', 'http://localhost:36505/', 'http://localhost:33543/', 'http://localhost:34887/', 'http://localhost:38975/', 'http://localhost:38823/']
[rosmaster.master][INFO] 2026-08-30 09:38:33,828: publisherUpdate[/rosout] -> http://localhost:38639/ ['http://localhost:36277/', 'http://localhost:45669/', 'http://localhost:35449/', 'http://localhost:38883/', 'http://localhost:33631/', 'http://localhost:38767/', 'http://localhost:36505/', 'http://localhost:33543/', 'http://localhost:34887/', 'http://localhost:38975/', 'http://localhost:38823/']: sec=0.01, result=[1, '', 0]
[rosmaster.master][INFO] 2026-08-30 09:38:34,131: +CACHEDPARAM [/rosout_disable_topics_generation] by /performance_monitor
[rosmaster.master][INFO] 2026-08-30 09:38:34,512: +CACHEDPARAM [/rosout_disable_topics_generation] by /performance_monitor
[rosmaster.master][INFO] 2026-08-30 09:38:34,534: +CACHEDPARAM [/rosout_disable_topics_generation] by /performance_monitor
[rosmaster.master][INFO] 2026-08-30 09:38:37,624: +PUB [/rosout] /performance_monitor http://localhost:40905/
[rosmaster.master][INFO] 2026-08-30 09:38:37,629: +SERVICE [/performance_monitor/get_loggers] /performance_monitor http://localhost:40905/
[rosmaster.master][INFO] 2026-08-30 09:38:37,630: +SERVICE [/performance_monitor/set_logger_level] /performance_monitor http://localhost:40905/
[rosmaster.master][INFO] 2026-08-30 09:38:37,635: +SUB [/performance/command] /performance_monitor http://localhost:40905/
[rosmaster.master][INFO] 2026-08-30 09:38:37,637: +SUB [/performance/benchmark] /performance_monitor http://localhost:40905/
[rosmaster.master][INFO] 2026-08-30 09:38:37,638: +PUB [/performance/metrics] /performance_monitor http://localhost:40905/
[rosmaster.master][INFO] 2026-08-30 09:38:37,639: +PUB [/performance/benchmark_results] /performance_monitor http://localhost:40905/
[rosmaster.master][INFO] 2026-08-30 09:38:37,640: +PUB [/performance/alert] /performance_monitor http://localhost:40905/
[rosmaster.master][INFO] 2026-08-30 09:38:37,640: +PUB [/diagnostic_status] /performance_monitor http://localhost:40905/
[rosmaster.master][INFO] 2026-08-30 09:38:37,642: +CACHEDPARAM [/rosout_disable_topics_generation] by /performance_monitor
[rosmaster.master][INFO] 2026-08-30 09:38:37,645: publisherUpdate[/rosout] -> http://localhost:38639/ ['http://localhost:36277/', 'http://localhost:45669/', 'http://localhost:35449/', 'http://localhost:38883/', 'http://localhost:33631/', 'http://localhost:38767/', 'http://localhost:36505/', 'http://localhost:33543/', 'http://localhost:34887/', 'http://localhost:38975/', 'http://localhost:38823/', 'http://localhost:40905/']
[rosmaster.master][INFO] 2026-08-30 09:38:37,647: publisherUpdate[/rosout] -> http://localhost:38639/ ['http://localhost:36277/', 'http://localhost:45669/', 'http://localhost:35449/', 'http://localhost:38883/', 'http://localhost:33631/', 'http://localhost:38767/', 'http://localhost:36505/', 'http://localhost:33543/', 'http://localhost:34887/', 'http://localhost:38975/', 'http://localhost:38823/', 'http://localhost:40905/']: sec=0.00, result=[1, '', 0]
[rosmaster.master][INFO] 2026-08-30 09:38:39,650: +CACHEDPARAM [/rosout_disable_topics_generation] by /performance_monitor
[rosmaster.master][INFO] 2026-08-30 09:38:44,659: +CACHEDPARAM [/rosout_disable_topics_generation] by /performance_monitor
[rosmaster.master][INFO] 2026-08-30 09:38:49,662: +CACHEDPARAM [/rosout_disable_topics_generation] by /performance_monitor
[rosmaster.master][INFO] 2026-08-30 09:38:50,883: +CACHEDPARAM [/rosout_disable_topics_generation] by /performance_monitor
[rosmaster.master][INFO] 2026-08-30 09:38:51,646: +CACHEDPARAM [/rosout_disable_topics_generation] by /performance_monitor
[rosmaster.master][INFO] 2026-08-30 09:38:52,826: +CACHEDPARAM [/rosout_disable_topics_generation] by /performance_monitor
[rosmaster.master][INFO] 2026-08-30 09:38:52,885: +CACHEDPARAM [/rosout_disable_topics_generation] by /performance_monitor
[rosmaster.master][INFO] 2026-08-30 09:38:52,888: +CACHEDPARAM [/rosout_disable_topics_generation] by /performance_monitor
[rosmaster.master][INFO] 2026-08-30 09:38:57,890: +CACHEDPARAM [/rosout_disable_topics_generation] by /performance_monitor
[rosmaster.master][INFO] 2026-08-30 09:38:59,131: +CACHEDPARAM [/rosout_disable_topics_generation] by /performance_monitor
[rosmaster.master][INFO] 2026-08-30 09:38:59,848: +CACHEDPARAM [/rosout_disable_topics_generation] by /performance_monitor
[rosmaster.master][INFO] 2026-08-30 09:39:01,007: +CACHEDPARAM [/rosout_disable_topics_generation] by /performance_monitor
[rosmaster.master][INFO] 2026-08-30 09:39:01,056: +CACHEDPARAM [/rosout_disable_topics_generation] by /performance_monitor
[rosmaster.master][INFO] 2026-08-30 09:39:01,058: +CACHEDPARAM [/rosout_disable_topics_generation] by /performance_monitor
[rosmaster.master][INFO] 2026-08-30 09:39:06,061: +CACHEDPARAM [/rosout_disable_topics_generation] by /performance_monitor
[rosmaster.master][INFO] 2026-08-30 09:39:07,294: +CACHEDPARAM [/rosout_disable_topics_generation] by /performance_monitor
[rosmaster.master][INFO] 2026-08-30 09:39:08,009: +CACHEDPARAM [/rosout_disable_topics_generation] by /performance_monitor
[rosmaster.master][INFO] 2026-08-30 09:39:09,210: +CACHEDPARAM [/rosout_disable_topics_generation] by /performance_monitor
[rosmaster.master][INFO] 2026-08-30 09:39:09,265: +CACHEDPARAM [/rosout_disable_topics_generation] by /performance_monitor
[rosmaster.master][INFO] 2026-08-30 09:39:09,268: +CACHEDPARAM [/rosout_disable_topics_generation] by /performance_monitor
[rosmaster.master][INFO] 2026-08-30 09:39:14,272: +CACHEDPARAM [/rosout_disable_topics_generation] by /performance_monitor
[rosmaster.master][INFO] 2026-08-30 09:39:15,518: +CACHEDPARAM [/rosout_disable_topics_generation] by /performance_monitor
[rosmaster.master][INFO] 2026-08-30 09:39:16,226: +CACHEDPARAM [/rosout_disable_topics_generation] by /performance_monitor
[rosmaster.master][INFO] 2026-08-30 09:39:17,422: +CACHEDPARAM [/rosout_disable_topics_generation] by /performance_monitor
[rosmaster.master][INFO] 2026-08-30 09:39:17,473: +CACHEDPARAM [/rosout_disable_topics_generation] by /performance_monitor
[rosmaster.master][INFO] 2026-08-30 09:39:17,476: +CACHEDPARAM [/rosout_disable_topics_generation] by /performance_monitor
[rosmaster.master][INFO] 2026-08-30 09:39:22,478: +CACHEDPARAM [/rosout_disable_topics_generation] by /performance_monitor
[rosmaster.master][INFO] 2026-08-30 09:39:23,695: +CACHEDPARAM [/rosout_disable_topics_generation] by /performance_monitor
[rosmaster.master][INFO] 2026-08-30 09:39:24,403: +CACHEDPARAM [/rosout_disable_topics_generation] by /performance_monitor
[rosmaster.master][INFO] 2026-08-30 09:39:25,591: +CACHEDPARAM [/rosout_disable_topics_generation] by /performance_monitor
[rosmaster.master][INFO] 2026-08-30 09:39:25,641: +CACHEDPARAM [/rosout_disable_topics_generation] by /performance_monitor
[rosmaster.master][INFO] 2026-08-30 09:39:25,643: +CACHEDPARAM [/rosout_disable_topics_generation] by /performance_monitor
[rosmaster.master][INFO] 2026-08-30 09:39:30,647: +CACHEDPARAM [/rosout_disable_topics_generation] by /performance_monitor
[rosmaster.master][INFO] 2026-08-30 09:39:31,887: +CACHEDPARAM [/rosout_disable_topics_generation] by /performance_monitor
[rosmaster.master][INFO] 2026-08-30 09:39:32,593: +CACHEDPARAM [/rosout_disable_topics_generation] by /performance_monitor
[rosmaster.master][INFO] 2026-08-30 09:39:33,759: +CACHEDPARAM [/rosout_disable_topics_generation] by /performance_monitor
[rosmaster.master][INFO] 2026-08-30 09:39:33,809: +CACHEDPARAM [/rosout_disable_topics_generation] by /performance_monitor
[rosmaster.master][INFO] 2026-08-30 09:39:33,810: +CACHEDPARAM [/rosout_disable_topics_generation] by /performance_monitor
[rosmaster.master][INFO] 2026-08-30 09:39:38,813: +CACHEDPARAM [/rosout_disable_topics_generation] by /performance_monitor
[rosmaster.master][INFO] 2026-08-30 09:39:40,061: +CACHEDPARAM [/rosout_disable_topics_generation] by /performance_monitor
[rosmaster.master][INFO] 2026-08-30 09:39:40,772: +CACHEDPARAM [/rosout_disable_topics_generation] by /performance_monitor
[rosmaster.master][INFO] 2026-08-30 09:39:41,937: +CACHEDPARAM [/rosout_disable_topics_generation] by /performance_monitor
[rosmaster.master][INFO] 2026-08-30 09:39:41,993: +CACHEDPARAM [/rosout_disable_topics_generation] by /performance_monitor
[rosmaster.master][INFO] 2026-08-30 09:39:41,995: +CACHEDPARAM [/rosout_disable_topics_generation] by /performance_monitor
[rosmaster.master][INFO] 2026-08-30 09:39:46,996: +CACHEDPARAM [/rosout_disable_topics_generation] by /performance_monitor
[rosmaster.master][INFO] 2026-08-30 09:39:48,226: +CACHEDPARAM [/rosout_disable_topics_generation] by /performance_monitor
[rosmaster.master][INFO] 2026-08-30 09:39:48,930: +CACHEDPARAM [/rosout_disable_topics_generation] by /performance_monitor
[rosmaster.master][INFO] 2026-08-30 09:39:50,127: +CACHEDPARAM [/rosout_disable_topics_generation] by /performance_monitor
[rosmaster.master][INFO] 2026-08-30 09:39:50,184: +CACHEDPARAM [/rosout_disable_topics_generation] by /performance_monitor
[rosmaster.master][INFO] 2026-08-30 09:39:50,185: +CACHEDPARAM [/rosout_disable_topics_generation] by /performance_monitor
[rosmaster.master][INFO] 2026-08-30 09:39:55,187: +CACHEDPARAM [/rosout_disable_topics_generation] by /performance_monitor
[rosmaster.master][INFO] 2026-08-30 09:39:56,573: +CACHEDPARAM [/rosout_disable_topics_generation] by /performance_monitor
[rosmaster.master][INFO] 2026-08-30 09:39:57,282: +CACHEDPARAM [/rosout_disable_topics_generation] by /performance_monitor
[rosmaster.master][INFO] 2026-08-30 09:39:58,477: +CACHEDPARAM [/rosout_disable_topics_generation] by /performance_monitor
[rosmaster.master][INFO] 2026-08-30 09:39:58,528: +CACHEDPARAM [/rosout_disable_topics_generation] by /performance_monitor
[rosmaster.master][INFO] 2026-08-30 09:39:58,530: +CACHEDPARAM [/rosout_disable_topics_generation] by /performance_monitor
[rosmaster.master][INFO] 2026-08-30 09:40:03,533: +CACHEDPARAM [/rosout_disable_topics_generation] by /performance_monitor
[rosmaster.master][INFO] 2026-08-30 09:40:04,753: +CACHEDPARAM [/rosout_disable_topics_generation] by /performance_monitor
[rosmaster.master][INFO] 2026-08-30 09:40:05,594: +CACHEDPARAM [/rosout_disable_topics_generation] by /performance_monitor
[rosmaster.master][INFO] 2026-08-30 09:40:06,769: +CACHEDPARAM [/rosout_disable_topics_generation] by /performance_monitor
[rosmaster.master][INFO] 2026-08-30 09:40:06,823: +CACHEDPARAM [/rosout_disable_topics_generation] by /performance_monitor
[rosmaster.master][INFO] 2026-08-30 09:40:06,830: +CACHEDPARAM [/rosout_disable_topics_generation] by /performance_monitor
[rosmaster.master][INFO] 2026-08-30 09:40:11,836: +CACHEDPARAM [/rosout_disable_topics_generation] by /performance_monitor
[rosmaster.master][INFO] 2026-08-30 09:40:13,054: +CACHEDPARAM [/rosout_disable_topics_generation] by /performance_monitor
[rosmaster.master][INFO] 2026-08-30 09:40:13,771: +CACHEDPARAM [/rosout_disable_topics_generation] by /performance_monitor
[rosmaster.master][INFO] 2026-08-30 09:40:14,976: +CACHEDPARAM [/rosout_disable_topics_generation] by /performance_monitor
[rosmaster.master][INFO] 2026-08-30 09:40:15,031: +CACHEDPARAM [/rosout_disable_topics_generation] by /performance_monitor
[rosmaster.master][INFO] 2026-08-30 09:40:15,033: +CACHEDPARAM [/rosout_disable_topics_generation] by /performance_monitor
[rosmaster.master][INFO] 2026-08-30 09:40:20,035: +CACHEDPARAM [/rosout_disable_topics_generation] by /performance_monitor
[rosmaster.master][INFO] 2026-08-30 09:40:21,264: +CACHEDPARAM [/rosout_disable_topics_generation] by /performance_monitor
[rosmaster.master][INFO] 2026-08-30 09:40:21,970: +CACHEDPARAM [/rosout_disable_topics_generation] by /performance_monitor
[rosmaster.master][INFO] 2026-08-30 09:40:23,149: +CACHEDPARAM [/rosout_disable_topics_generation] by /performance_monitor
[rosmaster.master][INFO] 2026-08-30 09:40:23,206: +CACHEDPARAM [/rosout_disable_topics_generation] by /performance_monitor
[rosmaster.master][INFO] 2026-08-30 09:40:23,208: +CACHEDPARAM [/rosout_disable_topics_generation] by /performance_monitor
[rosmaster.master][INFO] 2026-08-30 09:40:28,211: +CACHEDPARAM [/rosout_disable_topics_generation] by /performance_monitor
[rosmaster.master][INFO] 2026-08-30 09:40:29,449: +CACHEDPARAM [/rosout_disable_topics_generation] by /performance_monitor
[rosmaster.master][INFO] 2026-08-30 09:40:30,154: +CACHEDPARAM [/rosout_disable_topics_generation] by /performance_monitor
[rosmaster.master][INFO] 2026-08-30 09:40:31,335: +CACHEDPARAM [/rosout_disable_topics_generation] by /performance_monitor
[rosmaster.master][INFO] 2026-08-30 09:40:31,384: +CACHEDPARAM [/rosout_disable_topics_generation] by /performance_monitor
[rosmaster.master][INFO] 2026-08-30 09:40:31,386: +CACHEDPARAM [/rosout_disable_topics_generation] by /performance_monitor
[rosmaster.master][INFO] 2026-08-30 09:40:36,389: +CACHEDPARAM [/rosout_disable_topics_generation] by /performance_monitor
[rosmaster.master][INFO] 2026-08-30 09:40:37,614: +CACHEDPARAM [/rosout_disable_topics_generation] by /performance_monitor
[rosmaster.master][INFO] 2026-08-30 09:40:38,320: +CACHEDPARAM [/rosout_disable_topics_generation] by /performance_monitor
[rosmaster.master][INFO] 2026-08-30 09:40:39,505: +CACHEDPARAM [/rosout_disable_topics_generation] by /performance_monitor
[rosmaster.master][INFO] 2026-08-30 09:40:39,562: +CACHEDPARAM [/rosout_disable_topics_generation] by /performance_monitor
[rosmaster.master][INFO] 2026-08-30 09:40:39,568: +CACHEDPARAM [/rosout_disable_topics_generation] by /performance_monitor
[rosmaster.master][INFO] 2026-08-30 09:40:44,572: +CACHEDPARAM [/rosout_disable_topics_generation] by /performance_monitor
[rosmaster.master][INFO] 2026-08-30 09:40:45,791: +CACHEDPARAM [/rosout_disable_topics_generation] by /performance_monitor
[rosmaster.master][INFO] 2026-08-30 09:40:46,498: +CACHEDPARAM [/rosout_disable_topics_generation] by /performance_monitor
[rosmaster.master][INFO] 2026-08-30 09:40:47,644: +CACHEDPARAM [/rosout_disable_topics_generation] by /performance_monitor
[rosmaster.master][INFO] 2026-08-30 09:40:47,696: +CACHEDPARAM [/rosout_disable_topics_generation] by /performance_monitor
[rosmaster.master][INFO] 2026-08-30 09:40:47,698: +CACHEDPARAM [/rosout_disable_topics_generation] by /performance_monitor
[rosmaster.master][INFO] 2026-08-30 09:40:52,703: +CACHEDPARAM [/rosout_disable_topics_generation] by /performance_monitor
[rosmaster.master][INFO] 2026-08-30 09:40:54,377: +CACHEDPARAM [/rosout_disable_topics_generation] by /performance_monitor
[rosmaster.master][INFO] 2026-08-30 09:40:55,105: +CACHEDPARAM [/rosout_disable_topics_generation] by /performance_monitor
[rosmaster.master][INFO] 2026-08-30 09:40:56,286: +CACHEDPARAM [/rosout_disable_topics_generation] by /performance_monitor
[rosmaster.master][INFO] 2026-08-30 09:40:56,339: +CACHEDPARAM [/rosout_disable_topics_generation] by /performance_monitor
[rosmaster.master][INFO] 2026-08-30 09:40:56,341: +CACHEDPARAM [/rosout_disable_topics_generation] by /performance_monitor
[rosmaster.master][INFO] 2026-08-30 09:41:01,343: +CACHEDPARAM [/rosout_disable_topics_generation] by /performance_monitor
[rosmaster.master][INFO] 2026-08-30 09:41:02,881: +CACHEDPARAM [/rosout_disable_topics_generation] by /performance_monitor
[rosmaster.master][INFO] 2026-08-30 09:41:03,708: +CACHEDPARAM [/rosout_disable_topics_generation] by /performance_monitor
[rosmaster.master][INFO] 2026-08-30 09:41:04,873: +CACHEDPARAM [/rosout_disable_topics_generation] by /performance_monitor
[rosmaster.master][INFO] 2026-08-30 09:41:04,933: +CACHEDPARAM [/rosout_disable_topics_generation] by /performance_monitor
[rosmaster.master][INFO] 2026-08-30 09:41:04,935: +CACHEDPARAM [/rosout_disable_topics_generation] by /performance_monitor
[rosmaster.master][INFO] 2026-08-30 09:41:09,938: +CACHEDPARAM [/rosout_disable_topics_generation] by /performance_monitor
[rosmaster.master][INFO] 2026-08-30 09:41:11,159: +CACHEDPARAM [/rosout_disable_topics_generation] by /performance_monitor
[rosmaster.master][INFO] 2026-08-30 09:41:11,870: +CACHEDPARAM [/rosout_disable_topics_generation] by /performance_monitor
[rosmaster.master][INFO] 2026-08-30 09:41:13,015: +CACHEDPARAM [/rosout_disable_topics_generation] by /performance_monitor
[rosmaster.master][INFO] 2026-08-30 09:41:13,071: +CACHEDPARAM [/rosout_disable_topics_generation] by /performance_monitor
[rosmaster.master][INFO] 2026-08-30 09:41:13,073: +CACHEDPARAM [/rosout_disable_topics_generation] by /performance_monitor
[rosmaster.master][INFO] 2026-08-30 09:41:18,076: +CACHEDPARAM [/rosout_disable_topics_generation] by /performance_monitor
[rosmaster.master][INFO] 2026-08-30 09:41:19,312: +CACHEDPARAM [/rosout_disable_topics_generation] by /performance_monitor
[rosmaster.master][INFO] 2026-08-30 09:41:20,019: +CACHEDPARAM [/rosout_disable_topics_generation] by /performance_monitor
[rosmaster.master][INFO] 2026-08-30 09:41:21,229: +CACHEDPARAM [/rosout_disable_topics_generation] by /performance_monitor
[rosmaster.master][INFO] 2026-08-30 09:41:21,290: +CACHEDPARAM [/rosout_disable_topics_generation] by /performance_monitor
[rosmaster.master][INFO] 2026-08-30 09:41:21,298: +CACHEDPARAM [/rosout_disable_topics_generation] by /performance_monitor
[rosmaster.master][INFO] 2026-08-30 09:41:26,303: +CACHEDPARAM [/rosout_disable_topics_generation] by /performance_monitor
[rosmaster.master][INFO] 2026-08-30 09:41:27,554: +CACHEDPARAM [/rosout_disable_topics_generation] by /performance_monitor
[rosmaster.master][INFO] 2026-08-30 09:41:28,272: +CACHEDPARAM [/rosout_disable_topics_generation] by /performance_monitor
[rosmaster.master][INFO] 2026-08-30 09:41:29,472: +CACHEDPARAM [/rosout_disable_topics_generation] by /performance_monitor
[rosmaster.master][INFO] 2026-08-30 09:41:29,530: +CACHEDPARAM [/rosout_disable_topics_generation] by /performance_monitor
[rosmaster.master][INFO] 2026-08-30 09:41:29,532: +CACHEDPARAM [/rosout_disable_topics_generation] by /performance_monitor
[rosmaster.master][INFO] 2026-08-30 09:41:34,535: +CACHEDPARAM [/rosout_disable_topics_generation] by /performance_monitor
[rosmaster.master][INFO] 2026-08-30 09:41:35,780: +CACHEDPARAM [/rosout_disable_topics_generation] by /performance_monitor
[rosmaster.master][INFO] 2026-08-30 09:41:36,497: +CACHEDPARAM [/rosout_disable_topics_generation] by /performance_monitor
[rosmaster.master][INFO] 2026-08-30 09:41:37,633: +CACHEDPARAM [/rosout_disable_topics_generation] by /performance_monitor
[rosmaster.master][INFO] 2026-08-30 09:41:37,693: +CACHEDPARAM [/rosout_disable_topics_generation] by /performance_monitor
[rosmaster.master][INFO] 2026-08-30 09:41:37,694: +CACHEDPARAM [/rosout_disable_topics_generation] by /performance_monitor
[rosmaster.master][INFO] 2026-08-30 09:41:42,696: +CACHEDPARAM [/rosout_disable_topics_generation] by /performance_monitor
[rosmaster.master][INFO] 2026-08-30 09:41:43,938: +CACHEDPARAM [/rosout_disable_topics_generation] by /performance_monitor
[rosmaster.master][INFO] 2026-08-30 09:41:44,639: +CACHEDPARAM [/rosout_disable_topics_generation] by /performance_monitor
[rosmaster.master][INFO] 2026-08-30 09:41:45,821: +CACHEDPARAM [/rosout_disable_topics_generation] by /performance_monitor
[rosmaster.master][INFO] 2026-08-30 09:41:45,877: +CACHEDPARAM [/rosout_disable_topics_generation] by /performance_monitor
[rosmaster.master][INFO] 2026-08-30 09:41:45,879: +CACHEDPARAM [/rosout_disable_topics_generation] by /performance_monitor
[rosmaster.master][INFO] 2026-08-30 09:41:50,882: +CACHEDPARAM [/rosout_disable_topics_generation] by /performance_monitor
[rosmaster.master][INFO] 2026-08-30 09:41:52,135: +CACHEDPARAM [/rosout_disable_topics_generation] by /performance_monitor
[rosmaster.master][INFO] 2026-08-30 09:41:52,848: +CACHEDPARAM [/rosout_disable_topics_generation] by /performance_monitor
[rosmaster.master][INFO] 2026-08-30 09:41:53,381: -SUB [/performance/command] /performance_monitor http://localhost:40905/
[rosmaster.master][INFO] 2026-08-30 09:41:53,381: -SUB [/performance/benchmark] /performance_monitor http://localhost:40905/
[rosmaster.master][INFO] 2026-08-30 09:41:53,381: -PUB [/rosout] /performance_monitor http://localhost:40905/
[rosmaster.master][INFO] 2026-08-30 09:41:53,381: -PUB [/performance/metrics] /performance_monitor http://localhost:40905/
[rosmaster.master][INFO] 2026-08-30 09:41:53,381: -PUB [/performance/benchmark_results] /performance_monitor http://localhost:40905/
[rosmaster.master][INFO] 2026-08-30 09:41:53,381: -PUB [/performance/alert] /performance_monitor http://localhost:40905/
[rosmaster.master][INFO] 2026-08-30 09:41:53,382: -PUB [/diagnostic_status] /performance_monitor http://localhost:40905/
[rosmaster.master][INFO] 2026-08-30 09:41:53,382: -SERVICE [/performance_monitor/get_loggers] /performance_monitor rosrpc://localhost:39177
[rosmaster.master][INFO] 2026-08-30 09:41:53,382: -SERVICE [/performance_monitor/set_logger_level] /performance_monitor rosrpc://localhost:39177
[rosmaster.master][INFO] 2026-08-30 09:41:53,453: publisherUpdate[/rosout] -> http://localhost:38639/ ['http://localhost:36277/', 'http://localhost:45669/', 'http://localhost:35449/', 'http://localhost:38883/', 'http://localhost:33631/', 'http://localhost:38767/', 'http://localhost:36505/', 'http://localhost:33543/', 'http://localhost:34887/', 'http://localhost:38975/', 'http://localhost:38823/']
[rosmaster.master][INFO] 2026-08-30 09:41:53,455: publisherUpdate[/rosout] -> http://localhost:38639/ ['http://localhost:36277/', 'http://localhost:45669/', 'http://localhost:35449/', 'http://localhost:38883/', 'http://localhost:33631/', 'http://localhost:38767/', 'http://localhost:36505/', 'http://localhost:33543/', 'http://localhost:34887/', 'http://localhost:38975/', 'http://localhost:38823/']: sec=0.00, result=[1, '', 0]
[rosmaster.master][INFO] 2026-08-30 09:41:54,178: -SUB [/mavros/local_position/odom] /target_tracking_controller http://localhost:38975/
[rosmaster.master][INFO] 2026-08-30 09:41:54,178: -SUB [/detected_objects] /target_tracking_controller http://localhost:38975/
[rosmaster.master][INFO] 2026-08-30 09:41:54,178: -SUB [/mavros/state] /target_tracking_controller http://localhost:38975/
[rosmaster.master][INFO] 2026-08-30 09:41:54,179: -SUB [/mission_status] /target_tracking_controller http://localhost:38975/
[rosmaster.master][INFO] 2026-08-30 09:41:54,179: -PUB [/rosout] /target_tracking_controller http://localhost:38975/
[rosmaster.master][INFO] 2026-08-30 09:41:54,180: -PUB [/tracked_targets] /target_tracking_controller http://localhost:38975/
[rosmaster.master][INFO] 2026-08-30 09:41:54,180: -PUB [/mavros/setpoint_velocity/cmd_vel_unstamped] /target_tracking_controller http://localhost:38975/
[rosmaster.master][INFO] 2026-08-30 09:41:54,180: -PUB [/mavros/setpoint_raw/local] /target_tracking_controller http://localhost:38975/
[rosmaster.master][INFO] 2026-08-30 09:41:54,180: -PUB [/target_tracking_controller/node_health] /target_tracking_controller http://localhost:38975/
[rosmaster.master][INFO] 2026-08-30 09:41:54,181: -SERVICE [/target_tracking_controller/get_loggers] /target_tracking_controller rosrpc://localhost:38999
[rosmaster.master][INFO] 2026-08-30 09:41:54,181: -SERVICE [/target_tracking_controller/set_logger_level] /target_tracking_controller rosrpc://localhost:38999
[rosmaster.master][INFO] 2026-08-30 09:41:54,182: publisherUpdate[/rosout] -> http://localhost:38639/ ['http://localhost:36277/', 'http://localhost:45669/', 'http://localhost:35449/', 'http://localhost:38883/', 'http://localhost:33631/', 'http://localhost:38767/', 'http://localhost:36505/', 'http://localhost:33543/', 'http://localhost:34887/', 'http://localhost:38823/']
[rosmaster.master][INFO] 2026-08-30 09:41:54,186: publisherUpdate[/rosout] -> http://localhost:38639/ ['http://localhost:36277/', 'http://localhost:45669/', 'http://localhost:35449/', 'http://localhost:38883/', 'http://localhost:33631/', 'http://localhost:38767/', 'http://localhost:36505/', 'http://localhost:33543/', 'http://localhost:34887/', 'http://localhost:38823/']: sec=0.00, result=[1, '', 0]
[rosmaster.master][INFO] 2026-08-30 09:41:54,189: publisherUpdate[/tracked_targets] -> http://localhost:33543/ []
[rosmaster.master][INFO] 2026-08-30 09:41:54,189: -SUB [/mavros/local_position/pose] /safety_monitor http://localhost:34887/
[rosmaster.master][INFO] 2026-08-30 09:41:54,209: -SUB [/mavros/local_position/velocity] /safety_monitor http://localhost:34887/
[rosmaster.master][INFO] 2026-08-30 09:41:54,209: -SUB [/mavros/state] /safety_monitor http://localhost:34887/
[rosmaster.master][INFO] 2026-08-30 09:41:54,214: -SUB [/drone_control/command] /mission_manager http://localhost:33543/
[rosmaster.master][INFO] 2026-08-30 09:41:54,214: -SUB [/safety_status] /mission_manager http://localhost:33543/
[rosmaster.master][INFO] 2026-08-30 09:41:54,214: -SUB [/tracked_targets] /mission_manager http://localhost:33543/
[rosmaster.master][INFO] 2026-08-30 09:41:54,215: -SUB [/mavros/state] /vehicle_state_monitor http://localhost:36505/
[rosmaster.master][INFO] 2026-08-30 09:41:54,215: -SUB [/mavros/imu/data] /sensor_fusion http://localhost:35449/
[rosmaster.master][INFO] 2026-08-30 09:41:54,216: -SUB [/mavros/global_position/global] /sensor_fusion http://localhost:35449/
[rosmaster.master][INFO] 2026-08-30 09:41:54,217: -SUB [/mavros/local_position/pose] /sensor_fusion http://localhost:35449/
[rosmaster.master][INFO] 2026-08-30 09:41:54,216: publisherUpdate[/tracked_targets] -> http://localhost:33543/ []: sec=0.03, result=[1, '', 0]
[rosmaster.master][INFO] 2026-08-30 09:41:54,218: publisherUpdate[/target_tracking_controller/node_health] -> http://localhost:33631/ []
[rosmaster.master][INFO] 2026-08-30 09:41:54,217: -SUB [/yolo_detector/node_health] /health_checker http://localhost:33631/
[rosmaster.master][INFO] 2026-08-30 09:41:54,219: -SUB [/drone_control/command] /command_interpreter http://localhost:45669/
[rosmaster.master][INFO] 2026-08-30 09:41:54,219: -PUB [/rosout] /command_interpreter http://localhost:45669/
[rosmaster.master][INFO] 2026-08-30 09:41:54,220: -PUB [/drone_control/command_response] /command_interpreter http://localhost:45669/
[rosmaster.master][INFO] 2026-08-30 09:41:54,220: -PUB [/command_interpreter/node_health] /command_interpreter http://localhost:45669/
[rosmaster.master][INFO] 2026-08-30 09:41:54,220: -SERVICE [/command_interpreter/get_loggers] /command_interpreter rosrpc://localhost:41689
[rosmaster.master][INFO] 2026-08-30 09:41:54,220: -SERVICE [/command_interpreter/set_logger_level] /command_interpreter rosrpc://localhost:41689
[rosmaster.master][INFO] 2026-08-30 09:41:54,221: -SUB [/health/check_all] /system_health_monitor http://localhost:36277/
[rosmaster.master][INFO] 2026-08-30 09:41:54,221: -PUB [/rosout] /system_health_monitor http://localhost:36277/
[rosmaster.master][INFO] 2026-08-30 09:41:54,221: -PUB [/system_health] /system_health_monitor http://localhost:36277/
[rosmaster.master][INFO] 2026-08-30 09:41:54,222: -PUB [/diagnostic_status] /system_health_monitor http://localhost:36277/
[rosmaster.master][INFO] 2026-08-30 09:41:54,222: -PUB [/performance_metrics] /system_health_monitor http://localhost:36277/
[rosmaster.master][INFO] 2026-08-30 09:41:54,222: -PUB [/system_alert] /system_health_monitor http://localhost:36277/
[rosmaster.master][INFO] 2026-08-30 09:41:54,222: -SERVICE [/system_health_monitor/get_loggers] /system_health_monitor rosrpc://localhost:41403
[rosmaster.master][INFO] 2026-08-30 09:41:54,222: -SERVICE [/system_health_monitor/set_logger_level] /system_health_monitor rosrpc://localhost:41403
[rosmaster.master][INFO] 2026-08-30 09:41:54,223: -PUB [/rosout] /camera_calibration http://localhost:38767/
[rosmaster.master][INFO] 2026-08-30 09:41:54,223: -PUB [/camera/camera_info] /camera_calibration http://localhost:38767/
[rosmaster.master][INFO] 2026-08-30 09:41:54,223: -PUB [/tf] /camera_calibration http://localhost:38767/
[rosmaster.master][INFO] 2026-08-30 09:41:54,223: -SERVICE [/camera_calibration/get_loggers] /camera_calibration rosrpc://localhost:43659
[rosmaster.master][INFO] 2026-08-30 09:41:54,223: -SERVICE [/camera_calibration/set_logger_level] /camera_calibration rosrpc://localhost:43659
[rosmaster.master][INFO] 2026-08-30 09:41:54,224: -SUB [/drone_control/command] /yolo_detector http://localhost:38823/
[rosmaster.master][INFO] 2026-08-30 09:41:54,224: -SUB [/mission_status] /yolo_detector http://localhost:38823/
[rosmaster.master][INFO] 2026-08-30 09:41:54,224: -SUB [/camera/color/image_raw] /yolo_detector http://localhost:38823/
[rosmaster.master][INFO] 2026-08-30 09:41:54,224: -PUB [/rosout] /yolo_detector http://localhost:38823/
[rosmaster.master][INFO] 2026-08-30 09:41:54,224: -PUB [/yolo_detector/node_health] /yolo_detector http://localhost:38823/
[rosmaster.master][INFO] 2026-08-30 09:41:54,225: -SUB [/mavros/battery] /vehicle_state_monitor http://localhost:36505/
[rosmaster.master][INFO] 2026-08-30 09:41:54,226: -PUB [/rosout] /sensor_fusion http://localhost:35449/
[rosmaster.master][INFO] 2026-08-30 09:41:54,227: -PUB [/sensor_fusion/node_health] /sensor_fusion http://localhost:35449/
[rosmaster.master][INFO] 2026-08-30 09:41:54,228: publisherUpdate[/target_tracking_controller/node_health] -> http://localhost:33631/ []: sec=0.01, result=[1, '', 0]
[rosmaster.master][INFO] 2026-08-30 09:41:54,228: -PUB [/rosout] /mission_manager http://localhost:33543/
[rosmaster.master][INFO] 2026-08-30 09:41:54,229: -PUB [/mission_status] /mission_manager http://localhost:33543/
[rosmaster.master][INFO] 2026-08-30 09:41:54,229: -PUB [/mission_manager/node_health] /mission_manager http://localhost:33543/
[rosmaster.master][INFO] 2026-08-30 09:41:54,229: -SERVICE [/mission_manager/get_loggers] /mission_manager rosrpc://localhost:32923
[rosmaster.master][INFO] 2026-08-30 09:41:54,229: -SERVICE [/mission_manager/set_logger_level] /mission_manager rosrpc://localhost:32923
[rosmaster.master][INFO] 2026-08-30 09:41:54,230: -SUB [/target_tracking_controller/node_health] /health_checker http://localhost:33631/
[rosmaster.master][INFO] 2026-08-30 09:41:54,231: -SUB [/vehicle_state_monitor/node_health] /health_checker http://localhost:33631/
[rosmaster.master][INFO] 2026-08-30 09:41:54,231: -SUB [/mission_manager/node_health] /health_checker http://localhost:33631/
[rosmaster.master][INFO] 2026-08-30 09:41:54,231: -SUB [/safety_monitor/node_health] /health_checker http://localhost:33631/
[rosmaster.master][INFO] 2026-08-30 09:41:54,231: -SUB [/command_interpreter/node_health] /health_checker http://localhost:33631/
[rosmaster.master][INFO] 2026-08-30 09:41:54,231: -PUB [/rosout] /health_checker http://localhost:33631/
[rosmaster.master][INFO] 2026-08-30 09:41:54,228: publisherUpdate[/rosout] -> http://localhost:38639/ ['http://localhost:36277/', 'http://localhost:35449/', 'http://localhost:38883/', 'http://localhost:33631/', 'http://localhost:38767/', 'http://localhost:36505/', 'http://localhost:33543/', 'http://localhost:34887/', 'http://localhost:38823/']
[rosmaster.master][INFO] 2026-08-30 09:41:54,232: -PUB [/system_health] /health_checker http://localhost:33631/
[rosmaster.master][INFO] 2026-08-30 09:41:54,232: -SERVICE [/health_checker/get_loggers] /health_checker rosrpc://localhost:38115
[rosmaster.master][INFO] 2026-08-30 09:41:54,232: -SERVICE [/health_checker/set_logger_level] /health_checker rosrpc://localhost:38115
[rosmaster.master][INFO] 2026-08-30 09:41:54,233: -SUB [/mavros/local_position/velocity] /vehicle_state_monitor http://localhost:36505/
[rosmaster.master][INFO] 2026-08-30 09:41:54,233: -PUB [/rosout] /vehicle_state_monitor http://localhost:36505/
[rosmaster.master][INFO] 2026-08-30 09:41:54,233: -PUB [/drone_status] /vehicle_state_monitor http://localhost:36505/
[rosmaster.master][INFO] 2026-08-30 09:41:54,233: -PUB [/diagnostic_status] /vehicle_state_monitor http://localhost:36505/
[rosmaster.master][INFO] 2026-08-30 09:41:54,233: -PUB [/vehicle_state_monitor/node_health] /vehicle_state_monitor http://localhost:36505/
[rosmaster.master][INFO] 2026-08-30 09:41:54,233: -PUB [/battery_percentage] /vehicle_state_monitor http://localhost:36505/
[rosmaster.master][INFO] 2026-08-30 09:41:54,234: -SERVICE [/vehicle_state_monitor/get_loggers] /vehicle_state_monitor rosrpc://localhost:41445
[rosmaster.master][INFO] 2026-08-30 09:41:54,234: -SERVICE [/vehicle_state_monitor/set_logger_level] /vehicle_state_monitor rosrpc://localhost:41445
[rosmaster.master][INFO] 2026-08-30 09:41:54,234: -SERVICE [/drone_emergency_stop] /vehicle_state_monitor rosrpc://localhost:41445
[rosmaster.master][INFO] 2026-08-30 09:41:54,234: -SERVICE [/drone_arm] /vehicle_state_monitor rosrpc://localhost:41445
[rosmaster.master][INFO] 2026-08-30 09:41:54,234: -SERVICE [/drone_disarm] /vehicle_state_monitor rosrpc://localhost:41445
[rosmaster.master][INFO] 2026-08-30 09:41:54,234: -SERVICE [/drone_get_status] /vehicle_state_monitor rosrpc://localhost:41445
[rosmaster.master][INFO] 2026-08-30 09:41:54,235: -SERVICE [/health/check_all] /health_checker rosrpc://localhost:38115
[rosmaster.master][INFO] 2026-08-30 09:41:54,235: -SERVICE [/health/restart_node] /health_checker rosrpc://localhost:38115
[rosmaster.master][INFO] 2026-08-30 09:41:54,239: publisherUpdate[/rosout] -> http://localhost:38639/ ['http://localhost:36277/', 'http://localhost:35449/', 'http://localhost:38883/', 'http://localhost:33631/', 'http://localhost:38767/', 'http://localhost:36505/', 'http://localhost:33543/', 'http://localhost:34887/', 'http://localhost:38823/']: sec=0.01, result=[1, '', 0]
[rosmaster.master][INFO] 2026-08-30 09:41:54,239: publisherUpdate[/command_interpreter/node_health] -> http://localhost:33631/ []
[rosmaster.master][INFO] 2026-08-30 09:41:54,240: -SERVICE [/sensor_fusion/get_loggers] /sensor_fusion rosrpc://localhost:34051
[rosmaster.master][INFO] 2026-08-30 09:41:54,240: -SERVICE [/sensor_fusion/set_logger_level] /sensor_fusion rosrpc://localhost:34051
[rosmaster.master][INFO] 2026-08-30 09:41:54,245: -PUB [/command_response] /yolo_detector http://localhost:38823/
[rosmaster.master][INFO] 2026-08-30 09:41:54,246: -PUB [/detected_objects] /yolo_detector http://localhost:38823/
[rosmaster.master][INFO] 2026-08-30 09:41:54,246: -SERVICE [/yolo_detector/get_loggers] /yolo_detector rosrpc://localhost:33317
[rosmaster.master][INFO] 2026-08-30 09:41:54,246: -SERVICE [/yolo_detector/set_logger_level] /yolo_detector rosrpc://localhost:33317
[rosmaster.master][INFO] 2026-08-30 09:41:54,248: -PUB [/rosout] /safety_monitor http://localhost:34887/
[rosmaster.master][INFO] 2026-08-30 09:41:54,249: -PUB [/safety_status] /safety_monitor http://localhost:34887/
[rosmaster.master][INFO] 2026-08-30 09:41:54,249: -PUB [/safety_monitor/node_health] /safety_monitor http://localhost:34887/
[rosmaster.master][INFO] 2026-08-30 09:41:54,249: -PUB [/emergency_triggered] /safety_monitor http://localhost:34887/
[rosmaster.master][INFO] 2026-08-30 09:41:54,249: -SERVICE [/safety_monitor/get_loggers] /safety_monitor rosrpc://localhost:40011
[rosmaster.master][INFO] 2026-08-30 09:41:54,249: -SERVICE [/safety_monitor/set_logger_level] /safety_monitor rosrpc://localhost:40011
[rosmaster.master][INFO] 2026-08-30 09:41:54,249: -SERVICE [/safety/geofence_enable] /safety_monitor rosrpc://localhost:40011
[rosmaster.master][INFO] 2026-08-30 09:41:54,250: -SERVICE [/safety/geofence_disable] /safety_monitor rosrpc://localhost:40011
[rosmaster.master][INFO] 2026-08-30 09:41:54,250: -SERVICE [/safety/check] /safety_monitor rosrpc://localhost:40011
[rosmaster.master][INFO] 2026-08-30 09:41:54,250: -SERVICE [/safety/status] /safety_monitor rosrpc://localhost:40011
[rosmaster.master][INFO] 2026-08-30 09:41:54,251: publisherUpdate[/command_interpreter/node_health] -> http://localhost:33631/ []: sec=0.01, result=[1, '', 0]
[rosmaster.master][INFO] 2026-08-30 09:41:54,251: publisherUpdate[/rosout] -> http://localhost:38639/ ['http://localhost:35449/', 'http://localhost:38883/', 'http://localhost:33631/', 'http://localhost:38767/', 'http://localhost:36505/', 'http://localhost:33543/', 'http://localhost:34887/', 'http://localhost:38823/']
[rosmaster.master][INFO] 2026-08-30 09:41:54,253: publisherUpdate[/rosout] -> http://localhost:38639/ ['http://localhost:35449/', 'http://localhost:38883/', 'http://localhost:33631/', 'http://localhost:38767/', 'http://localhost:36505/', 'http://localhost:33543/', 'http://localhost:34887/', 'http://localhost:38823/']: sec=0.00, result=[1, '', 0]
[rosmaster.master][INFO] 2026-08-30 09:41:54,254: publisherUpdate[/rosout] -> http://localhost:38639/ ['http://localhost:35449/', 'http://localhost:38883/', 'http://localhost:33631/', 'http://localhost:36505/', 'http://localhost:33543/', 'http://localhost:34887/', 'http://localhost:38823/']
[rosmaster.master][INFO] 2026-08-30 09:41:54,257: publisherUpdate[/rosout] -> http://localhost:38639/ ['http://localhost:35449/', 'http://localhost:38883/', 'http://localhost:33631/', 'http://localhost:36505/', 'http://localhost:33543/', 'http://localhost:34887/', 'http://localhost:38823/']: sec=0.00, result=[1, '', 0]
[rosmaster.master][INFO] 2026-08-30 09:41:54,257: publisherUpdate[/rosout] -> http://localhost:38639/ ['http://localhost:35449/', 'http://localhost:38883/', 'http://localhost:33631/', 'http://localhost:36505/', 'http://localhost:33543/', 'http://localhost:34887/']
[rosmaster.master][INFO] 2026-08-30 09:41:54,259: publisherUpdate[/rosout] -> http://localhost:38639/ ['http://localhost:35449/', 'http://localhost:38883/', 'http://localhost:33631/', 'http://localhost:36505/', 'http://localhost:33543/', 'http://localhost:34887/']: sec=0.00, result=[1, '', 0]
[rosmaster.master][INFO] 2026-08-30 09:41:54,260: publisherUpdate[/rosout] -> http://localhost:38639/ ['http://localhost:38883/', 'http://localhost:33631/', 'http://localhost:36505/', 'http://localhost:33543/', 'http://localhost:34887/']
[rosmaster.master][INFO] 2026-08-30 09:41:54,261: publisherUpdate[/rosout] -> http://localhost:38639/ ['http://localhost:38883/', 'http://localhost:33631/', 'http://localhost:36505/', 'http://localhost:33543/', 'http://localhost:34887/']: sec=0.00, result=[1, '', 0]
[rosmaster.master][INFO] 2026-08-30 09:41:54,261: publisherUpdate[/rosout] -> http://localhost:38639/ ['http://localhost:38883/', 'http://localhost:33631/', 'http://localhost:36505/', 'http://localhost:34887/']
[rosmaster.master][INFO] 2026-08-30 09:41:54,261: publisherUpdate[/mission_manager/node_health] -> http://localhost:33631/ []
[rosmaster.master][INFO] 2026-08-30 09:41:54,263: publisherUpdate[/rosout] -> http://localhost:38639/ ['http://localhost:38883/', 'http://localhost:33631/', 'http://localhost:36505/', 'http://localhost:34887/']: sec=0.00, result=[1, '', 0]
[rosmaster.master][INFO] 2026-08-30 09:41:54,267: publisherUpdate[/rosout] -> http://localhost:38639/ ['http://localhost:38883/', 'http://localhost:36505/', 'http://localhost:34887/']
[rosmaster.master][INFO] 2026-08-30 09:41:54,266: publisherUpdate[/mission_manager/node_health] -> http://localhost:33631/ []: sec=0.00, exception=[Errno 111] Connection refused
[rosmaster.master][INFO] 2026-08-30 09:41:54,268: publisherUpdate[/rosout] -> http://localhost:38639/ ['http://localhost:38883/', 'http://localhost:36505/', 'http://localhost:34887/']: sec=0.00, result=[1, '', 0]
[rosmaster.master][INFO] 2026-08-30 09:41:54,269: publisherUpdate[/rosout] -> http://localhost:38639/ ['http://localhost:38883/', 'http://localhost:34887/']
[rosmaster.master][INFO] 2026-08-30 09:41:54,272: publisherUpdate[/rosout] -> http://localhost:38639/ ['http://localhost:38883/', 'http://localhost:34887/']: sec=0.00, result=[1, '', 0]
[rosmaster.master][INFO] 2026-08-30 09:41:54,272: publisherUpdate[/rosout] -> http://localhost:38639/ ['http://localhost:38883/']
[rosmaster.master][INFO] 2026-08-30 09:41:54,275: publisherUpdate[/rosout] -> http://localhost:38639/ ['http://localhost:38883/']: sec=0.00, result=[1, '', 0]
[rosmaster.threadpool][ERROR] 2026-08-30 09:41:54,278: Traceback (most recent call last):
  File "/opt/ros/noetic/lib/python3/dist-packages/rosmaster/threadpool.py", line 218, in run
    result = cmd(*args)
  File "/opt/ros/noetic/lib/python3/dist-packages/rosmaster/master_api.py", line 210, in publisher_update_task
    ret = xmlrpcapi(api).publisherUpdate('/master', topic, pub_uris)
  File "/usr/lib/python3.8/xmlrpc/client.py", line 1109, in __call__
    return self.__send(self.__name, args)
  File "/usr/lib/python3.8/xmlrpc/client.py", line 1450, in __request
    response = self.__transport.request(
  File "/usr/lib/python3.8/xmlrpc/client.py", line 1153, in request
    return self.single_request(host, handler, request_body, verbose)
  File "/usr/lib/python3.8/xmlrpc/client.py", line 1165, in single_request
    http_conn = self.send_request(host, handler, request_body, verbose)
  File "/usr/lib/python3.8/xmlrpc/client.py", line 1278, in send_request
    self.send_content(connection, request_body)
  File "/usr/lib/python3.8/xmlrpc/client.py", line 1308, in send_content
    connection.endheaders(request_body)
  File "/usr/lib/python3.8/http/client.py", line 1251, in endheaders
    self._send_output(message_body, encode_chunked=encode_chunked)
  File "/usr/lib/python3.8/http/client.py", line 1011, in _send_output
    self.send(msg)
  File "/usr/lib/python3.8/http/client.py", line 951, in send
    self.connect()
  File "/usr/lib/python3.8/http/client.py", line 922, in connect
    self.sock = self._create_connection(
  File "/usr/lib/python3.8/socket.py", line 808, in create_connection
    raise err
  File "/usr/lib/python3.8/socket.py", line 796, in create_connection
    sock.connect(sa)
ConnectionRefusedError: [Errno 111] Connection refused

[rosmaster.master][INFO] 2026-08-30 09:41:55,124: -PUB [/rosout] /parameter_validator http://localhost:38883/
[rosmaster.master][INFO] 2026-08-30 09:41:55,125: -SERVICE [/parameter_validator/get_loggers] /parameter_validator rosrpc://localhost:40633
[rosmaster.master][INFO] 2026-08-30 09:41:55,125: -SERVICE [/parameter_validator/set_logger_level] /parameter_validator rosrpc://localhost:40633
[rosmaster.master][INFO] 2026-08-30 09:41:55,189: publisherUpdate[/rosout] -> http://localhost:38639/ []
[rosmaster.master][INFO] 2026-08-30 09:41:55,196: publisherUpdate[/rosout] -> http://localhost:38639/ []: sec=0.01, result=[1, '', 0]
[rosmaster.master][INFO] 2026-08-30 09:41:55,922: -PUB [/rosout_agg] /rosout http://localhost:38639/
[rosmaster.master][INFO] 2026-08-30 09:41:55,923: -SUB [/rosout] /rosout http://localhost:38639/
[rosmaster.master][INFO] 2026-08-30 09:41:55,924: -SERVICE [/rosout/get_loggers] /rosout rosrpc://localhost:33695
[rosmaster.master][INFO] 2026-08-30 09:41:55,924: -SERVICE [/rosout/set_logger_level] /rosout rosrpc://localhost:33695
[rosmaster.master][INFO] 2026-08-30 09:41:55,926: -CACHEDPARAM [/rosout/omit_topics] by /rosout
[rosmaster.main][INFO] 2026-08-30 09:41:56,032: keyboard interrupt, will exit
[rosmaster.main][INFO] 2026-08-30 09:41:56,032: stopping master...
[rospy.core][INFO] 2026-08-30 09:41:56,033: signal_shutdown [atexit]
