[rosmaster.main][INFO] 2026-08-30 00:17:39,506: initialization complete, waiting for shutdown
[rosmaster.main][INFO] 2026-08-30 00:17:39,510: Starting ROS Master Node
[xmlrpc][INFO] 2026-08-30 00:17:39,518: XML-RPC server binding to 127.0.0.1:11311
[xmlrpc][INFO] 2026-08-30 00:17:39,522: Started XML-RPC server [http://localhost:11311/]
[rosmaster.master][INFO] 2026-08-30 00:17:39,523: Master initialized: port[11311], uri[http://localhost:11311/]
[xmlrpc][INFO] 2026-08-30 00:17:39,523: xml rpc node: starting XML-RPC server
[rosmaster.master][INFO] 2026-08-30 00:17:39,558: +PARAM [/run_id] by /roslaunch
[rosmaster.master][INFO] 2026-08-30 00:17:39,562: +PARAM [/roslaunch/uris/host_localhost__36221] by /roslaunch
[rosmaster.master][INFO] 2026-08-30 00:17:39,623: +PUB [/rosout] /trajectory_planner http://localhost:36207/
[rosmaster.master][INFO] 2026-08-30 00:17:39,641: +SERVICE [/trajectory_planner/get_loggers] /trajectory_planner http://localhost:36207/
[rosmaster.master][INFO] 2026-08-30 00:17:39,645: +SERVICE [/trajectory_planner/set_logger_level] /trajectory_planner http://localhost:36207/
[rosmaster.master][INFO] 2026-08-30 00:17:39,788: +SUB [/mavros/local_position/odom] /trajectory_planner http://localhost:36207/
[rosmaster.master][INFO] 2026-08-30 00:17:39,793: +PARAM [/rosversion] by /roslaunch
[rosmaster.master][INFO] 2026-08-30 00:17:39,794: +PARAM [/rosdistro] by /roslaunch
[rosmaster.master][INFO] 2026-08-30 00:17:39,795: +PARAM [/target_params/detection/model/path] by /roslaunch
[rosmaster.master][INFO] 2026-08-30 00:17:39,795: +PARAM [/target_params/detection/model/device] by /roslaunch
[rosmaster.master][INFO] 2026-08-30 00:17:39,795: +PARAM [/target_params/detection/model/input_size] by /roslaunch
[rosmaster.master][INFO] 2026-08-30 00:17:39,796: +PARAM [/target_params/detection/model/batch_size] by /roslaunch
[rosmaster.master][INFO] 2026-08-30 00:17:39,796: +PARAM [/target_params/detection/confidence_threshold] by /roslaunch
[rosmaster.master][INFO] 2026-08-30 00:17:39,798: +PARAM [/target_params/detection/nms_threshold] by /roslaunch
[rosmaster.master][INFO] 2026-08-30 00:17:39,799: +PARAM [/target_params/detection/max_detections] by /roslaunch
[rosmaster.master][INFO] 2026-08-30 00:17:39,799: +PARAM [/target_params/detection/vehicle_classes] by /roslaunch
[rosmaster.master][INFO] 2026-08-30 00:17:39,799: +PARAM [/target_params/detection/class_thresholds/class_1] by /roslaunch
[rosmaster.master][INFO] 2026-08-30 00:17:39,799: +PARAM [/target_params/detection/class_thresholds/class_2] by /roslaunch
[rosmaster.master][INFO] 2026-08-30 00:17:39,800: +PARAM [/target_params/detection/class_thresholds/class_3] by /roslaunch
[rosmaster.master][INFO] 2026-08-30 00:17:39,800: +PARAM [/target_params/detection/class_thresholds/class_5] by /roslaunch
[rosmaster.master][INFO] 2026-08-30 00:17:39,800: +PARAM [/target_params/detection/class_thresholds/class_6] by /roslaunch
[rosmaster.master][INFO] 2026-08-30 00:17:39,800: +PARAM [/target_params/detection/class_thresholds/class_7] by /roslaunch
[rosmaster.master][INFO] 2026-08-30 00:17:39,801: +PARAM [/target_params/detection/class_thresholds/class_8] by /roslaunch
[rosmaster.master][INFO] 2026-08-30 00:17:39,801: +PARAM [/target_params/detection/performance/max_fps] by /roslaunch
[rosmaster.master][INFO] 2026-08-30 00:17:39,801: +PARAM [/target_params/detection/performance/frame_skip] by /roslaunch
[rosmaster.master][INFO] 2026-08-30 00:17:39,804: +PARAM [/target_params/detection/performance/parallel_inference] by /roslaunch
[rosmaster.master][INFO] 2026-08-30 00:17:39,805: +PARAM [/target_params/detection/performance/gpu_memory_limit] by /roslaunch
[rosmaster.master][INFO] 2026-08-30 00:17:39,807: -SUB [/mavros/local_position/odom] /trajectory_planner http://localhost:36207/
[rosmaster.master][INFO] 2026-08-30 00:17:39,807: +PARAM [/target_params/tracking/engagement_distance] by /roslaunch
[rosmaster.master][INFO] 2026-08-30 00:17:39,808: -PUB [/rosout] /trajectory_planner http://localhost:36207/
[rosmaster.master][INFO] 2026-08-30 00:17:39,809: +PARAM [/target_params/tracking/attack_distance] by /roslaunch
[rosmaster.master][INFO] 2026-08-30 00:17:39,811: +PARAM [/target_params/tracking/disengagement_distance] by /roslaunch
[rosmaster.master][INFO] 2026-08-30 00:17:39,811: +PARAM [/target_params/tracking/max_tracks] by /roslaunch
[rosmaster.master][INFO] 2026-08-30 00:17:39,811: +PARAM [/target_params/tracking/max_lost_frames] by /roslaunch
[rosmaster.master][INFO] 2026-08-30 00:17:39,809: -SERVICE [/trajectory_planner/get_loggers] /trajectory_planner rosrpc://localhost:46691
[rosmaster.master][INFO] 2026-08-30 00:17:39,812: +PARAM [/target_params/tracking/min_track_length] by /roslaunch
[rosmaster.master][INFO] 2026-08-30 00:17:39,813: -SERVICE [/trajectory_planner/set_logger_level] /trajectory_planner rosrpc://localhost:46691
[rosmaster.master][INFO] 2026-08-30 00:17:39,813: +PARAM [/target_params/tracking/track_confidence_threshold] by /roslaunch
[rosmaster.master][INFO] 2026-08-30 00:17:39,818: +PARAM [/target_params/tracking/association/iou_threshold] by /roslaunch
[rosmaster.master][INFO] 2026-08-30 00:17:39,818: +PARAM [/target_params/tracking/association/distance_threshold] by /roslaunch
[rosmaster.master][INFO] 2026-08-30 00:17:39,819: +PARAM [/target_params/tracking/association/appearance_weight] by /roslaunch
[rosmaster.master][INFO] 2026-08-30 00:17:39,819: +PARAM [/target_params/tracking/association/motion_weight] by /roslaunch
[rosmaster.master][INFO] 2026-08-30 00:17:39,820: +PARAM [/target_params/tracking/kalman/dt] by /roslaunch
[rosmaster.master][INFO] 2026-08-30 00:17:39,820: +PARAM [/target_params/tracking/kalman/process_noise] by /roslaunch
[rosmaster.master][INFO] 2026-08-30 00:17:39,820: +PARAM [/target_params/tracking/kalman/measurement_noise] by /roslaunch
[rosmaster.master][INFO] 2026-08-30 00:17:39,820: +PARAM [/target_params/tracking/kalman/initial_velocity] by /roslaunch
[rosmaster.master][INFO] 2026-08-30 00:17:39,820: +PARAM [/target_params/tracking/kalman/state_dim] by /roslaunch
[rosmaster.master][INFO] 2026-08-30 00:17:39,821: +PARAM [/target_params/tracking/kalman/measurement_dim] by /roslaunch
[rosmaster.master][INFO] 2026-08-30 00:17:39,821: +PARAM [/target_params/behavior/speed_classes/stationary] by /roslaunch
[rosmaster.master][INFO] 2026-08-30 00:17:39,821: +PARAM [/target_params/behavior/speed_classes/slow] by /roslaunch
[rosmaster.master][INFO] 2026-08-30 00:17:39,822: +PARAM [/target_params/behavior/speed_classes/medium] by /roslaunch
[rosmaster.master][INFO] 2026-08-30 00:17:39,822: +PARAM [/target_params/behavior/speed_classes/fast] by /roslaunch
[rosmaster.master][INFO] 2026-08-30 00:17:39,823: +PARAM [/target_params/behavior/speed_classes/extreme] by /roslaunch
[rosmaster.master][INFO] 2026-08-30 00:17:39,823: +PARAM [/target_params/behavior/models/random_walk/noise_scale] by /roslaunch
[rosmaster.master][INFO] 2026-08-30 00:17:39,824: +PARAM [/target_params/behavior/models/random_walk/persistence] by /roslaunch
[rosmaster.master][INFO] 2026-08-30 00:17:39,826: +PARAM [/target_params/behavior/models/pursuit/max_acceleration] by /roslaunch
[rosmaster.master][INFO] 2026-08-30 00:17:39,827: +PARAM [/target_params/behavior/models/pursuit/max_turn_rate] by /roslaunch
[rosmaster.master][INFO] 2026-08-30 00:17:39,827: +PARAM [/target_params/behavior/models/evasion/max_acceleration] by /roslaunch
[rosmaster.master][INFO] 2026-08-30 00:17:39,828: +PARAM [/target_params/behavior/models/evasion/max_turn_rate] by /roslaunch
[rosmaster.master][INFO] 2026-08-30 00:17:39,828: +PARAM [/target_params/behavior/threat/distance_weights] by /roslaunch
[rosmaster.master][INFO] 2026-08-30 00:17:39,828: +PARAM [/target_params/behavior/threat/speed_thresholds/low] by /roslaunch
[rosmaster.master][INFO] 2026-08-30 00:17:39,828: +PARAM [/target_params/behavior/threat/speed_thresholds/medium] by /roslaunch
[rosmaster.master][INFO] 2026-08-30 00:17:39,829: +PARAM [/target_params/behavior/threat/speed_thresholds/high] by /roslaunch
[rosmaster.master][INFO] 2026-08-30 00:17:39,829: +PARAM [/target_params/behavior/threat/priority_boost] by /roslaunch
[rosmaster.master][INFO] 2026-08-30 00:17:39,831: +PARAM [/target_params/performance/update_rates/detection] by /roslaunch
[rosmaster.master][INFO] 2026-08-30 00:17:39,831: +PARAM [/target_params/performance/update_rates/tracking] by /roslaunch
[rosmaster.master][INFO] 2026-08-30 00:17:39,832: +PARAM [/target_params/performance/update_rates/control] by /roslaunch
[rosmaster.master][INFO] 2026-08-30 00:17:39,832: +PARAM [/target_params/performance/update_rates/state] by /roslaunch
[rosmaster.master][INFO] 2026-08-30 00:17:39,832: +PARAM [/target_params/performance/latency/max_detection] by /roslaunch
[rosmaster.master][INFO] 2026-08-30 00:17:39,832: +PARAM [/target_params/performance/latency/max_tracking] by /roslaunch
[rosmaster.master][INFO] 2026-08-30 00:17:39,833: +PARAM [/target_params/performance/latency/max_control] by /roslaunch
[rosmaster.master][INFO] 2026-08-30 00:17:39,833: +PARAM [/target_params/performance/resources/max_memory_mb] by /roslaunch
[rosmaster.master][INFO] 2026-08-30 00:17:39,833: +PARAM [/target_params/performance/resources/max_cpu_percent] by /roslaunch
[rosmaster.master][INFO] 2026-08-30 00:17:39,833: +PARAM [/target_params/performance/resources/max_gpu_memory_mb] by /roslaunch
[rosmaster.master][INFO] 2026-08-30 00:17:39,833: +PARAM [/target_params/camera/fx] by /roslaunch
[rosmaster.master][INFO] 2026-08-30 00:17:39,834: +PARAM [/target_params/camera/fy] by /roslaunch
[rosmaster.master][INFO] 2026-08-30 00:17:39,834: +PARAM [/target_params/camera/cx] by /roslaunch
[rosmaster.master][INFO] 2026-08-30 00:17:39,834: +PARAM [/target_params/camera/cy] by /roslaunch
[rosmaster.master][INFO] 2026-08-30 00:17:39,834: +PARAM [/target_params/camera/width] by /roslaunch
[rosmaster.master][INFO] 2026-08-30 00:17:39,834: +PARAM [/target_params/camera/height] by /roslaunch
[rosmaster.master][INFO] 2026-08-30 00:17:39,835: +PARAM [/target_params/camera/fov] by /roslaunch
[rosmaster.master][INFO] 2026-08-30 00:17:39,835: +PARAM [/camera_calib/camera/id] by /roslaunch
[rosmaster.master][INFO] 2026-08-30 00:17:39,835: +PARAM [/camera_calib/camera/model] by /roslaunch
[rosmaster.master][INFO] 2026-08-30 00:17:39,835: +PARAM [/camera_calib/camera/width] by /roslaunch
[rosmaster.master][INFO] 2026-08-30 00:17:39,835: +PARAM [/camera_calib/camera/height] by /roslaunch
[rosmaster.master][INFO] 2026-08-30 00:17:39,836: +PARAM [/camera_calib/camera/intrinsic/fx] by /roslaunch
[rosmaster.master][INFO] 2026-08-30 00:17:39,838: +PARAM [/camera_calib/camera/intrinsic/fy] by /roslaunch
[rosmaster.master][INFO] 2026-08-30 00:17:39,839: +PARAM [/camera_calib/camera/intrinsic/cx] by /roslaunch
[rosmaster.master][INFO] 2026-08-30 00:17:39,839: +PARAM [/camera_calib/camera/intrinsic/cy] by /roslaunch
[rosmaster.master][INFO] 2026-08-30 00:17:39,839: +PARAM [/camera_calib/camera/intrinsic/fov] by /roslaunch
[rosmaster.master][INFO] 2026-08-30 00:17:39,839: +PARAM [/camera_calib/camera/distortion/model] by /roslaunch
[rosmaster.master][INFO] 2026-08-30 00:17:39,839: +PARAM [/camera_calib/camera/distortion/coefficients/k1] by /roslaunch
[rosmaster.master][INFO] 2026-08-30 00:17:39,840: +PARAM [/camera_calib/camera/distortion/coefficients/k2] by /roslaunch
[rosmaster.master][INFO] 2026-08-30 00:17:39,840: +PARAM [/camera_calib/camera/distortion/coefficients/p1] by /roslaunch
[rosmaster.master][INFO] 2026-08-30 00:17:39,840: +PARAM [/camera_calib/camera/distortion/coefficients/p2] by /roslaunch
[rosmaster.master][INFO] 2026-08-30 00:17:39,840: +PARAM [/camera_calib/camera/distortion/coefficients/k3] by /roslaunch
[rosmaster.master][INFO] 2026-08-30 00:17:39,840: +PARAM [/camera_calib/camera/projection/P] by /roslaunch
[rosmaster.master][INFO] 2026-08-30 00:17:39,840: +PARAM [/camera_calib/camera/rectification/R] by /roslaunch
[rosmaster.master][INFO] 2026-08-30 00:17:39,840: +PARAM [/camera_calib/camera/extrinsic/translation] by /roslaunch
[rosmaster.master][INFO] 2026-08-30 00:17:39,841: +PARAM [/camera_calib/camera/extrinsic/rotation] by /roslaunch
[rosmaster.master][INFO] 2026-08-30 00:17:39,841: +PARAM [/camera_calib/camera/extrinsic/rotation_matrix] by /roslaunch
[rosmaster.master][INFO] 2026-08-30 00:17:39,841: +PARAM [/camera_calib/camera/calibration/date] by /roslaunch
[rosmaster.master][INFO] 2026-08-30 00:17:39,842: +PARAM [/camera_calib/camera/calibration/method] by /roslaunch
[rosmaster.master][INFO] 2026-08-30 00:17:39,842: +PARAM [/camera_calib/camera/calibration/reprojection_error] by /roslaunch
[rosmaster.master][INFO] 2026-08-30 00:17:39,842: +PARAM [/camera_calib/camera/calibration/status] by /roslaunch
[rosmaster.master][INFO] 2026-08-30 00:17:39,843: +PARAM [/camera_calib/image_processing/preprocessing/resize] by /roslaunch
[rosmaster.master][INFO] 2026-08-30 00:17:39,843: +PARAM [/camera_calib/image_processing/preprocessing/normalize] by /roslaunch
[rosmaster.master][INFO] 2026-08-30 00:17:39,843: +PARAM [/camera_calib/image_processing/preprocessing/mean] by /roslaunch
[rosmaster.master][INFO] 2026-08-30 00:17:39,843: +PARAM [/camera_calib/image_processing/preprocessing/std] by /roslaunch
[rosmaster.master][INFO] 2026-08-30 00:17:39,843: +PARAM [/camera_calib/image_processing/color_space] by /roslaunch
[rosmaster.master][INFO] 2026-08-30 00:17:39,843: +PARAM [/camera_calib/image_processing/roi/enabled] by /roslaunch
[rosmaster.master][INFO] 2026-08-30 00:17:39,844: +PARAM [/camera_calib/image_processing/roi/x] by /roslaunch
[rosmaster.master][INFO] 2026-08-30 00:17:39,844: +PARAM [/camera_calib/image_processing/roi/y] by /roslaunch
[rosmaster.master][INFO] 2026-08-30 00:17:39,844: +PARAM [/camera_calib/image_processing/roi/width] by /roslaunch
[rosmaster.master][INFO] 2026-08-30 00:17:39,844: +PARAM [/camera_calib/image_processing/roi/height] by /roslaunch
[rosmaster.master][INFO] 2026-08-30 00:17:39,844: +PARAM [/camera_calib/image_processing/augmentation/horizontal_flip] by /roslaunch
[rosmaster.master][INFO] 2026-08-30 00:17:39,844: +PARAM [/camera_calib/image_processing/augmentation/rotation] by /roslaunch
[rosmaster.master][INFO] 2026-08-30 00:17:39,844: +PARAM [/camera_calib/image_processing/augmentation/scale] by /roslaunch
[rosmaster.master][INFO] 2026-08-30 00:17:39,844: +PARAM [/camera_calib/image_processing/augmentation/brightness] by /roslaunch
[rosmaster.master][INFO] 2026-08-30 00:17:39,845: +PARAM [/camera_calib/stereo/enabled] by /roslaunch
[rosmaster.master][INFO] 2026-08-30 00:17:39,845: +PARAM [/camera_calib/stereo/baseline] by /roslaunch
[rosmaster.master][INFO] 2026-08-30 00:17:39,846: +PARAM [/camera_calib/stereo/depth/min_distance] by /roslaunch
[rosmaster.master][INFO] 2026-08-30 00:17:39,846: +PARAM [/camera_calib/stereo/depth/max_distance] by /roslaunch
[rosmaster.master][INFO] 2026-08-30 00:17:39,846: +PARAM [/camera_calib/stereo/depth/disparity_range] by /roslaunch
[rosmaster.master][INFO] 2026-08-30 00:17:39,847: +PARAM [/camera_calib/stereo/matching/algorithm] by /roslaunch
[rosmaster.master][INFO] 2026-08-30 00:17:39,847: +PARAM [/camera_calib/stereo/matching/num_disparities] by /roslaunch
[rosmaster.master][INFO] 2026-08-30 00:17:39,848: +PARAM [/camera_calib/stereo/matching/block_size] by /roslaunch
[rosmaster.master][INFO] 2026-08-30 00:17:39,848: +PARAM [/camera_calib/stereo/matching/p1] by /roslaunch
[rosmaster.master][INFO] 2026-08-30 00:17:39,848: +PARAM [/camera_calib/stereo/matching/p2] by /roslaunch
[rosmaster.master][INFO] 2026-08-30 00:17:39,848: +PARAM [/flight_control/pid/position/x/p] by /roslaunch
[rosmaster.master][INFO] 2026-08-30 00:17:39,849: +PARAM [/flight_control/pid/position/x/i] by /roslaunch
[rosmaster.master][INFO] 2026-08-30 00:17:39,849: +PARAM [/flight_control/pid/position/x/d] by /roslaunch
[rosmaster.master][INFO] 2026-08-30 00:17:39,849: +PARAM [/flight_control/pid/position/x/integral_clamp] by /roslaunch
[rosmaster.master][INFO] 2026-08-30 00:17:39,849: +PARAM [/flight_control/pid/position/y/p] by /roslaunch
[rosmaster.master][INFO] 2026-08-30 00:17:39,849: +PARAM [/flight_control/pid/position/y/i] by /roslaunch
[rosmaster.master][INFO] 2026-08-30 00:17:39,850: +PARAM [/flight_control/pid/position/y/d] by /roslaunch
[rosmaster.master][INFO] 2026-08-30 00:17:39,850: +PARAM [/flight_control/pid/position/y/integral_clamp] by /roslaunch
[rosmaster.master][INFO] 2026-08-30 00:17:39,850: +PARAM [/flight_control/pid/position/z/p] by /roslaunch
[rosmaster.master][INFO] 2026-08-30 00:17:39,850: +PARAM [/flight_control/pid/position/z/i] by /roslaunch
[rosmaster.master][INFO] 2026-08-30 00:17:39,851: +PARAM [/flight_control/pid/position/z/d] by /roslaunch
[rosmaster.master][INFO] 2026-08-30 00:17:39,851: +PARAM [/flight_control/pid/position/z/integral_clamp] by /roslaunch
[rosmaster.master][INFO] 2026-08-30 00:17:39,852: +PARAM [/flight_control/pid/velocity/x/p] by /roslaunch
[rosmaster.master][INFO] 2026-08-30 00:17:39,852: +PARAM [/flight_control/pid/velocity/x/i] by /roslaunch
[rosmaster.master][INFO] 2026-08-30 00:17:39,852: +PARAM [/flight_control/pid/velocity/x/d] by /roslaunch
[rosmaster.master][INFO] 2026-08-30 00:17:39,853: +PARAM [/flight_control/pid/velocity/y/p] by /roslaunch
[rosmaster.master][INFO] 2026-08-30 00:17:39,854: +PARAM [/flight_control/pid/velocity/y/i] by /roslaunch
[rosmaster.master][INFO] 2026-08-30 00:17:39,854: +PARAM [/flight_control/pid/velocity/y/d] by /roslaunch
[rosmaster.master][INFO] 2026-08-30 00:17:39,854: +PARAM [/flight_control/pid/velocity/z/p] by /roslaunch
[rosmaster.master][INFO] 2026-08-30 00:17:39,854: +PARAM [/flight_control/pid/velocity/z/i] by /roslaunch
[rosmaster.master][INFO] 2026-08-30 00:17:39,855: +PARAM [/flight_control/pid/velocity/z/d] by /roslaunch
[rosmaster.master][INFO] 2026-08-30 00:17:39,856: +PARAM [/flight_control/pid/attitude/roll/p] by /roslaunch
[rosmaster.master][INFO] 2026-08-30 00:17:39,856: +PARAM [/flight_control/pid/attitude/roll/i] by /roslaunch
[rosmaster.master][INFO] 2026-08-30 00:17:39,857: +PARAM [/flight_control/pid/attitude/roll/d] by /roslaunch
[rosmaster.master][INFO] 2026-08-30 00:17:39,857: +PARAM [/flight_control/pid/attitude/pitch/p] by /roslaunch
[rosmaster.master][INFO] 2026-08-30 00:17:39,857: +PARAM [/flight_control/pid/attitude/pitch/i] by /roslaunch
[rosmaster.master][INFO] 2026-08-30 00:17:39,858: +PARAM [/flight_control/pid/attitude/pitch/d] by /roslaunch
[rosmaster.master][INFO] 2026-08-30 00:17:39,858: +PARAM [/flight_control/pid/attitude/yaw/p] by /roslaunch
[rosmaster.master][INFO] 2026-08-30 00:17:39,858: +PARAM [/flight_control/pid/attitude/yaw/i] by /roslaunch
[rosmaster.master][INFO] 2026-08-30 00:17:39,858: +PARAM [/flight_control/pid/attitude/yaw/d] by /roslaunch
[rosmaster.master][INFO] 2026-08-30 00:17:39,858: +PARAM [/flight_control/pid/rate/roll/p] by /roslaunch
[rosmaster.master][INFO] 2026-08-30 00:17:39,859: +PARAM [/flight_control/pid/rate/roll/i] by /roslaunch
[rosmaster.master][INFO] 2026-08-30 00:17:39,859: +PARAM [/flight_control/pid/rate/roll/d] by /roslaunch
[rosmaster.master][INFO] 2026-08-30 00:17:39,859: +PARAM [/flight_control/pid/rate/pitch/p] by /roslaunch
[rosmaster.master][INFO] 2026-08-30 00:17:39,859: +PARAM [/flight_control/pid/rate/pitch/i] by /roslaunch
[rosmaster.master][INFO] 2026-08-30 00:17:39,859: +PARAM [/flight_control/pid/rate/pitch/d] by /roslaunch
[rosmaster.master][INFO] 2026-08-30 00:17:39,859: +PARAM [/flight_control/pid/rate/yaw/p] by /roslaunch
[rosmaster.master][INFO] 2026-08-30 00:17:39,860: +PARAM [/flight_control/pid/rate/yaw/i] by /roslaunch
[rosmaster.master][INFO] 2026-08-30 00:17:39,860: +PARAM [/flight_control/pid/rate/yaw/d] by /roslaunch
[rosmaster.master][INFO] 2026-08-30 00:17:39,860: +PARAM [/flight_control/dynamics/constraints/max_velocity] by /roslaunch
[rosmaster.master][INFO] 2026-08-30 00:17:39,860: +PARAM [/flight_control/dynamics/constraints/max_acceleration] by /roslaunch
[rosmaster.master][INFO] 2026-08-30 00:17:39,862: +PARAM [/flight_control/dynamics/constraints/max_yaw_rate] by /roslaunch
[rosmaster.master][INFO] 2026-08-30 00:17:39,862: +PARAM [/flight_control/dynamics/safety_margins/min_altitude] by /roslaunch
[rosmaster.master][INFO] 2026-08-30 00:17:39,862: +PARAM [/flight_control/dynamics/safety_margins/max_altitude] by /roslaunch
[rosmaster.master][INFO] 2026-08-30 00:17:39,863: +PARAM [/flight_control/dynamics/safety_margins/max_tilt] by /roslaunch
[rosmaster.master][INFO] 2026-08-30 00:17:39,863: +PARAM [/flight_control/dynamics/safety_margins/max_rotation_rate] by /roslaunch
[rosmaster.master][INFO] 2026-08-30 00:17:39,863: +PARAM [/flight_control/dynamics/vehicle/mass] by /roslaunch
[rosmaster.master][INFO] 2026-08-30 00:17:39,865: +PARAM [/flight_control/dynamics/vehicle/moment_of_inertia] by /roslaunch
[rosmaster.master][INFO] 2026-08-30 00:17:39,865: +PARAM [/flight_control/dynamics/vehicle/thrust_to_weight] by /roslaunch
[rosmaster.master][INFO] 2026-08-30 00:17:39,866: +PARAM [/flight_control/dynamics/vehicle/max_thrust] by /roslaunch
[rosmaster.master][INFO] 2026-08-30 00:17:39,866: +PARAM [/flight_control/mission/search_patterns/type] by /roslaunch
[rosmaster.master][INFO] 2026-08-30 00:17:39,866: +PARAM [/flight_control/mission/search_patterns/params/radius] by /roslaunch
[rosmaster.master][INFO] 2026-08-30 00:17:39,867: +PARAM [/flight_control/mission/search_patterns/params/spacing] by /roslaunch
[rosmaster.master][INFO] 2026-08-30 00:17:39,867: +PARAM [/flight_control/mission/search_patterns/params/altitude] by /roslaunch
[rosmaster.master][INFO] 2026-08-30 00:17:39,867: +PARAM [/flight_control/mission/engagement/mode] by /roslaunch
[rosmaster.master][INFO] 2026-08-30 00:17:39,867: +PARAM [/flight_control/mission/engagement/priority_high] by /roslaunch
[rosmaster.master][INFO] 2026-08-30 00:17:39,868: +PARAM [/flight_control/mission/engagement/priority_low] by /roslaunch
[rosmaster.master][INFO] 2026-08-30 00:17:39,868: +PARAM [/flight_control/mission/collision_avoidance/enable] by /roslaunch
[rosmaster.master][INFO] 2026-08-30 00:17:39,868: +PARAM [/flight_control/mission/collision_avoidance/min_distance] by /roslaunch
[rosmaster.master][INFO] 2026-08-30 00:17:39,868: +PARAM [/flight_control/mission/collision_avoidance/safety_margin] by /roslaunch
[rosmaster.master][INFO] 2026-08-30 00:17:39,869: +PARAM [/flight_control/mission/collision_avoidance/avoidance_method] by /roslaunch
[rosmaster.master][INFO] 2026-08-30 00:17:39,869: +PARAM [/flight_control/mission/waypoints/tolerance] by /roslaunch
[rosmaster.master][INFO] 2026-08-30 00:17:39,870: +PARAM [/flight_control/mission/waypoints/loiter_time] by /roslaunch
[rosmaster.master][INFO] 2026-08-30 00:17:39,870: +PARAM [/flight_control/mission/waypoints/approach_speed] by /roslaunch
[rosmaster.master][INFO] 2026-08-30 00:17:39,871: +PARAM [/flight_control/simulation/physics/enable_gravity] by /roslaunch
[rosmaster.master][INFO] 2026-08-30 00:17:39,871: +PARAM [/flight_control/simulation/physics/enable_wind] by /roslaunch
[rosmaster.master][INFO] 2026-08-30 00:17:39,871: +PARAM [/flight_control/simulation/physics/enable_turbulence] by /roslaunch
[rosmaster.master][INFO] 2026-08-30 00:17:39,872: +PARAM [/flight_control/simulation/environment/wind_speed] by /roslaunch
[rosmaster.master][INFO] 2026-08-30 00:17:39,873: +PARAM [/flight_control/simulation/environment/wind_direction] by /roslaunch
[rosmaster.master][INFO] 2026-08-30 00:17:39,873: +PARAM [/flight_control/simulation/environment/turbulence_intensity] by /roslaunch
[rosmaster.master][INFO] 2026-08-30 00:17:39,873: +PARAM [/flight_control/simulation/noise/sensor_noise] by /roslaunch
[rosmaster.master][INFO] 2026-08-30 00:17:39,873: +PARAM [/flight_control/simulation/noise/actuator_noise] by /roslaunch
[rosmaster.master][INFO] 2026-08-30 00:17:39,873: +PARAM [/flight_control/simulation/noise/time_delay] by /roslaunch
[rosmaster.master][INFO] 2026-08-30 00:17:39,874: +PARAM [/flight_control/simulation/speed/simulation_speed] by /roslaunch
[rosmaster.master][INFO] 2026-08-30 00:17:39,874: +PARAM [/flight_control/simulation/speed/real_time_factor] by /roslaunch
[rosmaster.master][INFO] 2026-08-30 00:17:39,874: +PARAM [/kalman_filter/kalman_filter/type] by /roslaunch
[rosmaster.master][INFO] 2026-08-30 00:17:39,874: +PARAM [/kalman_filter/kalman_filter/state_dim] by /roslaunch
[rosmaster.master][INFO] 2026-08-30 00:17:39,874: +PARAM [/kalman_filter/kalman_filter/measurement_dim] by /roslaunch
[rosmaster.master][INFO] 2026-08-30 00:17:39,874: +PARAM [/kalman_filter/kalman_filter/noise/process/position] by /roslaunch
[rosmaster.master][INFO] 2026-08-30 00:17:39,875: +PARAM [/kalman_filter/kalman_filter/noise/process/velocity] by /roslaunch
[rosmaster.master][INFO] 2026-08-30 00:17:39,875: +PARAM [/kalman_filter/kalman_filter/noise/process/acceleration] by /roslaunch
[rosmaster.master][INFO] 2026-08-30 00:17:39,875: +PARAM [/kalman_filter/kalman_filter/noise/measurement/position] by /roslaunch
[rosmaster.master][INFO] 2026-08-30 00:17:39,875: +PARAM [/kalman_filter/kalman_filter/parameters/dt] by /roslaunch
[rosmaster.master][INFO] 2026-08-30 00:17:39,875: +PARAM [/kalman_filter/kalman_filter/parameters/adaptive/enabled] by /roslaunch
[rosmaster.master][INFO] 2026-08-30 00:17:39,876: +PARAM [/kalman_filter/kalman_filter/parameters/adaptive/update_rate] by /roslaunch
[rosmaster.master][INFO] 2026-08-30 00:17:39,876: +PARAM [/kalman_filter/kalman_filter/parameters/adaptive/innovation_threshold] by /roslaunch
[rosmaster.master][INFO] 2026-08-30 00:17:39,876: +PARAM [/kalman_filter/kalman_filter/parameters/outlier_rejection/enabled] by /roslaunch
[rosmaster.master][INFO] 2026-08-30 00:17:39,876: +PARAM [/kalman_filter/kalman_filter/parameters/outlier_rejection/mahalanobis_threshold] by /roslaunch
[rosmaster.master][INFO] 2026-08-30 00:17:39,876: +PARAM [/kalman_filter/kalman_filter/parameters/outlier_rejection/gating] by /roslaunch
[rosmaster.master][INFO] 2026-08-30 00:17:39,876: +PARAM [/kalman_filter/kalman_filter/parameters/initialization/max_measurements] by /roslaunch
[rosmaster.master][INFO] 2026-08-30 00:17:39,877: +PARAM [/kalman_filter/kalman_filter/parameters/initialization/min_velocity_samples] by /roslaunch
[rosmaster.master][INFO] 2026-08-30 00:17:39,878: +PARAM [/kalman_filter/kalman_filter/parameters/convergence/max_iterations] by /roslaunch
[rosmaster.master][INFO] 2026-08-30 00:17:39,878: +PARAM [/kalman_filter/kalman_filter/parameters/convergence/epsilon] by /roslaunch
[rosmaster.master][INFO] 2026-08-30 00:17:39,879: +PARAM [/kalman_filter/kalman_filter/multi_target/enabled] by /roslaunch
[rosmaster.master][INFO] 2026-08-30 00:17:39,879: +PARAM [/kalman_filter/kalman_filter/multi_target/max_targets] by /roslaunch
[rosmaster.master][INFO] 2026-08-30 00:17:39,879: +PARAM [/kalman_filter/kalman_filter/multi_target/association/method] by /roslaunch
[rosmaster.master][INFO] 2026-08-30 00:17:39,879: +PARAM [/kalman_filter/kalman_filter/multi_target/association/gating/enabled] by /roslaunch
[rosmaster.master][INFO] 2026-08-30 00:17:39,880: +PARAM [/kalman_filter/kalman_filter/multi_target/association/gating/gate_size] by /roslaunch
[rosmaster.master][INFO] 2026-08-30 00:17:39,880: +PARAM [/kalman_filter/kalman_filter/multi_target/association/gating/dynamic_gating] by /roslaunch
[rosmaster.master][INFO] 2026-08-30 00:17:39,881: +PARAM [/kalman_filter/kalman_filter/multi_target/association/track_management/birth_probability] by /roslaunch
[rosmaster.master][INFO] 2026-08-30 00:17:39,881: +PARAM [/kalman_filter/kalman_filter/multi_target/association/track_management/death_threshold] by /roslaunch
[rosmaster.master][INFO] 2026-08-30 00:17:39,882: +PARAM [/kalman_filter/kalman_filter/multi_target/association/track_management/merge_threshold] by /roslaunch
[rosmaster.master][INFO] 2026-08-30 00:17:39,882: +PARAM [/kalman_filter/kalman_filter/multi_target/scoring/position_weight] by /roslaunch
[rosmaster.master][INFO] 2026-08-30 00:17:39,883: +PARAM [/kalman_filter/kalman_filter/multi_target/scoring/velocity_weight] by /roslaunch
[rosmaster.master][INFO] 2026-08-30 00:17:39,884: +PARAM [/kalman_filter/kalman_filter/multi_target/scoring/appearance_weight] by /roslaunch
[rosmaster.master][INFO] 2026-08-30 00:17:39,884: +PARAM [/kalman_filter/kalman_filter/multi_target/scoring/history_length] by /roslaunch
[rosmaster.master][INFO] 2026-08-30 00:17:39,885: +PARAM [/kalman_filter/sensor_fusion/sensors] by /roslaunch
[rosmaster.master][INFO] 2026-08-30 00:17:39,885: +PARAM [/kalman_filter/sensor_fusion/algorithms/type] by /roslaunch
[rosmaster.master][INFO] 2026-08-30 00:17:39,886: +PARAM [/kalman_filter/sensor_fusion/algorithms/centralized/measurement_dim] by /roslaunch
[rosmaster.master][INFO] 2026-08-30 00:17:39,886: +PARAM [/kalman_filter/sensor_fusion/algorithms/track_to_track/covariance_intersection] by /roslaunch
[rosmaster.master][INFO] 2026-08-30 00:17:39,886: +PARAM [/kalman_filter/sensor_fusion/algorithms/track_to_track/gamma] by /roslaunch
[rosmaster.master][INFO] 2026-08-30 00:17:39,886: +PARAM [/system_params/ros/master/uri] by /roslaunch
[rosmaster.master][INFO] 2026-08-30 00:17:39,887: +PARAM [/system_params/ros/master/timeout] by /roslaunch
[rosmaster.master][INFO] 2026-08-30 00:17:39,887: +PARAM [/system_params/ros/node/name] by /roslaunch
[rosmaster.master][INFO] 2026-08-30 00:17:39,887: +PARAM [/system_params/ros/node/namespace] by /roslaunch
[rosmaster.master][INFO] 2026-08-30 00:17:39,887: +PARAM [/system_params/ros/topics/camera_image] by /roslaunch
[rosmaster.master][INFO] 2026-08-30 00:17:39,887: +PARAM [/system_params/ros/topics/camera_info] by /roslaunch
[rosmaster.master][INFO] 2026-08-30 00:17:39,887: +PARAM [/system_params/ros/topics/vehicle_state] by /roslaunch
[rosmaster.master][INFO] 2026-08-30 00:17:39,887: +PARAM [/system_params/ros/topics/vehicle_position] by /roslaunch
[rosmaster.master][INFO] 2026-08-30 00:17:39,888: +PARAM [/system_params/ros/topics/vehicle_velocity] by /roslaunch
[rosmaster.master][INFO] 2026-08-30 00:17:39,888: +PARAM [/system_params/ros/topics/vehicle_attitude] by /roslaunch
[rosmaster.master][INFO] 2026-08-30 00:17:39,888: +PARAM [/system_params/ros/topics/battery_status] by /roslaunch
[rosmaster.master][INFO] 2026-08-30 00:17:39,888: +PARAM [/system_params/ros/topics/detection_output] by /roslaunch
[rosmaster.master][INFO] 2026-08-30 00:17:39,888: +PARAM [/system_params/ros/topics/tracked_targets] by /roslaunch
[rosmaster.master][INFO] 2026-08-30 00:17:39,888: +PARAM [/system_params/ros/topics/control_command] by /roslaunch
[rosmaster.master][INFO] 2026-08-30 00:17:39,888: +PARAM [/system_params/ros/topics/safety_status] by /roslaunch
[rosmaster.master][INFO] 2026-08-30 00:17:39,889: +PARAM [/system_params/ros/topics/diagnostic_status] by /roslaunch
[rosmaster.master][INFO] 2026-08-30 00:17:39,889: +PARAM [/system_params/ros/topics/debug_info] by /roslaunch
[rosmaster.master][INFO] 2026-08-30 00:17:39,889: +PARAM [/system_params/ros/topics/performance_metrics] by /roslaunch
[rosmaster.master][INFO] 2026-08-30 00:17:39,890: +PARAM [/system_params/ros/topics/test_results] by /roslaunch
[rosmaster.master][INFO] 2026-08-30 00:17:39,890: +PARAM [/system_params/ros/topics/test_status] by /roslaunch
[rosmaster.master][INFO] 2026-08-30 00:17:39,891: +PARAM [/system_params/logging/level] by /roslaunch
[rosmaster.master][INFO] 2026-08-30 00:17:39,892: +PARAM [/system_params/logging/outputs/console] by /roslaunch
[rosmaster.master][INFO] 2026-08-30 00:17:39,895: +PARAM [/system_params/logging/outputs/file] by /roslaunch
[rosmaster.master][INFO] 2026-08-30 00:17:39,896: +PARAM [/system_params/logging/outputs/rosout] by /roslaunch
[rosmaster.master][INFO] 2026-08-30 00:17:39,899: +PARAM [/system_params/logging/file/directory] by /roslaunch
[rosmaster.master][INFO] 2026-08-30 00:17:39,900: +PARAM [/system_params/logging/file/max_size] by /roslaunch
[rosmaster.master][INFO] 2026-08-30 00:17:39,900: +PARAM [/system_params/logging/file/max_files] by /roslaunch
[rosmaster.master][INFO] 2026-08-30 00:17:39,901: +PARAM [/system_params/logging/file/format] by /roslaunch
[rosmaster.master][INFO] 2026-08-30 00:17:39,901: +PARAM [/system_params/logging/performance/enabled] by /roslaunch
[rosmaster.master][INFO] 2026-08-30 00:17:39,901: +PARAM [/system_params/logging/performance/interval] by /roslaunch
[rosmaster.master][INFO] 2026-08-30 00:17:39,901: +PARAM [/system_params/logging/performance/metrics] by /roslaunch
[rosmaster.master][INFO] 2026-08-30 00:17:39,902: +PARAM [/system_params/logging/performance/output_file] by /roslaunch
[rosmaster.master][INFO] 2026-08-30 00:17:39,902: +PARAM [/system_params/safety/geofence/enabled] by /roslaunch
[rosmaster.master][INFO] 2026-08-30 00:17:39,902: +PARAM [/system_params/safety/geofence/shape] by /roslaunch
[rosmaster.master][INFO] 2026-08-30 00:17:39,903: +PARAM [/system_params/safety/geofence/radius] by /roslaunch
[rosmaster.master][INFO] 2026-08-30 00:17:39,903: +PARAM [/system_params/safety/geofence/height] by /roslaunch
[rosmaster.master][INFO] 2026-08-30 00:17:39,904: +PARAM [/system_params/safety/emergency/action] by /roslaunch
[rosmaster.master][INFO] 2026-08-30 00:17:39,904: +PARAM [/system_params/safety/emergency/altitude_min] by /roslaunch
[rosmaster.master][INFO] 2026-08-30 00:17:39,905: +PARAM [/system_params/safety/emergency/altitude_max] by /roslaunch
[rosmaster.master][INFO] 2026-08-30 00:17:39,905: +PARAM [/system_params/safety/failsafe/battery_critical] by /roslaunch
[rosmaster.master][INFO] 2026-08-30 00:17:39,905: +PARAM [/system_params/safety/failsafe/lost_connection] by /roslaunch
[rosmaster.master][INFO] 2026-08-30 00:17:39,905: +PARAM [/system_params/safety/failsafe/gps_failure] by /roslaunch
[rosmaster.master][INFO] 2026-08-30 00:17:39,905: +PARAM [/system_params/safety/failsafe/sensor_failure] by /roslaunch
[rosmaster.master][INFO] 2026-08-30 00:17:39,905: +PARAM [/system_params/safety/failsafe/exceeded_geofence] by /roslaunch
[rosmaster.master][INFO] 2026-08-30 00:17:39,906: +PARAM [/system_params/safety/health/check_interval] by /roslaunch
[rosmaster.master][INFO] 2026-08-30 00:17:39,906: +PARAM [/system_params/safety/health/restart_on_failure] by /roslaunch
[rosmaster.master][INFO] 2026-08-30 00:17:39,906: +PARAM [/system_params/safety/health/max_restarts] by /roslaunch
[rosmaster.master][INFO] 2026-08-30 00:17:39,906: +PARAM [/system_params/safety/health/restart_delay] by /roslaunch
[rosmaster.master][INFO] 2026-08-30 00:17:39,907: +PARAM [/system_params/performance/threads/detection_pool] by /roslaunch
[rosmaster.master][INFO] 2026-08-30 00:17:39,907: +PARAM [/system_params/performance/threads/control_pool] by /roslaunch
[rosmaster.master][INFO] 2026-08-30 00:17:39,907: +PARAM [/system_params/performance/queues/input_queue_size] by /roslaunch
[rosmaster.master][INFO] 2026-08-30 00:17:39,908: +PARAM [/system_params/performance/queues/output_queue_size] by /roslaunch
[rosmaster.master][INFO] 2026-08-30 00:17:39,908: +PARAM [/system_params/performance/memory/cache_images] by /roslaunch
[rosmaster.master][INFO] 2026-08-30 00:17:39,908: +PARAM [/system_params/performance/memory/max_cache_size] by /roslaunch
[rosmaster.master][INFO] 2026-08-30 00:17:39,909: +PARAM [/system_params/performance/memory/max_cached_messages] by /roslaunch
[rosmaster.master][INFO] 2026-08-30 00:17:39,909: +PARAM [/system_params/performance/timing/use_sim_time] by /roslaunch
[rosmaster.master][INFO] 2026-08-30 00:17:39,909: +PARAM [/system_params/performance/timing/publish_rate] by /roslaunch
[rosmaster.master][INFO] 2026-08-30 00:17:39,909: +PARAM [/system_params/performance/timing/control_rate] by /roslaunch
[rosmaster.master][INFO] 2026-08-30 00:17:39,910: +PARAM [/system_params/network/px4/udp_port] by /roslaunch
[rosmaster.master][INFO] 2026-08-30 00:17:39,910: +PARAM [/system_params/network/px4/tcp_port] by /roslaunch
[rosmaster.master][INFO] 2026-08-30 00:17:39,910: +PARAM [/system_params/network/px4/heartbeat_rate] by /roslaunch
[rosmaster.master][INFO] 2026-08-30 00:17:39,910: +PARAM [/system_params/network/mavros/fcu_url] by /roslaunch
[rosmaster.master][INFO] 2026-08-30 00:17:39,910: +PARAM [/system_params/network/mavros/gcs_url] by /roslaunch
[rosmaster.master][INFO] 2026-08-30 00:17:39,911: +PARAM [/system_params/network/timeout] by /roslaunch
[rosmaster.master][INFO] 2026-08-30 00:17:39,911: +PARAM [/system_params/network/reconnect_attempts] by /roslaunch
[rosmaster.master][INFO] 2026-08-30 00:17:39,912: +PARAM [/system_params/network/reconnect_delay] by /roslaunch
[rosmaster.master][INFO] 2026-08-30 00:17:39,912: +PARAM [/system_params/performance/publish_rate] by /roslaunch
[rosmaster.master][INFO] 2026-08-30 00:17:39,913: +PARAM [/use_simulation] by /roslaunch
[rosmaster.master][INFO] 2026-08-30 00:17:39,913: +PARAM [/parameter_validator/config_dir] by /roslaunch
[rosmaster.master][INFO] 2026-08-30 00:17:39,913: +PARAM [/parameter_validator/validate_on_startup] by /roslaunch
[rosmaster.master][INFO] 2026-08-30 00:17:39,913: +PARAM [/mission_manager/mission_config] by /roslaunch
[rosmaster.master][INFO] 2026-08-30 00:17:39,914: +PARAM [/camera_calibration/simulation_mode] by /roslaunch
[rosmaster.master][INFO] 2026-08-30 00:17:39,914: +PARAM [/yolo_detector/model_path] by /roslaunch
[rosmaster.master][INFO] 2026-08-30 00:17:39,914: +PARAM [/yolo_detector/device] by /roslaunch
[rosmaster.master][INFO] 2026-08-30 00:17:39,914: +PARAM [/sensor_fusion/publish_rate] by /roslaunch
[rosmaster.master][INFO] 2026-08-30 00:17:39,915: +PARAM [/sensor_fusion/simulation_mode] by /roslaunch
[rosmaster.master][INFO] 2026-08-30 00:17:39,915: +PARAM [/target_tracking_controller/simulation_mode] by /roslaunch
[rosmaster.master][INFO] 2026-08-30 00:17:39,915: +PARAM [/vehicle_state_monitor/simulation_mode] by /roslaunch
[rosmaster.master][INFO] 2026-08-30 00:17:39,915: +PARAM [/safety_monitor/enable_geofence] by /roslaunch
[rosmaster.master][INFO] 2026-08-30 00:17:39,915: +PARAM [/safety_monitor/simulation_mode] by /roslaunch
[rosmaster.master][INFO] 2026-08-30 00:17:39,916: +PARAM [/system_health_monitor/monitoring_interval] by /roslaunch
[rosmaster.master][INFO] 2026-08-30 00:17:39,916: +PARAM [/system_health_monitor/critical_threshold_cpu] by /roslaunch
[rosmaster.master][INFO] 2026-08-30 00:17:39,916: +PARAM [/system_health_monitor/critical_threshold_memory] by /roslaunch
[rosmaster.master][INFO] 2026-08-30 00:17:39,916: +PARAM [/system_health_monitor/warning_threshold_cpu] by /roslaunch
[rosmaster.master][INFO] 2026-08-30 00:17:39,916: +PARAM [/system_health_monitor/warning_threshold_memory] by /roslaunch
[rosmaster.master][INFO] 2026-08-30 00:17:39,917: +PARAM [/system_health_monitor/enable_network_monitoring] by /roslaunch
[rosmaster.master][INFO] 2026-08-30 00:17:39,917: +PARAM [/system_health_monitor/enable_disk_monitoring] by /roslaunch
[rosmaster.master][INFO] 2026-08-30 00:17:39,917: +PARAM [/system_health_monitor/enable_process_monitoring] by /roslaunch
[rosmaster.master][INFO] 2026-08-30 00:17:39,918: +PARAM [/health_checker/monitored_nodes] by /roslaunch
[rosmaster.master][INFO] 2026-08-30 00:17:39,918: +PARAM [/health_checker/check_interval] by /roslaunch
[rosmaster.master][INFO] 2026-08-30 00:17:39,920: +PARAM [/health_checker/timeout_threshold] by /roslaunch
[rosmaster.master][INFO] 2026-08-30 00:17:39,921: +PARAM [/health_checker/restart_on_failure] by /roslaunch
[rosmaster.master][INFO] 2026-08-30 00:17:39,921: +PARAM [/health_checker/max_restarts] by /roslaunch
[rosmaster.master][INFO] 2026-08-30 00:17:39,951: +SERVICE [/rosout/get_loggers] /rosout http://localhost:36753/
[rosmaster.master][INFO] 2026-08-30 00:17:39,983: +SERVICE [/rosout/set_logger_level] /rosout http://localhost:36753/
[rosmaster.master][INFO] 2026-08-30 00:17:40,019: +PUB [/rosout_agg] /rosout http://localhost:36753/
[rosmaster.master][INFO] 2026-08-30 00:17:40,049: +SUB [/rosout] /rosout http://localhost:36753/
[rosmaster.master][INFO] 2026-08-30 00:17:44,209: +PUB [/rosout] /sensor_fusion http://localhost:37563/
[rosmaster.master][INFO] 2026-08-30 00:17:44,282: +SERVICE [/sensor_fusion/get_loggers] /sensor_fusion http://localhost:37563/
[rosmaster.master][INFO] 2026-08-30 00:17:44,284: publisherUpdate[/rosout] -> http://localhost:36753/ ['http://localhost:37563/']
[rosmaster.master][INFO] 2026-08-30 00:17:44,293: +SERVICE [/sensor_fusion/set_logger_level] /sensor_fusion http://localhost:37563/
[rosmaster.master][INFO] 2026-08-30 00:17:44,323: +SUB [/mavros/imu/data] /sensor_fusion http://localhost:37563/
[rosmaster.master][INFO] 2026-08-30 00:17:44,341: +SUB [/mavros/global_position/global] /sensor_fusion http://localhost:37563/
[rosmaster.master][INFO] 2026-08-30 00:17:44,389: +SUB [/mavros/local_position/pose] /sensor_fusion http://localhost:37563/
[rosmaster.master][INFO] 2026-08-30 00:17:44,395: +PUB [/sensor_fusion/node_health] /sensor_fusion http://localhost:37563/
[rosmaster.master][INFO] 2026-08-30 00:17:44,397: +PUB [/rosout] /parameter_validator http://localhost:36613/
[rosmaster.master][INFO] 2026-08-30 00:17:44,407: publisherUpdate[/rosout] -> http://localhost:36753/ ['http://localhost:37563/']: sec=0.12, result=[1, '', 0]
[rosmaster.master][INFO] 2026-08-30 00:17:44,412: publisherUpdate[/rosout] -> http://localhost:36753/ ['http://localhost:37563/', 'http://localhost:36613/']
[rosmaster.master][INFO] 2026-08-30 00:17:44,415: publisherUpdate[/rosout] -> http://localhost:36753/ ['http://localhost:37563/', 'http://localhost:36613/']: sec=0.00, result=[1, '', 0]
[rosmaster.master][INFO] 2026-08-30 00:17:44,408: +CACHEDPARAM [/rosout_disable_topics_generation] by /sensor_fusion
[rosmaster.master][INFO] 2026-08-30 00:17:44,431: +SERVICE [/parameter_validator/get_loggers] /parameter_validator http://localhost:36613/
[rosmaster.master][INFO] 2026-08-30 00:17:44,436: +SERVICE [/parameter_validator/set_logger_level] /parameter_validator http://localhost:36613/
[rosmaster.master][INFO] 2026-08-30 00:17:44,541: +PUB [/rosout] /mission_manager http://localhost:43545/
[rosmaster.master][INFO] 2026-08-30 00:17:44,593: publisherUpdate[/rosout] -> http://localhost:36753/ ['http://localhost:37563/', 'http://localhost:36613/', 'http://localhost:43545/']
[rosmaster.master][INFO] 2026-08-30 00:17:44,599: publisherUpdate[/rosout] -> http://localhost:36753/ ['http://localhost:37563/', 'http://localhost:36613/', 'http://localhost:43545/']: sec=0.01, result=[1, '', 0]
[rosmaster.master][INFO] 2026-08-30 00:17:44,599: +SERVICE [/mission_manager/get_loggers] /mission_manager http://localhost:43545/
[rosmaster.master][INFO] 2026-08-30 00:17:44,603: +SERVICE [/mission_manager/set_logger_level] /mission_manager http://localhost:43545/
[rosmaster.master][INFO] 2026-08-30 00:17:44,637: +PUB [/mission_status] /mission_manager http://localhost:43545/
[rosmaster.master][INFO] 2026-08-30 00:17:44,643: +PUB [/mission_manager/node_health] /mission_manager http://localhost:43545/
[rosmaster.master][INFO] 2026-08-30 00:17:44,647: +SUB [/drone_control/command] /mission_manager http://localhost:43545/
[rosmaster.master][INFO] 2026-08-30 00:17:44,684: +SUB [/safety_status] /mission_manager http://localhost:43545/
[rosmaster.master][INFO] 2026-08-30 00:17:44,692: +SUB [/tracked_targets] /mission_manager http://localhost:43545/
[rosmaster.master][INFO] 2026-08-30 00:17:44,715: +CACHEDPARAM [/rosout_disable_topics_generation] by /mission_manager
[rosmaster.master][INFO] 2026-08-30 00:17:44,780: +CACHEDPARAM [/rosout/omit_topics] by /rosout
[rosmaster.master][INFO] 2026-08-30 00:17:44,789: +CACHEDPARAM [/rosout_disable_topics_generation] by /parameter_validator
[rosmaster.master][INFO] 2026-08-30 00:17:44,801: +CACHEDPARAM [/rosout_disable_topics_generation] by /parameter_validator
[rosmaster.master][INFO] 2026-08-30 00:17:44,918: +PUB [/rosout] /command_interpreter http://localhost:35853/
[rosmaster.master][INFO] 2026-08-30 00:17:44,924: publisherUpdate[/rosout] -> http://localhost:36753/ ['http://localhost:37563/', 'http://localhost:36613/', 'http://localhost:43545/', 'http://localhost:35853/']
[rosmaster.master][INFO] 2026-08-30 00:17:44,925: publisherUpdate[/rosout] -> http://localhost:36753/ ['http://localhost:37563/', 'http://localhost:36613/', 'http://localhost:43545/', 'http://localhost:35853/']: sec=0.00, result=[1, '', 0]
[rosmaster.master][INFO] 2026-08-30 00:17:44,933: +SERVICE [/command_interpreter/get_loggers] /command_interpreter http://localhost:35853/
[rosmaster.master][INFO] 2026-08-30 00:17:44,936: +SERVICE [/command_interpreter/set_logger_level] /command_interpreter http://localhost:35853/
[rosmaster.master][INFO] 2026-08-30 00:17:44,942: +SUB [/drone_control/command] /command_interpreter http://localhost:35853/
[rosmaster.master][INFO] 2026-08-30 00:17:44,978: +PUB [/drone_control/command_response] /command_interpreter http://localhost:35853/
[rosmaster.master][INFO] 2026-08-30 00:17:44,980: +PUB [/command_interpreter/node_health] /command_interpreter http://localhost:35853/
[rosmaster.master][INFO] 2026-08-30 00:17:44,986: +CACHEDPARAM [/rosout_disable_topics_generation] by /command_interpreter
[rosmaster.master][INFO] 2026-08-30 00:17:45,018: +PUB [/rosout] /camera_calibration http://localhost:35457/
[rosmaster.master][INFO] 2026-08-30 00:17:45,026: publisherUpdate[/rosout] -> http://localhost:36753/ ['http://localhost:37563/', 'http://localhost:36613/', 'http://localhost:43545/', 'http://localhost:35853/', 'http://localhost:35457/']
[rosmaster.master][INFO] 2026-08-30 00:17:45,027: publisherUpdate[/rosout] -> http://localhost:36753/ ['http://localhost:37563/', 'http://localhost:36613/', 'http://localhost:43545/', 'http://localhost:35853/', 'http://localhost:35457/']: sec=0.00, result=[1, '', 0]
[rosmaster.master][INFO] 2026-08-30 00:17:45,038: +SERVICE [/camera_calibration/get_loggers] /camera_calibration http://localhost:35457/
[rosmaster.master][INFO] 2026-08-30 00:17:45,041: +SERVICE [/camera_calibration/set_logger_level] /camera_calibration http://localhost:35457/
[rosmaster.master][INFO] 2026-08-30 00:17:45,045: +PUB [/camera/camera_info] /camera_calibration http://localhost:35457/
[rosmaster.master][INFO] 2026-08-30 00:17:45,048: +PUB [/tf] /camera_calibration http://localhost:35457/
[rosmaster.master][INFO] 2026-08-30 00:17:45,076: +CACHEDPARAM [/rosout_disable_topics_generation] by /camera_calibration
[rosmaster.master][INFO] 2026-08-30 00:17:45,126: +PUB [/rosout] /system_health_monitor http://localhost:35683/
[rosmaster.master][INFO] 2026-08-30 00:17:45,128: publisherUpdate[/rosout] -> http://localhost:36753/ ['http://localhost:37563/', 'http://localhost:36613/', 'http://localhost:43545/', 'http://localhost:35853/', 'http://localhost:35457/', 'http://localhost:35683/']
[rosmaster.master][INFO] 2026-08-30 00:17:45,139: publisherUpdate[/rosout] -> http://localhost:36753/ ['http://localhost:37563/', 'http://localhost:36613/', 'http://localhost:43545/', 'http://localhost:35853/', 'http://localhost:35457/', 'http://localhost:35683/']: sec=0.01, result=[1, '', 0]
[rosmaster.master][INFO] 2026-08-30 00:17:45,141: +SERVICE [/system_health_monitor/get_loggers] /system_health_monitor http://localhost:35683/
[rosmaster.master][INFO] 2026-08-30 00:17:45,147: +SERVICE [/system_health_monitor/set_logger_level] /system_health_monitor http://localhost:35683/
[rosmaster.master][INFO] 2026-08-30 00:17:45,159: +SUB [/health/check_all] /system_health_monitor http://localhost:35683/
[rosmaster.master][INFO] 2026-08-30 00:17:45,161: +PUB [/system_health] /system_health_monitor http://localhost:35683/
[rosmaster.master][INFO] 2026-08-30 00:17:45,179: +PUB [/diagnostic_status] /system_health_monitor http://localhost:35683/
[rosmaster.master][INFO] 2026-08-30 00:17:45,181: +PUB [/performance_metrics] /system_health_monitor http://localhost:35683/
[rosmaster.master][INFO] 2026-08-30 00:17:45,182: +PUB [/system_alert] /system_health_monitor http://localhost:35683/
[rosmaster.master][INFO] 2026-08-30 00:17:45,186: +CACHEDPARAM [/rosout_disable_topics_generation] by /system_health_monitor
[rosmaster.master][INFO] 2026-08-30 00:17:45,192: +PUB [/rosout] /vehicle_state_monitor http://localhost:41573/
[rosmaster.master][INFO] 2026-08-30 00:17:45,197: publisherUpdate[/rosout] -> http://localhost:36753/ ['http://localhost:37563/', 'http://localhost:36613/', 'http://localhost:43545/', 'http://localhost:35853/', 'http://localhost:35457/', 'http://localhost:35683/', 'http://localhost:41573/']
[rosmaster.master][INFO] 2026-08-30 00:17:45,200: publisherUpdate[/rosout] -> http://localhost:36753/ ['http://localhost:37563/', 'http://localhost:36613/', 'http://localhost:43545/', 'http://localhost:35853/', 'http://localhost:35457/', 'http://localhost:35683/', 'http://localhost:41573/']: sec=0.00, result=[1, '', 0]
[rosmaster.master][INFO] 2026-08-30 00:17:45,203: +SERVICE [/vehicle_state_monitor/get_loggers] /vehicle_state_monitor http://localhost:41573/
[rosmaster.master][INFO] 2026-08-30 00:17:45,206: +SERVICE [/vehicle_state_monitor/set_logger_level] /vehicle_state_monitor http://localhost:41573/
[rosmaster.master][INFO] 2026-08-30 00:17:45,213: +SUB [/mavros/state] /vehicle_state_monitor http://localhost:41573/
[rosmaster.master][INFO] 2026-08-30 00:17:45,217: +SUB [/mavros/battery] /vehicle_state_monitor http://localhost:41573/
[rosmaster.master][INFO] 2026-08-30 00:17:45,220: +SUB [/mavros/local_position/velocity] /vehicle_state_monitor http://localhost:41573/
[rosmaster.master][INFO] 2026-08-30 00:17:45,223: +PUB [/drone_status] /vehicle_state_monitor http://localhost:41573/
[rosmaster.master][INFO] 2026-08-30 00:17:45,224: +PUB [/diagnostic_status] /vehicle_state_monitor http://localhost:41573/
[rosmaster.master][INFO] 2026-08-30 00:17:45,225: +PUB [/vehicle_state_monitor/node_health] /vehicle_state_monitor http://localhost:41573/
[rosmaster.master][INFO] 2026-08-30 00:17:45,228: +PUB [/battery_percentage] /vehicle_state_monitor http://localhost:41573/
[rosmaster.master][INFO] 2026-08-30 00:17:45,229: +SERVICE [/drone_emergency_stop] /vehicle_state_monitor http://localhost:41573/
[rosmaster.master][INFO] 2026-08-30 00:17:45,230: +SERVICE [/drone_arm] /vehicle_state_monitor http://localhost:41573/
[rosmaster.master][INFO] 2026-08-30 00:17:45,232: +SERVICE [/drone_disarm] /vehicle_state_monitor http://localhost:41573/
[rosmaster.master][INFO] 2026-08-30 00:17:45,233: +SERVICE [/drone_get_status] /vehicle_state_monitor http://localhost:41573/
[rosmaster.master][INFO] 2026-08-30 00:17:45,238: +CACHEDPARAM [/rosout_disable_topics_generation] by /vehicle_state_monitor
[rosmaster.master][INFO] 2026-08-30 00:17:45,245: +PUB [/rosout] /safety_monitor http://localhost:44809/
[rosmaster.master][INFO] 2026-08-30 00:17:45,246: publisherUpdate[/rosout] -> http://localhost:36753/ ['http://localhost:37563/', 'http://localhost:36613/', 'http://localhost:43545/', 'http://localhost:35853/', 'http://localhost:35457/', 'http://localhost:35683/', 'http://localhost:41573/', 'http://localhost:44809/']
[rosmaster.master][INFO] 2026-08-30 00:17:45,253: publisherUpdate[/rosout] -> http://localhost:36753/ ['http://localhost:37563/', 'http://localhost:36613/', 'http://localhost:43545/', 'http://localhost:35853/', 'http://localhost:35457/', 'http://localhost:35683/', 'http://localhost:41573/', 'http://localhost:44809/']: sec=0.00, result=[1, '', 0]
[rosmaster.master][INFO] 2026-08-30 00:17:45,259: +SERVICE [/safety_monitor/get_loggers] /safety_monitor http://localhost:44809/
[rosmaster.master][INFO] 2026-08-30 00:17:45,262: +SERVICE [/safety_monitor/set_logger_level] /safety_monitor http://localhost:44809/
[rosmaster.master][INFO] 2026-08-30 00:17:45,282: +SUB [/mavros/local_position/pose] /safety_monitor http://localhost:44809/
[rosmaster.master][INFO] 2026-08-30 00:17:45,287: +SUB [/mavros/local_position/velocity] /safety_monitor http://localhost:44809/
[rosmaster.master][INFO] 2026-08-30 00:17:45,292: +SUB [/mavros/state] /safety_monitor http://localhost:44809/
[rosmaster.master][INFO] 2026-08-30 00:17:45,294: +PUB [/safety_status] /safety_monitor http://localhost:44809/
[rosmaster.master][INFO] 2026-08-30 00:17:45,296: +PUB [/safety_monitor/node_health] /safety_monitor http://localhost:44809/
[rosmaster.master][INFO] 2026-08-30 00:17:45,298: +PUB [/emergency_triggered] /safety_monitor http://localhost:44809/
[rosmaster.master][INFO] 2026-08-30 00:17:45,300: +SERVICE [/safety/geofence_enable] /safety_monitor http://localhost:44809/
[rosmaster.master][INFO] 2026-08-30 00:17:45,301: publisherUpdate[/safety_status] -> http://localhost:43545/ ['http://localhost:44809/']
[rosmaster.master][INFO] 2026-08-30 00:17:45,304: +SERVICE [/safety/geofence_disable] /safety_monitor http://localhost:44809/
[rosmaster.master][INFO] 2026-08-30 00:17:45,306: +SERVICE [/safety/check] /safety_monitor http://localhost:44809/
[rosmaster.master][INFO] 2026-08-30 00:17:45,307: publisherUpdate[/safety_status] -> http://localhost:43545/ ['http://localhost:44809/']: sec=0.01, result=[1, '', 0]
[rosmaster.master][INFO] 2026-08-30 00:17:45,312: +SERVICE [/safety/status] /safety_monitor http://localhost:44809/
[rosmaster.master][INFO] 2026-08-30 00:17:45,322: +CACHEDPARAM [/rosout_disable_topics_generation] by /safety_monitor
[rosmaster.master][INFO] 2026-08-30 00:17:45,326: +CACHEDPARAM [/rosout_disable_topics_generation] by /safety_monitor
[rosmaster.master][INFO] 2026-08-30 00:17:45,547: +PUB [/rosout] /health_checker http://localhost:33609/
[rosmaster.master][INFO] 2026-08-30 00:17:45,556: publisherUpdate[/rosout] -> http://localhost:36753/ ['http://localhost:37563/', 'http://localhost:36613/', 'http://localhost:43545/', 'http://localhost:35853/', 'http://localhost:35457/', 'http://localhost:35683/', 'http://localhost:41573/', 'http://localhost:44809/', 'http://localhost:33609/']
[rosmaster.master][INFO] 2026-08-30 00:17:45,560: publisherUpdate[/rosout] -> http://localhost:36753/ ['http://localhost:37563/', 'http://localhost:36613/', 'http://localhost:43545/', 'http://localhost:35853/', 'http://localhost:35457/', 'http://localhost:35683/', 'http://localhost:41573/', 'http://localhost:44809/', 'http://localhost:33609/']: sec=0.00, result=[1, '', 0]
[rosmaster.master][INFO] 2026-08-30 00:17:45,561: +SERVICE [/health_checker/get_loggers] /health_checker http://localhost:33609/
[rosmaster.master][INFO] 2026-08-30 00:17:45,563: +SERVICE [/health_checker/set_logger_level] /health_checker http://localhost:33609/
[rosmaster.master][INFO] 2026-08-30 00:17:45,578: +SUB [/yolo_detector/node_health] /health_checker http://localhost:33609/
[rosmaster.master][INFO] 2026-08-30 00:17:45,582: +SUB [/target_tracking_controller/node_health] /health_checker http://localhost:33609/
[rosmaster.master][INFO] 2026-08-30 00:17:45,588: +SUB [/vehicle_state_monitor/node_health] /health_checker http://localhost:33609/
[rosmaster.master][INFO] 2026-08-30 00:17:45,592: +SUB [/mission_manager/node_health] /health_checker http://localhost:33609/
[rosmaster.master][INFO] 2026-08-30 00:17:45,602: +SUB [/safety_monitor/node_health] /health_checker http://localhost:33609/
[rosmaster.master][INFO] 2026-08-30 00:17:45,611: +SUB [/command_interpreter/node_health] /health_checker http://localhost:33609/
[rosmaster.master][INFO] 2026-08-30 00:17:45,624: +PUB [/system_health] /health_checker http://localhost:33609/
[rosmaster.master][INFO] 2026-08-30 00:17:45,630: +SERVICE [/health/check_all] /health_checker http://localhost:33609/
[rosmaster.master][INFO] 2026-08-30 00:17:45,634: +SERVICE [/health/restart_node] /health_checker http://localhost:33609/
[rosmaster.master][INFO] 2026-08-30 00:17:45,641: +CACHEDPARAM [/rosout_disable_topics_generation] by /health_checker
[rosmaster.master][INFO] 2026-08-30 00:17:46,154: +PUB [/rosout] /target_tracking_controller http://localhost:42525/
[rosmaster.master][INFO] 2026-08-30 00:17:46,164: +SERVICE [/target_tracking_controller/get_loggers] /target_tracking_controller http://localhost:42525/
[rosmaster.master][INFO] 2026-08-30 00:17:46,165: publisherUpdate[/rosout] -> http://localhost:36753/ ['http://localhost:37563/', 'http://localhost:36613/', 'http://localhost:43545/', 'http://localhost:35853/', 'http://localhost:35457/', 'http://localhost:35683/', 'http://localhost:41573/', 'http://localhost:44809/', 'http://localhost:33609/', 'http://localhost:42525/']
[rosmaster.master][INFO] 2026-08-30 00:17:46,168: +SERVICE [/target_tracking_controller/set_logger_level] /target_tracking_controller http://localhost:42525/
[rosmaster.master][INFO] 2026-08-30 00:17:46,171: publisherUpdate[/rosout] -> http://localhost:36753/ ['http://localhost:37563/', 'http://localhost:36613/', 'http://localhost:43545/', 'http://localhost:35853/', 'http://localhost:35457/', 'http://localhost:35683/', 'http://localhost:41573/', 'http://localhost:44809/', 'http://localhost:33609/', 'http://localhost:42525/']: sec=0.00, result=[1, '', 0]
[rosmaster.master][INFO] 2026-08-30 00:17:46,182: +SUB [/mavros/local_position/odom] /target_tracking_controller http://localhost:42525/
[rosmaster.master][INFO] 2026-08-30 00:17:46,185: +SUB [/detected_objects] /target_tracking_controller http://localhost:42525/
[rosmaster.master][INFO] 2026-08-30 00:17:46,187: +SUB [/mavros/state] /target_tracking_controller http://localhost:42525/
[rosmaster.master][INFO] 2026-08-30 00:17:46,191: +SUB [/mission_status] /target_tracking_controller http://localhost:42525/
[rosmaster.master][INFO] 2026-08-30 00:17:46,192: +PUB [/tracked_targets] /target_tracking_controller http://localhost:42525/
[rosmaster.master][INFO] 2026-08-30 00:17:46,193: +PUB [/mavros/setpoint_velocity/cmd_vel_unstamped] /target_tracking_controller http://localhost:42525/
[rosmaster.master][INFO] 2026-08-30 00:17:46,197: +PUB [/mavros/setpoint_raw/local] /target_tracking_controller http://localhost:42525/
[rosmaster.master][INFO] 2026-08-30 00:17:46,199: +PUB [/target_tracking_controller/node_health] /target_tracking_controller http://localhost:42525/
[rosmaster.master][INFO] 2026-08-30 00:17:46,209: publisherUpdate[/tracked_targets] -> http://localhost:43545/ ['http://localhost:42525/']
[rosmaster.master][INFO] 2026-08-30 00:17:46,215: publisherUpdate[/tracked_targets] -> http://localhost:43545/ ['http://localhost:42525/']: sec=0.01, result=[1, '', 0]
[rosmaster.master][INFO] 2026-08-30 00:17:46,215: publisherUpdate[/target_tracking_controller/node_health] -> http://localhost:33609/ ['http://localhost:42525/']
[rosmaster.master][INFO] 2026-08-30 00:17:46,220: publisherUpdate[/target_tracking_controller/node_health] -> http://localhost:33609/ ['http://localhost:42525/']: sec=0.00, result=[1, '', 0]
[rosmaster.master][INFO] 2026-08-30 00:17:48,344: +CACHEDPARAM [/rosout_disable_topics_generation] by /target_tracking_controller
[rosmaster.master][INFO] 2026-08-30 00:17:49,401: +PUB [/rosout] /trajectory_planner http://localhost:44165/
[rosmaster.master][INFO] 2026-08-30 00:17:49,404: publisherUpdate[/rosout] -> http://localhost:36753/ ['http://localhost:37563/', 'http://localhost:36613/', 'http://localhost:43545/', 'http://localhost:35853/', 'http://localhost:35457/', 'http://localhost:35683/', 'http://localhost:41573/', 'http://localhost:44809/', 'http://localhost:33609/', 'http://localhost:42525/', 'http://localhost:44165/']
[rosmaster.master][INFO] 2026-08-30 00:17:49,409: publisherUpdate[/rosout] -> http://localhost:36753/ ['http://localhost:37563/', 'http://localhost:36613/', 'http://localhost:43545/', 'http://localhost:35853/', 'http://localhost:35457/', 'http://localhost:35683/', 'http://localhost:41573/', 'http://localhost:44809/', 'http://localhost:33609/', 'http://localhost:42525/', 'http://localhost:44165/']: sec=0.00, result=[1, '', 0]
[rosmaster.master][INFO] 2026-08-30 00:17:49,423: +SERVICE [/trajectory_planner/get_loggers] /trajectory_planner http://localhost:44165/
[rosmaster.master][INFO] 2026-08-30 00:17:49,426: +SERVICE [/trajectory_planner/set_logger_level] /trajectory_planner http://localhost:44165/
[rosmaster.master][INFO] 2026-08-30 00:17:49,442: +SUB [/mavros/local_position/odom] /trajectory_planner http://localhost:44165/
[rosmaster.master][INFO] 2026-08-30 00:17:49,449: -SUB [/mavros/local_position/odom] /trajectory_planner http://localhost:44165/
[rosmaster.master][INFO] 2026-08-30 00:17:49,450: -PUB [/rosout] /trajectory_planner http://localhost:44165/
[rosmaster.master][INFO] 2026-08-30 00:17:49,452: -SERVICE [/trajectory_planner/get_loggers] /trajectory_planner rosrpc://localhost:40629
[rosmaster.master][INFO] 2026-08-30 00:17:49,453: -SERVICE [/trajectory_planner/set_logger_level] /trajectory_planner rosrpc://localhost:40629
[rosmaster.master][INFO] 2026-08-30 00:17:49,450: publisherUpdate[/rosout] -> http://localhost:36753/ ['http://localhost:37563/', 'http://localhost:36613/', 'http://localhost:43545/', 'http://localhost:35853/', 'http://localhost:35457/', 'http://localhost:35683/', 'http://localhost:41573/', 'http://localhost:44809/', 'http://localhost:33609/', 'http://localhost:42525/']
[rosmaster.master][INFO] 2026-08-30 00:17:49,458: publisherUpdate[/rosout] -> http://localhost:36753/ ['http://localhost:37563/', 'http://localhost:36613/', 'http://localhost:43545/', 'http://localhost:35853/', 'http://localhost:35457/', 'http://localhost:35683/', 'http://localhost:41573/', 'http://localhost:44809/', 'http://localhost:33609/', 'http://localhost:42525/']: sec=0.00, result=[1, '', 0]
[rosmaster.master][INFO] 2026-08-30 00:17:49,701: +PUB [/rosout] /yolo_detector http://localhost:38407/
[rosmaster.master][INFO] 2026-08-30 00:17:49,707: +SERVICE [/yolo_detector/get_loggers] /yolo_detector http://localhost:38407/
[rosmaster.master][INFO] 2026-08-30 00:17:49,708: +SERVICE [/yolo_detector/set_logger_level] /yolo_detector http://localhost:38407/
[rosmaster.master][INFO] 2026-08-30 00:17:49,711: publisherUpdate[/rosout] -> http://localhost:36753/ ['http://localhost:37563/', 'http://localhost:36613/', 'http://localhost:43545/', 'http://localhost:35853/', 'http://localhost:35457/', 'http://localhost:35683/', 'http://localhost:41573/', 'http://localhost:44809/', 'http://localhost:33609/', 'http://localhost:42525/', 'http://localhost:38407/']
[rosmaster.master][INFO] 2026-08-30 00:17:49,713: publisherUpdate[/rosout] -> http://localhost:36753/ ['http://localhost:37563/', 'http://localhost:36613/', 'http://localhost:43545/', 'http://localhost:35853/', 'http://localhost:35457/', 'http://localhost:35683/', 'http://localhost:41573/', 'http://localhost:44809/', 'http://localhost:33609/', 'http://localhost:42525/', 'http://localhost:38407/']: sec=0.00, result=[1, '', 0]
[rosmaster.master][INFO] 2026-08-30 00:17:49,720: +PUB [/yolo_detector/node_health] /yolo_detector http://localhost:38407/
[rosmaster.master][INFO] 2026-08-30 00:17:49,723: +SUB [/drone_control/command] /yolo_detector http://localhost:38407/
[rosmaster.master][INFO] 2026-08-30 00:17:49,724: +PUB [/command_response] /yolo_detector http://localhost:38407/
[rosmaster.master][INFO] 2026-08-30 00:17:49,726: +SUB [/mission_status] /yolo_detector http://localhost:38407/
[rosmaster.master][INFO] 2026-08-30 00:17:49,729: +CACHEDPARAM [/rosout_disable_topics_generation] by /yolo_detector
[rosmaster.master][INFO] 2026-08-30 00:17:49,759: publisherUpdate[/yolo_detector/node_health] -> http://localhost:33609/ ['http://localhost:38407/']
[rosmaster.master][INFO] 2026-08-30 00:17:49,761: publisherUpdate[/yolo_detector/node_health] -> http://localhost:33609/ ['http://localhost:38407/']: sec=0.00, result=[1, '', 0]
[rosmaster.master][INFO] 2026-08-30 00:17:49,940: +CACHEDPARAM [/rosout_disable_topics_generation] by /yolo_detector
[rosmaster.master][INFO] 2026-08-30 00:17:49,943: +SUB [/camera/color/image_raw] /yolo_detector http://localhost:38407/
[rosmaster.master][INFO] 2026-08-30 00:17:49,944: +PUB [/detected_objects] /yolo_detector http://localhost:38407/
[rosmaster.master][INFO] 2026-08-30 00:17:49,946: +CACHEDPARAM [/rosout_disable_topics_generation] by /yolo_detector
[rosmaster.master][INFO] 2026-08-30 00:17:49,948: +CACHEDPARAM [/rosout_disable_topics_generation] by /yolo_detector
[rosmaster.master][INFO] 2026-08-30 00:17:49,961: publisherUpdate[/detected_objects] -> http://localhost:42525/ ['http://localhost:38407/']
[rosmaster.master][INFO] 2026-08-30 00:17:49,966: publisherUpdate[/detected_objects] -> http://localhost:42525/ ['http://localhost:38407/']: sec=0.00, result=[1, '', 0]
[rosmaster.master][INFO] 2026-08-30 00:17:50,476: +CACHEDPARAM [/rosout_disable_topics_generation] by /target_tracking_controller
[rosmaster.master][INFO] 2026-08-30 00:17:50,482: +CACHEDPARAM [/rosout_disable_topics_generation] by /target_tracking_controller
[rosmaster.master][INFO] 2026-08-30 00:17:50,650: +CACHEDPARAM [/rosout_disable_topics_generation] by /health_checker
[rosmaster.master][INFO] 2026-08-30 00:17:50,656: +CACHEDPARAM [/rosout_disable_topics_generation] by /health_checker
[rosmaster.master][INFO] 2026-08-30 00:17:50,659: +CACHEDPARAM [/rosout_disable_topics_generation] by /health_checker
[rosmaster.master][INFO] 2026-08-30 00:17:55,405: +PUB [/rosout] /trajectory_planner http://localhost:42615/
[rosmaster.master][INFO] 2026-08-30 00:17:55,412: +SERVICE [/trajectory_planner/get_loggers] /trajectory_planner http://localhost:42615/
[rosmaster.master][INFO] 2026-08-30 00:17:55,413: +SERVICE [/trajectory_planner/set_logger_level] /trajectory_planner http://localhost:42615/
[rosmaster.master][INFO] 2026-08-30 00:17:55,415: publisherUpdate[/rosout] -> http://localhost:36753/ ['http://localhost:37563/', 'http://localhost:36613/', 'http://localhost:43545/', 'http://localhost:35853/', 'http://localhost:35457/', 'http://localhost:35683/', 'http://localhost:41573/', 'http://localhost:44809/', 'http://localhost:33609/', 'http://localhost:42525/', 'http://localhost:38407/', 'http://localhost:42615/']
[rosmaster.master][INFO] 2026-08-30 00:17:55,416: publisherUpdate[/rosout] -> http://localhost:36753/ ['http://localhost:37563/', 'http://localhost:36613/', 'http://localhost:43545/', 'http://localhost:35853/', 'http://localhost:35457/', 'http://localhost:35683/', 'http://localhost:41573/', 'http://localhost:44809/', 'http://localhost:33609/', 'http://localhost:42525/', 'http://localhost:38407/', 'http://localhost:42615/']: sec=0.00, result=[1, '', 0]
[rosmaster.master][INFO] 2026-08-30 00:17:55,420: +SUB [/mavros/local_position/odom] /trajectory_planner http://localhost:42615/
[rosmaster.master][INFO] 2026-08-30 00:17:55,425: -SUB [/mavros/local_position/odom] /trajectory_planner http://localhost:42615/
[rosmaster.master][INFO] 2026-08-30 00:17:55,425: -PUB [/rosout] /trajectory_planner http://localhost:42615/
[rosmaster.master][INFO] 2026-08-30 00:17:55,425: -SERVICE [/trajectory_planner/get_loggers] /trajectory_planner rosrpc://localhost:46677
[rosmaster.master][INFO] 2026-08-30 00:17:55,425: -SERVICE [/trajectory_planner/set_logger_level] /trajectory_planner rosrpc://localhost:46677
[rosmaster.master][INFO] 2026-08-30 00:17:55,518: publisherUpdate[/rosout] -> http://localhost:36753/ ['http://localhost:37563/', 'http://localhost:36613/', 'http://localhost:43545/', 'http://localhost:35853/', 'http://localhost:35457/', 'http://localhost:35683/', 'http://localhost:41573/', 'http://localhost:44809/', 'http://localhost:33609/', 'http://localhost:42525/', 'http://localhost:38407/']
[rosmaster.master][INFO] 2026-08-30 00:17:55,519: publisherUpdate[/rosout] -> http://localhost:36753/ ['http://localhost:37563/', 'http://localhost:36613/', 'http://localhost:43545/', 'http://localhost:35853/', 'http://localhost:35457/', 'http://localhost:35683/', 'http://localhost:41573/', 'http://localhost:44809/', 'http://localhost:33609/', 'http://localhost:42525/', 'http://localhost:38407/']: sec=0.00, result=[1, '', 0]
[rosmaster.master][INFO] 2026-08-30 00:18:01,320: +PUB [/rosout] /trajectory_planner http://localhost:39309/
[rosmaster.master][INFO] 2026-08-30 00:18:01,327: +SERVICE [/trajectory_planner/get_loggers] /trajectory_planner http://localhost:39309/
[rosmaster.master][INFO] 2026-08-30 00:18:01,328: +SERVICE [/trajectory_planner/set_logger_level] /trajectory_planner http://localhost:39309/
[rosmaster.master][INFO] 2026-08-30 00:18:01,333: +SUB [/mavros/local_position/odom] /trajectory_planner http://localhost:39309/
[rosmaster.master][INFO] 2026-08-30 00:18:01,338: -SUB [/mavros/local_position/odom] /trajectory_planner http://localhost:39309/
[rosmaster.master][INFO] 2026-08-30 00:18:01,338: -PUB [/rosout] /trajectory_planner http://localhost:39309/
[rosmaster.master][INFO] 2026-08-30 00:18:01,338: -SERVICE [/trajectory_planner/get_loggers] /trajectory_planner rosrpc://localhost:37025
[rosmaster.master][INFO] 2026-08-30 00:18:01,338: -SERVICE [/trajectory_planner/set_logger_level] /trajectory_planner rosrpc://localhost:37025
[rosmaster.master][INFO] 2026-08-30 00:18:01,346: publisherUpdate[/rosout] -> http://localhost:36753/ ['http://localhost:37563/', 'http://localhost:36613/', 'http://localhost:43545/', 'http://localhost:35853/', 'http://localhost:35457/', 'http://localhost:35683/', 'http://localhost:41573/', 'http://localhost:44809/', 'http://localhost:33609/', 'http://localhost:42525/', 'http://localhost:38407/', 'http://localhost:39309/']
[rosmaster.master][INFO] 2026-08-30 00:18:01,347: publisherUpdate[/rosout] -> http://localhost:36753/ ['http://localhost:37563/', 'http://localhost:36613/', 'http://localhost:43545/', 'http://localhost:35853/', 'http://localhost:35457/', 'http://localhost:35683/', 'http://localhost:41573/', 'http://localhost:44809/', 'http://localhost:33609/', 'http://localhost:42525/', 'http://localhost:38407/', 'http://localhost:39309/']: sec=0.00, result=[1, '', 0]
[rosmaster.master][INFO] 2026-08-30 00:18:01,347: publisherUpdate[/rosout] -> http://localhost:36753/ ['http://localhost:37563/', 'http://localhost:36613/', 'http://localhost:43545/', 'http://localhost:35853/', 'http://localhost:35457/', 'http://localhost:35683/', 'http://localhost:41573/', 'http://localhost:44809/', 'http://localhost:33609/', 'http://localhost:42525/', 'http://localhost:38407/']
[rosmaster.master][INFO] 2026-08-30 00:18:01,350: publisherUpdate[/rosout] -> http://localhost:36753/ ['http://localhost:37563/', 'http://localhost:36613/', 'http://localhost:43545/', 'http://localhost:35853/', 'http://localhost:35457/', 'http://localhost:35683/', 'http://localhost:41573/', 'http://localhost:44809/', 'http://localhost:33609/', 'http://localhost:42525/', 'http://localhost:38407/']: sec=0.00, result=[1, '', 0]
[rosmaster.master][INFO] 2026-08-30 00:18:08,305: +PUB [/rosout] /trajectory_planner http://localhost:34879/
[rosmaster.master][INFO] 2026-08-30 00:18:08,305: publisherUpdate[/rosout] -> http://localhost:36753/ ['http://localhost:37563/', 'http://localhost:36613/', 'http://localhost:43545/', 'http://localhost:35853/', 'http://localhost:35457/', 'http://localhost:35683/', 'http://localhost:41573/', 'http://localhost:44809/', 'http://localhost:33609/', 'http://localhost:42525/', 'http://localhost:38407/', 'http://localhost:34879/']
[rosmaster.master][INFO] 2026-08-30 00:18:08,307: publisherUpdate[/rosout] -> http://localhost:36753/ ['http://localhost:37563/', 'http://localhost:36613/', 'http://localhost:43545/', 'http://localhost:35853/', 'http://localhost:35457/', 'http://localhost:35683/', 'http://localhost:41573/', 'http://localhost:44809/', 'http://localhost:33609/', 'http://localhost:42525/', 'http://localhost:38407/', 'http://localhost:34879/']: sec=0.00, result=[1, '', 0]
[rosmaster.master][INFO] 2026-08-30 00:18:08,314: +SERVICE [/trajectory_planner/get_loggers] /trajectory_planner http://localhost:34879/
[rosmaster.master][INFO] 2026-08-30 00:18:08,315: +SERVICE [/trajectory_planner/set_logger_level] /trajectory_planner http://localhost:34879/
[rosmaster.master][INFO] 2026-08-30 00:18:08,325: +SUB [/mavros/local_position/odom] /trajectory_planner http://localhost:34879/
[rosmaster.master][INFO] 2026-08-30 00:18:08,332: -SUB [/mavros/local_position/odom] /trajectory_planner http://localhost:34879/
[rosmaster.master][INFO] 2026-08-30 00:18:08,332: -PUB [/rosout] /trajectory_planner http://localhost:34879/
[rosmaster.master][INFO] 2026-08-30 00:18:08,332: -SERVICE [/trajectory_planner/get_loggers] /trajectory_planner rosrpc://localhost:35687
[rosmaster.master][INFO] 2026-08-30 00:18:08,333: -SERVICE [/trajectory_planner/set_logger_level] /trajectory_planner rosrpc://localhost:35687
[rosmaster.master][INFO] 2026-08-30 00:18:08,406: publisherUpdate[/rosout] -> http://localhost:36753/ ['http://localhost:37563/', 'http://localhost:36613/', 'http://localhost:43545/', 'http://localhost:35853/', 'http://localhost:35457/', 'http://localhost:35683/', 'http://localhost:41573/', 'http://localhost:44809/', 'http://localhost:33609/', 'http://localhost:42525/', 'http://localhost:38407/']
[rosmaster.master][INFO] 2026-08-30 00:18:08,408: publisherUpdate[/rosout] -> http://localhost:36753/ ['http://localhost:37563/', 'http://localhost:36613/', 'http://localhost:43545/', 'http://localhost:35853/', 'http://localhost:35457/', 'http://localhost:35683/', 'http://localhost:41573/', 'http://localhost:44809/', 'http://localhost:33609/', 'http://localhost:42525/', 'http://localhost:38407/']: sec=0.00, result=[1, '', 0]
[rosmaster.master][INFO] 2026-08-30 00:18:15,097: +PUB [/rosout] /trajectory_planner http://localhost:46301/
[rosmaster.master][INFO] 2026-08-30 00:18:15,103: +SERVICE [/trajectory_planner/get_loggers] /trajectory_planner http://localhost:46301/
[rosmaster.master][INFO] 2026-08-30 00:18:15,104: +SERVICE [/trajectory_planner/set_logger_level] /trajectory_planner http://localhost:46301/
[rosmaster.master][INFO] 2026-08-30 00:18:15,109: +SUB [/mavros/local_position/odom] /trajectory_planner http://localhost:46301/
[rosmaster.master][INFO] 2026-08-30 00:18:15,113: -SUB [/mavros/local_position/odom] /trajectory_planner http://localhost:46301/
[rosmaster.master][INFO] 2026-08-30 00:18:15,113: -PUB [/rosout] /trajectory_planner http://localhost:46301/
[rosmaster.master][INFO] 2026-08-30 00:18:15,113: -SERVICE [/trajectory_planner/get_loggers] /trajectory_planner rosrpc://localhost:43837
[rosmaster.master][INFO] 2026-08-30 00:18:15,113: -SERVICE [/trajectory_planner/set_logger_level] /trajectory_planner rosrpc://localhost:43837
[rosmaster.master][INFO] 2026-08-30 00:18:15,114: publisherUpdate[/rosout] -> http://localhost:36753/ ['http://localhost:37563/', 'http://localhost:36613/', 'http://localhost:43545/', 'http://localhost:35853/', 'http://localhost:35457/', 'http://localhost:35683/', 'http://localhost:41573/', 'http://localhost:44809/', 'http://localhost:33609/', 'http://localhost:42525/', 'http://localhost:38407/', 'http://localhost:46301/']
[rosmaster.master][INFO] 2026-08-30 00:18:15,117: publisherUpdate[/rosout] -> http://localhost:36753/ ['http://localhost:37563/', 'http://localhost:36613/', 'http://localhost:43545/', 'http://localhost:35853/', 'http://localhost:35457/', 'http://localhost:35683/', 'http://localhost:41573/', 'http://localhost:44809/', 'http://localhost:33609/', 'http://localhost:42525/', 'http://localhost:38407/', 'http://localhost:46301/']: sec=0.00, result=[1, '', 0]
[rosmaster.master][INFO] 2026-08-30 00:18:15,117: publisherUpdate[/rosout] -> http://localhost:36753/ ['http://localhost:37563/', 'http://localhost:36613/', 'http://localhost:43545/', 'http://localhost:35853/', 'http://localhost:35457/', 'http://localhost:35683/', 'http://localhost:41573/', 'http://localhost:44809/', 'http://localhost:33609/', 'http://localhost:42525/', 'http://localhost:38407/']
[rosmaster.master][INFO] 2026-08-30 00:18:15,118: publisherUpdate[/rosout] -> http://localhost:36753/ ['http://localhost:37563/', 'http://localhost:36613/', 'http://localhost:43545/', 'http://localhost:35853/', 'http://localhost:35457/', 'http://localhost:35683/', 'http://localhost:41573/', 'http://localhost:44809/', 'http://localhost:33609/', 'http://localhost:42525/', 'http://localhost:38407/']: sec=0.00, result=[1, '', 0]
[rosmaster.master][INFO] 2026-08-30 00:18:23,105: +PUB [/rosout] /trajectory_planner http://localhost:45723/
[rosmaster.master][INFO] 2026-08-30 00:18:23,111: +SERVICE [/trajectory_planner/get_loggers] /trajectory_planner http://localhost:45723/
[rosmaster.master][INFO] 2026-08-30 00:18:23,112: +SERVICE [/trajectory_planner/set_logger_level] /trajectory_planner http://localhost:45723/
[rosmaster.master][INFO] 2026-08-30 00:18:23,117: +SUB [/mavros/local_position/odom] /trajectory_planner http://localhost:45723/
[rosmaster.master][INFO] 2026-08-30 00:18:23,120: -SUB [/mavros/local_position/odom] /trajectory_planner http://localhost:45723/
[rosmaster.master][INFO] 2026-08-30 00:18:23,121: -PUB [/rosout] /trajectory_planner http://localhost:45723/
[rosmaster.master][INFO] 2026-08-30 00:18:23,121: -SERVICE [/trajectory_planner/get_loggers] /trajectory_planner rosrpc://localhost:40805
[rosmaster.master][INFO] 2026-08-30 00:18:23,121: -SERVICE [/trajectory_planner/set_logger_level] /trajectory_planner rosrpc://localhost:40805
[rosmaster.master][INFO] 2026-08-30 00:18:23,132: publisherUpdate[/rosout] -> http://localhost:36753/ ['http://localhost:37563/', 'http://localhost:36613/', 'http://localhost:43545/', 'http://localhost:35853/', 'http://localhost:35457/', 'http://localhost:35683/', 'http://localhost:41573/', 'http://localhost:44809/', 'http://localhost:33609/', 'http://localhost:42525/', 'http://localhost:38407/', 'http://localhost:45723/']
[rosmaster.master][INFO] 2026-08-30 00:18:23,137: publisherUpdate[/rosout] -> http://localhost:36753/ ['http://localhost:37563/', 'http://localhost:36613/', 'http://localhost:43545/', 'http://localhost:35853/', 'http://localhost:35457/', 'http://localhost:35683/', 'http://localhost:41573/', 'http://localhost:44809/', 'http://localhost:33609/', 'http://localhost:42525/', 'http://localhost:38407/', 'http://localhost:45723/']: sec=0.00, result=[1, '', 0]
[rosmaster.master][INFO] 2026-08-30 00:18:23,137: publisherUpdate[/rosout] -> http://localhost:36753/ ['http://localhost:37563/', 'http://localhost:36613/', 'http://localhost:43545/', 'http://localhost:35853/', 'http://localhost:35457/', 'http://localhost:35683/', 'http://localhost:41573/', 'http://localhost:44809/', 'http://localhost:33609/', 'http://localhost:42525/', 'http://localhost:38407/']
[rosmaster.master][INFO] 2026-08-30 00:18:23,138: publisherUpdate[/rosout] -> http://localhost:36753/ ['http://localhost:37563/', 'http://localhost:36613/', 'http://localhost:43545/', 'http://localhost:35853/', 'http://localhost:35457/', 'http://localhost:35683/', 'http://localhost:41573/', 'http://localhost:44809/', 'http://localhost:33609/', 'http://localhost:42525/', 'http://localhost:38407/']: sec=0.00, result=[1, '', 0]
[rosmaster.master][INFO] 2026-08-30 00:18:35,363: +PUB [/rosout] /trajectory_planner http://localhost:39643/
[rosmaster.master][INFO] 2026-08-30 00:18:35,371: +SERVICE [/trajectory_planner/get_loggers] /trajectory_planner http://localhost:39643/
[rosmaster.master][INFO] 2026-08-30 00:18:35,372: +SERVICE [/trajectory_planner/set_logger_level] /trajectory_planner http://localhost:39643/
[rosmaster.master][INFO] 2026-08-30 00:18:35,378: +SUB [/mavros/local_position/odom] /trajectory_planner http://localhost:39643/
[rosmaster.master][INFO] 2026-08-30 00:18:35,384: -SUB [/mavros/local_position/odom] /trajectory_planner http://localhost:39643/
[rosmaster.master][INFO] 2026-08-30 00:18:35,384: -PUB [/rosout] /trajectory_planner http://localhost:39643/
[rosmaster.master][INFO] 2026-08-30 00:18:35,385: -SERVICE [/trajectory_planner/get_loggers] /trajectory_planner rosrpc://localhost:33607
[rosmaster.master][INFO] 2026-08-30 00:18:35,385: -SERVICE [/trajectory_planner/set_logger_level] /trajectory_planner rosrpc://localhost:33607
[rosmaster.master][INFO] 2026-08-30 00:18:35,394: publisherUpdate[/rosout] -> http://localhost:36753/ ['http://localhost:37563/', 'http://localhost:36613/', 'http://localhost:43545/', 'http://localhost:35853/', 'http://localhost:35457/', 'http://localhost:35683/', 'http://localhost:41573/', 'http://localhost:44809/', 'http://localhost:33609/', 'http://localhost:42525/', 'http://localhost:38407/', 'http://localhost:39643/']
[rosmaster.master][INFO] 2026-08-30 00:18:35,399: publisherUpdate[/rosout] -> http://localhost:36753/ ['http://localhost:37563/', 'http://localhost:36613/', 'http://localhost:43545/', 'http://localhost:35853/', 'http://localhost:35457/', 'http://localhost:35683/', 'http://localhost:41573/', 'http://localhost:44809/', 'http://localhost:33609/', 'http://localhost:42525/', 'http://localhost:38407/', 'http://localhost:39643/']: sec=0.00, result=[1, '', 0]
[rosmaster.master][INFO] 2026-08-30 00:18:35,399: publisherUpdate[/rosout] -> http://localhost:36753/ ['http://localhost:37563/', 'http://localhost:36613/', 'http://localhost:43545/', 'http://localhost:35853/', 'http://localhost:35457/', 'http://localhost:35683/', 'http://localhost:41573/', 'http://localhost:44809/', 'http://localhost:33609/', 'http://localhost:42525/', 'http://localhost:38407/']
[rosmaster.master][INFO] 2026-08-30 00:18:35,400: publisherUpdate[/rosout] -> http://localhost:36753/ ['http://localhost:37563/', 'http://localhost:36613/', 'http://localhost:43545/', 'http://localhost:35853/', 'http://localhost:35457/', 'http://localhost:35683/', 'http://localhost:41573/', 'http://localhost:44809/', 'http://localhost:33609/', 'http://localhost:42525/', 'http://localhost:38407/']: sec=0.00, result=[1, '', 0]
[rosmaster.master][INFO] 2026-08-30 00:18:53,173: +PUB [/rosout] /trajectory_planner http://localhost:34005/
[rosmaster.master][INFO] 2026-08-30 00:18:53,180: +SERVICE [/trajectory_planner/get_loggers] /trajectory_planner http://localhost:34005/
[rosmaster.master][INFO] 2026-08-30 00:18:53,181: +SERVICE [/trajectory_planner/set_logger_level] /trajectory_planner http://localhost:34005/
[rosmaster.master][INFO] 2026-08-30 00:18:53,188: +SUB [/mavros/local_position/odom] /trajectory_planner http://localhost:34005/
[rosmaster.master][INFO] 2026-08-30 00:18:53,192: -SUB [/mavros/local_position/odom] /trajectory_planner http://localhost:34005/
[rosmaster.master][INFO] 2026-08-30 00:18:53,192: -PUB [/rosout] /trajectory_planner http://localhost:34005/
[rosmaster.master][INFO] 2026-08-30 00:18:53,192: -SERVICE [/trajectory_planner/get_loggers] /trajectory_planner rosrpc://localhost:39715
[rosmaster.master][INFO] 2026-08-30 00:18:53,193: -SERVICE [/trajectory_planner/set_logger_level] /trajectory_planner rosrpc://localhost:39715
[rosmaster.master][INFO] 2026-08-30 00:18:53,200: publisherUpdate[/rosout] -> http://localhost:36753/ ['http://localhost:37563/', 'http://localhost:36613/', 'http://localhost:43545/', 'http://localhost:35853/', 'http://localhost:35457/', 'http://localhost:35683/', 'http://localhost:41573/', 'http://localhost:44809/', 'http://localhost:33609/', 'http://localhost:42525/', 'http://localhost:38407/', 'http://localhost:34005/']
[rosmaster.master][INFO] 2026-08-30 00:18:53,205: publisherUpdate[/rosout] -> http://localhost:36753/ ['http://localhost:37563/', 'http://localhost:36613/', 'http://localhost:43545/', 'http://localhost:35853/', 'http://localhost:35457/', 'http://localhost:35683/', 'http://localhost:41573/', 'http://localhost:44809/', 'http://localhost:33609/', 'http://localhost:42525/', 'http://localhost:38407/', 'http://localhost:34005/']: sec=0.01, result=[1, '', 0]
[rosmaster.master][INFO] 2026-08-30 00:18:53,206: publisherUpdate[/rosout] -> http://localhost:36753/ ['http://localhost:37563/', 'http://localhost:36613/', 'http://localhost:43545/', 'http://localhost:35853/', 'http://localhost:35457/', 'http://localhost:35683/', 'http://localhost:41573/', 'http://localhost:44809/', 'http://localhost:33609/', 'http://localhost:42525/', 'http://localhost:38407/']
[rosmaster.master][INFO] 2026-08-30 00:18:53,207: publisherUpdate[/rosout] -> http://localhost:36753/ ['http://localhost:37563/', 'http://localhost:36613/', 'http://localhost:43545/', 'http://localhost:35853/', 'http://localhost:35457/', 'http://localhost:35683/', 'http://localhost:41573/', 'http://localhost:44809/', 'http://localhost:33609/', 'http://localhost:42525/', 'http://localhost:38407/']: sec=0.00, result=[1, '', 0]
[rosmaster.master][INFO] 2026-08-30 00:19:25,168: +PUB [/rosout] /trajectory_planner http://localhost:36309/
[rosmaster.master][INFO] 2026-08-30 00:19:25,173: +SERVICE [/trajectory_planner/get_loggers] /trajectory_planner http://localhost:36309/
[rosmaster.master][INFO] 2026-08-30 00:19:25,174: +SERVICE [/trajectory_planner/set_logger_level] /trajectory_planner http://localhost:36309/
[rosmaster.master][INFO] 2026-08-30 00:19:25,179: +SUB [/mavros/local_position/odom] /trajectory_planner http://localhost:36309/
[rosmaster.master][INFO] 2026-08-30 00:19:25,183: -SUB [/mavros/local_position/odom] /trajectory_planner http://localhost:36309/
[rosmaster.master][INFO] 2026-08-30 00:19:25,183: -PUB [/rosout] /trajectory_planner http://localhost:36309/
[rosmaster.master][INFO] 2026-08-30 00:19:25,183: -SERVICE [/trajectory_planner/get_loggers] /trajectory_planner rosrpc://localhost:41581
[rosmaster.master][INFO] 2026-08-30 00:19:25,183: -SERVICE [/trajectory_planner/set_logger_level] /trajectory_planner rosrpc://localhost:41581
[rosmaster.master][INFO] 2026-08-30 00:19:25,204: publisherUpdate[/rosout] -> http://localhost:36753/ ['http://localhost:37563/', 'http://localhost:36613/', 'http://localhost:43545/', 'http://localhost:35853/', 'http://localhost:35457/', 'http://localhost:35683/', 'http://localhost:41573/', 'http://localhost:44809/', 'http://localhost:33609/', 'http://localhost:42525/', 'http://localhost:38407/', 'http://localhost:36309/']
[rosmaster.master][INFO] 2026-08-30 00:19:25,209: publisherUpdate[/rosout] -> http://localhost:36753/ ['http://localhost:37563/', 'http://localhost:36613/', 'http://localhost:43545/', 'http://localhost:35853/', 'http://localhost:35457/', 'http://localhost:35683/', 'http://localhost:41573/', 'http://localhost:44809/', 'http://localhost:33609/', 'http://localhost:42525/', 'http://localhost:38407/', 'http://localhost:36309/']: sec=0.00, result=[1, '', 0]
[rosmaster.master][INFO] 2026-08-30 00:19:25,209: publisherUpdate[/rosout] -> http://localhost:36753/ ['http://localhost:37563/', 'http://localhost:36613/', 'http://localhost:43545/', 'http://localhost:35853/', 'http://localhost:35457/', 'http://localhost:35683/', 'http://localhost:41573/', 'http://localhost:44809/', 'http://localhost:33609/', 'http://localhost:42525/', 'http://localhost:38407/']
[rosmaster.master][INFO] 2026-08-30 00:19:25,210: publisherUpdate[/rosout] -> http://localhost:36753/ ['http://localhost:37563/', 'http://localhost:36613/', 'http://localhost:43545/', 'http://localhost:35853/', 'http://localhost:35457/', 'http://localhost:35683/', 'http://localhost:41573/', 'http://localhost:44809/', 'http://localhost:33609/', 'http://localhost:42525/', 'http://localhost:38407/']: sec=0.00, result=[1, '', 0]
[rosmaster.master][INFO] 2026-08-30 00:20:04,340: -SUB [/yolo_detector/node_health] /health_checker http://localhost:33609/
[rosmaster.master][INFO] 2026-08-30 00:20:04,340: -SUB [/target_tracking_controller/node_health] /health_checker http://localhost:33609/
[rosmaster.master][INFO] 2026-08-30 00:20:04,340: -SUB [/vehicle_state_monitor/node_health] /health_checker http://localhost:33609/
[rosmaster.master][INFO] 2026-08-30 00:20:04,341: -SUB [/mission_manager/node_health] /health_checker http://localhost:33609/
[rosmaster.master][INFO] 2026-08-30 00:20:04,341: -SUB [/safety_monitor/node_health] /health_checker http://localhost:33609/
[rosmaster.master][INFO] 2026-08-30 00:20:04,341: -SUB [/command_interpreter/node_health] /health_checker http://localhost:33609/
[rosmaster.master][INFO] 2026-08-30 00:20:04,341: -PUB [/rosout] /health_checker http://localhost:33609/
[rosmaster.master][INFO] 2026-08-30 00:20:04,342: -PUB [/system_health] /health_checker http://localhost:33609/
[rosmaster.master][INFO] 2026-08-30 00:20:04,342: -SERVICE [/health_checker/get_loggers] /health_checker rosrpc://localhost:39413
[rosmaster.master][INFO] 2026-08-30 00:20:04,344: -SERVICE [/health_checker/set_logger_level] /health_checker rosrpc://localhost:39413
[rosmaster.master][INFO] 2026-08-30 00:20:04,345: -SERVICE [/health/check_all] /health_checker rosrpc://localhost:39413
[rosmaster.master][INFO] 2026-08-30 00:20:04,345: -SERVICE [/health/restart_node] /health_checker rosrpc://localhost:39413
[rosmaster.master][INFO] 2026-08-30 00:20:04,346: -SUB [/mavros/local_position/pose] /safety_monitor http://localhost:44809/
[rosmaster.master][INFO] 2026-08-30 00:20:04,350: -SUB [/mavros/local_position/velocity] /safety_monitor http://localhost:44809/
[rosmaster.master][INFO] 2026-08-30 00:20:04,350: -SUB [/mavros/state] /safety_monitor http://localhost:44809/
[rosmaster.master][INFO] 2026-08-30 00:20:04,351: -PUB [/rosout] /safety_monitor http://localhost:44809/
[rosmaster.master][INFO] 2026-08-30 00:20:04,351: -PUB [/safety_status] /safety_monitor http://localhost:44809/
[rosmaster.master][INFO] 2026-08-30 00:20:04,352: -PUB [/safety_monitor/node_health] /safety_monitor http://localhost:44809/
[rosmaster.master][INFO] 2026-08-30 00:20:04,386: publisherUpdate[/rosout] -> http://localhost:36753/ ['http://localhost:37563/', 'http://localhost:36613/', 'http://localhost:43545/', 'http://localhost:35853/', 'http://localhost:35457/', 'http://localhost:35683/', 'http://localhost:41573/', 'http://localhost:44809/', 'http://localhost:42525/', 'http://localhost:38407/']
[rosmaster.master][INFO] 2026-08-30 00:20:04,387: -PUB [/rosout] /camera_calibration http://localhost:35457/
[rosmaster.master][INFO] 2026-08-30 00:20:04,388: -PUB [/camera/camera_info] /camera_calibration http://localhost:35457/
[rosmaster.master][INFO] 2026-08-30 00:20:04,388: -PUB [/tf] /camera_calibration http://localhost:35457/
[rosmaster.master][INFO] 2026-08-30 00:20:04,392: -SUB [/mavros/imu/data] /sensor_fusion http://localhost:37563/
[rosmaster.master][INFO] 2026-08-30 00:20:04,392: -SUB [/mavros/global_position/global] /sensor_fusion http://localhost:37563/
[rosmaster.master][INFO] 2026-08-30 00:20:04,393: -SUB [/mavros/local_position/pose] /sensor_fusion http://localhost:37563/
[rosmaster.master][INFO] 2026-08-30 00:20:04,393: -PUB [/rosout] /sensor_fusion http://localhost:37563/
[rosmaster.master][INFO] 2026-08-30 00:20:04,393: -PUB [/sensor_fusion/node_health] /sensor_fusion http://localhost:37563/
[rosmaster.master][INFO] 2026-08-30 00:20:04,393: -SERVICE [/sensor_fusion/get_loggers] /sensor_fusion rosrpc://localhost:33083
[rosmaster.master][INFO] 2026-08-30 00:20:04,393: -SUB [/drone_control/command] /yolo_detector http://localhost:38407/
[rosmaster.master][INFO] 2026-08-30 00:20:04,394: -SUB [/mission_status] /yolo_detector http://localhost:38407/
[rosmaster.master][INFO] 2026-08-30 00:20:04,394: -SERVICE [/camera_calibration/get_loggers] /camera_calibration rosrpc://localhost:42019
[rosmaster.master][INFO] 2026-08-30 00:20:04,394: -SUB [/drone_control/command] /command_interpreter http://localhost:35853/
[rosmaster.master][INFO] 2026-08-30 00:20:04,394: -PUB [/rosout] /command_interpreter http://localhost:35853/
[rosmaster.master][INFO] 2026-08-30 00:20:04,394: -PUB [/drone_control/command_response] /command_interpreter http://localhost:35853/
[rosmaster.master][INFO] 2026-08-30 00:20:04,394: -PUB [/command_interpreter/node_health] /command_interpreter http://localhost:35853/
[rosmaster.master][INFO] 2026-08-30 00:20:04,395: -SERVICE [/command_interpreter/get_loggers] /command_interpreter rosrpc://localhost:38469
[rosmaster.master][INFO] 2026-08-30 00:20:04,395: -SERVICE [/command_interpreter/set_logger_level] /command_interpreter rosrpc://localhost:38469
[rosmaster.master][INFO] 2026-08-30 00:20:04,395: -SUB [/health/check_all] /system_health_monitor http://localhost:35683/
[rosmaster.master][INFO] 2026-08-30 00:20:04,397: publisherUpdate[/rosout] -> http://localhost:36753/ ['http://localhost:37563/', 'http://localhost:36613/', 'http://localhost:43545/', 'http://localhost:35853/', 'http://localhost:35457/', 'http://localhost:35683/', 'http://localhost:41573/', 'http://localhost:44809/', 'http://localhost:42525/', 'http://localhost:38407/']: sec=0.01, result=[1, '', 0]
[rosmaster.master][INFO] 2026-08-30 00:20:04,397: -SUB [/mavros/local_position/odom] /target_tracking_controller http://localhost:42525/
[rosmaster.master][INFO] 2026-08-30 00:20:04,397: -SUB [/detected_objects] /target_tracking_controller http://localhost:42525/
[rosmaster.master][INFO] 2026-08-30 00:20:04,398: -SUB [/mavros/state] /target_tracking_controller http://localhost:42525/
[rosmaster.master][INFO] 2026-08-30 00:20:04,398: -SUB [/mission_status] /target_tracking_controller http://localhost:42525/
[rosmaster.master][INFO] 2026-08-30 00:20:04,398: -PUB [/rosout] /target_tracking_controller http://localhost:42525/
[rosmaster.master][INFO] 2026-08-30 00:20:04,398: -PUB [/tracked_targets] /target_tracking_controller http://localhost:42525/
[rosmaster.master][INFO] 2026-08-30 00:20:04,399: -PUB [/mavros/setpoint_velocity/cmd_vel_unstamped] /target_tracking_controller http://localhost:42525/
[rosmaster.master][INFO] 2026-08-30 00:20:04,399: -PUB [/mavros/setpoint_raw/local] /target_tracking_controller http://localhost:42525/
[rosmaster.master][INFO] 2026-08-30 00:20:04,399: -PUB [/target_tracking_controller/node_health] /target_tracking_controller http://localhost:42525/
[rosmaster.master][INFO] 2026-08-30 00:20:04,400: -SERVICE [/target_tracking_controller/get_loggers] /target_tracking_controller rosrpc://localhost:46113
[rosmaster.master][INFO] 2026-08-30 00:20:04,400: -SERVICE [/target_tracking_controller/set_logger_level] /target_tracking_controller rosrpc://localhost:46113
[rosmaster.master][INFO] 2026-08-30 00:20:04,397: publisherUpdate[/rosout] -> http://localhost:36753/ ['http://localhost:37563/', 'http://localhost:36613/', 'http://localhost:43545/', 'http://localhost:35853/', 'http://localhost:35457/', 'http://localhost:35683/', 'http://localhost:41573/', 'http://localhost:42525/', 'http://localhost:38407/']
[rosmaster.master][INFO] 2026-08-30 00:20:04,402: -SUB [/mavros/state] /vehicle_state_monitor http://localhost:41573/
[rosmaster.master][INFO] 2026-08-30 00:20:04,404: -SUB [/mavros/battery] /vehicle_state_monitor http://localhost:41573/
[rosmaster.master][INFO] 2026-08-30 00:20:04,404: -SUB [/mavros/local_position/velocity] /vehicle_state_monitor http://localhost:41573/
[rosmaster.master][INFO] 2026-08-30 00:20:04,405: -SERVICE [/camera_calibration/set_logger_level] /camera_calibration rosrpc://localhost:42019
[rosmaster.master][INFO] 2026-08-30 00:20:04,406: -PUB [/rosout] /system_health_monitor http://localhost:35683/
[rosmaster.master][INFO] 2026-08-30 00:20:04,406: -PUB [/system_health] /system_health_monitor http://localhost:35683/
[rosmaster.master][INFO] 2026-08-30 00:20:04,406: -SUB [/drone_control/command] /mission_manager http://localhost:43545/
[rosmaster.master][INFO] 2026-08-30 00:20:04,407: -SUB [/safety_status] /mission_manager http://localhost:43545/
[rosmaster.master][INFO] 2026-08-30 00:20:04,407: -SUB [/tracked_targets] /mission_manager http://localhost:43545/
[rosmaster.master][INFO] 2026-08-30 00:20:04,407: -PUB [/rosout] /mission_manager http://localhost:43545/
[rosmaster.master][INFO] 2026-08-30 00:20:04,407: -PUB [/mission_status] /mission_manager http://localhost:43545/
[rosmaster.master][INFO] 2026-08-30 00:20:04,407: -PUB [/mission_manager/node_health] /mission_manager http://localhost:43545/
[rosmaster.master][INFO] 2026-08-30 00:20:04,407: -SERVICE [/mission_manager/get_loggers] /mission_manager rosrpc://localhost:41249
[rosmaster.master][INFO] 2026-08-30 00:20:04,408: -SERVICE [/mission_manager/set_logger_level] /mission_manager rosrpc://localhost:41249
[rosmaster.master][INFO] 2026-08-30 00:20:04,408: -SUB [/camera/color/image_raw] /yolo_detector http://localhost:38407/
[rosmaster.master][INFO] 2026-08-30 00:20:04,409: -PUB [/rosout] /yolo_detector http://localhost:38407/
[rosmaster.master][INFO] 2026-08-30 00:20:04,409: -PUB [/yolo_detector/node_health] /yolo_detector http://localhost:38407/
[rosmaster.master][INFO] 2026-08-30 00:20:04,409: -PUB [/command_response] /yolo_detector http://localhost:38407/
[rosmaster.master][INFO] 2026-08-30 00:20:04,409: -PUB [/detected_objects] /yolo_detector http://localhost:38407/
[rosmaster.master][INFO] 2026-08-30 00:20:04,409: -SERVICE [/yolo_detector/get_loggers] /yolo_detector rosrpc://localhost:41043
[rosmaster.master][INFO] 2026-08-30 00:20:04,410: -SERVICE [/yolo_detector/set_logger_level] /yolo_detector rosrpc://localhost:41043
[rosmaster.master][INFO] 2026-08-30 00:20:04,411: -SERVICE [/sensor_fusion/set_logger_level] /sensor_fusion rosrpc://localhost:33083
[rosmaster.master][INFO] 2026-08-30 00:20:04,411: -PUB [/emergency_triggered] /safety_monitor http://localhost:44809/
[rosmaster.master][INFO] 2026-08-30 00:20:04,412: -SERVICE [/safety_monitor/get_loggers] /safety_monitor rosrpc://localhost:38989
[rosmaster.master][INFO] 2026-08-30 00:20:04,412: -SERVICE [/safety_monitor/set_logger_level] /safety_monitor rosrpc://localhost:38989
[rosmaster.master][INFO] 2026-08-30 00:20:04,412: -SERVICE [/safety/geofence_enable] /safety_monitor rosrpc://localhost:38989
[rosmaster.master][INFO] 2026-08-30 00:20:04,412: -SERVICE [/safety/geofence_disable] /safety_monitor rosrpc://localhost:38989
[rosmaster.master][INFO] 2026-08-30 00:20:04,413: -SERVICE [/safety/check] /safety_monitor rosrpc://localhost:38989
[rosmaster.master][INFO] 2026-08-30 00:20:04,413: -SERVICE [/safety/status] /safety_monitor rosrpc://localhost:38989
[rosmaster.master][INFO] 2026-08-30 00:20:04,414: -PUB [/diagnostic_status] /system_health_monitor http://localhost:35683/
[rosmaster.master][INFO] 2026-08-30 00:20:04,414: -PUB [/performance_metrics] /system_health_monitor http://localhost:35683/
[rosmaster.master][INFO] 2026-08-30 00:20:04,414: -PUB [/system_alert] /system_health_monitor http://localhost:35683/
[rosmaster.master][INFO] 2026-08-30 00:20:04,414: -SERVICE [/system_health_monitor/get_loggers] /system_health_monitor rosrpc://localhost:41459
[rosmaster.master][INFO] 2026-08-30 00:20:04,415: -SERVICE [/system_health_monitor/set_logger_level] /system_health_monitor rosrpc://localhost:41459
[rosmaster.master][INFO] 2026-08-30 00:20:04,422: -PUB [/rosout] /vehicle_state_monitor http://localhost:41573/
[rosmaster.master][INFO] 2026-08-30 00:20:04,427: -PUB [/drone_status] /vehicle_state_monitor http://localhost:41573/
[rosmaster.master][INFO] 2026-08-30 00:20:04,427: -PUB [/diagnostic_status] /vehicle_state_monitor http://localhost:41573/
[rosmaster.master][INFO] 2026-08-30 00:20:04,428: -PUB [/vehicle_state_monitor/node_health] /vehicle_state_monitor http://localhost:41573/
[rosmaster.master][INFO] 2026-08-30 00:20:04,428: -PUB [/battery_percentage] /vehicle_state_monitor http://localhost:41573/
[rosmaster.master][INFO] 2026-08-30 00:20:04,428: -SERVICE [/vehicle_state_monitor/get_loggers] /vehicle_state_monitor rosrpc://localhost:41737
[rosmaster.master][INFO] 2026-08-30 00:20:04,429: -SERVICE [/vehicle_state_monitor/set_logger_level] /vehicle_state_monitor rosrpc://localhost:41737
[rosmaster.master][INFO] 2026-08-30 00:20:04,429: -SERVICE [/drone_emergency_stop] /vehicle_state_monitor rosrpc://localhost:41737
[rosmaster.master][INFO] 2026-08-30 00:20:04,429: -SERVICE [/drone_arm] /vehicle_state_monitor rosrpc://localhost:41737
[rosmaster.master][INFO] 2026-08-30 00:20:04,429: -SERVICE [/drone_disarm] /vehicle_state_monitor rosrpc://localhost:41737
[rosmaster.master][INFO] 2026-08-30 00:20:04,430: -SERVICE [/drone_get_status] /vehicle_state_monitor rosrpc://localhost:41737
[rosmaster.master][INFO] 2026-08-30 00:20:04,423: publisherUpdate[/rosout] -> http://localhost:36753/ ['http://localhost:37563/', 'http://localhost:36613/', 'http://localhost:43545/', 'http://localhost:35853/', 'http://localhost:35457/', 'http://localhost:35683/', 'http://localhost:41573/', 'http://localhost:42525/', 'http://localhost:38407/']: sec=0.02, result=[1, '', 0]
[rosmaster.master][INFO] 2026-08-30 00:20:04,434: publisherUpdate[/rosout] -> http://localhost:36753/ ['http://localhost:37563/', 'http://localhost:36613/', 'http://localhost:43545/', 'http://localhost:35853/', 'http://localhost:35683/', 'http://localhost:41573/', 'http://localhost:42525/', 'http://localhost:38407/']
[rosmaster.master][INFO] 2026-08-30 00:20:04,423: publisherUpdate[/safety_status] -> http://localhost:43545/ []
[rosmaster.master][INFO] 2026-08-30 00:20:04,437: publisherUpdate[/rosout] -> http://localhost:36753/ ['http://localhost:37563/', 'http://localhost:36613/', 'http://localhost:43545/', 'http://localhost:35853/', 'http://localhost:35683/', 'http://localhost:41573/', 'http://localhost:42525/', 'http://localhost:38407/']: sec=0.00, result=[1, '', 0]
[rosmaster.master][INFO] 2026-08-30 00:20:04,442: publisherUpdate[/rosout] -> http://localhost:36753/ ['http://localhost:36613/', 'http://localhost:43545/', 'http://localhost:35853/', 'http://localhost:35683/', 'http://localhost:41573/', 'http://localhost:42525/', 'http://localhost:38407/']
[rosmaster.master][INFO] 2026-08-30 00:20:04,448: publisherUpdate[/safety_status] -> http://localhost:43545/ []: sec=0.01, exception=[Errno 111] Connection refused
[rosmaster.threadpool][ERROR] 2026-08-30 00:20:04,451: Traceback (most recent call last):
  File "/opt/ros/noetic/lib/python3/dist-packages/rosmaster/threadpool.py", line 218, in run
    result = cmd(*args)
  File "/opt/ros/noetic/lib/python3/dist-packages/rosmaster/master_api.py", line 210, in publisher_update_task
    ret = xmlrpcapi(api).publisherUpdate('/master', topic, pub_uris)
  File "/usr/lib/python3.8/xmlrpc/client.py", line 1109, in __call__
    return self.__send(self.__name, args)
  File "/usr/lib/python3.8/xmlrpc/client.py", line 1450, in __request
    response = self.__transport.request(
  File "/usr/lib/python3.8/xmlrpc/client.py", line 1153, in request
    return self.single_request(host, handler, request_body, verbose)
  File "/usr/lib/python3.8/xmlrpc/client.py", line 1165, in single_request
    http_conn = self.send_request(host, handler, request_body, verbose)
  File "/usr/lib/python3.8/xmlrpc/client.py", line 1278, in send_request
    self.send_content(connection, request_body)
  File "/usr/lib/python3.8/xmlrpc/client.py", line 1308, in send_content
    connection.endheaders(request_body)
  File "/usr/lib/python3.8/http/client.py", line 1251, in endheaders
    self._send_output(message_body, encode_chunked=encode_chunked)
  File "/usr/lib/python3.8/http/client.py", line 1011, in _send_output
    self.send(msg)
  File "/usr/lib/python3.8/http/client.py", line 951, in send
    self.connect()
  File "/usr/lib/python3.8/http/client.py", line 922, in connect
    self.sock = self._create_connection(
  File "/usr/lib/python3.8/socket.py", line 808, in create_connection
    raise err
  File "/usr/lib/python3.8/socket.py", line 796, in create_connection
    sock.connect(sa)
ConnectionRefusedError: [Errno 111] Connection refused

[rosmaster.master][INFO] 2026-08-30 00:20:04,451: publisherUpdate[/tracked_targets] -> http://localhost:43545/ []
[rosmaster.master][INFO] 2026-08-30 00:20:04,452: publisherUpdate[/rosout] -> http://localhost:36753/ ['http://localhost:36613/', 'http://localhost:43545/', 'http://localhost:35853/', 'http://localhost:35683/', 'http://localhost:41573/', 'http://localhost:42525/', 'http://localhost:38407/']: sec=0.01, result=[1, '', 0]
[rosmaster.master][INFO] 2026-08-30 00:20:04,453: publisherUpdate[/rosout] -> http://localhost:36753/ ['http://localhost:36613/', 'http://localhost:43545/', 'http://localhost:35683/', 'http://localhost:41573/', 'http://localhost:42525/', 'http://localhost:38407/']
[rosmaster.master][INFO] 2026-08-30 00:20:04,453: publisherUpdate[/tracked_targets] -> http://localhost:43545/ []: sec=0.00, exception=[Errno 111] Connection refused
[rosmaster.threadpool][ERROR] 2026-08-30 00:20:04,455: Traceback (most recent call last):
  File "/opt/ros/noetic/lib/python3/dist-packages/rosmaster/threadpool.py", line 218, in run
    result = cmd(*args)
  File "/opt/ros/noetic/lib/python3/dist-packages/rosmaster/master_api.py", line 210, in publisher_update_task
    ret = xmlrpcapi(api).publisherUpdate('/master', topic, pub_uris)
  File "/usr/lib/python3.8/xmlrpc/client.py", line 1109, in __call__
    return self.__send(self.__name, args)
  File "/usr/lib/python3.8/xmlrpc/client.py", line 1450, in __request
    response = self.__transport.request(
  File "/usr/lib/python3.8/xmlrpc/client.py", line 1153, in request
    return self.single_request(host, handler, request_body, verbose)
  File "/usr/lib/python3.8/xmlrpc/client.py", line 1165, in single_request
    http_conn = self.send_request(host, handler, request_body, verbose)
  File "/usr/lib/python3.8/xmlrpc/client.py", line 1278, in send_request
    self.send_content(connection, request_body)
  File "/usr/lib/python3.8/xmlrpc/client.py", line 1308, in send_content
    connection.endheaders(request_body)
  File "/usr/lib/python3.8/http/client.py", line 1251, in endheaders
    self._send_output(message_body, encode_chunked=encode_chunked)
  File "/usr/lib/python3.8/http/client.py", line 1011, in _send_output
    self.send(msg)
  File "/usr/lib/python3.8/http/client.py", line 951, in send
    self.connect()
  File "/usr/lib/python3.8/http/client.py", line 922, in connect
    self.sock = self._create_connection(
  File "/usr/lib/python3.8/socket.py", line 808, in create_connection
    raise err
  File "/usr/lib/python3.8/socket.py", line 796, in create_connection
    sock.connect(sa)
ConnectionRefusedError: [Errno 111] Connection refused

[rosmaster.master][INFO] 2026-08-30 00:20:04,454: publisherUpdate[/rosout] -> http://localhost:36753/ ['http://localhost:36613/', 'http://localhost:43545/', 'http://localhost:35683/', 'http://localhost:41573/', 'http://localhost:42525/', 'http://localhost:38407/']: sec=0.00, result=[1, '', 0]
[rosmaster.master][INFO] 2026-08-30 00:20:04,456: publisherUpdate[/rosout] -> http://localhost:36753/ ['http://localhost:36613/', 'http://localhost:43545/', 'http://localhost:35683/', 'http://localhost:41573/', 'http://localhost:38407/']
[rosmaster.master][INFO] 2026-08-30 00:20:04,457: publisherUpdate[/rosout] -> http://localhost:36753/ ['http://localhost:36613/', 'http://localhost:43545/', 'http://localhost:35683/', 'http://localhost:41573/', 'http://localhost:38407/']: sec=0.00, result=[1, '', 0]
[rosmaster.master][INFO] 2026-08-30 00:20:04,458: publisherUpdate[/rosout] -> http://localhost:36753/ ['http://localhost:36613/', 'http://localhost:43545/', 'http://localhost:41573/', 'http://localhost:38407/']
[rosmaster.master][INFO] 2026-08-30 00:20:04,459: publisherUpdate[/rosout] -> http://localhost:36753/ ['http://localhost:36613/', 'http://localhost:43545/', 'http://localhost:41573/', 'http://localhost:38407/']: sec=0.00, result=[1, '', 0]
[rosmaster.master][INFO] 2026-08-30 00:20:04,459: publisherUpdate[/rosout] -> http://localhost:36753/ ['http://localhost:36613/', 'http://localhost:41573/', 'http://localhost:38407/']
[rosmaster.master][INFO] 2026-08-30 00:20:04,460: publisherUpdate[/rosout] -> http://localhost:36753/ ['http://localhost:36613/', 'http://localhost:41573/', 'http://localhost:38407/']: sec=0.00, result=[1, '', 0]
[rosmaster.master][INFO] 2026-08-30 00:20:04,460: publisherUpdate[/rosout] -> http://localhost:36753/ ['http://localhost:36613/', 'http://localhost:41573/']
[rosmaster.master][INFO] 2026-08-30 00:20:04,460: publisherUpdate[/rosout] -> http://localhost:36753/ ['http://localhost:36613/', 'http://localhost:41573/']: sec=0.00, result=[1, '', 0]
[rosmaster.master][INFO] 2026-08-30 00:20:04,461: publisherUpdate[/rosout] -> http://localhost:36753/ ['http://localhost:36613/']
[rosmaster.master][INFO] 2026-08-30 00:20:04,461: publisherUpdate[/rosout] -> http://localhost:36753/ ['http://localhost:36613/']: sec=0.00, result=[1, '', 0]
[rosmaster.master][INFO] 2026-08-30 00:20:05,224: -PUB [/rosout] /parameter_validator http://localhost:36613/
[rosmaster.master][INFO] 2026-08-30 00:20:05,225: -SERVICE [/parameter_validator/get_loggers] /parameter_validator rosrpc://localhost:44715
[rosmaster.master][INFO] 2026-08-30 00:20:05,225: -SERVICE [/parameter_validator/set_logger_level] /parameter_validator rosrpc://localhost:44715
[rosmaster.master][INFO] 2026-08-30 00:20:05,292: publisherUpdate[/rosout] -> http://localhost:36753/ []
[rosmaster.master][INFO] 2026-08-30 00:20:05,295: publisherUpdate[/rosout] -> http://localhost:36753/ []: sec=0.00, result=[1, '', 0]
[rosmaster.master][INFO] 2026-08-30 00:20:06,302: -PUB [/rosout_agg] /rosout http://localhost:36753/
[rosmaster.master][INFO] 2026-08-30 00:20:06,303: -SUB [/rosout] /rosout http://localhost:36753/
[rosmaster.master][INFO] 2026-08-30 00:20:06,305: -SERVICE [/rosout/get_loggers] /rosout rosrpc://localhost:55985
[rosmaster.master][INFO] 2026-08-30 00:20:06,306: -SERVICE [/rosout/set_logger_level] /rosout rosrpc://localhost:55985
[rosmaster.master][INFO] 2026-08-30 00:20:06,308: -CACHEDPARAM [/rosout/omit_topics] by /rosout
[rosmaster.main][INFO] 2026-08-30 00:20:06,333: keyboard interrupt, will exit
[rosmaster.main][INFO] 2026-08-30 00:20:06,333: stopping master...
[rospy.core][INFO] 2026-08-30 00:20:06,333: signal_shutdown [atexit]
