[rosmaster.main][INFO] 2026-08-30 08:39:48,669: initialization complete, waiting for shutdown
[rosmaster.main][INFO] 2026-08-30 08:39:48,675: Starting ROS Master Node
[xmlrpc][INFO] 2026-08-30 08:39:48,680: XML-RPC server binding to 127.0.0.1:11311
[xmlrpc][INFO] 2026-08-30 08:39:48,683: Started XML-RPC server [http://localhost:11311/]
[rosmaster.master][INFO] 2026-08-30 08:39:48,684: Master initialized: port[11311], uri[http://localhost:11311/]
[xmlrpc][INFO] 2026-08-30 08:39:48,684: xml rpc node: starting XML-RPC server
[rosmaster.master][INFO] 2026-08-30 08:39:48,730: +PARAM [/run_id] by /roslaunch
[rosmaster.master][INFO] 2026-08-30 08:39:48,732: +PARAM [/roslaunch/uris/host_localhost__32865] by /roslaunch
[rosmaster.master][INFO] 2026-08-30 08:39:48,825: +PARAM [/rosversion] by /roslaunch
[rosmaster.master][INFO] 2026-08-30 08:39:48,825: +PARAM [/rosdistro] by /roslaunch
[rosmaster.master][INFO] 2026-08-30 08:39:48,826: +PARAM [/target_params/detection/model/path] by /roslaunch
[rosmaster.master][INFO] 2026-08-30 08:39:48,827: +PARAM [/target_params/detection/model/device] by /roslaunch
[rosmaster.master][INFO] 2026-08-30 08:39:48,827: +PARAM [/target_params/detection/model/input_size] by /roslaunch
[rosmaster.master][INFO] 2026-08-30 08:39:48,827: +PARAM [/target_params/detection/model/batch_size] by /roslaunch
[rosmaster.master][INFO] 2026-08-30 08:39:48,827: +PARAM [/target_params/detection/confidence_threshold] by /roslaunch
[rosmaster.master][INFO] 2026-08-30 08:39:48,827: +PARAM [/target_params/detection/nms_threshold] by /roslaunch
[rosmaster.master][INFO] 2026-08-30 08:39:48,828: +PARAM [/target_params/detection/max_detections] by /roslaunch
[rosmaster.master][INFO] 2026-08-30 08:39:48,828: +PARAM [/target_params/detection/vehicle_classes] by /roslaunch
[rosmaster.master][INFO] 2026-08-30 08:39:48,828: +PARAM [/target_params/detection/class_thresholds/class_1] by /roslaunch
[rosmaster.master][INFO] 2026-08-30 08:39:48,828: +PARAM [/target_params/detection/class_thresholds/class_2] by /roslaunch
[rosmaster.master][INFO] 2026-08-30 08:39:48,828: +PARAM [/target_params/detection/class_thresholds/class_3] by /roslaunch
[rosmaster.master][INFO] 2026-08-30 08:39:48,829: +PARAM [/target_params/detection/class_thresholds/class_5] by /roslaunch
[rosmaster.master][INFO] 2026-08-30 08:39:48,829: +PARAM [/target_params/detection/class_thresholds/class_6] by /roslaunch
[rosmaster.master][INFO] 2026-08-30 08:39:48,829: +PARAM [/target_params/detection/class_thresholds/class_7] by /roslaunch
[rosmaster.master][INFO] 2026-08-30 08:39:48,829: +PARAM [/target_params/detection/class_thresholds/class_8] by /roslaunch
[rosmaster.master][INFO] 2026-08-30 08:39:48,830: +PARAM [/target_params/detection/performance/max_fps] by /roslaunch
[rosmaster.master][INFO] 2026-08-30 08:39:48,830: +PARAM [/target_params/detection/performance/frame_skip] by /roslaunch
[rosmaster.master][INFO] 2026-08-30 08:39:48,830: +PARAM [/target_params/detection/performance/parallel_inference] by /roslaunch
[rosmaster.master][INFO] 2026-08-30 08:39:48,830: +PARAM [/target_params/detection/performance/gpu_memory_limit] by /roslaunch
[rosmaster.master][INFO] 2026-08-30 08:39:48,830: +PARAM [/target_params/tracking/engagement_distance] by /roslaunch
[rosmaster.master][INFO] 2026-08-30 08:39:48,831: +PARAM [/target_params/tracking/attack_distance] by /roslaunch
[rosmaster.master][INFO] 2026-08-30 08:39:48,831: +PARAM [/target_params/tracking/disengagement_distance] by /roslaunch
[rosmaster.master][INFO] 2026-08-30 08:39:48,831: +PARAM [/target_params/tracking/max_tracks] by /roslaunch
[rosmaster.master][INFO] 2026-08-30 08:39:48,831: +PARAM [/target_params/tracking/max_lost_frames] by /roslaunch
[rosmaster.master][INFO] 2026-08-30 08:39:48,831: +PARAM [/target_params/tracking/min_track_length] by /roslaunch
[rosmaster.master][INFO] 2026-08-30 08:39:48,831: +PARAM [/target_params/tracking/track_confidence_threshold] by /roslaunch
[rosmaster.master][INFO] 2026-08-30 08:39:48,831: +PARAM [/target_params/tracking/association/iou_threshold] by /roslaunch
[rosmaster.master][INFO] 2026-08-30 08:39:48,832: +PARAM [/target_params/tracking/association/distance_threshold] by /roslaunch
[rosmaster.master][INFO] 2026-08-30 08:39:48,832: +PARAM [/target_params/tracking/association/appearance_weight] by /roslaunch
[rosmaster.master][INFO] 2026-08-30 08:39:48,832: +PARAM [/target_params/tracking/association/motion_weight] by /roslaunch
[rosmaster.master][INFO] 2026-08-30 08:39:48,832: +PARAM [/target_params/tracking/kalman/dt] by /roslaunch
[rosmaster.master][INFO] 2026-08-30 08:39:48,832: +PARAM [/target_params/tracking/kalman/process_noise] by /roslaunch
[rosmaster.master][INFO] 2026-08-30 08:39:48,832: +PARAM [/target_params/tracking/kalman/measurement_noise] by /roslaunch
[rosmaster.master][INFO] 2026-08-30 08:39:48,833: +PARAM [/target_params/tracking/kalman/initial_velocity] by /roslaunch
[rosmaster.master][INFO] 2026-08-30 08:39:48,833: +PARAM [/target_params/tracking/kalman/state_dim] by /roslaunch
[rosmaster.master][INFO] 2026-08-30 08:39:48,833: +PARAM [/target_params/tracking/kalman/measurement_dim] by /roslaunch
[rosmaster.master][INFO] 2026-08-30 08:39:48,833: +PARAM [/target_params/behavior/speed_classes/stationary] by /roslaunch
[rosmaster.master][INFO] 2026-08-30 08:39:48,833: +PARAM [/target_params/behavior/speed_classes/slow] by /roslaunch
[rosmaster.master][INFO] 2026-08-30 08:39:48,833: +PARAM [/target_params/behavior/speed_classes/medium] by /roslaunch
[rosmaster.master][INFO] 2026-08-30 08:39:48,833: +PARAM [/target_params/behavior/speed_classes/fast] by /roslaunch
[rosmaster.master][INFO] 2026-08-30 08:39:48,834: +PARAM [/target_params/behavior/speed_classes/extreme] by /roslaunch
[rosmaster.master][INFO] 2026-08-30 08:39:48,834: +PARAM [/target_params/behavior/models/random_walk/noise_scale] by /roslaunch
[rosmaster.master][INFO] 2026-08-30 08:39:48,834: +PARAM [/target_params/behavior/models/random_walk/persistence] by /roslaunch
[rosmaster.master][INFO] 2026-08-30 08:39:48,834: +PARAM [/target_params/behavior/models/pursuit/max_acceleration] by /roslaunch
[rosmaster.master][INFO] 2026-08-30 08:39:48,834: +PARAM [/target_params/behavior/models/pursuit/max_turn_rate] by /roslaunch
[rosmaster.master][INFO] 2026-08-30 08:39:48,834: +PARAM [/target_params/behavior/models/evasion/max_acceleration] by /roslaunch
[rosmaster.master][INFO] 2026-08-30 08:39:48,834: +PARAM [/target_params/behavior/models/evasion/max_turn_rate] by /roslaunch
[rosmaster.master][INFO] 2026-08-30 08:39:48,835: +PARAM [/target_params/behavior/threat/distance_weights] by /roslaunch
[rosmaster.master][INFO] 2026-08-30 08:39:48,835: +PARAM [/target_params/behavior/threat/speed_thresholds/low] by /roslaunch
[rosmaster.master][INFO] 2026-08-30 08:39:48,835: +PARAM [/target_params/behavior/threat/speed_thresholds/medium] by /roslaunch
[rosmaster.master][INFO] 2026-08-30 08:39:48,835: +PARAM [/target_params/behavior/threat/speed_thresholds/high] by /roslaunch
[rosmaster.master][INFO] 2026-08-30 08:39:48,835: +PARAM [/target_params/behavior/threat/priority_boost] by /roslaunch
[rosmaster.master][INFO] 2026-08-30 08:39:48,835: +PARAM [/target_params/performance/update_rates/detection] by /roslaunch
[rosmaster.master][INFO] 2026-08-30 08:39:48,835: +PARAM [/target_params/performance/update_rates/tracking] by /roslaunch
[rosmaster.master][INFO] 2026-08-30 08:39:48,836: +PARAM [/target_params/performance/update_rates/control] by /roslaunch
[rosmaster.master][INFO] 2026-08-30 08:39:48,836: +PARAM [/target_params/performance/update_rates/state] by /roslaunch
[rosmaster.master][INFO] 2026-08-30 08:39:48,836: +PARAM [/target_params/performance/latency/max_detection] by /roslaunch
[rosmaster.master][INFO] 2026-08-30 08:39:48,836: +PARAM [/target_params/performance/latency/max_tracking] by /roslaunch
[rosmaster.master][INFO] 2026-08-30 08:39:48,837: +PARAM [/target_params/performance/latency/max_control] by /roslaunch
[rosmaster.master][INFO] 2026-08-30 08:39:48,837: +PARAM [/target_params/performance/resources/max_memory_mb] by /roslaunch
[rosmaster.master][INFO] 2026-08-30 08:39:48,838: +PARAM [/target_params/performance/resources/max_cpu_percent] by /roslaunch
[rosmaster.master][INFO] 2026-08-30 08:39:48,838: +PARAM [/target_params/performance/resources/max_gpu_memory_mb] by /roslaunch
[rosmaster.master][INFO] 2026-08-30 08:39:48,838: +PARAM [/target_params/camera/fx] by /roslaunch
[rosmaster.master][INFO] 2026-08-30 08:39:48,839: +PARAM [/target_params/camera/fy] by /roslaunch
[rosmaster.master][INFO] 2026-08-30 08:39:48,839: +PARAM [/target_params/camera/cx] by /roslaunch
[rosmaster.master][INFO] 2026-08-30 08:39:48,840: +PARAM [/target_params/camera/cy] by /roslaunch
[rosmaster.master][INFO] 2026-08-30 08:39:48,840: +PARAM [/target_params/camera/width] by /roslaunch
[rosmaster.master][INFO] 2026-08-30 08:39:48,840: +PARAM [/target_params/camera/height] by /roslaunch
[rosmaster.master][INFO] 2026-08-30 08:39:48,841: +PARAM [/target_params/camera/fov] by /roslaunch
[rosmaster.master][INFO] 2026-08-30 08:39:48,841: +PARAM [/camera_calib/camera/id] by /roslaunch
[rosmaster.master][INFO] 2026-08-30 08:39:48,841: +PARAM [/camera_calib/camera/model] by /roslaunch
[rosmaster.master][INFO] 2026-08-30 08:39:48,841: +PARAM [/camera_calib/camera/width] by /roslaunch
[rosmaster.master][INFO] 2026-08-30 08:39:48,841: +PARAM [/camera_calib/camera/height] by /roslaunch
[rosmaster.master][INFO] 2026-08-30 08:39:48,842: +PARAM [/camera_calib/camera/intrinsic/fx] by /roslaunch
[rosmaster.master][INFO] 2026-08-30 08:39:48,842: +PARAM [/camera_calib/camera/intrinsic/fy] by /roslaunch
[rosmaster.master][INFO] 2026-08-30 08:39:48,842: +PARAM [/camera_calib/camera/intrinsic/cx] by /roslaunch
[rosmaster.master][INFO] 2026-08-30 08:39:48,842: +PARAM [/camera_calib/camera/intrinsic/cy] by /roslaunch
[rosmaster.master][INFO] 2026-08-30 08:39:48,842: +PARAM [/camera_calib/camera/intrinsic/fov] by /roslaunch
[rosmaster.master][INFO] 2026-08-30 08:39:48,842: +PARAM [/camera_calib/camera/distortion/model] by /roslaunch
[rosmaster.master][INFO] 2026-08-30 08:39:48,843: +PARAM [/camera_calib/camera/distortion/coefficients/k1] by /roslaunch
[rosmaster.master][INFO] 2026-08-30 08:39:48,843: +PARAM [/camera_calib/camera/distortion/coefficients/k2] by /roslaunch
[rosmaster.master][INFO] 2026-08-30 08:39:48,843: +PARAM [/camera_calib/camera/distortion/coefficients/p1] by /roslaunch
[rosmaster.master][INFO] 2026-08-30 08:39:48,844: +PARAM [/camera_calib/camera/distortion/coefficients/p2] by /roslaunch
[rosmaster.master][INFO] 2026-08-30 08:39:48,844: +PARAM [/camera_calib/camera/distortion/coefficients/k3] by /roslaunch
[rosmaster.master][INFO] 2026-08-30 08:39:48,844: +PARAM [/camera_calib/camera/projection/P] by /roslaunch
[rosmaster.master][INFO] 2026-08-30 08:39:48,844: +PARAM [/camera_calib/camera/rectification/R] by /roslaunch
[rosmaster.master][INFO] 2026-08-30 08:39:48,845: +PARAM [/camera_calib/camera/extrinsic/translation] by /roslaunch
[rosmaster.master][INFO] 2026-08-30 08:39:48,845: +PARAM [/camera_calib/camera/extrinsic/rotation] by /roslaunch
[rosmaster.master][INFO] 2026-08-30 08:39:48,845: +PARAM [/camera_calib/camera/extrinsic/rotation_matrix] by /roslaunch
[rosmaster.master][INFO] 2026-08-30 08:39:48,845: +PARAM [/camera_calib/camera/calibration/date] by /roslaunch
[rosmaster.master][INFO] 2026-08-30 08:39:48,845: +PARAM [/camera_calib/camera/calibration/method] by /roslaunch
[rosmaster.master][INFO] 2026-08-30 08:39:48,846: +PARAM [/camera_calib/camera/calibration/reprojection_error] by /roslaunch
[rosmaster.master][INFO] 2026-08-30 08:39:48,846: +PARAM [/camera_calib/camera/calibration/status] by /roslaunch
[rosmaster.master][INFO] 2026-08-30 08:39:48,846: +PARAM [/camera_calib/image_processing/preprocessing/resize] by /roslaunch
[rosmaster.master][INFO] 2026-08-30 08:39:48,846: +PARAM [/camera_calib/image_processing/preprocessing/normalize] by /roslaunch
[rosmaster.master][INFO] 2026-08-30 08:39:48,846: +PARAM [/camera_calib/image_processing/preprocessing/mean] by /roslaunch
[rosmaster.master][INFO] 2026-08-30 08:39:48,846: +PARAM [/camera_calib/image_processing/preprocessing/std] by /roslaunch
[rosmaster.master][INFO] 2026-08-30 08:39:48,846: +PARAM [/camera_calib/image_processing/color_space] by /roslaunch
[rosmaster.master][INFO] 2026-08-30 08:39:48,847: +PARAM [/camera_calib/image_processing/roi/enabled] by /roslaunch
[rosmaster.master][INFO] 2026-08-30 08:39:48,847: +PARAM [/camera_calib/image_processing/roi/x] by /roslaunch
[rosmaster.master][INFO] 2026-08-30 08:39:48,847: +PARAM [/camera_calib/image_processing/roi/y] by /roslaunch
[rosmaster.master][INFO] 2026-08-30 08:39:48,847: +PARAM [/camera_calib/image_processing/roi/width] by /roslaunch
[rosmaster.master][INFO] 2026-08-30 08:39:48,848: +PARAM [/camera_calib/image_processing/roi/height] by /roslaunch
[rosmaster.master][INFO] 2026-08-30 08:39:48,848: +PARAM [/camera_calib/image_processing/augmentation/horizontal_flip] by /roslaunch
[rosmaster.master][INFO] 2026-08-30 08:39:48,848: +PARAM [/camera_calib/image_processing/augmentation/rotation] by /roslaunch
[rosmaster.master][INFO] 2026-08-30 08:39:48,848: +PARAM [/camera_calib/image_processing/augmentation/scale] by /roslaunch
[rosmaster.master][INFO] 2026-08-30 08:39:48,848: +PARAM [/camera_calib/image_processing/augmentation/brightness] by /roslaunch
[rosmaster.master][INFO] 2026-08-30 08:39:48,848: +PARAM [/camera_calib/stereo/enabled] by /roslaunch
[rosmaster.master][INFO] 2026-08-30 08:39:48,848: +PARAM [/camera_calib/stereo/baseline] by /roslaunch
[rosmaster.master][INFO] 2026-08-30 08:39:48,849: +PARAM [/camera_calib/stereo/depth/min_distance] by /roslaunch
[rosmaster.master][INFO] 2026-08-30 08:39:48,849: +PARAM [/camera_calib/stereo/depth/max_distance] by /roslaunch
[rosmaster.master][INFO] 2026-08-30 08:39:48,849: +PARAM [/camera_calib/stereo/depth/disparity_range] by /roslaunch
[rosmaster.master][INFO] 2026-08-30 08:39:48,849: +PARAM [/camera_calib/stereo/matching/algorithm] by /roslaunch
[rosmaster.master][INFO] 2026-08-30 08:39:48,849: +PARAM [/camera_calib/stereo/matching/num_disparities] by /roslaunch
[rosmaster.master][INFO] 2026-08-30 08:39:48,849: +PARAM [/camera_calib/stereo/matching/block_size] by /roslaunch
[rosmaster.master][INFO] 2026-08-30 08:39:48,849: +PARAM [/camera_calib/stereo/matching/p1] by /roslaunch
[rosmaster.master][INFO] 2026-08-30 08:39:48,850: +PARAM [/camera_calib/stereo/matching/p2] by /roslaunch
[rosmaster.master][INFO] 2026-08-30 08:39:48,850: +PARAM [/flight_control/pid/position/x/p] by /roslaunch
[rosmaster.master][INFO] 2026-08-30 08:39:48,850: +PARAM [/flight_control/pid/position/x/i] by /roslaunch
[rosmaster.master][INFO] 2026-08-30 08:39:48,850: +PARAM [/flight_control/pid/position/x/d] by /roslaunch
[rosmaster.master][INFO] 2026-08-30 08:39:48,850: +PARAM [/flight_control/pid/position/x/integral_clamp] by /roslaunch
[rosmaster.master][INFO] 2026-08-30 08:39:48,850: +PARAM [/flight_control/pid/position/y/p] by /roslaunch
[rosmaster.master][INFO] 2026-08-30 08:39:48,851: +PARAM [/flight_control/pid/position/y/i] by /roslaunch
[rosmaster.master][INFO] 2026-08-30 08:39:48,851: +PARAM [/flight_control/pid/position/y/d] by /roslaunch
[rosmaster.master][INFO] 2026-08-30 08:39:48,851: +PARAM [/flight_control/pid/position/y/integral_clamp] by /roslaunch
[rosmaster.master][INFO] 2026-08-30 08:39:48,852: +PARAM [/flight_control/pid/position/z/p] by /roslaunch
[rosmaster.master][INFO] 2026-08-30 08:39:48,852: +PARAM [/flight_control/pid/position/z/i] by /roslaunch
[rosmaster.master][INFO] 2026-08-30 08:39:48,853: +PARAM [/flight_control/pid/position/z/d] by /roslaunch
[rosmaster.master][INFO] 2026-08-30 08:39:48,853: +PARAM [/flight_control/pid/position/z/integral_clamp] by /roslaunch
[rosmaster.master][INFO] 2026-08-30 08:39:48,854: +PARAM [/flight_control/pid/velocity/x/p] by /roslaunch
[rosmaster.master][INFO] 2026-08-30 08:39:48,854: +PARAM [/flight_control/pid/velocity/x/i] by /roslaunch
[rosmaster.master][INFO] 2026-08-30 08:39:48,854: +PARAM [/flight_control/pid/velocity/x/d] by /roslaunch
[rosmaster.master][INFO] 2026-08-30 08:39:48,855: +PARAM [/flight_control/pid/velocity/y/p] by /roslaunch
[rosmaster.master][INFO] 2026-08-30 08:39:48,855: +PARAM [/flight_control/pid/velocity/y/i] by /roslaunch
[rosmaster.master][INFO] 2026-08-30 08:39:48,855: +PARAM [/flight_control/pid/velocity/y/d] by /roslaunch
[rosmaster.master][INFO] 2026-08-30 08:39:48,856: +PARAM [/flight_control/pid/velocity/z/p] by /roslaunch
[rosmaster.master][INFO] 2026-08-30 08:39:48,856: +PARAM [/flight_control/pid/velocity/z/i] by /roslaunch
[rosmaster.master][INFO] 2026-08-30 08:39:48,856: +PARAM [/flight_control/pid/velocity/z/d] by /roslaunch
[rosmaster.master][INFO] 2026-08-30 08:39:48,857: +PARAM [/flight_control/pid/attitude/roll/p] by /roslaunch
[rosmaster.master][INFO] 2026-08-30 08:39:48,857: +PARAM [/flight_control/pid/attitude/roll/i] by /roslaunch
[rosmaster.master][INFO] 2026-08-30 08:39:48,857: +PARAM [/flight_control/pid/attitude/roll/d] by /roslaunch
[rosmaster.master][INFO] 2026-08-30 08:39:48,858: +PARAM [/flight_control/pid/attitude/pitch/p] by /roslaunch
[rosmaster.master][INFO] 2026-08-30 08:39:48,858: +PARAM [/flight_control/pid/attitude/pitch/i] by /roslaunch
[rosmaster.master][INFO] 2026-08-30 08:39:48,859: +PARAM [/flight_control/pid/attitude/pitch/d] by /roslaunch
[rosmaster.master][INFO] 2026-08-30 08:39:48,859: +PARAM [/flight_control/pid/attitude/yaw/p] by /roslaunch
[rosmaster.master][INFO] 2026-08-30 08:39:48,860: +PARAM [/flight_control/pid/attitude/yaw/i] by /roslaunch
[rosmaster.master][INFO] 2026-08-30 08:39:48,860: +PARAM [/flight_control/pid/attitude/yaw/d] by /roslaunch
[rosmaster.master][INFO] 2026-08-30 08:39:48,860: +PARAM [/flight_control/pid/rate/roll/p] by /roslaunch
[rosmaster.master][INFO] 2026-08-30 08:39:48,860: +PARAM [/flight_control/pid/rate/roll/i] by /roslaunch
[rosmaster.master][INFO] 2026-08-30 08:39:48,860: +PARAM [/flight_control/pid/rate/roll/d] by /roslaunch
[rosmaster.master][INFO] 2026-08-30 08:39:48,861: +PARAM [/flight_control/pid/rate/pitch/p] by /roslaunch
[rosmaster.master][INFO] 2026-08-30 08:39:48,861: +PARAM [/flight_control/pid/rate/pitch/i] by /roslaunch
[rosmaster.master][INFO] 2026-08-30 08:39:48,861: +PARAM [/flight_control/pid/rate/pitch/d] by /roslaunch
[rosmaster.master][INFO] 2026-08-30 08:39:48,861: +PARAM [/flight_control/pid/rate/yaw/p] by /roslaunch
[rosmaster.master][INFO] 2026-08-30 08:39:48,862: +PARAM [/flight_control/pid/rate/yaw/i] by /roslaunch
[rosmaster.master][INFO] 2026-08-30 08:39:48,862: +PARAM [/flight_control/pid/rate/yaw/d] by /roslaunch
[rosmaster.master][INFO] 2026-08-30 08:39:48,862: +PARAM [/flight_control/dynamics/constraints/max_velocity] by /roslaunch
[rosmaster.master][INFO] 2026-08-30 08:39:48,862: +PARAM [/flight_control/dynamics/constraints/max_acceleration] by /roslaunch
[rosmaster.master][INFO] 2026-08-30 08:39:48,863: +PARAM [/flight_control/dynamics/constraints/max_yaw_rate] by /roslaunch
[rosmaster.master][INFO] 2026-08-30 08:39:48,863: +PARAM [/flight_control/dynamics/safety_margins/min_altitude] by /roslaunch
[rosmaster.master][INFO] 2026-08-30 08:39:48,863: +PARAM [/flight_control/dynamics/safety_margins/max_altitude] by /roslaunch
[rosmaster.master][INFO] 2026-08-30 08:39:48,863: +PARAM [/flight_control/dynamics/safety_margins/max_tilt] by /roslaunch
[rosmaster.master][INFO] 2026-08-30 08:39:48,863: +PARAM [/flight_control/dynamics/safety_margins/max_rotation_rate] by /roslaunch
[rosmaster.master][INFO] 2026-08-30 08:39:48,863: +PARAM [/flight_control/dynamics/vehicle/mass] by /roslaunch
[rosmaster.master][INFO] 2026-08-30 08:39:48,864: +PARAM [/flight_control/dynamics/vehicle/moment_of_inertia] by /roslaunch
[rosmaster.master][INFO] 2026-08-30 08:39:48,864: +PARAM [/flight_control/dynamics/vehicle/thrust_to_weight] by /roslaunch
[rosmaster.master][INFO] 2026-08-30 08:39:48,864: +PARAM [/flight_control/dynamics/vehicle/max_thrust] by /roslaunch
[rosmaster.master][INFO] 2026-08-30 08:39:48,865: +PARAM [/flight_control/mission/search_patterns/type] by /roslaunch
[rosmaster.master][INFO] 2026-08-30 08:39:48,865: +PARAM [/flight_control/mission/search_patterns/params/radius] by /roslaunch
[rosmaster.master][INFO] 2026-08-30 08:39:48,866: +PARAM [/flight_control/mission/search_patterns/params/spacing] by /roslaunch
[rosmaster.master][INFO] 2026-08-30 08:39:48,866: +PARAM [/flight_control/mission/search_patterns/params/altitude] by /roslaunch
[rosmaster.master][INFO] 2026-08-30 08:39:48,867: +PARAM [/flight_control/mission/engagement/mode] by /roslaunch
[rosmaster.master][INFO] 2026-08-30 08:39:48,867: +PARAM [/flight_control/mission/engagement/priority_high] by /roslaunch
[rosmaster.master][INFO] 2026-08-30 08:39:48,868: +PARAM [/flight_control/mission/engagement/priority_low] by /roslaunch
[rosmaster.master][INFO] 2026-08-30 08:39:48,868: +PARAM [/flight_control/mission/collision_avoidance/enable] by /roslaunch
[rosmaster.master][INFO] 2026-08-30 08:39:48,868: +PARAM [/flight_control/mission/collision_avoidance/min_distance] by /roslaunch
[rosmaster.master][INFO] 2026-08-30 08:39:48,868: +PARAM [/flight_control/mission/collision_avoidance/safety_margin] by /roslaunch
[rosmaster.master][INFO] 2026-08-30 08:39:48,868: +PARAM [/flight_control/mission/collision_avoidance/avoidance_method] by /roslaunch
[rosmaster.master][INFO] 2026-08-30 08:39:48,868: +PARAM [/flight_control/mission/waypoints/tolerance] by /roslaunch
[rosmaster.master][INFO] 2026-08-30 08:39:48,869: +PARAM [/flight_control/mission/waypoints/loiter_time] by /roslaunch
[rosmaster.master][INFO] 2026-08-30 08:39:48,869: +PARAM [/flight_control/mission/waypoints/approach_speed] by /roslaunch
[rosmaster.master][INFO] 2026-08-30 08:39:48,869: +PARAM [/flight_control/simulation/physics/enable_gravity] by /roslaunch
[rosmaster.master][INFO] 2026-08-30 08:39:48,870: +PARAM [/flight_control/simulation/physics/enable_wind] by /roslaunch
[rosmaster.master][INFO] 2026-08-30 08:39:48,870: +PARAM [/flight_control/simulation/physics/enable_turbulence] by /roslaunch
[rosmaster.master][INFO] 2026-08-30 08:39:48,870: +PARAM [/flight_control/simulation/environment/wind_speed] by /roslaunch
[rosmaster.master][INFO] 2026-08-30 08:39:48,870: +PARAM [/flight_control/simulation/environment/wind_direction] by /roslaunch
[rosmaster.master][INFO] 2026-08-30 08:39:48,870: +PARAM [/flight_control/simulation/environment/turbulence_intensity] by /roslaunch
[rosmaster.master][INFO] 2026-08-30 08:39:48,871: +PARAM [/flight_control/simulation/noise/sensor_noise] by /roslaunch
[rosmaster.master][INFO] 2026-08-30 08:39:48,871: +PARAM [/flight_control/simulation/noise/actuator_noise] by /roslaunch
[rosmaster.master][INFO] 2026-08-30 08:39:48,871: +PARAM [/flight_control/simulation/noise/time_delay] by /roslaunch
[rosmaster.master][INFO] 2026-08-30 08:39:48,872: +PARAM [/flight_control/simulation/speed/simulation_speed] by /roslaunch
[rosmaster.master][INFO] 2026-08-30 08:39:48,872: +PARAM [/flight_control/simulation/speed/real_time_factor] by /roslaunch
[rosmaster.master][INFO] 2026-08-30 08:39:48,872: +PARAM [/kalman_filter/kalman_filter/type] by /roslaunch
[rosmaster.master][INFO] 2026-08-30 08:39:48,872: +PARAM [/kalman_filter/kalman_filter/state_dim] by /roslaunch
[rosmaster.master][INFO] 2026-08-30 08:39:48,872: +PARAM [/kalman_filter/kalman_filter/measurement_dim] by /roslaunch
[rosmaster.master][INFO] 2026-08-30 08:39:48,873: +PARAM [/kalman_filter/kalman_filter/noise/process/position] by /roslaunch
[rosmaster.master][INFO] 2026-08-30 08:39:48,873: +PARAM [/kalman_filter/kalman_filter/noise/process/velocity] by /roslaunch
[rosmaster.master][INFO] 2026-08-30 08:39:48,873: +PARAM [/kalman_filter/kalman_filter/noise/process/acceleration] by /roslaunch
[rosmaster.master][INFO] 2026-08-30 08:39:48,873: +PARAM [/kalman_filter/kalman_filter/noise/measurement/position] by /roslaunch
[rosmaster.master][INFO] 2026-08-30 08:39:48,873: +PARAM [/kalman_filter/kalman_filter/parameters/dt] by /roslaunch
[rosmaster.master][INFO] 2026-08-30 08:39:48,873: +PARAM [/kalman_filter/kalman_filter/parameters/adaptive/enabled] by /roslaunch
[rosmaster.master][INFO] 2026-08-30 08:39:48,874: +PARAM [/kalman_filter/kalman_filter/parameters/adaptive/update_rate] by /roslaunch
[rosmaster.master][INFO] 2026-08-30 08:39:48,874: +PARAM [/kalman_filter/kalman_filter/parameters/adaptive/innovation_threshold] by /roslaunch
[rosmaster.master][INFO] 2026-08-30 08:39:48,874: +PARAM [/kalman_filter/kalman_filter/parameters/outlier_rejection/enabled] by /roslaunch
[rosmaster.master][INFO] 2026-08-30 08:39:48,874: +PARAM [/kalman_filter/kalman_filter/parameters/outlier_rejection/mahalanobis_threshold] by /roslaunch
[rosmaster.master][INFO] 2026-08-30 08:39:48,875: +PARAM [/kalman_filter/kalman_filter/parameters/outlier_rejection/gating] by /roslaunch
[rosmaster.master][INFO] 2026-08-30 08:39:48,875: +PARAM [/kalman_filter/kalman_filter/parameters/initialization/max_measurements] by /roslaunch
[rosmaster.master][INFO] 2026-08-30 08:39:48,875: +PARAM [/kalman_filter/kalman_filter/parameters/initialization/min_velocity_samples] by /roslaunch
[rosmaster.master][INFO] 2026-08-30 08:39:48,875: +PARAM [/kalman_filter/kalman_filter/parameters/convergence/max_iterations] by /roslaunch
[rosmaster.master][INFO] 2026-08-30 08:39:48,876: +PARAM [/kalman_filter/kalman_filter/parameters/convergence/epsilon] by /roslaunch
[rosmaster.master][INFO] 2026-08-30 08:39:48,876: +PARAM [/kalman_filter/kalman_filter/multi_target/enabled] by /roslaunch
[rosmaster.master][INFO] 2026-08-30 08:39:48,877: +PARAM [/kalman_filter/kalman_filter/multi_target/max_targets] by /roslaunch
[rosmaster.master][INFO] 2026-08-30 08:39:48,877: +PARAM [/kalman_filter/kalman_filter/multi_target/association/method] by /roslaunch
[rosmaster.master][INFO] 2026-08-30 08:39:48,878: +PARAM [/kalman_filter/kalman_filter/multi_target/association/gating/enabled] by /roslaunch
[rosmaster.master][INFO] 2026-08-30 08:39:48,878: +PARAM [/kalman_filter/kalman_filter/multi_target/association/gating/gate_size] by /roslaunch
[rosmaster.master][INFO] 2026-08-30 08:39:48,878: +PARAM [/kalman_filter/kalman_filter/multi_target/association/gating/dynamic_gating] by /roslaunch
[rosmaster.master][INFO] 2026-08-30 08:39:48,878: +PARAM [/kalman_filter/kalman_filter/multi_target/association/track_management/birth_probability] by /roslaunch
[rosmaster.master][INFO] 2026-08-30 08:39:48,878: +PARAM [/kalman_filter/kalman_filter/multi_target/association/track_management/death_threshold] by /roslaunch
[rosmaster.master][INFO] 2026-08-30 08:39:48,878: +PARAM [/kalman_filter/kalman_filter/multi_target/association/track_management/merge_threshold] by /roslaunch
[rosmaster.master][INFO] 2026-08-30 08:39:48,879: +PARAM [/kalman_filter/kalman_filter/multi_target/scoring/position_weight] by /roslaunch
[rosmaster.master][INFO] 2026-08-30 08:39:48,879: +PARAM [/kalman_filter/kalman_filter/multi_target/scoring/velocity_weight] by /roslaunch
[rosmaster.master][INFO] 2026-08-30 08:39:48,879: +PARAM [/kalman_filter/kalman_filter/multi_target/scoring/appearance_weight] by /roslaunch
[rosmaster.master][INFO] 2026-08-30 08:39:48,879: +PARAM [/kalman_filter/kalman_filter/multi_target/scoring/history_length] by /roslaunch
[rosmaster.master][INFO] 2026-08-30 08:39:48,880: +PARAM [/kalman_filter/sensor_fusion/sensors] by /roslaunch
[rosmaster.master][INFO] 2026-08-30 08:39:48,880: +PARAM [/kalman_filter/sensor_fusion/algorithms/type] by /roslaunch
[rosmaster.master][INFO] 2026-08-30 08:39:48,880: +PARAM [/kalman_filter/sensor_fusion/algorithms/centralized/measurement_dim] by /roslaunch
[rosmaster.master][INFO] 2026-08-30 08:39:48,880: +PARAM [/kalman_filter/sensor_fusion/algorithms/track_to_track/covariance_intersection] by /roslaunch
[rosmaster.master][INFO] 2026-08-30 08:39:48,880: +PARAM [/kalman_filter/sensor_fusion/algorithms/track_to_track/gamma] by /roslaunch
[rosmaster.master][INFO] 2026-08-30 08:39:48,880: +PARAM [/system_params/ros/master/uri] by /roslaunch
[rosmaster.master][INFO] 2026-08-30 08:39:48,880: +PARAM [/system_params/ros/master/timeout] by /roslaunch
[rosmaster.master][INFO] 2026-08-30 08:39:48,881: +PARAM [/system_params/ros/node/name] by /roslaunch
[rosmaster.master][INFO] 2026-08-30 08:39:48,881: +PARAM [/system_params/ros/node/namespace] by /roslaunch
[rosmaster.master][INFO] 2026-08-30 08:39:48,881: +PARAM [/system_params/ros/topics/camera_image] by /roslaunch
[rosmaster.master][INFO] 2026-08-30 08:39:48,882: +PARAM [/system_params/ros/topics/camera_info] by /roslaunch
[rosmaster.master][INFO] 2026-08-30 08:39:48,883: +PARAM [/system_params/ros/topics/vehicle_state] by /roslaunch
[rosmaster.master][INFO] 2026-08-30 08:39:48,883: +PARAM [/system_params/ros/topics/vehicle_position] by /roslaunch
[rosmaster.master][INFO] 2026-08-30 08:39:48,883: +PARAM [/system_params/ros/topics/vehicle_velocity] by /roslaunch
[rosmaster.master][INFO] 2026-08-30 08:39:48,883: +PARAM [/system_params/ros/topics/vehicle_attitude] by /roslaunch
[rosmaster.master][INFO] 2026-08-30 08:39:48,884: +PARAM [/system_params/ros/topics/battery_status] by /roslaunch
[rosmaster.master][INFO] 2026-08-30 08:39:48,884: +PARAM [/system_params/ros/topics/detection_output] by /roslaunch
[rosmaster.master][INFO] 2026-08-30 08:39:48,884: +PARAM [/system_params/ros/topics/tracked_targets] by /roslaunch
[rosmaster.master][INFO] 2026-08-30 08:39:48,884: +PARAM [/system_params/ros/topics/control_command] by /roslaunch
[rosmaster.master][INFO] 2026-08-30 08:39:48,884: +PARAM [/system_params/ros/topics/safety_status] by /roslaunch
[rosmaster.master][INFO] 2026-08-30 08:39:48,884: +PARAM [/system_params/ros/topics/diagnostic_status] by /roslaunch
[rosmaster.master][INFO] 2026-08-30 08:39:48,884: +PARAM [/system_params/ros/topics/debug_info] by /roslaunch
[rosmaster.master][INFO] 2026-08-30 08:39:48,885: +PARAM [/system_params/ros/topics/performance_metrics] by /roslaunch
[rosmaster.master][INFO] 2026-08-30 08:39:48,885: +PARAM [/system_params/ros/topics/test_results] by /roslaunch
[rosmaster.master][INFO] 2026-08-30 08:39:48,885: +PARAM [/system_params/ros/topics/test_status] by /roslaunch
[rosmaster.master][INFO] 2026-08-30 08:39:48,885: +PARAM [/system_params/logging/level] by /roslaunch
[rosmaster.master][INFO] 2026-08-30 08:39:48,886: +PARAM [/system_params/logging/outputs/console] by /roslaunch
[rosmaster.master][INFO] 2026-08-30 08:39:48,886: +PARAM [/system_params/logging/outputs/file] by /roslaunch
[rosmaster.master][INFO] 2026-08-30 08:39:48,886: +PARAM [/system_params/logging/outputs/rosout] by /roslaunch
[rosmaster.master][INFO] 2026-08-30 08:39:48,886: +PARAM [/system_params/logging/file/directory] by /roslaunch
[rosmaster.master][INFO] 2026-08-30 08:39:48,886: +PARAM [/system_params/logging/file/max_size] by /roslaunch
[rosmaster.master][INFO] 2026-08-30 08:39:48,886: +PARAM [/system_params/logging/file/max_files] by /roslaunch
[rosmaster.master][INFO] 2026-08-30 08:39:48,887: +PARAM [/system_params/logging/file/format] by /roslaunch
[rosmaster.master][INFO] 2026-08-30 08:39:48,887: +PARAM [/system_params/logging/performance/enabled] by /roslaunch
[rosmaster.master][INFO] 2026-08-30 08:39:48,888: +PARAM [/system_params/logging/performance/interval] by /roslaunch
[rosmaster.master][INFO] 2026-08-30 08:39:48,888: +PARAM [/system_params/logging/performance/metrics] by /roslaunch
[rosmaster.master][INFO] 2026-08-30 08:39:48,888: +PARAM [/system_params/logging/performance/output_file] by /roslaunch
[rosmaster.master][INFO] 2026-08-30 08:39:48,888: +PARAM [/system_params/safety/geofence/enabled] by /roslaunch
[rosmaster.master][INFO] 2026-08-30 08:39:48,888: +PARAM [/system_params/safety/geofence/shape] by /roslaunch
[rosmaster.master][INFO] 2026-08-30 08:39:48,889: +PARAM [/system_params/safety/geofence/radius] by /roslaunch
[rosmaster.master][INFO] 2026-08-30 08:39:48,889: +PARAM [/system_params/safety/geofence/height] by /roslaunch
[rosmaster.master][INFO] 2026-08-30 08:39:48,889: +PARAM [/system_params/safety/emergency/action] by /roslaunch
[rosmaster.master][INFO] 2026-08-30 08:39:48,889: +PARAM [/system_params/safety/emergency/altitude_min] by /roslaunch
[rosmaster.master][INFO] 2026-08-30 08:39:48,890: +PARAM [/system_params/safety/emergency/altitude_max] by /roslaunch
[rosmaster.master][INFO] 2026-08-30 08:39:48,890: +PARAM [/system_params/safety/failsafe/battery_critical] by /roslaunch
[rosmaster.master][INFO] 2026-08-30 08:39:48,891: +PARAM [/system_params/safety/failsafe/lost_connection] by /roslaunch
[rosmaster.master][INFO] 2026-08-30 08:39:48,891: +PARAM [/system_params/safety/failsafe/gps_failure] by /roslaunch
[rosmaster.master][INFO] 2026-08-30 08:39:48,892: +PARAM [/system_params/safety/failsafe/sensor_failure] by /roslaunch
[rosmaster.master][INFO] 2026-08-30 08:39:48,892: +PARAM [/system_params/safety/failsafe/exceeded_geofence] by /roslaunch
[rosmaster.master][INFO] 2026-08-30 08:39:48,893: +PARAM [/system_params/safety/health/check_interval] by /roslaunch
[rosmaster.master][INFO] 2026-08-30 08:39:48,893: +PARAM [/system_params/safety/health/restart_on_failure] by /roslaunch
[rosmaster.master][INFO] 2026-08-30 08:39:48,893: +PARAM [/system_params/safety/health/max_restarts] by /roslaunch
[rosmaster.master][INFO] 2026-08-30 08:39:48,893: +PARAM [/system_params/safety/health/restart_delay] by /roslaunch
[rosmaster.master][INFO] 2026-08-30 08:39:48,893: +PARAM [/system_params/performance/threads/detection_pool] by /roslaunch
[rosmaster.master][INFO] 2026-08-30 08:39:48,894: +PARAM [/system_params/performance/threads/control_pool] by /roslaunch
[rosmaster.master][INFO] 2026-08-30 08:39:48,894: +PARAM [/system_params/performance/queues/input_queue_size] by /roslaunch
[rosmaster.master][INFO] 2026-08-30 08:39:48,894: +PARAM [/system_params/performance/queues/output_queue_size] by /roslaunch
[rosmaster.master][INFO] 2026-08-30 08:39:48,894: +PARAM [/system_params/performance/memory/cache_images] by /roslaunch
[rosmaster.master][INFO] 2026-08-30 08:39:48,894: +PARAM [/system_params/performance/memory/max_cache_size] by /roslaunch
[rosmaster.master][INFO] 2026-08-30 08:39:48,894: +PARAM [/system_params/performance/memory/max_cached_messages] by /roslaunch
[rosmaster.master][INFO] 2026-08-30 08:39:48,894: +PARAM [/system_params/performance/timing/use_sim_time] by /roslaunch
[rosmaster.master][INFO] 2026-08-30 08:39:48,895: +PARAM [/system_params/performance/timing/publish_rate] by /roslaunch
[rosmaster.master][INFO] 2026-08-30 08:39:48,895: +PARAM [/system_params/performance/timing/control_rate] by /roslaunch
[rosmaster.master][INFO] 2026-08-30 08:39:48,895: +PARAM [/system_params/network/px4/udp_port] by /roslaunch
[rosmaster.master][INFO] 2026-08-30 08:39:48,895: +PARAM [/system_params/network/px4/tcp_port] by /roslaunch
[rosmaster.master][INFO] 2026-08-30 08:39:48,895: +PARAM [/system_params/network/px4/heartbeat_rate] by /roslaunch
[rosmaster.master][INFO] 2026-08-30 08:39:48,895: +PARAM [/system_params/network/mavros/fcu_url] by /roslaunch
[rosmaster.master][INFO] 2026-08-30 08:39:48,895: +PARAM [/system_params/network/mavros/gcs_url] by /roslaunch
[rosmaster.master][INFO] 2026-08-30 08:39:48,896: +PARAM [/system_params/network/timeout] by /roslaunch
[rosmaster.master][INFO] 2026-08-30 08:39:48,896: +PARAM [/system_params/network/reconnect_attempts] by /roslaunch
[rosmaster.master][INFO] 2026-08-30 08:39:48,896: +PARAM [/system_params/network/reconnect_delay] by /roslaunch
[rosmaster.master][INFO] 2026-08-30 08:39:48,896: +PARAM [/system_params/performance/publish_rate] by /roslaunch
[rosmaster.master][INFO] 2026-08-30 08:39:48,896: +PARAM [/use_simulation] by /roslaunch
[rosmaster.master][INFO] 2026-08-30 08:39:48,896: +PARAM [/parameter_validator/config_dir] by /roslaunch
[rosmaster.master][INFO] 2026-08-30 08:39:48,896: +PARAM [/parameter_validator/validate_on_startup] by /roslaunch
[rosmaster.master][INFO] 2026-08-30 08:39:48,897: +PARAM [/mission_manager/mission_config] by /roslaunch
[rosmaster.master][INFO] 2026-08-30 08:39:48,897: +PARAM [/camera_calibration/simulation_mode] by /roslaunch
[rosmaster.master][INFO] 2026-08-30 08:39:48,897: +PARAM [/yolo_detector/model_path] by /roslaunch
[rosmaster.master][INFO] 2026-08-30 08:39:48,897: +PARAM [/yolo_detector/device] by /roslaunch
[rosmaster.master][INFO] 2026-08-30 08:39:48,897: +PARAM [/sensor_fusion/publish_rate] by /roslaunch
[rosmaster.master][INFO] 2026-08-30 08:39:48,898: +PARAM [/sensor_fusion/simulation_mode] by /roslaunch
[rosmaster.master][INFO] 2026-08-30 08:39:48,898: +PARAM [/target_tracking_controller/simulation_mode] by /roslaunch
[rosmaster.master][INFO] 2026-08-30 08:39:48,898: +PARAM [/vehicle_state_monitor/simulation_mode] by /roslaunch
[rosmaster.master][INFO] 2026-08-30 08:39:48,898: +PARAM [/safety_monitor/enable_geofence] by /roslaunch
[rosmaster.master][INFO] 2026-08-30 08:39:48,899: +PARAM [/safety_monitor/simulation_mode] by /roslaunch
[rosmaster.master][INFO] 2026-08-30 08:39:48,899: +PARAM [/system_health_monitor/monitoring_interval] by /roslaunch
[rosmaster.master][INFO] 2026-08-30 08:39:48,899: +PARAM [/system_health_monitor/critical_threshold_cpu] by /roslaunch
[rosmaster.master][INFO] 2026-08-30 08:39:48,899: +PARAM [/system_health_monitor/critical_threshold_memory] by /roslaunch
[rosmaster.master][INFO] 2026-08-30 08:39:48,899: +PARAM [/system_health_monitor/warning_threshold_cpu] by /roslaunch
[rosmaster.master][INFO] 2026-08-30 08:39:48,899: +PARAM [/system_health_monitor/warning_threshold_memory] by /roslaunch
[rosmaster.master][INFO] 2026-08-30 08:39:48,899: +PARAM [/system_health_monitor/enable_network_monitoring] by /roslaunch
[rosmaster.master][INFO] 2026-08-30 08:39:48,899: +PARAM [/system_health_monitor/enable_disk_monitoring] by /roslaunch
[rosmaster.master][INFO] 2026-08-30 08:39:48,900: +PARAM [/system_health_monitor/enable_process_monitoring] by /roslaunch
[rosmaster.master][INFO] 2026-08-30 08:39:48,900: +PARAM [/health_checker/monitored_nodes] by /roslaunch
[rosmaster.master][INFO] 2026-08-30 08:39:48,900: +PARAM [/health_checker/check_interval] by /roslaunch
[rosmaster.master][INFO] 2026-08-30 08:39:48,900: +PARAM [/health_checker/timeout_threshold] by /roslaunch
[rosmaster.master][INFO] 2026-08-30 08:39:48,900: +PARAM [/health_checker/restart_on_failure] by /roslaunch
[rosmaster.master][INFO] 2026-08-30 08:39:48,900: +PARAM [/health_checker/max_restarts] by /roslaunch
[rosmaster.master][INFO] 2026-08-30 08:39:48,979: +SERVICE [/rosout/get_loggers] /rosout http://localhost:38019/
[rosmaster.master][INFO] 2026-08-30 08:39:48,980: +SERVICE [/rosout/set_logger_level] /rosout http://localhost:38019/
[rosmaster.master][INFO] 2026-08-30 08:39:48,991: +PUB [/rosout_agg] /rosout http://localhost:38019/
[rosmaster.master][INFO] 2026-08-30 08:39:49,003: +SUB [/rosout] /rosout http://localhost:38019/
[rosmaster.master][INFO] 2026-08-30 08:39:52,188: +PUB [/rosout] /camera_calibration http://localhost:37929/
[rosmaster.master][INFO] 2026-08-30 08:39:52,199: publisherUpdate[/rosout] -> http://localhost:38019/ ['http://localhost:37929/']
[rosmaster.master][INFO] 2026-08-30 08:39:52,272: +SERVICE [/camera_calibration/get_loggers] /camera_calibration http://localhost:37929/
[rosmaster.master][INFO] 2026-08-30 08:39:52,275: +SERVICE [/camera_calibration/set_logger_level] /camera_calibration http://localhost:37929/
[rosmaster.master][INFO] 2026-08-30 08:39:52,277: +PUB [/camera/camera_info] /camera_calibration http://localhost:37929/
[rosmaster.master][INFO] 2026-08-30 08:39:52,278: +PUB [/tf] /camera_calibration http://localhost:37929/
[rosmaster.master][INFO] 2026-08-30 08:39:52,280: +CACHEDPARAM [/rosout_disable_topics_generation] by /camera_calibration
[rosmaster.master][INFO] 2026-08-30 08:39:52,287: +PUB [/rosout] /command_interpreter http://localhost:35409/
[rosmaster.master][INFO] 2026-08-30 08:39:52,366: publisherUpdate[/rosout] -> http://localhost:38019/ ['http://localhost:37929/']: sec=0.17, result=[1, '', 0]
[rosmaster.master][INFO] 2026-08-30 08:39:52,367: publisherUpdate[/rosout] -> http://localhost:38019/ ['http://localhost:37929/', 'http://localhost:35409/']
[rosmaster.master][INFO] 2026-08-30 08:39:52,377: publisherUpdate[/rosout] -> http://localhost:38019/ ['http://localhost:37929/', 'http://localhost:35409/']: sec=0.01, result=[1, '', 0]
[rosmaster.master][INFO] 2026-08-30 08:39:52,384: +SERVICE [/command_interpreter/get_loggers] /command_interpreter http://localhost:35409/
[rosmaster.master][INFO] 2026-08-30 08:39:52,385: +SERVICE [/command_interpreter/set_logger_level] /command_interpreter http://localhost:35409/
[rosmaster.master][INFO] 2026-08-30 08:39:52,392: +SUB [/drone_control/command] /command_interpreter http://localhost:35409/
[rosmaster.master][INFO] 2026-08-30 08:39:52,398: +PUB [/drone_control/command_response] /command_interpreter http://localhost:35409/
[rosmaster.master][INFO] 2026-08-30 08:39:52,400: +PUB [/command_interpreter/node_health] /command_interpreter http://localhost:35409/
[rosmaster.master][INFO] 2026-08-30 08:39:52,464: +CACHEDPARAM [/rosout_disable_topics_generation] by /command_interpreter
[rosmaster.master][INFO] 2026-08-30 08:39:52,465: +PUB [/rosout] /mission_manager http://localhost:41931/
[rosmaster.master][INFO] 2026-08-30 08:39:52,480: publisherUpdate[/rosout] -> http://localhost:38019/ ['http://localhost:37929/', 'http://localhost:35409/', 'http://localhost:41931/']
[rosmaster.master][INFO] 2026-08-30 08:39:52,481: publisherUpdate[/rosout] -> http://localhost:38019/ ['http://localhost:37929/', 'http://localhost:35409/', 'http://localhost:41931/']: sec=0.00, result=[1, '', 0]
[rosmaster.master][INFO] 2026-08-30 08:39:52,494: +SERVICE [/mission_manager/get_loggers] /mission_manager http://localhost:41931/
[rosmaster.master][INFO] 2026-08-30 08:39:52,496: +SERVICE [/mission_manager/set_logger_level] /mission_manager http://localhost:41931/
[rosmaster.master][INFO] 2026-08-30 08:39:52,683: +PUB [/mission_status] /mission_manager http://localhost:41931/
[rosmaster.master][INFO] 2026-08-30 08:39:52,686: +PUB [/mission_manager/node_health] /mission_manager http://localhost:41931/
[rosmaster.master][INFO] 2026-08-30 08:39:52,703: +SUB [/drone_control/command] /mission_manager http://localhost:41931/
[rosmaster.master][INFO] 2026-08-30 08:39:52,704: +CACHEDPARAM [/rosout/omit_topics] by /rosout
[rosmaster.master][INFO] 2026-08-30 08:39:52,755: +SUB [/safety_status] /mission_manager http://localhost:41931/
[rosmaster.master][INFO] 2026-08-30 08:39:52,762: +SUB [/tracked_targets] /mission_manager http://localhost:41931/
[rosmaster.master][INFO] 2026-08-30 08:39:52,768: +CACHEDPARAM [/rosout_disable_topics_generation] by /mission_manager
[rosmaster.master][INFO] 2026-08-30 08:39:52,797: +PUB [/rosout] /parameter_validator http://localhost:38051/
[rosmaster.master][INFO] 2026-08-30 08:39:52,798: publisherUpdate[/rosout] -> http://localhost:38019/ ['http://localhost:37929/', 'http://localhost:35409/', 'http://localhost:41931/', 'http://localhost:38051/']
[rosmaster.master][INFO] 2026-08-30 08:39:52,849: publisherUpdate[/rosout] -> http://localhost:38019/ ['http://localhost:37929/', 'http://localhost:35409/', 'http://localhost:41931/', 'http://localhost:38051/']: sec=0.05, result=[1, '', 0]
[rosmaster.master][INFO] 2026-08-30 08:39:52,857: +SERVICE [/parameter_validator/get_loggers] /parameter_validator http://localhost:38051/
[rosmaster.master][INFO] 2026-08-30 08:39:52,860: +SERVICE [/parameter_validator/set_logger_level] /parameter_validator http://localhost:38051/
[rosmaster.master][INFO] 2026-08-30 08:39:52,893: +PUB [/rosout] /vehicle_state_monitor http://localhost:37577/
[rosmaster.master][INFO] 2026-08-30 08:39:52,895: publisherUpdate[/rosout] -> http://localhost:38019/ ['http://localhost:37929/', 'http://localhost:35409/', 'http://localhost:41931/', 'http://localhost:38051/', 'http://localhost:37577/']
[rosmaster.master][INFO] 2026-08-30 08:39:52,897: publisherUpdate[/rosout] -> http://localhost:38019/ ['http://localhost:37929/', 'http://localhost:35409/', 'http://localhost:41931/', 'http://localhost:38051/', 'http://localhost:37577/']: sec=0.00, result=[1, '', 0]
[rosmaster.master][INFO] 2026-08-30 08:39:52,959: +SERVICE [/vehicle_state_monitor/get_loggers] /vehicle_state_monitor http://localhost:37577/
[rosmaster.master][INFO] 2026-08-30 08:39:52,962: +SERVICE [/vehicle_state_monitor/set_logger_level] /vehicle_state_monitor http://localhost:37577/
[rosmaster.master][INFO] 2026-08-30 08:39:52,984: +CACHEDPARAM [/rosout_disable_topics_generation] by /parameter_validator
[rosmaster.master][INFO] 2026-08-30 08:39:52,985: +SUB [/mavros/state] /vehicle_state_monitor http://localhost:37577/
[rosmaster.master][INFO] 2026-08-30 08:39:52,990: +SUB [/mavros/battery] /vehicle_state_monitor http://localhost:37577/
[rosmaster.master][INFO] 2026-08-30 08:39:52,992: +CACHEDPARAM [/rosout_disable_topics_generation] by /parameter_validator
[rosmaster.master][INFO] 2026-08-30 08:39:52,996: +SUB [/mavros/local_position/velocity] /vehicle_state_monitor http://localhost:37577/
[rosmaster.master][INFO] 2026-08-30 08:39:52,999: +PUB [/drone_status] /vehicle_state_monitor http://localhost:37577/
[rosmaster.master][INFO] 2026-08-30 08:39:53,002: +PUB [/diagnostic_status] /vehicle_state_monitor http://localhost:37577/
[rosmaster.master][INFO] 2026-08-30 08:39:53,006: +PUB [/vehicle_state_monitor/node_health] /vehicle_state_monitor http://localhost:37577/
[rosmaster.master][INFO] 2026-08-30 08:39:53,008: +PUB [/battery_percentage] /vehicle_state_monitor http://localhost:37577/
[rosmaster.master][INFO] 2026-08-30 08:39:53,050: +SERVICE [/drone_emergency_stop] /vehicle_state_monitor http://localhost:37577/
[rosmaster.master][INFO] 2026-08-30 08:39:53,052: +SERVICE [/drone_arm] /vehicle_state_monitor http://localhost:37577/
[rosmaster.master][INFO] 2026-08-30 08:39:53,061: +SERVICE [/drone_disarm] /vehicle_state_monitor http://localhost:37577/
[rosmaster.master][INFO] 2026-08-30 08:39:53,064: +SERVICE [/drone_get_status] /vehicle_state_monitor http://localhost:37577/
[rosmaster.master][INFO] 2026-08-30 08:39:53,081: +CACHEDPARAM [/rosout_disable_topics_generation] by /vehicle_state_monitor
[rosmaster.master][INFO] 2026-08-30 08:39:53,350: +PUB [/rosout] /health_checker http://localhost:34779/
[rosmaster.master][INFO] 2026-08-30 08:39:53,350: publisherUpdate[/rosout] -> http://localhost:38019/ ['http://localhost:37929/', 'http://localhost:35409/', 'http://localhost:41931/', 'http://localhost:38051/', 'http://localhost:37577/', 'http://localhost:34779/']
[rosmaster.master][INFO] 2026-08-30 08:39:53,356: publisherUpdate[/rosout] -> http://localhost:38019/ ['http://localhost:37929/', 'http://localhost:35409/', 'http://localhost:41931/', 'http://localhost:38051/', 'http://localhost:37577/', 'http://localhost:34779/']: sec=0.00, result=[1, '', 0]
[rosmaster.master][INFO] 2026-08-30 08:39:53,369: +SERVICE [/health_checker/get_loggers] /health_checker http://localhost:34779/
[rosmaster.master][INFO] 2026-08-30 08:39:53,372: +SERVICE [/health_checker/set_logger_level] /health_checker http://localhost:34779/
[rosmaster.master][INFO] 2026-08-30 08:39:53,380: +SUB [/yolo_detector/node_health] /health_checker http://localhost:34779/
[rosmaster.master][INFO] 2026-08-30 08:39:53,383: +SUB [/target_tracking_controller/node_health] /health_checker http://localhost:34779/
[rosmaster.master][INFO] 2026-08-30 08:39:53,386: +SUB [/vehicle_state_monitor/node_health] /health_checker http://localhost:34779/
[rosmaster.master][INFO] 2026-08-30 08:39:53,390: +SUB [/mission_manager/node_health] /health_checker http://localhost:34779/
[rosmaster.master][INFO] 2026-08-30 08:39:53,392: +SUB [/safety_monitor/node_health] /health_checker http://localhost:34779/
[rosmaster.master][INFO] 2026-08-30 08:39:53,394: +SUB [/command_interpreter/node_health] /health_checker http://localhost:34779/
[rosmaster.master][INFO] 2026-08-30 08:39:53,395: +PUB [/system_health] /health_checker http://localhost:34779/
[rosmaster.master][INFO] 2026-08-30 08:39:53,397: +SERVICE [/health/check_all] /health_checker http://localhost:34779/
[rosmaster.master][INFO] 2026-08-30 08:39:53,399: +SERVICE [/health/restart_node] /health_checker http://localhost:34779/
[rosmaster.master][INFO] 2026-08-30 08:39:53,453: +CACHEDPARAM [/rosout_disable_topics_generation] by /health_checker
[rosmaster.master][INFO] 2026-08-30 08:39:53,591: +PUB [/rosout] /safety_monitor http://localhost:35691/
[rosmaster.master][INFO] 2026-08-30 08:39:53,600: +SERVICE [/safety_monitor/get_loggers] /safety_monitor http://localhost:35691/
[rosmaster.master][INFO] 2026-08-30 08:39:53,601: +SERVICE [/safety_monitor/set_logger_level] /safety_monitor http://localhost:35691/
[rosmaster.master][INFO] 2026-08-30 08:39:53,606: +PUB [/rosout] /sensor_fusion http://localhost:41887/
[rosmaster.master][INFO] 2026-08-30 08:39:53,611: +SUB [/mavros/local_position/pose] /safety_monitor http://localhost:35691/
[rosmaster.master][INFO] 2026-08-30 08:39:53,613: +SUB [/mavros/local_position/velocity] /safety_monitor http://localhost:35691/
[rosmaster.master][INFO] 2026-08-30 08:39:53,615: +SERVICE [/sensor_fusion/get_loggers] /sensor_fusion http://localhost:41887/
[rosmaster.master][INFO] 2026-08-30 08:39:53,617: +SUB [/mavros/state] /safety_monitor http://localhost:35691/
[rosmaster.master][INFO] 2026-08-30 08:39:53,617: +SERVICE [/sensor_fusion/set_logger_level] /sensor_fusion http://localhost:41887/
[rosmaster.master][INFO] 2026-08-30 08:39:53,619: +PUB [/safety_status] /safety_monitor http://localhost:35691/
[rosmaster.master][INFO] 2026-08-30 08:39:53,621: +PUB [/safety_monitor/node_health] /safety_monitor http://localhost:35691/
[rosmaster.master][INFO] 2026-08-30 08:39:53,624: +PUB [/emergency_triggered] /safety_monitor http://localhost:35691/
[rosmaster.master][INFO] 2026-08-30 08:39:53,625: +SUB [/mavros/imu/data] /sensor_fusion http://localhost:41887/
[rosmaster.master][INFO] 2026-08-30 08:39:53,626: +SERVICE [/safety/geofence_enable] /safety_monitor http://localhost:35691/
[rosmaster.master][INFO] 2026-08-30 08:39:53,628: +SUB [/mavros/global_position/global] /sensor_fusion http://localhost:41887/
[rosmaster.master][INFO] 2026-08-30 08:39:53,629: +SERVICE [/safety/geofence_disable] /safety_monitor http://localhost:35691/
[rosmaster.master][INFO] 2026-08-30 08:39:53,631: +SERVICE [/safety/check] /safety_monitor http://localhost:35691/
[rosmaster.master][INFO] 2026-08-30 08:39:53,632: +SUB [/mavros/local_position/pose] /sensor_fusion http://localhost:41887/
[rosmaster.master][INFO] 2026-08-30 08:39:53,633: +SERVICE [/safety/status] /safety_monitor http://localhost:35691/
[rosmaster.master][INFO] 2026-08-30 08:39:53,634: +PUB [/sensor_fusion/node_health] /sensor_fusion http://localhost:41887/
[rosmaster.master][INFO] 2026-08-30 08:39:53,639: +CACHEDPARAM [/rosout_disable_topics_generation] by /safety_monitor
[rosmaster.master][INFO] 2026-08-30 08:39:53,640: +CACHEDPARAM [/rosout_disable_topics_generation] by /sensor_fusion
[rosmaster.master][INFO] 2026-08-30 08:39:53,642: +CACHEDPARAM [/rosout_disable_topics_generation] by /safety_monitor
[rosmaster.master][INFO] 2026-08-30 08:39:53,658: publisherUpdate[/rosout] -> http://localhost:38019/ ['http://localhost:37929/', 'http://localhost:35409/', 'http://localhost:41931/', 'http://localhost:38051/', 'http://localhost:37577/', 'http://localhost:34779/', 'http://localhost:35691/']
[rosmaster.master][INFO] 2026-08-30 08:39:53,661: publisherUpdate[/rosout] -> http://localhost:38019/ ['http://localhost:37929/', 'http://localhost:35409/', 'http://localhost:41931/', 'http://localhost:38051/', 'http://localhost:37577/', 'http://localhost:34779/', 'http://localhost:35691/']: sec=0.00, result=[1, '', 0]
[rosmaster.master][INFO] 2026-08-30 08:39:53,661: publisherUpdate[/rosout] -> http://localhost:38019/ ['http://localhost:37929/', 'http://localhost:35409/', 'http://localhost:41931/', 'http://localhost:38051/', 'http://localhost:37577/', 'http://localhost:34779/', 'http://localhost:35691/', 'http://localhost:41887/']
[rosmaster.master][INFO] 2026-08-30 08:39:53,663: publisherUpdate[/rosout] -> http://localhost:38019/ ['http://localhost:37929/', 'http://localhost:35409/', 'http://localhost:41931/', 'http://localhost:38051/', 'http://localhost:37577/', 'http://localhost:34779/', 'http://localhost:35691/', 'http://localhost:41887/']: sec=0.00, result=[1, '', 0]
[rosmaster.master][INFO] 2026-08-30 08:39:53,663: publisherUpdate[/safety_status] -> http://localhost:41931/ ['http://localhost:35691/']
[rosmaster.master][INFO] 2026-08-30 08:39:53,664: +PUB [/rosout] /system_health_monitor http://localhost:34309/
[rosmaster.master][INFO] 2026-08-30 08:39:53,664: publisherUpdate[/safety_monitor/node_health] -> http://localhost:34779/ ['http://localhost:35691/']
[rosmaster.master][INFO] 2026-08-30 08:39:53,668: publisherUpdate[/safety_monitor/node_health] -> http://localhost:34779/ ['http://localhost:35691/']: sec=0.00, result=[1, '', 0]
[rosmaster.master][INFO] 2026-08-30 08:39:53,669: publisherUpdate[/rosout] -> http://localhost:38019/ ['http://localhost:37929/', 'http://localhost:35409/', 'http://localhost:41931/', 'http://localhost:38051/', 'http://localhost:37577/', 'http://localhost:34779/', 'http://localhost:35691/', 'http://localhost:41887/', 'http://localhost:34309/']
[rosmaster.master][INFO] 2026-08-30 08:39:53,669: publisherUpdate[/safety_status] -> http://localhost:41931/ ['http://localhost:35691/']: sec=0.01, result=[1, '', 0]
[rosmaster.master][INFO] 2026-08-30 08:39:53,671: publisherUpdate[/rosout] -> http://localhost:38019/ ['http://localhost:37929/', 'http://localhost:35409/', 'http://localhost:41931/', 'http://localhost:38051/', 'http://localhost:37577/', 'http://localhost:34779/', 'http://localhost:35691/', 'http://localhost:41887/', 'http://localhost:34309/']: sec=0.00, result=[1, '', 0]
[rosmaster.master][INFO] 2026-08-30 08:39:53,677: +SERVICE [/system_health_monitor/get_loggers] /system_health_monitor http://localhost:34309/
[rosmaster.master][INFO] 2026-08-30 08:39:53,680: +SERVICE [/system_health_monitor/set_logger_level] /system_health_monitor http://localhost:34309/
[rosmaster.master][INFO] 2026-08-30 08:39:53,695: +SUB [/health/check_all] /system_health_monitor http://localhost:34309/
[rosmaster.master][INFO] 2026-08-30 08:39:53,696: +PUB [/system_health] /system_health_monitor http://localhost:34309/
[rosmaster.master][INFO] 2026-08-30 08:39:53,699: +PUB [/diagnostic_status] /system_health_monitor http://localhost:34309/
[rosmaster.master][INFO] 2026-08-30 08:39:53,701: +PUB [/performance_metrics] /system_health_monitor http://localhost:34309/
[rosmaster.master][INFO] 2026-08-30 08:39:53,702: +PUB [/system_alert] /system_health_monitor http://localhost:34309/
[rosmaster.master][INFO] 2026-08-30 08:39:53,705: +CACHEDPARAM [/rosout_disable_topics_generation] by /system_health_monitor
[rosmaster.master][INFO] 2026-08-30 08:39:54,256: +PUB [/rosout] /target_tracking_controller http://localhost:35073/
[rosmaster.master][INFO] 2026-08-30 08:39:54,263: +SERVICE [/target_tracking_controller/get_loggers] /target_tracking_controller http://localhost:35073/
[rosmaster.master][INFO] 2026-08-30 08:39:54,265: +SERVICE [/target_tracking_controller/set_logger_level] /target_tracking_controller http://localhost:35073/
[rosmaster.master][INFO] 2026-08-30 08:39:54,274: publisherUpdate[/rosout] -> http://localhost:38019/ ['http://localhost:37929/', 'http://localhost:35409/', 'http://localhost:41931/', 'http://localhost:38051/', 'http://localhost:37577/', 'http://localhost:34779/', 'http://localhost:35691/', 'http://localhost:41887/', 'http://localhost:34309/', 'http://localhost:35073/']
[rosmaster.master][INFO] 2026-08-30 08:39:54,275: +SUB [/mavros/local_position/odom] /target_tracking_controller http://localhost:35073/
[rosmaster.master][INFO] 2026-08-30 08:39:54,276: publisherUpdate[/rosout] -> http://localhost:38019/ ['http://localhost:37929/', 'http://localhost:35409/', 'http://localhost:41931/', 'http://localhost:38051/', 'http://localhost:37577/', 'http://localhost:34779/', 'http://localhost:35691/', 'http://localhost:41887/', 'http://localhost:34309/', 'http://localhost:35073/']: sec=0.00, result=[1, '', 0]
[rosmaster.master][INFO] 2026-08-30 08:39:54,278: +SUB [/detected_objects] /target_tracking_controller http://localhost:35073/
[rosmaster.master][INFO] 2026-08-30 08:39:54,280: +SUB [/mavros/state] /target_tracking_controller http://localhost:35073/
[rosmaster.master][INFO] 2026-08-30 08:39:54,283: +SUB [/mission_status] /target_tracking_controller http://localhost:35073/
[rosmaster.master][INFO] 2026-08-30 08:39:54,284: +PUB [/tracked_targets] /target_tracking_controller http://localhost:35073/
[rosmaster.master][INFO] 2026-08-30 08:39:54,285: +PUB [/mavros/setpoint_velocity/cmd_vel_unstamped] /target_tracking_controller http://localhost:35073/
[rosmaster.master][INFO] 2026-08-30 08:39:54,287: +PUB [/mavros/setpoint_raw/local] /target_tracking_controller http://localhost:35073/
[rosmaster.master][INFO] 2026-08-30 08:39:54,289: +PUB [/target_tracking_controller/node_health] /target_tracking_controller http://localhost:35073/
[rosmaster.master][INFO] 2026-08-30 08:39:54,303: publisherUpdate[/tracked_targets] -> http://localhost:41931/ ['http://localhost:35073/']
[rosmaster.master][INFO] 2026-08-30 08:39:54,306: publisherUpdate[/tracked_targets] -> http://localhost:41931/ ['http://localhost:35073/']: sec=0.00, result=[1, '', 0]
[rosmaster.master][INFO] 2026-08-30 08:39:54,306: publisherUpdate[/target_tracking_controller/node_health] -> http://localhost:34779/ ['http://localhost:35073/']
[rosmaster.master][INFO] 2026-08-30 08:39:54,309: publisherUpdate[/target_tracking_controller/node_health] -> http://localhost:34779/ ['http://localhost:35073/']: sec=0.00, result=[1, '', 0]
[rosmaster.master][INFO] 2026-08-30 08:39:56,424: +CACHEDPARAM [/rosout_disable_topics_generation] by /target_tracking_controller
[rosmaster.master][INFO] 2026-08-30 08:39:57,058: +PUB [/rosout] /yolo_detector http://localhost:36135/
[rosmaster.master][INFO] 2026-08-30 08:39:57,063: +SERVICE [/yolo_detector/get_loggers] /yolo_detector http://localhost:36135/
[rosmaster.master][INFO] 2026-08-30 08:39:57,064: +SERVICE [/yolo_detector/set_logger_level] /yolo_detector http://localhost:36135/
[rosmaster.master][INFO] 2026-08-30 08:39:57,073: +PUB [/yolo_detector/node_health] /yolo_detector http://localhost:36135/
[rosmaster.master][INFO] 2026-08-30 08:39:57,077: +SUB [/drone_control/command] /yolo_detector http://localhost:36135/
[rosmaster.master][INFO] 2026-08-30 08:39:57,080: +PUB [/command_response] /yolo_detector http://localhost:36135/
[rosmaster.master][INFO] 2026-08-30 08:39:57,084: +SUB [/mission_status] /yolo_detector http://localhost:36135/
[rosmaster.master][INFO] 2026-08-30 08:39:57,098: +CACHEDPARAM [/rosout_disable_topics_generation] by /yolo_detector
[rosmaster.master][INFO] 2026-08-30 08:39:57,133: publisherUpdate[/rosout] -> http://localhost:38019/ ['http://localhost:37929/', 'http://localhost:35409/', 'http://localhost:41931/', 'http://localhost:38051/', 'http://localhost:37577/', 'http://localhost:34779/', 'http://localhost:35691/', 'http://localhost:41887/', 'http://localhost:34309/', 'http://localhost:35073/', 'http://localhost:36135/']
[rosmaster.master][INFO] 2026-08-30 08:39:57,134: publisherUpdate[/yolo_detector/node_health] -> http://localhost:34779/ ['http://localhost:36135/']
[rosmaster.master][INFO] 2026-08-30 08:39:57,136: publisherUpdate[/rosout] -> http://localhost:38019/ ['http://localhost:37929/', 'http://localhost:35409/', 'http://localhost:41931/', 'http://localhost:38051/', 'http://localhost:37577/', 'http://localhost:34779/', 'http://localhost:35691/', 'http://localhost:41887/', 'http://localhost:34309/', 'http://localhost:35073/', 'http://localhost:36135/']: sec=0.00, result=[1, '', 0]
[rosmaster.master][INFO] 2026-08-30 08:39:57,137: publisherUpdate[/yolo_detector/node_health] -> http://localhost:34779/ ['http://localhost:36135/']: sec=0.00, result=[1, '', 0]
[rosmaster.master][INFO] 2026-08-30 08:39:57,268: +CACHEDPARAM [/rosout_disable_topics_generation] by /yolo_detector
[rosmaster.master][INFO] 2026-08-30 08:39:57,271: +SUB [/camera/color/image_raw] /yolo_detector http://localhost:36135/
[rosmaster.master][INFO] 2026-08-30 08:39:57,272: +PUB [/detected_objects] /yolo_detector http://localhost:36135/
[rosmaster.master][INFO] 2026-08-30 08:39:57,275: +CACHEDPARAM [/rosout_disable_topics_generation] by /yolo_detector
[rosmaster.master][INFO] 2026-08-30 08:39:57,277: +CACHEDPARAM [/rosout_disable_topics_generation] by /yolo_detector
[rosmaster.master][INFO] 2026-08-30 08:39:57,337: publisherUpdate[/detected_objects] -> http://localhost:35073/ ['http://localhost:36135/']
[rosmaster.master][INFO] 2026-08-30 08:39:57,340: publisherUpdate[/detected_objects] -> http://localhost:35073/ ['http://localhost:36135/']: sec=0.00, result=[1, '', 0]
[rosmaster.master][INFO] 2026-08-30 08:39:58,414: +CACHEDPARAM [/rosout_disable_topics_generation] by /health_checker
[rosmaster.master][INFO] 2026-08-30 08:39:58,421: +CACHEDPARAM [/rosout_disable_topics_generation] by /health_checker
[rosmaster.master][INFO] 2026-08-30 08:39:58,557: +CACHEDPARAM [/rosout_disable_topics_generation] by /target_tracking_controller
[rosmaster.master][INFO] 2026-08-30 08:39:58,564: +CACHEDPARAM [/rosout_disable_topics_generation] by /target_tracking_controller
[rosmaster.master][INFO] 2026-08-30 08:40:30,642: +PUB [/rosout] /performance_monitor http://localhost:42817/
[rosmaster.master][INFO] 2026-08-30 08:40:30,647: publisherUpdate[/rosout] -> http://localhost:38019/ ['http://localhost:37929/', 'http://localhost:35409/', 'http://localhost:41931/', 'http://localhost:38051/', 'http://localhost:37577/', 'http://localhost:34779/', 'http://localhost:35691/', 'http://localhost:41887/', 'http://localhost:34309/', 'http://localhost:35073/', 'http://localhost:36135/', 'http://localhost:42817/']
[rosmaster.master][INFO] 2026-08-30 08:40:30,649: publisherUpdate[/rosout] -> http://localhost:38019/ ['http://localhost:37929/', 'http://localhost:35409/', 'http://localhost:41931/', 'http://localhost:38051/', 'http://localhost:37577/', 'http://localhost:34779/', 'http://localhost:35691/', 'http://localhost:41887/', 'http://localhost:34309/', 'http://localhost:35073/', 'http://localhost:36135/', 'http://localhost:42817/']: sec=0.00, result=[1, '', 0]
[rosmaster.master][INFO] 2026-08-30 08:40:30,650: +SERVICE [/performance_monitor/get_loggers] /performance_monitor http://localhost:42817/
[rosmaster.master][INFO] 2026-08-30 08:40:30,651: +SERVICE [/performance_monitor/set_logger_level] /performance_monitor http://localhost:42817/
[rosmaster.master][INFO] 2026-08-30 08:40:30,656: +SUB [/performance/command] /performance_monitor http://localhost:42817/
[rosmaster.master][INFO] 2026-08-30 08:40:30,657: +SUB [/performance/benchmark] /performance_monitor http://localhost:42817/
[rosmaster.master][INFO] 2026-08-30 08:40:30,658: +PUB [/performance/metrics] /performance_monitor http://localhost:42817/
[rosmaster.master][INFO] 2026-08-30 08:40:30,659: +PUB [/performance/benchmark_results] /performance_monitor http://localhost:42817/
[rosmaster.master][INFO] 2026-08-30 08:40:30,660: +PUB [/performance/alert] /performance_monitor http://localhost:42817/
[rosmaster.master][INFO] 2026-08-30 08:40:30,660: +PUB [/diagnostic_status] /performance_monitor http://localhost:42817/
[rosmaster.master][INFO] 2026-08-30 08:40:30,662: +CACHEDPARAM [/rosout_disable_topics_generation] by /performance_monitor
[rosmaster.master][INFO] 2026-08-30 08:40:32,672: +CACHEDPARAM [/rosout_disable_topics_generation] by /performance_monitor
[rosmaster.master][INFO] 2026-08-30 08:40:34,672: +CACHEDPARAM [/rosout_disable_topics_generation] by /performance_monitor
[rosmaster.master][INFO] 2026-08-30 08:40:36,671: +CACHEDPARAM [/rosout_disable_topics_generation] by /performance_monitor
[rosmaster.master][INFO] 2026-08-30 08:40:37,674: +CACHEDPARAM [/rosout_disable_topics_generation] by /performance_monitor
[rosmaster.master][INFO] 2026-08-30 08:40:38,672: +CACHEDPARAM [/rosout_disable_topics_generation] by /performance_monitor
[rosmaster.master][INFO] 2026-08-30 08:40:39,676: +CACHEDPARAM [/rosout_disable_topics_generation] by /performance_monitor
[rosmaster.master][INFO] 2026-08-30 08:40:40,670: +CACHEDPARAM [/rosout_disable_topics_generation] by /performance_monitor
[rosmaster.master][INFO] 2026-08-30 08:40:41,670: +CACHEDPARAM [/rosout_disable_topics_generation] by /performance_monitor
[rosmaster.master][INFO] 2026-08-30 08:40:42,668: +CACHEDPARAM [/rosout_disable_topics_generation] by /performance_monitor
[rosmaster.master][INFO] 2026-08-30 08:40:42,679: +CACHEDPARAM [/rosout_disable_topics_generation] by /performance_monitor
[rosmaster.master][INFO] 2026-08-30 08:40:43,692: +CACHEDPARAM [/rosout_disable_topics_generation] by /performance_monitor
[rosmaster.master][INFO] 2026-08-30 08:40:43,964: +CACHEDPARAM [/rosout_disable_topics_generation] by /performance_monitor
[rosmaster.master][INFO] 2026-08-30 08:40:44,687: +CACHEDPARAM [/rosout_disable_topics_generation] by /performance_monitor
[rosmaster.master][INFO] 2026-08-30 08:40:44,696: +CACHEDPARAM [/rosout_disable_topics_generation] by /performance_monitor
[rosmaster.master][INFO] 2026-08-30 08:40:44,702: +CACHEDPARAM [/rosout_disable_topics_generation] by /performance_monitor
[rosmaster.master][INFO] 2026-08-30 08:40:45,682: +CACHEDPARAM [/rosout_disable_topics_generation] by /performance_monitor
[rosmaster.master][INFO] 2026-08-30 08:40:45,977: +CACHEDPARAM [/rosout_disable_topics_generation] by /performance_monitor
[rosmaster.master][INFO] 2026-08-30 08:40:46,686: +CACHEDPARAM [/rosout_disable_topics_generation] by /performance_monitor
[rosmaster.master][INFO] 2026-08-30 08:40:46,693: +CACHEDPARAM [/rosout_disable_topics_generation] by /performance_monitor
[rosmaster.master][INFO] 2026-08-30 08:40:46,741: +CACHEDPARAM [/rosout_disable_topics_generation] by /performance_monitor
[rosmaster.master][INFO] 2026-08-30 08:40:47,224: +CACHEDPARAM [/rosout_disable_topics_generation] by /performance_monitor
[rosmaster.master][INFO] 2026-08-30 08:40:47,388: +CACHEDPARAM [/rosout_disable_topics_generation] by /performance_monitor
[rosmaster.master][INFO] 2026-08-30 08:40:47,395: +CACHEDPARAM [/rosout_disable_topics_generation] by /performance_monitor
[rosmaster.master][INFO] 2026-08-30 08:40:47,678: +CACHEDPARAM [/rosout_disable_topics_generation] by /performance_monitor
[rosmaster.master][INFO] 2026-08-30 08:40:48,082: +CACHEDPARAM [/rosout_disable_topics_generation] by /performance_monitor
[rosmaster.master][INFO] 2026-08-30 08:40:48,705: +CACHEDPARAM [/rosout_disable_topics_generation] by /performance_monitor
[rosmaster.master][INFO] 2026-08-30 08:40:48,726: +CACHEDPARAM [/rosout_disable_topics_generation] by /performance_monitor
[rosmaster.master][INFO] 2026-08-30 08:40:48,962: +CACHEDPARAM [/rosout_disable_topics_generation] by /performance_monitor
[rosmaster.master][INFO] 2026-08-30 08:40:49,491: +CACHEDPARAM [/rosout_disable_topics_generation] by /performance_monitor
[rosmaster.master][INFO] 2026-08-30 08:40:49,595: +CACHEDPARAM [/rosout_disable_topics_generation] by /performance_monitor
[rosmaster.master][INFO] 2026-08-30 08:40:49,621: +CACHEDPARAM [/rosout_disable_topics_generation] by /performance_monitor
[rosmaster.master][INFO] 2026-08-30 08:40:49,682: +CACHEDPARAM [/rosout_disable_topics_generation] by /performance_monitor
[rosmaster.master][INFO] 2026-08-30 08:40:50,183: +CACHEDPARAM [/rosout_disable_topics_generation] by /performance_monitor
[rosmaster.master][INFO] 2026-08-30 08:40:50,715: +CACHEDPARAM [/rosout_disable_topics_generation] by /performance_monitor
[rosmaster.master][INFO] 2026-08-30 08:40:50,756: +CACHEDPARAM [/rosout_disable_topics_generation] by /performance_monitor
[rosmaster.master][INFO] 2026-08-30 08:40:51,166: +CACHEDPARAM [/rosout_disable_topics_generation] by /performance_monitor
[rosmaster.master][INFO] 2026-08-30 08:40:51,684: +CACHEDPARAM [/rosout_disable_topics_generation] by /performance_monitor
[rosmaster.master][INFO] 2026-08-30 08:40:51,811: +CACHEDPARAM [/rosout_disable_topics_generation] by /performance_monitor
[rosmaster.master][INFO] 2026-08-30 08:40:51,981: +CACHEDPARAM [/rosout_disable_topics_generation] by /performance_monitor
[rosmaster.master][INFO] 2026-08-30 08:40:52,000: +CACHEDPARAM [/rosout_disable_topics_generation] by /performance_monitor
[rosmaster.master][INFO] 2026-08-30 08:40:52,272: +CACHEDPARAM [/rosout_disable_topics_generation] by /performance_monitor
[rosmaster.master][INFO] 2026-08-30 08:40:52,420: +CACHEDPARAM [/rosout_disable_topics_generation] by /performance_monitor
[rosmaster.master][INFO] 2026-08-30 08:40:52,797: +CACHEDPARAM [/rosout_disable_topics_generation] by /performance_monitor
[rosmaster.master][INFO] 2026-08-30 08:40:52,892: +CACHEDPARAM [/rosout_disable_topics_generation] by /performance_monitor
[rosmaster.master][INFO] 2026-08-30 08:40:53,684: +CACHEDPARAM [/rosout_disable_topics_generation] by /performance_monitor
[rosmaster.master][INFO] 2026-08-30 08:40:53,688: +CACHEDPARAM [/rosout_disable_topics_generation] by /performance_monitor
[rosmaster.master][INFO] 2026-08-30 08:40:54,641: +CACHEDPARAM [/rosout_disable_topics_generation] by /performance_monitor
[rosmaster.master][INFO] 2026-08-30 08:40:54,706: +CACHEDPARAM [/rosout_disable_topics_generation] by /performance_monitor
[rosmaster.master][INFO] 2026-08-30 08:40:54,740: +CACHEDPARAM [/rosout_disable_topics_generation] by /performance_monitor
[rosmaster.master][INFO] 2026-08-30 08:40:55,210: +CACHEDPARAM [/rosout_disable_topics_generation] by /performance_monitor
[rosmaster.master][INFO] 2026-08-30 08:40:55,580: +CACHEDPARAM [/rosout_disable_topics_generation] by /performance_monitor
[rosmaster.master][INFO] 2026-08-30 08:40:55,628: +CACHEDPARAM [/rosout_disable_topics_generation] by /performance_monitor
[rosmaster.master][INFO] 2026-08-30 08:40:55,695: +CACHEDPARAM [/rosout_disable_topics_generation] by /performance_monitor
[rosmaster.master][INFO] 2026-08-30 08:40:56,573: +CACHEDPARAM [/rosout_disable_topics_generation] by /performance_monitor
[rosmaster.master][INFO] 2026-08-30 08:40:56,856: +CACHEDPARAM [/rosout_disable_topics_generation] by /performance_monitor
[rosmaster.master][INFO] 2026-08-30 08:40:56,923: +CACHEDPARAM [/rosout_disable_topics_generation] by /performance_monitor
[rosmaster.master][INFO] 2026-08-30 08:40:57,033: +CACHEDPARAM [/rosout_disable_topics_generation] by /performance_monitor
[rosmaster.master][INFO] 2026-08-30 08:40:57,838: +CACHEDPARAM [/rosout_disable_topics_generation] by /performance_monitor
[rosmaster.master][INFO] 2026-08-30 08:40:57,892: +CACHEDPARAM [/rosout_disable_topics_generation] by /performance_monitor
[rosmaster.master][INFO] 2026-08-30 08:40:58,756: +CACHEDPARAM [/rosout_disable_topics_generation] by /performance_monitor
[rosmaster.master][INFO] 2026-08-30 08:40:58,994: +CACHEDPARAM [/rosout_disable_topics_generation] by /performance_monitor
[rosmaster.master][INFO] 2026-08-30 08:40:59,769: +CACHEDPARAM [/rosout_disable_topics_generation] by /performance_monitor
[rosmaster.master][INFO] 2026-08-30 08:41:00,084: +CACHEDPARAM [/rosout_disable_topics_generation] by /performance_monitor
[rosmaster.master][INFO] 2026-08-30 08:41:00,785: +CACHEDPARAM [/rosout_disable_topics_generation] by /performance_monitor
[rosmaster.master][INFO] 2026-08-30 08:41:00,837: +CACHEDPARAM [/rosout_disable_topics_generation] by /performance_monitor
[rosmaster.master][INFO] 2026-08-30 08:41:01,011: +CACHEDPARAM [/rosout_disable_topics_generation] by /performance_monitor
[rosmaster.master][INFO] 2026-08-30 08:41:01,096: +CACHEDPARAM [/rosout_disable_topics_generation] by /performance_monitor
[rosmaster.master][INFO] 2026-08-30 08:41:01,465: +CACHEDPARAM [/rosout_disable_topics_generation] by /performance_monitor
[rosmaster.master][INFO] 2026-08-30 08:41:01,746: +CACHEDPARAM [/rosout_disable_topics_generation] by /performance_monitor
[rosmaster.master][INFO] 2026-08-30 08:41:01,876: +CACHEDPARAM [/rosout_disable_topics_generation] by /performance_monitor
[rosmaster.master][INFO] 2026-08-30 08:41:02,056: +CACHEDPARAM [/rosout_disable_topics_generation] by /performance_monitor
[rosmaster.master][INFO] 2026-08-30 08:41:03,000: +CACHEDPARAM [/rosout_disable_topics_generation] by /performance_monitor
[rosmaster.master][INFO] 2026-08-30 08:41:03,295: +CACHEDPARAM [/rosout_disable_topics_generation] by /performance_monitor
[rosmaster.master][INFO] 2026-08-30 08:41:03,736: +CACHEDPARAM [/rosout_disable_topics_generation] by /performance_monitor
[rosmaster.master][INFO] 2026-08-30 08:41:04,851: +CACHEDPARAM [/rosout_disable_topics_generation] by /performance_monitor
[rosmaster.master][INFO] 2026-08-30 08:41:05,033: +CACHEDPARAM [/rosout_disable_topics_generation] by /performance_monitor
[rosmaster.master][INFO] 2026-08-30 08:41:05,389: +CACHEDPARAM [/rosout_disable_topics_generation] by /performance_monitor
[rosmaster.master][INFO] 2026-08-30 08:41:05,413: +CACHEDPARAM [/rosout_disable_topics_generation] by /performance_monitor
[rosmaster.master][INFO] 2026-08-30 08:41:05,474: +CACHEDPARAM [/rosout_disable_topics_generation] by /performance_monitor
[rosmaster.master][INFO] 2026-08-30 08:41:05,965: +CACHEDPARAM [/rosout_disable_topics_generation] by /performance_monitor
[rosmaster.master][INFO] 2026-08-30 08:41:06,089: +CACHEDPARAM [/rosout_disable_topics_generation] by /performance_monitor
[rosmaster.master][INFO] 2026-08-30 08:41:06,755: +CACHEDPARAM [/rosout_disable_topics_generation] by /performance_monitor
[rosmaster.master][INFO] 2026-08-30 08:41:06,999: +CACHEDPARAM [/rosout_disable_topics_generation] by /performance_monitor
[rosmaster.master][INFO] 2026-08-30 08:41:07,040: +CACHEDPARAM [/rosout_disable_topics_generation] by /performance_monitor
[rosmaster.master][INFO] 2026-08-30 08:41:07,216: +CACHEDPARAM [/rosout_disable_topics_generation] by /performance_monitor
[rosmaster.master][INFO] 2026-08-30 08:41:07,722: +CACHEDPARAM [/rosout_disable_topics_generation] by /performance_monitor
[rosmaster.master][INFO] 2026-08-30 08:41:08,818: +CACHEDPARAM [/rosout_disable_topics_generation] by /performance_monitor
[rosmaster.master][INFO] 2026-08-30 08:41:09,119: +CACHEDPARAM [/rosout_disable_topics_generation] by /performance_monitor
[rosmaster.master][INFO] 2026-08-30 08:41:09,810: +CACHEDPARAM [/rosout_disable_topics_generation] by /performance_monitor
[rosmaster.master][INFO] 2026-08-30 08:41:10,719: +CACHEDPARAM [/rosout_disable_topics_generation] by /performance_monitor
[rosmaster.master][INFO] 2026-08-30 08:41:10,870: +CACHEDPARAM [/rosout_disable_topics_generation] by /performance_monitor
[rosmaster.master][INFO] 2026-08-30 08:41:10,962: +CACHEDPARAM [/rosout_disable_topics_generation] by /performance_monitor
[rosmaster.master][INFO] 2026-08-30 08:41:11,223: +CACHEDPARAM [/rosout_disable_topics_generation] by /performance_monitor
[rosmaster.master][INFO] 2026-08-30 08:41:11,245: +CACHEDPARAM [/rosout_disable_topics_generation] by /performance_monitor
[rosmaster.master][INFO] 2026-08-30 08:41:11,380: +CACHEDPARAM [/rosout_disable_topics_generation] by /performance_monitor
[rosmaster.master][INFO] 2026-08-30 08:41:11,733: +CACHEDPARAM [/rosout_disable_topics_generation] by /performance_monitor
[rosmaster.master][INFO] 2026-08-30 08:41:11,828: +CACHEDPARAM [/rosout_disable_topics_generation] by /performance_monitor
[rosmaster.master][INFO] 2026-08-30 08:41:12,818: +CACHEDPARAM [/rosout_disable_topics_generation] by /performance_monitor
[rosmaster.master][INFO] 2026-08-30 08:41:13,315: +CACHEDPARAM [/rosout_disable_topics_generation] by /performance_monitor
[rosmaster.master][INFO] 2026-08-30 08:41:13,484: +CACHEDPARAM [/rosout_disable_topics_generation] by /performance_monitor
[rosmaster.master][INFO] 2026-08-30 08:41:13,888: +CACHEDPARAM [/rosout_disable_topics_generation] by /performance_monitor
[rosmaster.master][INFO] 2026-08-30 08:41:15,070: +CACHEDPARAM [/rosout_disable_topics_generation] by /performance_monitor
[rosmaster.master][INFO] 2026-08-30 08:41:15,599: +CACHEDPARAM [/rosout_disable_topics_generation] by /performance_monitor
[rosmaster.master][INFO] 2026-08-30 08:41:15,872: +CACHEDPARAM [/rosout_disable_topics_generation] by /performance_monitor
[rosmaster.master][INFO] 2026-08-30 08:41:16,113: +CACHEDPARAM [/rosout_disable_topics_generation] by /performance_monitor
[rosmaster.master][INFO] 2026-08-30 08:41:16,125: +CACHEDPARAM [/rosout_disable_topics_generation] by /performance_monitor
[rosmaster.master][INFO] 2026-08-30 08:41:16,633: +CACHEDPARAM [/rosout_disable_topics_generation] by /performance_monitor
[rosmaster.master][INFO] 2026-08-30 08:41:16,703: +CACHEDPARAM [/rosout_disable_topics_generation] by /performance_monitor
[rosmaster.master][INFO] 2026-08-30 08:41:16,996: +CACHEDPARAM [/rosout_disable_topics_generation] by /performance_monitor
[rosmaster.master][INFO] 2026-08-30 08:41:17,283: +CACHEDPARAM [/rosout_disable_topics_generation] by /performance_monitor
[rosmaster.master][INFO] 2026-08-30 08:41:17,296: +CACHEDPARAM [/rosout_disable_topics_generation] by /performance_monitor
[rosmaster.master][INFO] 2026-08-30 08:41:17,998: +CACHEDPARAM [/rosout_disable_topics_generation] by /performance_monitor
[rosmaster.master][INFO] 2026-08-30 08:41:18,402: +CACHEDPARAM [/rosout_disable_topics_generation] by /performance_monitor
[rosmaster.master][INFO] 2026-08-30 08:41:18,843: +CACHEDPARAM [/rosout_disable_topics_generation] by /performance_monitor
[rosmaster.master][INFO] 2026-08-30 08:41:19,168: +CACHEDPARAM [/rosout_disable_topics_generation] by /performance_monitor
[rosmaster.master][INFO] 2026-08-30 08:41:19,190: +CACHEDPARAM [/rosout_disable_topics_generation] by /performance_monitor
[rosmaster.master][INFO] 2026-08-30 08:41:19,376: +CACHEDPARAM [/rosout_disable_topics_generation] by /performance_monitor
[rosmaster.master][INFO] 2026-08-30 08:41:20,047: +CACHEDPARAM [/rosout_disable_topics_generation] by /performance_monitor
[rosmaster.master][INFO] 2026-08-30 08:41:20,283: +CACHEDPARAM [/rosout_disable_topics_generation] by /performance_monitor
[rosmaster.master][INFO] 2026-08-30 08:41:20,322: +CACHEDPARAM [/rosout_disable_topics_generation] by /performance_monitor
[rosmaster.master][INFO] 2026-08-30 08:41:20,426: +CACHEDPARAM [/rosout_disable_topics_generation] by /performance_monitor
[rosmaster.master][INFO] 2026-08-30 08:41:21,385: +CACHEDPARAM [/rosout_disable_topics_generation] by /performance_monitor
[rosmaster.master][INFO] 2026-08-30 08:41:21,505: +CACHEDPARAM [/rosout_disable_topics_generation] by /performance_monitor
[rosmaster.master][INFO] 2026-08-30 08:41:21,723: +CACHEDPARAM [/rosout_disable_topics_generation] by /performance_monitor
[rosmaster.master][INFO] 2026-08-30 08:41:21,930: +CACHEDPARAM [/rosout_disable_topics_generation] by /performance_monitor
[rosmaster.master][INFO] 2026-08-30 08:41:22,405: +CACHEDPARAM [/rosout_disable_topics_generation] by /performance_monitor
[rosmaster.master][INFO] 2026-08-30 08:41:22,971: +CACHEDPARAM [/rosout_disable_topics_generation] by /performance_monitor
[rosmaster.master][INFO] 2026-08-30 08:41:23,167: +CACHEDPARAM [/rosout_disable_topics_generation] by /performance_monitor
[rosmaster.master][INFO] 2026-08-30 08:41:23,851: +CACHEDPARAM [/rosout_disable_topics_generation] by /performance_monitor
[rosmaster.master][INFO] 2026-08-30 08:41:24,610: +CACHEDPARAM [/rosout_disable_topics_generation] by /performance_monitor
[rosmaster.master][INFO] 2026-08-30 08:41:24,702: +CACHEDPARAM [/rosout_disable_topics_generation] by /performance_monitor
[rosmaster.master][INFO] 2026-08-30 08:41:25,170: +CACHEDPARAM [/rosout_disable_topics_generation] by /performance_monitor
[rosmaster.master][INFO] 2026-08-30 08:41:25,298: +CACHEDPARAM [/rosout_disable_topics_generation] by /performance_monitor
[rosmaster.master][INFO] 2026-08-30 08:41:25,350: +CACHEDPARAM [/rosout_disable_topics_generation] by /performance_monitor
[rosmaster.master][INFO] 2026-08-30 08:41:25,539: +CACHEDPARAM [/rosout_disable_topics_generation] by /performance_monitor
[rosmaster.master][INFO] 2026-08-30 08:41:25,937: +CACHEDPARAM [/rosout_disable_topics_generation] by /performance_monitor
[rosmaster.master][INFO] 2026-08-30 08:41:26,218: +CACHEDPARAM [/rosout_disable_topics_generation] by /performance_monitor
[rosmaster.master][INFO] 2026-08-30 08:41:26,321: +CACHEDPARAM [/rosout_disable_topics_generation] by /performance_monitor
[rosmaster.master][INFO] 2026-08-30 08:41:27,138: +CACHEDPARAM [/rosout_disable_topics_generation] by /performance_monitor
[rosmaster.master][INFO] 2026-08-30 08:41:27,341: +CACHEDPARAM [/rosout_disable_topics_generation] by /performance_monitor
[rosmaster.master][INFO] 2026-08-30 08:41:27,513: +CACHEDPARAM [/rosout_disable_topics_generation] by /performance_monitor
[rosmaster.master][INFO] 2026-08-30 08:41:27,721: +CACHEDPARAM [/rosout_disable_topics_generation] by /performance_monitor
[rosmaster.master][INFO] 2026-08-30 08:41:28,413: +CACHEDPARAM [/rosout_disable_topics_generation] by /performance_monitor
[rosmaster.master][INFO] 2026-08-30 08:41:29,166: +CACHEDPARAM [/rosout_disable_topics_generation] by /performance_monitor
[rosmaster.master][INFO] 2026-08-30 08:41:29,550: +CACHEDPARAM [/rosout_disable_topics_generation] by /performance_monitor
[rosmaster.master][INFO] 2026-08-30 08:41:30,162: +CACHEDPARAM [/rosout_disable_topics_generation] by /performance_monitor
[rosmaster.master][INFO] 2026-08-30 08:41:30,933: +CACHEDPARAM [/rosout_disable_topics_generation] by /performance_monitor
[rosmaster.master][INFO] 2026-08-30 08:41:31,014: +CACHEDPARAM [/rosout_disable_topics_generation] by /performance_monitor
[rosmaster.master][INFO] 2026-08-30 08:41:31,676: +CACHEDPARAM [/rosout_disable_topics_generation] by /performance_monitor
[rosmaster.master][INFO] 2026-08-30 08:41:31,708: +CACHEDPARAM [/rosout_disable_topics_generation] by /performance_monitor
[rosmaster.master][INFO] 2026-08-30 08:41:31,926: +CACHEDPARAM [/rosout_disable_topics_generation] by /performance_monitor
[rosmaster.master][INFO] 2026-08-30 08:41:32,542: +CACHEDPARAM [/rosout_disable_topics_generation] by /performance_monitor
[rosmaster.master][INFO] 2026-08-30 08:41:32,667: +CACHEDPARAM [/rosout_disable_topics_generation] by /performance_monitor
[rosmaster.master][INFO] 2026-08-30 08:41:32,984: +CACHEDPARAM [/rosout_disable_topics_generation] by /performance_monitor
[rosmaster.master][INFO] 2026-08-30 08:41:33,199: -SUB [/performance/command] /performance_monitor http://localhost:42817/
[rosmaster.master][INFO] 2026-08-30 08:41:33,199: -SUB [/performance/benchmark] /performance_monitor http://localhost:42817/
[rosmaster.master][INFO] 2026-08-30 08:41:33,199: -PUB [/rosout] /performance_monitor http://localhost:42817/
[rosmaster.master][INFO] 2026-08-30 08:41:33,199: -PUB [/performance/metrics] /performance_monitor http://localhost:42817/
[rosmaster.master][INFO] 2026-08-30 08:41:33,199: -PUB [/performance/benchmark_results] /performance_monitor http://localhost:42817/
[rosmaster.master][INFO] 2026-08-30 08:41:33,199: -PUB [/performance/alert] /performance_monitor http://localhost:42817/
[rosmaster.master][INFO] 2026-08-30 08:41:33,200: -PUB [/diagnostic_status] /performance_monitor http://localhost:42817/
[rosmaster.master][INFO] 2026-08-30 08:41:33,200: -SERVICE [/performance_monitor/get_loggers] /performance_monitor rosrpc://localhost:36721
[rosmaster.master][INFO] 2026-08-30 08:41:33,200: -SERVICE [/performance_monitor/set_logger_level] /performance_monitor rosrpc://localhost:36721
[rosmaster.master][INFO] 2026-08-30 08:41:33,211: publisherUpdate[/rosout] -> http://localhost:38019/ ['http://localhost:37929/', 'http://localhost:35409/', 'http://localhost:41931/', 'http://localhost:38051/', 'http://localhost:37577/', 'http://localhost:34779/', 'http://localhost:35691/', 'http://localhost:41887/', 'http://localhost:34309/', 'http://localhost:35073/', 'http://localhost:36135/']
[rosmaster.master][INFO] 2026-08-30 08:41:33,216: publisherUpdate[/rosout] -> http://localhost:38019/ ['http://localhost:37929/', 'http://localhost:35409/', 'http://localhost:41931/', 'http://localhost:38051/', 'http://localhost:37577/', 'http://localhost:34779/', 'http://localhost:35691/', 'http://localhost:41887/', 'http://localhost:34309/', 'http://localhost:35073/', 'http://localhost:36135/']: sec=0.00, result=[1, '', 0]
[rosmaster.master][INFO] 2026-08-30 08:41:33,498: +CACHEDPARAM [/rosout_disable_topics_generation] by /performance_monitor
[rosmaster.master][INFO] 2026-08-30 08:41:33,678: +CACHEDPARAM [/rosout_disable_topics_generation] by /performance_monitor
[rosmaster.master][INFO] 2026-08-30 08:41:33,686: +CACHEDPARAM [/rosout_disable_topics_generation] by /performance_monitor
[rosmaster.master][INFO] 2026-08-30 08:41:33,863: +CACHEDPARAM [/rosout_disable_topics_generation] by /performance_monitor
[rosmaster.master][INFO] 2026-08-30 08:41:34,481: +CACHEDPARAM [/rosout_disable_topics_generation] by /performance_monitor
[rosmaster.master][INFO] 2026-08-30 08:41:34,584: +CACHEDPARAM [/rosout_disable_topics_generation] by /performance_monitor
[rosmaster.master][INFO] 2026-08-30 08:42:46,082: +PUB [/rosout] /performance_monitor http://localhost:45811/
[rosmaster.master][INFO] 2026-08-30 08:42:46,088: +SERVICE [/performance_monitor/get_loggers] /performance_monitor http://localhost:45811/
[rosmaster.master][INFO] 2026-08-30 08:42:46,089: +SERVICE [/performance_monitor/set_logger_level] /performance_monitor http://localhost:45811/
[rosmaster.master][INFO] 2026-08-30 08:42:46,094: +SUB [/performance/command] /performance_monitor http://localhost:45811/
[rosmaster.master][INFO] 2026-08-30 08:42:46,096: +SUB [/performance/benchmark] /performance_monitor http://localhost:45811/
[rosmaster.master][INFO] 2026-08-30 08:42:46,097: +PUB [/performance/metrics] /performance_monitor http://localhost:45811/
[rosmaster.master][INFO] 2026-08-30 08:42:46,098: +PUB [/performance/benchmark_results] /performance_monitor http://localhost:45811/
[rosmaster.master][INFO] 2026-08-30 08:42:46,099: +PUB [/performance/alert] /performance_monitor http://localhost:45811/
[rosmaster.master][INFO] 2026-08-30 08:42:46,099: +PUB [/diagnostic_status] /performance_monitor http://localhost:45811/
[rosmaster.master][INFO] 2026-08-30 08:42:46,102: +CACHEDPARAM [/rosout_disable_topics_generation] by /performance_monitor
[rosmaster.master][INFO] 2026-08-30 08:42:46,103: publisherUpdate[/rosout] -> http://localhost:38019/ ['http://localhost:37929/', 'http://localhost:35409/', 'http://localhost:41931/', 'http://localhost:38051/', 'http://localhost:37577/', 'http://localhost:34779/', 'http://localhost:35691/', 'http://localhost:41887/', 'http://localhost:34309/', 'http://localhost:35073/', 'http://localhost:36135/', 'http://localhost:45811/']
[rosmaster.master][INFO] 2026-08-30 08:42:46,105: publisherUpdate[/rosout] -> http://localhost:38019/ ['http://localhost:37929/', 'http://localhost:35409/', 'http://localhost:41931/', 'http://localhost:38051/', 'http://localhost:37577/', 'http://localhost:34779/', 'http://localhost:35691/', 'http://localhost:41887/', 'http://localhost:34309/', 'http://localhost:35073/', 'http://localhost:36135/', 'http://localhost:45811/']: sec=0.00, result=[1, '', 0]
[rosmaster.master][INFO] 2026-08-30 08:42:48,114: +CACHEDPARAM [/rosout_disable_topics_generation] by /performance_monitor
[rosmaster.master][INFO] 2026-08-30 08:42:48,227: +CACHEDPARAM [/rosout_disable_topics_generation] by /performance_monitor
[rosmaster.master][INFO] 2026-08-30 08:42:48,252: +CACHEDPARAM [/rosout_disable_topics_generation] by /performance_monitor
[rosmaster.master][INFO] 2026-08-30 08:42:48,319: +CACHEDPARAM [/rosout_disable_topics_generation] by /performance_monitor
[rosmaster.master][INFO] 2026-08-30 08:42:48,322: +CACHEDPARAM [/rosout_disable_topics_generation] by /performance_monitor
[rosmaster.master][INFO] 2026-08-30 08:42:48,420: +CACHEDPARAM [/rosout_disable_topics_generation] by /performance_monitor
[rosmaster.master][INFO] 2026-08-30 08:42:48,428: +CACHEDPARAM [/rosout_disable_topics_generation] by /performance_monitor
[rosmaster.master][INFO] 2026-08-30 08:42:48,524: +CACHEDPARAM [/rosout_disable_topics_generation] by /performance_monitor
[rosmaster.master][INFO] 2026-08-30 08:42:48,531: +CACHEDPARAM [/rosout_disable_topics_generation] by /performance_monitor
[rosmaster.master][INFO] 2026-08-30 08:42:48,622: +CACHEDPARAM [/rosout_disable_topics_generation] by /performance_monitor
[rosmaster.master][INFO] 2026-08-30 08:42:48,630: +CACHEDPARAM [/rosout_disable_topics_generation] by /performance_monitor
[rosmaster.master][INFO] 2026-08-30 08:42:48,721: +CACHEDPARAM [/rosout_disable_topics_generation] by /performance_monitor
[rosmaster.master][INFO] 2026-08-30 08:42:48,729: +CACHEDPARAM [/rosout_disable_topics_generation] by /performance_monitor
[rosmaster.master][INFO] 2026-08-30 08:42:48,817: +CACHEDPARAM [/rosout_disable_topics_generation] by /performance_monitor
[rosmaster.master][INFO] 2026-08-30 08:42:48,824: +CACHEDPARAM [/rosout_disable_topics_generation] by /performance_monitor
[rosmaster.master][INFO] 2026-08-30 08:42:48,917: +CACHEDPARAM [/rosout_disable_topics_generation] by /performance_monitor
[rosmaster.master][INFO] 2026-08-30 08:42:48,923: +CACHEDPARAM [/rosout_disable_topics_generation] by /performance_monitor
[rosmaster.master][INFO] 2026-08-30 08:42:49,017: +CACHEDPARAM [/rosout_disable_topics_generation] by /performance_monitor
[rosmaster.master][INFO] 2026-08-30 08:42:49,025: +CACHEDPARAM [/rosout_disable_topics_generation] by /performance_monitor
[rosmaster.master][INFO] 2026-08-30 08:42:49,119: +CACHEDPARAM [/rosout_disable_topics_generation] by /performance_monitor
[rosmaster.master][INFO] 2026-08-30 08:42:49,127: +CACHEDPARAM [/rosout_disable_topics_generation] by /performance_monitor
[rosmaster.master][INFO] 2026-08-30 08:42:49,220: +CACHEDPARAM [/rosout_disable_topics_generation] by /performance_monitor
[rosmaster.master][INFO] 2026-08-30 08:42:49,228: +CACHEDPARAM [/rosout_disable_topics_generation] by /performance_monitor
[rosmaster.master][INFO] 2026-08-30 08:42:49,320: +CACHEDPARAM [/rosout_disable_topics_generation] by /performance_monitor
[rosmaster.master][INFO] 2026-08-30 08:42:49,327: +CACHEDPARAM [/rosout_disable_topics_generation] by /performance_monitor
[rosmaster.master][INFO] 2026-08-30 08:42:49,421: +CACHEDPARAM [/rosout_disable_topics_generation] by /performance_monitor
[rosmaster.master][INFO] 2026-08-30 08:42:49,428: +CACHEDPARAM [/rosout_disable_topics_generation] by /performance_monitor
[rosmaster.master][INFO] 2026-08-30 08:42:49,518: +CACHEDPARAM [/rosout_disable_topics_generation] by /performance_monitor
[rosmaster.master][INFO] 2026-08-30 08:42:49,528: +CACHEDPARAM [/rosout_disable_topics_generation] by /performance_monitor
[rosmaster.master][INFO] 2026-08-30 08:42:49,620: +CACHEDPARAM [/rosout_disable_topics_generation] by /performance_monitor
[rosmaster.master][INFO] 2026-08-30 08:42:49,627: +CACHEDPARAM [/rosout_disable_topics_generation] by /performance_monitor
[rosmaster.master][INFO] 2026-08-30 08:42:49,716: +CACHEDPARAM [/rosout_disable_topics_generation] by /performance_monitor
[rosmaster.master][INFO] 2026-08-30 08:42:49,724: +CACHEDPARAM [/rosout_disable_topics_generation] by /performance_monitor
[rosmaster.master][INFO] 2026-08-30 08:42:49,817: +CACHEDPARAM [/rosout_disable_topics_generation] by /performance_monitor
[rosmaster.master][INFO] 2026-08-30 08:42:49,818: +CACHEDPARAM [/rosout_disable_topics_generation] by /performance_monitor
[rosmaster.master][INFO] 2026-08-30 08:42:49,916: +CACHEDPARAM [/rosout_disable_topics_generation] by /performance_monitor
[rosmaster.master][INFO] 2026-08-30 08:42:49,918: +CACHEDPARAM [/rosout_disable_topics_generation] by /performance_monitor
[rosmaster.master][INFO] 2026-08-30 08:42:50,017: +CACHEDPARAM [/rosout_disable_topics_generation] by /performance_monitor
[rosmaster.master][INFO] 2026-08-30 08:42:50,019: +CACHEDPARAM [/rosout_disable_topics_generation] by /performance_monitor
[rosmaster.master][INFO] 2026-08-30 08:42:50,120: +CACHEDPARAM [/rosout_disable_topics_generation] by /performance_monitor
[rosmaster.master][INFO] 2026-08-30 08:42:50,126: +CACHEDPARAM [/rosout_disable_topics_generation] by /performance_monitor
[rosmaster.master][INFO] 2026-08-30 08:42:50,220: +CACHEDPARAM [/rosout_disable_topics_generation] by /performance_monitor
[rosmaster.master][INFO] 2026-08-30 08:42:50,225: +CACHEDPARAM [/rosout_disable_topics_generation] by /performance_monitor
[rosmaster.master][INFO] 2026-08-30 08:42:50,319: +CACHEDPARAM [/rosout_disable_topics_generation] by /performance_monitor
[rosmaster.master][INFO] 2026-08-30 08:42:50,327: +CACHEDPARAM [/rosout_disable_topics_generation] by /performance_monitor
[rosmaster.master][INFO] 2026-08-30 08:42:50,419: +CACHEDPARAM [/rosout_disable_topics_generation] by /performance_monitor
[rosmaster.master][INFO] 2026-08-30 08:42:50,425: +CACHEDPARAM [/rosout_disable_topics_generation] by /performance_monitor
[rosmaster.master][INFO] 2026-08-30 08:42:50,516: +CACHEDPARAM [/rosout_disable_topics_generation] by /performance_monitor
[rosmaster.master][INFO] 2026-08-30 08:42:50,522: +CACHEDPARAM [/rosout_disable_topics_generation] by /performance_monitor
[rosmaster.master][INFO] 2026-08-30 08:42:50,619: +CACHEDPARAM [/rosout_disable_topics_generation] by /performance_monitor
[rosmaster.master][INFO] 2026-08-30 08:42:50,626: +CACHEDPARAM [/rosout_disable_topics_generation] by /performance_monitor
[rosmaster.master][INFO] 2026-08-30 08:42:50,717: +CACHEDPARAM [/rosout_disable_topics_generation] by /performance_monitor
[rosmaster.master][INFO] 2026-08-30 08:42:50,725: +CACHEDPARAM [/rosout_disable_topics_generation] by /performance_monitor
[rosmaster.master][INFO] 2026-08-30 08:42:50,819: +CACHEDPARAM [/rosout_disable_topics_generation] by /performance_monitor
[rosmaster.master][INFO] 2026-08-30 08:42:50,826: +CACHEDPARAM [/rosout_disable_topics_generation] by /performance_monitor
[rosmaster.master][INFO] 2026-08-30 08:42:50,917: +CACHEDPARAM [/rosout_disable_topics_generation] by /performance_monitor
[rosmaster.master][INFO] 2026-08-30 08:42:50,923: +CACHEDPARAM [/rosout_disable_topics_generation] by /performance_monitor
[rosmaster.master][INFO] 2026-08-30 08:42:51,021: +CACHEDPARAM [/rosout_disable_topics_generation] by /performance_monitor
[rosmaster.master][INFO] 2026-08-30 08:42:51,027: +CACHEDPARAM [/rosout_disable_topics_generation] by /performance_monitor
[rosmaster.master][INFO] 2026-08-30 08:42:51,120: +CACHEDPARAM [/rosout_disable_topics_generation] by /performance_monitor
[rosmaster.master][INFO] 2026-08-30 08:42:51,127: +CACHEDPARAM [/rosout_disable_topics_generation] by /performance_monitor
[rosmaster.master][INFO] 2026-08-30 08:42:51,218: +CACHEDPARAM [/rosout_disable_topics_generation] by /performance_monitor
[rosmaster.master][INFO] 2026-08-30 08:42:51,221: +CACHEDPARAM [/rosout_disable_topics_generation] by /performance_monitor
[rosmaster.master][INFO] 2026-08-30 08:42:51,317: +CACHEDPARAM [/rosout_disable_topics_generation] by /performance_monitor
[rosmaster.master][INFO] 2026-08-30 08:42:51,322: +CACHEDPARAM [/rosout_disable_topics_generation] by /performance_monitor
[rosmaster.master][INFO] 2026-08-30 08:42:51,420: +CACHEDPARAM [/rosout_disable_topics_generation] by /performance_monitor
[rosmaster.master][INFO] 2026-08-30 08:42:51,428: +CACHEDPARAM [/rosout_disable_topics_generation] by /performance_monitor
[rosmaster.master][INFO] 2026-08-30 08:42:51,518: +CACHEDPARAM [/rosout_disable_topics_generation] by /performance_monitor
[rosmaster.master][INFO] 2026-08-30 08:42:51,525: +CACHEDPARAM [/rosout_disable_topics_generation] by /performance_monitor
[rosmaster.master][INFO] 2026-08-30 08:42:51,618: +CACHEDPARAM [/rosout_disable_topics_generation] by /performance_monitor
[rosmaster.master][INFO] 2026-08-30 08:42:51,625: +CACHEDPARAM [/rosout_disable_topics_generation] by /performance_monitor
[rosmaster.master][INFO] 2026-08-30 08:42:51,719: +CACHEDPARAM [/rosout_disable_topics_generation] by /performance_monitor
[rosmaster.master][INFO] 2026-08-30 08:42:51,728: +CACHEDPARAM [/rosout_disable_topics_generation] by /performance_monitor
[rosmaster.master][INFO] 2026-08-30 08:42:51,815: +CACHEDPARAM [/rosout_disable_topics_generation] by /performance_monitor
[rosmaster.master][INFO] 2026-08-30 08:42:51,817: +CACHEDPARAM [/rosout_disable_topics_generation] by /performance_monitor
[rosmaster.master][INFO] 2026-08-30 08:42:51,916: +CACHEDPARAM [/rosout_disable_topics_generation] by /performance_monitor
[rosmaster.master][INFO] 2026-08-30 08:42:51,918: +CACHEDPARAM [/rosout_disable_topics_generation] by /performance_monitor
[rosmaster.master][INFO] 2026-08-30 08:42:52,017: +CACHEDPARAM [/rosout_disable_topics_generation] by /performance_monitor
[rosmaster.master][INFO] 2026-08-30 08:42:52,018: +CACHEDPARAM [/rosout_disable_topics_generation] by /performance_monitor
[rosmaster.master][INFO] 2026-08-30 08:42:52,116: +CACHEDPARAM [/rosout_disable_topics_generation] by /performance_monitor
[rosmaster.master][INFO] 2026-08-30 08:42:52,120: +CACHEDPARAM [/rosout_disable_topics_generation] by /performance_monitor
[rosmaster.master][INFO] 2026-08-30 08:42:52,223: +CACHEDPARAM [/rosout_disable_topics_generation] by /performance_monitor
[rosmaster.master][INFO] 2026-08-30 08:42:52,230: +CACHEDPARAM [/rosout_disable_topics_generation] by /performance_monitor
[rosmaster.master][INFO] 2026-08-30 08:42:52,318: +CACHEDPARAM [/rosout_disable_topics_generation] by /performance_monitor
[rosmaster.master][INFO] 2026-08-30 08:42:52,327: +CACHEDPARAM [/rosout_disable_topics_generation] by /performance_monitor
[rosmaster.master][INFO] 2026-08-30 08:42:52,424: +CACHEDPARAM [/rosout_disable_topics_generation] by /performance_monitor
[rosmaster.master][INFO] 2026-08-30 08:42:52,432: +CACHEDPARAM [/rosout_disable_topics_generation] by /performance_monitor
[rosmaster.master][INFO] 2026-08-30 08:42:52,524: +CACHEDPARAM [/rosout_disable_topics_generation] by /performance_monitor
[rosmaster.master][INFO] 2026-08-30 08:42:52,532: +CACHEDPARAM [/rosout_disable_topics_generation] by /performance_monitor
[rosmaster.master][INFO] 2026-08-30 08:42:52,620: +CACHEDPARAM [/rosout_disable_topics_generation] by /performance_monitor
[rosmaster.master][INFO] 2026-08-30 08:42:52,629: +CACHEDPARAM [/rosout_disable_topics_generation] by /performance_monitor
[rosmaster.master][INFO] 2026-08-30 08:42:52,718: +CACHEDPARAM [/rosout_disable_topics_generation] by /performance_monitor
[rosmaster.master][INFO] 2026-08-30 08:42:52,726: +CACHEDPARAM [/rosout_disable_topics_generation] by /performance_monitor
[rosmaster.master][INFO] 2026-08-30 08:42:52,816: +CACHEDPARAM [/rosout_disable_topics_generation] by /performance_monitor
[rosmaster.master][INFO] 2026-08-30 08:42:52,826: +CACHEDPARAM [/rosout_disable_topics_generation] by /performance_monitor
[rosmaster.master][INFO] 2026-08-30 08:42:52,919: +CACHEDPARAM [/rosout_disable_topics_generation] by /performance_monitor
[rosmaster.master][INFO] 2026-08-30 08:42:52,927: +CACHEDPARAM [/rosout_disable_topics_generation] by /performance_monitor
[rosmaster.master][INFO] 2026-08-30 08:42:53,019: +CACHEDPARAM [/rosout_disable_topics_generation] by /performance_monitor
[rosmaster.master][INFO] 2026-08-30 08:42:53,028: +CACHEDPARAM [/rosout_disable_topics_generation] by /performance_monitor
[rosmaster.master][INFO] 2026-08-30 08:42:53,117: +CACHEDPARAM [/rosout_disable_topics_generation] by /performance_monitor
[rosmaster.master][INFO] 2026-08-30 08:42:53,123: +CACHEDPARAM [/rosout_disable_topics_generation] by /performance_monitor
[rosmaster.master][INFO] 2026-08-30 08:42:53,130: +CACHEDPARAM [/rosout_disable_topics_generation] by /performance_monitor
[rosmaster.master][INFO] 2026-08-30 08:42:53,218: +CACHEDPARAM [/rosout_disable_topics_generation] by /performance_monitor
[rosmaster.master][INFO] 2026-08-30 08:42:53,224: +CACHEDPARAM [/rosout_disable_topics_generation] by /performance_monitor
[rosmaster.master][INFO] 2026-08-30 08:42:53,322: +CACHEDPARAM [/rosout_disable_topics_generation] by /performance_monitor
[rosmaster.master][INFO] 2026-08-30 08:42:53,330: +CACHEDPARAM [/rosout_disable_topics_generation] by /performance_monitor
[rosmaster.master][INFO] 2026-08-30 08:42:53,422: +CACHEDPARAM [/rosout_disable_topics_generation] by /performance_monitor
[rosmaster.master][INFO] 2026-08-30 08:42:53,430: +CACHEDPARAM [/rosout_disable_topics_generation] by /performance_monitor
[rosmaster.master][INFO] 2026-08-30 08:42:53,519: +CACHEDPARAM [/rosout_disable_topics_generation] by /performance_monitor
[rosmaster.master][INFO] 2026-08-30 08:42:53,526: +CACHEDPARAM [/rosout_disable_topics_generation] by /performance_monitor
[rosmaster.master][INFO] 2026-08-30 08:42:53,612: +CACHEDPARAM [/rosout_disable_topics_generation] by /performance_monitor
[rosmaster.master][INFO] 2026-08-30 08:42:53,614: +CACHEDPARAM [/rosout_disable_topics_generation] by /performance_monitor
[rosmaster.master][INFO] 2026-08-30 08:42:53,717: +CACHEDPARAM [/rosout_disable_topics_generation] by /performance_monitor
[rosmaster.master][INFO] 2026-08-30 08:42:53,720: +CACHEDPARAM [/rosout_disable_topics_generation] by /performance_monitor
[rosmaster.master][INFO] 2026-08-30 08:42:53,812: +CACHEDPARAM [/rosout_disable_topics_generation] by /performance_monitor
[rosmaster.master][INFO] 2026-08-30 08:42:53,814: +CACHEDPARAM [/rosout_disable_topics_generation] by /performance_monitor
[rosmaster.master][INFO] 2026-08-30 08:42:53,912: +CACHEDPARAM [/rosout_disable_topics_generation] by /performance_monitor
[rosmaster.master][INFO] 2026-08-30 08:42:53,913: +CACHEDPARAM [/rosout_disable_topics_generation] by /performance_monitor
[rosmaster.master][INFO] 2026-08-30 08:42:54,016: +CACHEDPARAM [/rosout_disable_topics_generation] by /performance_monitor
[rosmaster.master][INFO] 2026-08-30 08:42:54,018: +CACHEDPARAM [/rosout_disable_topics_generation] by /performance_monitor
[rosmaster.master][INFO] 2026-08-30 08:42:54,117: +CACHEDPARAM [/rosout_disable_topics_generation] by /performance_monitor
[rosmaster.master][INFO] 2026-08-30 08:42:54,120: +CACHEDPARAM [/rosout_disable_topics_generation] by /performance_monitor
[rosmaster.master][INFO] 2026-08-30 08:42:54,213: +CACHEDPARAM [/rosout_disable_topics_generation] by /performance_monitor
[rosmaster.master][INFO] 2026-08-30 08:42:54,215: +CACHEDPARAM [/rosout_disable_topics_generation] by /performance_monitor
[rosmaster.master][INFO] 2026-08-30 08:42:54,316: +CACHEDPARAM [/rosout_disable_topics_generation] by /performance_monitor
[rosmaster.master][INFO] 2026-08-30 08:42:54,321: +CACHEDPARAM [/rosout_disable_topics_generation] by /performance_monitor
[rosmaster.master][INFO] 2026-08-30 08:42:54,421: +CACHEDPARAM [/rosout_disable_topics_generation] by /performance_monitor
[rosmaster.master][INFO] 2026-08-30 08:42:54,431: +CACHEDPARAM [/rosout_disable_topics_generation] by /performance_monitor
[rosmaster.master][INFO] 2026-08-30 08:42:54,523: +CACHEDPARAM [/rosout_disable_topics_generation] by /performance_monitor
[rosmaster.master][INFO] 2026-08-30 08:42:54,532: +CACHEDPARAM [/rosout_disable_topics_generation] by /performance_monitor
[rosmaster.master][INFO] 2026-08-30 08:42:54,620: +CACHEDPARAM [/rosout_disable_topics_generation] by /performance_monitor
[rosmaster.master][INFO] 2026-08-30 08:42:54,627: +CACHEDPARAM [/rosout_disable_topics_generation] by /performance_monitor
[rosmaster.master][INFO] 2026-08-30 08:42:54,718: +CACHEDPARAM [/rosout_disable_topics_generation] by /performance_monitor
[rosmaster.master][INFO] 2026-08-30 08:42:54,725: +CACHEDPARAM [/rosout_disable_topics_generation] by /performance_monitor
[rosmaster.master][INFO] 2026-08-30 08:42:54,821: +CACHEDPARAM [/rosout_disable_topics_generation] by /performance_monitor
[rosmaster.master][INFO] 2026-08-30 08:42:54,834: +CACHEDPARAM [/rosout_disable_topics_generation] by /performance_monitor
[rosmaster.master][INFO] 2026-08-30 08:42:57,608: +PUB [/rosout] /performance_monitor http://localhost:45439/
[rosmaster.master][INFO] 2026-08-30 08:42:57,613: +SERVICE [/performance_monitor/get_loggers] /performance_monitor http://localhost:45439/
[rosmaster.master][INFO] 2026-08-30 08:42:57,614: +SERVICE [/performance_monitor/set_logger_level] /performance_monitor http://localhost:45439/
[rosmaster.master][INFO] 2026-08-30 08:42:57,619: +SUB [/performance/command] /performance_monitor http://localhost:45439/
[rosmaster.master][INFO] 2026-08-30 08:42:57,620: +SUB [/performance/benchmark] /performance_monitor http://localhost:45439/
[rosmaster.master][INFO] 2026-08-30 08:42:57,621: +PUB [/performance/metrics] /performance_monitor http://localhost:45439/
[rosmaster.master][INFO] 2026-08-30 08:42:57,622: +PUB [/performance/benchmark_results] /performance_monitor http://localhost:45439/
[rosmaster.master][INFO] 2026-08-30 08:42:57,623: +PUB [/performance/alert] /performance_monitor http://localhost:45439/
[rosmaster.master][INFO] 2026-08-30 08:42:57,624: +PUB [/diagnostic_status] /performance_monitor http://localhost:45439/
[rosmaster.master][INFO] 2026-08-30 08:42:57,625: +CACHEDPARAM [/rosout_disable_topics_generation] by /performance_monitor
[rosmaster.master][INFO] 2026-08-30 08:42:57,650: publisherUpdate[/rosout] -> http://localhost:38019/ ['http://localhost:37929/', 'http://localhost:35409/', 'http://localhost:41931/', 'http://localhost:38051/', 'http://localhost:37577/', 'http://localhost:34779/', 'http://localhost:35691/', 'http://localhost:41887/', 'http://localhost:34309/', 'http://localhost:35073/', 'http://localhost:36135/', 'http://localhost:45439/']
[rosmaster.master][INFO] 2026-08-30 08:42:57,652: publisherUpdate[/rosout] -> http://localhost:38019/ ['http://localhost:37929/', 'http://localhost:35409/', 'http://localhost:41931/', 'http://localhost:38051/', 'http://localhost:37577/', 'http://localhost:34779/', 'http://localhost:35691/', 'http://localhost:41887/', 'http://localhost:34309/', 'http://localhost:35073/', 'http://localhost:36135/', 'http://localhost:45439/']: sec=0.00, result=[1, '', 0]
[rosmaster.master][INFO] 2026-08-30 08:42:59,634: +CACHEDPARAM [/rosout_disable_topics_generation] by /performance_monitor
[rosmaster.master][INFO] 2026-08-30 08:42:59,741: +CACHEDPARAM [/rosout_disable_topics_generation] by /performance_monitor
[rosmaster.master][INFO] 2026-08-30 08:42:59,752: +CACHEDPARAM [/rosout_disable_topics_generation] by /performance_monitor
[rosmaster.master][INFO] 2026-08-30 08:42:59,833: +CACHEDPARAM [/rosout_disable_topics_generation] by /performance_monitor
[rosmaster.master][INFO] 2026-08-30 08:42:59,835: +CACHEDPARAM [/rosout_disable_topics_generation] by /performance_monitor
[rosmaster.master][INFO] 2026-08-30 08:42:59,938: +CACHEDPARAM [/rosout_disable_topics_generation] by /performance_monitor
[rosmaster.master][INFO] 2026-08-30 08:42:59,940: +CACHEDPARAM [/rosout_disable_topics_generation] by /performance_monitor
[rosmaster.master][INFO] 2026-08-30 08:43:00,038: +CACHEDPARAM [/rosout_disable_topics_generation] by /performance_monitor
[rosmaster.master][INFO] 2026-08-30 08:43:00,040: +CACHEDPARAM [/rosout_disable_topics_generation] by /performance_monitor
[rosmaster.master][INFO] 2026-08-30 08:43:00,137: +CACHEDPARAM [/rosout_disable_topics_generation] by /performance_monitor
[rosmaster.master][INFO] 2026-08-30 08:43:00,139: +CACHEDPARAM [/rosout_disable_topics_generation] by /performance_monitor
[rosmaster.master][INFO] 2026-08-30 08:43:00,243: +CACHEDPARAM [/rosout_disable_topics_generation] by /performance_monitor
[rosmaster.master][INFO] 2026-08-30 08:43:00,246: +CACHEDPARAM [/rosout_disable_topics_generation] by /performance_monitor
[rosmaster.master][INFO] 2026-08-30 08:43:00,340: +CACHEDPARAM [/rosout_disable_topics_generation] by /performance_monitor
[rosmaster.master][INFO] 2026-08-30 08:43:00,344: +CACHEDPARAM [/rosout_disable_topics_generation] by /performance_monitor
[rosmaster.master][INFO] 2026-08-30 08:43:00,441: +CACHEDPARAM [/rosout_disable_topics_generation] by /performance_monitor
[rosmaster.master][INFO] 2026-08-30 08:43:00,445: +CACHEDPARAM [/rosout_disable_topics_generation] by /performance_monitor
[rosmaster.master][INFO] 2026-08-30 08:43:00,539: +CACHEDPARAM [/rosout_disable_topics_generation] by /performance_monitor
[rosmaster.master][INFO] 2026-08-30 08:43:00,542: +CACHEDPARAM [/rosout_disable_topics_generation] by /performance_monitor
[rosmaster.master][INFO] 2026-08-30 08:43:00,640: +CACHEDPARAM [/rosout_disable_topics_generation] by /performance_monitor
[rosmaster.master][INFO] 2026-08-30 08:43:00,643: +CACHEDPARAM [/rosout_disable_topics_generation] by /performance_monitor
[rosmaster.master][INFO] 2026-08-30 08:43:00,740: +CACHEDPARAM [/rosout_disable_topics_generation] by /performance_monitor
[rosmaster.master][INFO] 2026-08-30 08:43:00,744: +CACHEDPARAM [/rosout_disable_topics_generation] by /performance_monitor
[rosmaster.master][INFO] 2026-08-30 08:43:00,838: +CACHEDPARAM [/rosout_disable_topics_generation] by /performance_monitor
[rosmaster.master][INFO] 2026-08-30 08:43:00,842: +CACHEDPARAM [/rosout_disable_topics_generation] by /performance_monitor
[rosmaster.master][INFO] 2026-08-30 08:43:00,943: +CACHEDPARAM [/rosout_disable_topics_generation] by /performance_monitor
[rosmaster.master][INFO] 2026-08-30 08:43:00,946: +CACHEDPARAM [/rosout_disable_topics_generation] by /performance_monitor
[rosmaster.master][INFO] 2026-08-30 08:43:01,043: +CACHEDPARAM [/rosout_disable_topics_generation] by /performance_monitor
[rosmaster.master][INFO] 2026-08-30 08:43:01,047: +CACHEDPARAM [/rosout_disable_topics_generation] by /performance_monitor
[rosmaster.master][INFO] 2026-08-30 08:43:01,139: +CACHEDPARAM [/rosout_disable_topics_generation] by /performance_monitor
[rosmaster.master][INFO] 2026-08-30 08:43:01,143: +CACHEDPARAM [/rosout_disable_topics_generation] by /performance_monitor
[rosmaster.master][INFO] 2026-08-30 08:43:01,238: +CACHEDPARAM [/rosout_disable_topics_generation] by /performance_monitor
[rosmaster.master][INFO] 2026-08-30 08:43:01,241: +CACHEDPARAM [/rosout_disable_topics_generation] by /performance_monitor
[rosmaster.master][INFO] 2026-08-30 08:43:01,337: +CACHEDPARAM [/rosout_disable_topics_generation] by /performance_monitor
[rosmaster.master][INFO] 2026-08-30 08:43:01,342: +CACHEDPARAM [/rosout_disable_topics_generation] by /performance_monitor
[rosmaster.master][INFO] 2026-08-30 08:43:01,438: +CACHEDPARAM [/rosout_disable_topics_generation] by /performance_monitor
[rosmaster.master][INFO] 2026-08-30 08:43:01,442: +CACHEDPARAM [/rosout_disable_topics_generation] by /performance_monitor
[rosmaster.master][INFO] 2026-08-30 08:43:01,544: +CACHEDPARAM [/rosout_disable_topics_generation] by /performance_monitor
[rosmaster.master][INFO] 2026-08-30 08:43:01,548: +CACHEDPARAM [/rosout_disable_topics_generation] by /performance_monitor
[rosmaster.master][INFO] 2026-08-30 08:43:01,640: +CACHEDPARAM [/rosout_disable_topics_generation] by /performance_monitor
[rosmaster.master][INFO] 2026-08-30 08:43:01,644: +CACHEDPARAM [/rosout_disable_topics_generation] by /performance_monitor
[rosmaster.master][INFO] 2026-08-30 08:43:01,736: +CACHEDPARAM [/rosout_disable_topics_generation] by /performance_monitor
[rosmaster.master][INFO] 2026-08-30 08:43:01,738: +CACHEDPARAM [/rosout_disable_topics_generation] by /performance_monitor
[rosmaster.master][INFO] 2026-08-30 08:43:01,834: +CACHEDPARAM [/rosout_disable_topics_generation] by /performance_monitor
[rosmaster.master][INFO] 2026-08-30 08:43:01,836: +CACHEDPARAM [/rosout_disable_topics_generation] by /performance_monitor
[rosmaster.master][INFO] 2026-08-30 08:43:01,934: +CACHEDPARAM [/rosout_disable_topics_generation] by /performance_monitor
[rosmaster.master][INFO] 2026-08-30 08:43:01,936: +CACHEDPARAM [/rosout_disable_topics_generation] by /performance_monitor
[rosmaster.master][INFO] 2026-08-30 08:43:02,037: +CACHEDPARAM [/rosout_disable_topics_generation] by /performance_monitor
[rosmaster.master][INFO] 2026-08-30 08:43:02,039: +CACHEDPARAM [/rosout_disable_topics_generation] by /performance_monitor
[rosmaster.master][INFO] 2026-08-30 08:43:02,138: +CACHEDPARAM [/rosout_disable_topics_generation] by /performance_monitor
[rosmaster.master][INFO] 2026-08-30 08:43:02,140: +CACHEDPARAM [/rosout_disable_topics_generation] by /performance_monitor
[rosmaster.master][INFO] 2026-08-30 08:43:02,238: +CACHEDPARAM [/rosout_disable_topics_generation] by /performance_monitor
[rosmaster.master][INFO] 2026-08-30 08:43:02,241: +CACHEDPARAM [/rosout_disable_topics_generation] by /performance_monitor
[rosmaster.master][INFO] 2026-08-30 08:43:02,341: +CACHEDPARAM [/rosout_disable_topics_generation] by /performance_monitor
[rosmaster.master][INFO] 2026-08-30 08:43:02,344: +CACHEDPARAM [/rosout_disable_topics_generation] by /performance_monitor
[rosmaster.master][INFO] 2026-08-30 08:43:02,439: +CACHEDPARAM [/rosout_disable_topics_generation] by /performance_monitor
[rosmaster.master][INFO] 2026-08-30 08:43:02,443: +CACHEDPARAM [/rosout_disable_topics_generation] by /performance_monitor
[rosmaster.master][INFO] 2026-08-30 08:43:02,542: +CACHEDPARAM [/rosout_disable_topics_generation] by /performance_monitor
[rosmaster.master][INFO] 2026-08-30 08:43:02,546: +CACHEDPARAM [/rosout_disable_topics_generation] by /performance_monitor
[rosmaster.master][INFO] 2026-08-30 08:43:02,642: +CACHEDPARAM [/rosout_disable_topics_generation] by /performance_monitor
[rosmaster.master][INFO] 2026-08-30 08:43:02,647: +CACHEDPARAM [/rosout_disable_topics_generation] by /performance_monitor
[rosmaster.master][INFO] 2026-08-30 08:43:02,745: +CACHEDPARAM [/rosout_disable_topics_generation] by /performance_monitor
[rosmaster.master][INFO] 2026-08-30 08:43:02,749: +CACHEDPARAM [/rosout_disable_topics_generation] by /performance_monitor
[rosmaster.master][INFO] 2026-08-30 08:43:02,836: +CACHEDPARAM [/rosout_disable_topics_generation] by /performance_monitor
[rosmaster.master][INFO] 2026-08-30 08:43:02,838: +CACHEDPARAM [/rosout_disable_topics_generation] by /performance_monitor
[rosmaster.master][INFO] 2026-08-30 08:43:02,935: +CACHEDPARAM [/rosout_disable_topics_generation] by /performance_monitor
[rosmaster.master][INFO] 2026-08-30 08:43:02,937: +CACHEDPARAM [/rosout_disable_topics_generation] by /performance_monitor
[rosmaster.master][INFO] 2026-08-30 08:43:03,042: +CACHEDPARAM [/rosout_disable_topics_generation] by /performance_monitor
[rosmaster.master][INFO] 2026-08-30 08:43:03,046: +CACHEDPARAM [/rosout_disable_topics_generation] by /performance_monitor
[rosmaster.master][INFO] 2026-08-30 08:43:03,142: +CACHEDPARAM [/rosout_disable_topics_generation] by /performance_monitor
[rosmaster.master][INFO] 2026-08-30 08:43:03,146: +CACHEDPARAM [/rosout_disable_topics_generation] by /performance_monitor
[rosmaster.master][INFO] 2026-08-30 08:43:03,240: +CACHEDPARAM [/rosout_disable_topics_generation] by /performance_monitor
[rosmaster.master][INFO] 2026-08-30 08:43:03,244: +CACHEDPARAM [/rosout_disable_topics_generation] by /performance_monitor
[rosmaster.master][INFO] 2026-08-30 08:43:03,336: +CACHEDPARAM [/rosout_disable_topics_generation] by /performance_monitor
[rosmaster.master][INFO] 2026-08-30 08:43:03,339: +CACHEDPARAM [/rosout_disable_topics_generation] by /performance_monitor
[rosmaster.master][INFO] 2026-08-30 08:43:03,442: +CACHEDPARAM [/rosout_disable_topics_generation] by /performance_monitor
[rosmaster.master][INFO] 2026-08-30 08:43:03,446: +CACHEDPARAM [/rosout_disable_topics_generation] by /performance_monitor
[rosmaster.master][INFO] 2026-08-30 08:43:03,542: +CACHEDPARAM [/rosout_disable_topics_generation] by /performance_monitor
[rosmaster.master][INFO] 2026-08-30 08:43:03,546: +CACHEDPARAM [/rosout_disable_topics_generation] by /performance_monitor
[rosmaster.master][INFO] 2026-08-30 08:43:03,643: +CACHEDPARAM [/rosout_disable_topics_generation] by /performance_monitor
[rosmaster.master][INFO] 2026-08-30 08:43:03,647: +CACHEDPARAM [/rosout_disable_topics_generation] by /performance_monitor
[rosmaster.master][INFO] 2026-08-30 08:43:03,736: +CACHEDPARAM [/rosout_disable_topics_generation] by /performance_monitor
[rosmaster.master][INFO] 2026-08-30 08:43:03,739: +CACHEDPARAM [/rosout_disable_topics_generation] by /performance_monitor
[rosmaster.master][INFO] 2026-08-30 08:43:03,834: +CACHEDPARAM [/rosout_disable_topics_generation] by /performance_monitor
[rosmaster.master][INFO] 2026-08-30 08:43:03,836: +CACHEDPARAM [/rosout_disable_topics_generation] by /performance_monitor
[rosmaster.master][INFO] 2026-08-30 08:43:03,937: +CACHEDPARAM [/rosout_disable_topics_generation] by /performance_monitor
[rosmaster.master][INFO] 2026-08-30 08:43:03,939: +CACHEDPARAM [/rosout_disable_topics_generation] by /performance_monitor
[rosmaster.master][INFO] 2026-08-30 08:43:04,036: +CACHEDPARAM [/rosout_disable_topics_generation] by /performance_monitor
[rosmaster.master][INFO] 2026-08-30 08:43:04,037: +CACHEDPARAM [/rosout_disable_topics_generation] by /performance_monitor
[rosmaster.master][INFO] 2026-08-30 08:43:04,135: +CACHEDPARAM [/rosout_disable_topics_generation] by /performance_monitor
[rosmaster.master][INFO] 2026-08-30 08:43:04,137: +CACHEDPARAM [/rosout_disable_topics_generation] by /performance_monitor
[rosmaster.master][INFO] 2026-08-30 08:43:04,238: +CACHEDPARAM [/rosout_disable_topics_generation] by /performance_monitor
[rosmaster.master][INFO] 2026-08-30 08:43:04,241: +CACHEDPARAM [/rosout_disable_topics_generation] by /performance_monitor
[rosmaster.master][INFO] 2026-08-30 08:43:04,337: +CACHEDPARAM [/rosout_disable_topics_generation] by /performance_monitor
[rosmaster.master][INFO] 2026-08-30 08:43:04,342: +CACHEDPARAM [/rosout_disable_topics_generation] by /performance_monitor
[rosmaster.master][INFO] 2026-08-30 08:43:04,442: +CACHEDPARAM [/rosout_disable_topics_generation] by /performance_monitor
[rosmaster.master][INFO] 2026-08-30 08:43:04,447: +CACHEDPARAM [/rosout_disable_topics_generation] by /performance_monitor
[rosmaster.master][INFO] 2026-08-30 08:43:04,543: +CACHEDPARAM [/rosout_disable_topics_generation] by /performance_monitor
[rosmaster.master][INFO] 2026-08-30 08:43:04,547: +CACHEDPARAM [/rosout_disable_topics_generation] by /performance_monitor
[rosmaster.master][INFO] 2026-08-30 08:43:04,635: +CACHEDPARAM [/rosout_disable_topics_generation] by /performance_monitor
[rosmaster.master][INFO] 2026-08-30 08:43:04,641: +CACHEDPARAM [/rosout_disable_topics_generation] by /performance_monitor
[rosmaster.master][INFO] 2026-08-30 08:43:04,644: +CACHEDPARAM [/rosout_disable_topics_generation] by /performance_monitor
[rosmaster.master][INFO] 2026-08-30 08:43:04,743: +CACHEDPARAM [/rosout_disable_topics_generation] by /performance_monitor
[rosmaster.master][INFO] 2026-08-30 08:43:04,747: +CACHEDPARAM [/rosout_disable_topics_generation] by /performance_monitor
[rosmaster.master][INFO] 2026-08-30 08:43:04,839: +CACHEDPARAM [/rosout_disable_topics_generation] by /performance_monitor
[rosmaster.master][INFO] 2026-08-30 08:43:04,842: +CACHEDPARAM [/rosout_disable_topics_generation] by /performance_monitor
[rosmaster.master][INFO] 2026-08-30 08:43:04,939: +CACHEDPARAM [/rosout_disable_topics_generation] by /performance_monitor
[rosmaster.master][INFO] 2026-08-30 08:43:04,942: +CACHEDPARAM [/rosout_disable_topics_generation] by /performance_monitor
[rosmaster.master][INFO] 2026-08-30 08:43:05,039: +CACHEDPARAM [/rosout_disable_topics_generation] by /performance_monitor
[rosmaster.master][INFO] 2026-08-30 08:43:05,043: +CACHEDPARAM [/rosout_disable_topics_generation] by /performance_monitor
[rosmaster.master][INFO] 2026-08-30 08:43:05,138: +CACHEDPARAM [/rosout_disable_topics_generation] by /performance_monitor
[rosmaster.master][INFO] 2026-08-30 08:43:05,140: +CACHEDPARAM [/rosout_disable_topics_generation] by /performance_monitor
[rosmaster.master][INFO] 2026-08-30 08:43:05,234: +CACHEDPARAM [/rosout_disable_topics_generation] by /performance_monitor
[rosmaster.master][INFO] 2026-08-30 08:43:05,236: +CACHEDPARAM [/rosout_disable_topics_generation] by /performance_monitor
[rosmaster.master][INFO] 2026-08-30 08:43:05,334: +CACHEDPARAM [/rosout_disable_topics_generation] by /performance_monitor
[rosmaster.master][INFO] 2026-08-30 08:43:05,337: +CACHEDPARAM [/rosout_disable_topics_generation] by /performance_monitor
[rosmaster.master][INFO] 2026-08-30 08:43:05,438: +CACHEDPARAM [/rosout_disable_topics_generation] by /performance_monitor
[rosmaster.master][INFO] 2026-08-30 08:43:05,440: +CACHEDPARAM [/rosout_disable_topics_generation] by /performance_monitor
[rosmaster.master][INFO] 2026-08-30 08:43:05,536: +CACHEDPARAM [/rosout_disable_topics_generation] by /performance_monitor
[rosmaster.master][INFO] 2026-08-30 08:43:05,539: +CACHEDPARAM [/rosout_disable_topics_generation] by /performance_monitor
[rosmaster.master][INFO] 2026-08-30 08:43:05,639: +CACHEDPARAM [/rosout_disable_topics_generation] by /performance_monitor
[rosmaster.master][INFO] 2026-08-30 08:43:05,643: +CACHEDPARAM [/rosout_disable_topics_generation] by /performance_monitor
[rosmaster.master][INFO] 2026-08-30 08:43:05,734: +CACHEDPARAM [/rosout_disable_topics_generation] by /performance_monitor
[rosmaster.master][INFO] 2026-08-30 08:43:05,737: +CACHEDPARAM [/rosout_disable_topics_generation] by /performance_monitor
[rosmaster.master][INFO] 2026-08-30 08:43:05,834: +CACHEDPARAM [/rosout_disable_topics_generation] by /performance_monitor
[rosmaster.master][INFO] 2026-08-30 08:43:05,836: +CACHEDPARAM [/rosout_disable_topics_generation] by /performance_monitor
[rosmaster.master][INFO] 2026-08-30 08:43:05,936: +CACHEDPARAM [/rosout_disable_topics_generation] by /performance_monitor
[rosmaster.master][INFO] 2026-08-30 08:43:05,938: +CACHEDPARAM [/rosout_disable_topics_generation] by /performance_monitor
[rosmaster.master][INFO] 2026-08-30 08:43:06,038: +CACHEDPARAM [/rosout_disable_topics_generation] by /performance_monitor
[rosmaster.master][INFO] 2026-08-30 08:43:06,040: +CACHEDPARAM [/rosout_disable_topics_generation] by /performance_monitor
[rosmaster.master][INFO] 2026-08-30 08:43:06,138: +CACHEDPARAM [/rosout_disable_topics_generation] by /performance_monitor
[rosmaster.master][INFO] 2026-08-30 08:43:06,140: +CACHEDPARAM [/rosout_disable_topics_generation] by /performance_monitor
[rosmaster.master][INFO] 2026-08-30 08:43:06,234: +CACHEDPARAM [/rosout_disable_topics_generation] by /performance_monitor
[rosmaster.master][INFO] 2026-08-30 08:43:06,237: +CACHEDPARAM [/rosout_disable_topics_generation] by /performance_monitor
[rosmaster.master][INFO] 2026-08-30 08:43:06,335: +CACHEDPARAM [/rosout_disable_topics_generation] by /performance_monitor
[rosmaster.master][INFO] 2026-08-30 08:43:06,338: +CACHEDPARAM [/rosout_disable_topics_generation] by /performance_monitor
[rosmaster.master][INFO] 2026-08-30 08:43:06,437: +CACHEDPARAM [/rosout_disable_topics_generation] by /performance_monitor
[rosmaster.master][INFO] 2026-08-30 08:43:06,440: +CACHEDPARAM [/rosout_disable_topics_generation] by /performance_monitor
[rosmaster.master][INFO] 2026-08-30 08:43:06,539: +CACHEDPARAM [/rosout_disable_topics_generation] by /performance_monitor
[rosmaster.master][INFO] 2026-08-30 08:43:06,543: +CACHEDPARAM [/rosout_disable_topics_generation] by /performance_monitor
[rosmaster.master][INFO] 2026-08-30 08:43:06,634: +CACHEDPARAM [/rosout_disable_topics_generation] by /performance_monitor
[rosmaster.master][INFO] 2026-08-30 08:43:06,638: +CACHEDPARAM [/rosout_disable_topics_generation] by /performance_monitor
[rosmaster.master][INFO] 2026-08-30 08:43:06,735: +CACHEDPARAM [/rosout_disable_topics_generation] by /performance_monitor
[rosmaster.master][INFO] 2026-08-30 08:43:06,739: +CACHEDPARAM [/rosout_disable_topics_generation] by /performance_monitor
[rosmaster.master][INFO] 2026-08-30 08:43:06,835: +CACHEDPARAM [/rosout_disable_topics_generation] by /performance_monitor
[rosmaster.master][INFO] 2026-08-30 08:43:06,838: +CACHEDPARAM [/rosout_disable_topics_generation] by /performance_monitor
[rosmaster.master][INFO] 2026-08-30 08:43:06,938: +CACHEDPARAM [/rosout_disable_topics_generation] by /performance_monitor
[rosmaster.master][INFO] 2026-08-30 08:43:06,941: +CACHEDPARAM [/rosout_disable_topics_generation] by /performance_monitor
[rosmaster.master][INFO] 2026-08-30 08:43:07,037: +CACHEDPARAM [/rosout_disable_topics_generation] by /performance_monitor
[rosmaster.master][INFO] 2026-08-30 08:43:07,041: +CACHEDPARAM [/rosout_disable_topics_generation] by /performance_monitor
[rosmaster.master][INFO] 2026-08-30 08:43:07,135: +CACHEDPARAM [/rosout_disable_topics_generation] by /performance_monitor
[rosmaster.master][INFO] 2026-08-30 08:43:07,139: +CACHEDPARAM [/rosout_disable_topics_generation] by /performance_monitor
[rosmaster.master][INFO] 2026-08-30 08:43:07,235: +CACHEDPARAM [/rosout_disable_topics_generation] by /performance_monitor
[rosmaster.master][INFO] 2026-08-30 08:43:07,238: +CACHEDPARAM [/rosout_disable_topics_generation] by /performance_monitor
[rosmaster.master][INFO] 2026-08-30 08:43:07,334: +CACHEDPARAM [/rosout_disable_topics_generation] by /performance_monitor
[rosmaster.master][INFO] 2026-08-30 08:43:07,336: +CACHEDPARAM [/rosout_disable_topics_generation] by /performance_monitor
[rosmaster.master][INFO] 2026-08-30 08:43:07,434: +CACHEDPARAM [/rosout_disable_topics_generation] by /performance_monitor
[rosmaster.master][INFO] 2026-08-30 08:43:07,437: +CACHEDPARAM [/rosout_disable_topics_generation] by /performance_monitor
[rosmaster.master][INFO] 2026-08-30 08:43:07,538: +CACHEDPARAM [/rosout_disable_topics_generation] by /performance_monitor
[rosmaster.master][INFO] 2026-08-30 08:43:07,540: +CACHEDPARAM [/rosout_disable_topics_generation] by /performance_monitor
[rosmaster.master][INFO] 2026-08-30 08:43:07,638: +CACHEDPARAM [/rosout_disable_topics_generation] by /performance_monitor
[rosmaster.master][INFO] 2026-08-30 08:43:07,641: +CACHEDPARAM [/rosout_disable_topics_generation] by /performance_monitor
[rosmaster.master][INFO] 2026-08-30 08:43:07,734: +CACHEDPARAM [/rosout_disable_topics_generation] by /performance_monitor
[rosmaster.master][INFO] 2026-08-30 08:43:07,736: +CACHEDPARAM [/rosout_disable_topics_generation] by /performance_monitor
[rosmaster.master][INFO] 2026-08-30 08:43:07,833: +CACHEDPARAM [/rosout_disable_topics_generation] by /performance_monitor
[rosmaster.master][INFO] 2026-08-30 08:43:07,835: +CACHEDPARAM [/rosout_disable_topics_generation] by /performance_monitor
[rosmaster.master][INFO] 2026-08-30 08:43:07,936: +CACHEDPARAM [/rosout_disable_topics_generation] by /performance_monitor
[rosmaster.master][INFO] 2026-08-30 08:43:07,938: +CACHEDPARAM [/rosout_disable_topics_generation] by /performance_monitor
[rosmaster.master][INFO] 2026-08-30 08:43:08,036: +CACHEDPARAM [/rosout_disable_topics_generation] by /performance_monitor
[rosmaster.master][INFO] 2026-08-30 08:43:08,038: +CACHEDPARAM [/rosout_disable_topics_generation] by /performance_monitor
[rosmaster.master][INFO] 2026-08-30 08:43:08,135: +CACHEDPARAM [/rosout_disable_topics_generation] by /performance_monitor
[rosmaster.master][INFO] 2026-08-30 08:43:08,138: +CACHEDPARAM [/rosout_disable_topics_generation] by /performance_monitor
[rosmaster.master][INFO] 2026-08-30 08:43:08,236: +CACHEDPARAM [/rosout_disable_topics_generation] by /performance_monitor
[rosmaster.master][INFO] 2026-08-30 08:43:08,238: +CACHEDPARAM [/rosout_disable_topics_generation] by /performance_monitor
[rosmaster.master][INFO] 2026-08-30 08:43:08,336: +CACHEDPARAM [/rosout_disable_topics_generation] by /performance_monitor
[rosmaster.master][INFO] 2026-08-30 08:43:08,339: +CACHEDPARAM [/rosout_disable_topics_generation] by /performance_monitor
[rosmaster.master][INFO] 2026-08-30 08:43:08,434: +CACHEDPARAM [/rosout_disable_topics_generation] by /performance_monitor
[rosmaster.master][INFO] 2026-08-30 08:43:08,436: +CACHEDPARAM [/rosout_disable_topics_generation] by /performance_monitor
[rosmaster.master][INFO] 2026-08-30 08:43:08,537: +CACHEDPARAM [/rosout_disable_topics_generation] by /performance_monitor
[rosmaster.master][INFO] 2026-08-30 08:43:08,540: +CACHEDPARAM [/rosout_disable_topics_generation] by /performance_monitor
[rosmaster.master][INFO] 2026-08-30 08:43:08,641: +CACHEDPARAM [/rosout_disable_topics_generation] by /performance_monitor
[rosmaster.master][INFO] 2026-08-30 08:43:08,645: +CACHEDPARAM [/rosout_disable_topics_generation] by /performance_monitor
[rosmaster.master][INFO] 2026-08-30 08:43:08,738: +CACHEDPARAM [/rosout_disable_topics_generation] by /performance_monitor
[rosmaster.master][INFO] 2026-08-30 08:43:08,742: +CACHEDPARAM [/rosout_disable_topics_generation] by /performance_monitor
[rosmaster.master][INFO] 2026-08-30 08:43:08,836: +CACHEDPARAM [/rosout_disable_topics_generation] by /performance_monitor
[rosmaster.master][INFO] 2026-08-30 08:43:08,840: +CACHEDPARAM [/rosout_disable_topics_generation] by /performance_monitor
[rosmaster.master][INFO] 2026-08-30 08:43:08,940: +CACHEDPARAM [/rosout_disable_topics_generation] by /performance_monitor
[rosmaster.master][INFO] 2026-08-30 08:43:08,943: +CACHEDPARAM [/rosout_disable_topics_generation] by /performance_monitor
[rosmaster.master][INFO] 2026-08-30 08:43:09,041: +CACHEDPARAM [/rosout_disable_topics_generation] by /performance_monitor
[rosmaster.master][INFO] 2026-08-30 08:43:09,044: +CACHEDPARAM [/rosout_disable_topics_generation] by /performance_monitor
[rosmaster.master][INFO] 2026-08-30 08:43:09,140: +CACHEDPARAM [/rosout_disable_topics_generation] by /performance_monitor
[rosmaster.master][INFO] 2026-08-30 08:43:09,143: +CACHEDPARAM [/rosout_disable_topics_generation] by /performance_monitor
[rosmaster.master][INFO] 2026-08-30 08:43:09,241: +CACHEDPARAM [/rosout_disable_topics_generation] by /performance_monitor
[rosmaster.master][INFO] 2026-08-30 08:43:09,244: +CACHEDPARAM [/rosout_disable_topics_generation] by /performance_monitor
[rosmaster.master][INFO] 2026-08-30 08:43:09,342: +CACHEDPARAM [/rosout_disable_topics_generation] by /performance_monitor
[rosmaster.master][INFO] 2026-08-30 08:43:09,345: +CACHEDPARAM [/rosout_disable_topics_generation] by /performance_monitor
[rosmaster.master][INFO] 2026-08-30 08:43:09,440: +CACHEDPARAM [/rosout_disable_topics_generation] by /performance_monitor
[rosmaster.master][INFO] 2026-08-30 08:43:09,443: +CACHEDPARAM [/rosout_disable_topics_generation] by /performance_monitor
[rosmaster.master][INFO] 2026-08-30 08:43:09,539: +CACHEDPARAM [/rosout_disable_topics_generation] by /performance_monitor
[rosmaster.master][INFO] 2026-08-30 08:43:09,542: +CACHEDPARAM [/rosout_disable_topics_generation] by /performance_monitor
[rosmaster.master][INFO] 2026-08-30 08:43:09,637: +CACHEDPARAM [/rosout_disable_topics_generation] by /performance_monitor
[rosmaster.master][INFO] 2026-08-30 08:43:09,641: +CACHEDPARAM [/rosout_disable_topics_generation] by /performance_monitor
[rosmaster.master][INFO] 2026-08-30 08:43:09,643: +CACHEDPARAM [/rosout_disable_topics_generation] by /performance_monitor
[rosmaster.master][INFO] 2026-08-30 08:43:09,890: +CACHEDPARAM [/rosout_disable_topics_generation] by /performance_monitor
[rosmaster.master][INFO] 2026-08-30 08:43:09,909: +CACHEDPARAM [/rosout_disable_topics_generation] by /performance_monitor
[rosmaster.master][INFO] 2026-08-30 08:43:10,076: +CACHEDPARAM [/rosout_disable_topics_generation] by /performance_monitor
[rosmaster.master][INFO] 2026-08-30 08:43:10,103: +CACHEDPARAM [/rosout_disable_topics_generation] by /performance_monitor
[rosmaster.master][INFO] 2026-08-30 08:43:10,331: +CACHEDPARAM [/rosout_disable_topics_generation] by /performance_monitor
[rosmaster.master][INFO] 2026-08-30 08:43:10,363: +CACHEDPARAM [/rosout_disable_topics_generation] by /performance_monitor
[rosmaster.master][INFO] 2026-08-30 08:43:10,517: +CACHEDPARAM [/rosout_disable_topics_generation] by /performance_monitor
[rosmaster.master][INFO] 2026-08-30 08:43:10,537: +CACHEDPARAM [/rosout_disable_topics_generation] by /performance_monitor
[rosmaster.master][INFO] 2026-08-30 08:43:10,666: +CACHEDPARAM [/rosout_disable_topics_generation] by /performance_monitor
[rosmaster.master][INFO] 2026-08-30 08:43:10,692: +CACHEDPARAM [/rosout_disable_topics_generation] by /performance_monitor
[rosmaster.master][INFO] 2026-08-30 08:43:10,861: +CACHEDPARAM [/rosout_disable_topics_generation] by /performance_monitor
[rosmaster.master][INFO] 2026-08-30 08:43:10,863: +CACHEDPARAM [/rosout_disable_topics_generation] by /performance_monitor
[rosmaster.master][INFO] 2026-08-30 08:43:10,875: +CACHEDPARAM [/rosout_disable_topics_generation] by /performance_monitor
[rosmaster.master][INFO] 2026-08-30 08:43:11,074: +CACHEDPARAM [/rosout_disable_topics_generation] by /performance_monitor
[rosmaster.master][INFO] 2026-08-30 08:43:11,104: +CACHEDPARAM [/rosout_disable_topics_generation] by /performance_monitor
[rosmaster.master][INFO] 2026-08-30 08:43:11,379: +CACHEDPARAM [/rosout_disable_topics_generation] by /performance_monitor
[rosmaster.master][INFO] 2026-08-30 08:43:11,413: +CACHEDPARAM [/rosout_disable_topics_generation] by /performance_monitor
[rosmaster.master][INFO] 2026-08-30 08:43:11,580: +CACHEDPARAM [/rosout_disable_topics_generation] by /performance_monitor
[rosmaster.master][INFO] 2026-08-30 08:43:11,582: +CACHEDPARAM [/rosout_disable_topics_generation] by /performance_monitor
[rosmaster.master][INFO] 2026-08-30 08:43:11,583: +CACHEDPARAM [/rosout_disable_topics_generation] by /performance_monitor
[rosmaster.master][INFO] 2026-08-30 08:43:11,586: +CACHEDPARAM [/rosout_disable_topics_generation] by /performance_monitor
[rosmaster.master][INFO] 2026-08-30 08:43:11,588: +CACHEDPARAM [/rosout_disable_topics_generation] by /performance_monitor
[rosmaster.master][INFO] 2026-08-30 08:43:11,624: +CACHEDPARAM [/rosout_disable_topics_generation] by /performance_monitor
[rosmaster.master][INFO] 2026-08-30 08:43:11,626: +CACHEDPARAM [/rosout_disable_topics_generation] by /performance_monitor
[rosmaster.master][INFO] 2026-08-30 08:43:11,723: +CACHEDPARAM [/rosout_disable_topics_generation] by /performance_monitor
[rosmaster.master][INFO] 2026-08-30 08:43:11,725: +CACHEDPARAM [/rosout_disable_topics_generation] by /performance_monitor
[rosmaster.master][INFO] 2026-08-30 08:43:11,822: +CACHEDPARAM [/rosout_disable_topics_generation] by /performance_monitor
[rosmaster.master][INFO] 2026-08-30 08:43:11,824: +CACHEDPARAM [/rosout_disable_topics_generation] by /performance_monitor
[rosmaster.master][INFO] 2026-08-30 08:43:11,923: +CACHEDPARAM [/rosout_disable_topics_generation] by /performance_monitor
[rosmaster.master][INFO] 2026-08-30 08:43:11,924: +CACHEDPARAM [/rosout_disable_topics_generation] by /performance_monitor
[rosmaster.master][INFO] 2026-08-30 08:43:12,024: +CACHEDPARAM [/rosout_disable_topics_generation] by /performance_monitor
[rosmaster.master][INFO] 2026-08-30 08:43:12,025: +CACHEDPARAM [/rosout_disable_topics_generation] by /performance_monitor
[rosmaster.master][INFO] 2026-08-30 08:43:12,128: +CACHEDPARAM [/rosout_disable_topics_generation] by /performance_monitor
[rosmaster.master][INFO] 2026-08-30 08:43:12,131: +CACHEDPARAM [/rosout_disable_topics_generation] by /performance_monitor
[rosmaster.master][INFO] 2026-08-30 08:43:12,229: +CACHEDPARAM [/rosout_disable_topics_generation] by /performance_monitor
[rosmaster.master][INFO] 2026-08-30 08:43:12,232: +CACHEDPARAM [/rosout_disable_topics_generation] by /performance_monitor
[rosmaster.master][INFO] 2026-08-30 08:43:12,328: +CACHEDPARAM [/rosout_disable_topics_generation] by /performance_monitor
[rosmaster.master][INFO] 2026-08-30 08:43:12,331: +CACHEDPARAM [/rosout_disable_topics_generation] by /performance_monitor
[rosmaster.master][INFO] 2026-08-30 08:43:12,431: +CACHEDPARAM [/rosout_disable_topics_generation] by /performance_monitor
[rosmaster.master][INFO] 2026-08-30 08:43:12,434: +CACHEDPARAM [/rosout_disable_topics_generation] by /performance_monitor
[rosmaster.master][INFO] 2026-08-30 08:43:12,528: +CACHEDPARAM [/rosout_disable_topics_generation] by /performance_monitor
[rosmaster.master][INFO] 2026-08-30 08:43:12,531: +CACHEDPARAM [/rosout_disable_topics_generation] by /performance_monitor
[rosmaster.master][INFO] 2026-08-30 08:43:12,629: +CACHEDPARAM [/rosout_disable_topics_generation] by /performance_monitor
[rosmaster.master][INFO] 2026-08-30 08:43:12,633: +CACHEDPARAM [/rosout_disable_topics_generation] by /performance_monitor
[rosmaster.master][INFO] 2026-08-30 08:43:12,728: +CACHEDPARAM [/rosout_disable_topics_generation] by /performance_monitor
[rosmaster.master][INFO] 2026-08-30 08:43:12,732: +CACHEDPARAM [/rosout_disable_topics_generation] by /performance_monitor
[rosmaster.master][INFO] 2026-08-30 08:43:12,736: +CACHEDPARAM [/rosout_disable_topics_generation] by /performance_monitor
[rosmaster.master][INFO] 2026-08-30 08:43:12,797: +CACHEDPARAM [/rosout_disable_topics_generation] by /performance_monitor
[rosmaster.master][INFO] 2026-08-30 08:43:12,799: +CACHEDPARAM [/rosout_disable_topics_generation] by /performance_monitor
[rosmaster.master][INFO] 2026-08-30 08:43:12,827: +CACHEDPARAM [/rosout_disable_topics_generation] by /performance_monitor
[rosmaster.master][INFO] 2026-08-30 08:43:12,829: +CACHEDPARAM [/rosout_disable_topics_generation] by /performance_monitor
[rosmaster.master][INFO] 2026-08-30 08:43:12,927: +CACHEDPARAM [/rosout_disable_topics_generation] by /performance_monitor
[rosmaster.master][INFO] 2026-08-30 08:43:12,929: +CACHEDPARAM [/rosout_disable_topics_generation] by /performance_monitor
[rosmaster.master][INFO] 2026-08-30 08:43:13,028: +CACHEDPARAM [/rosout_disable_topics_generation] by /performance_monitor
[rosmaster.master][INFO] 2026-08-30 08:43:13,030: +CACHEDPARAM [/rosout_disable_topics_generation] by /performance_monitor
[rosmaster.master][INFO] 2026-08-30 08:43:13,127: +CACHEDPARAM [/rosout_disable_topics_generation] by /performance_monitor
[rosmaster.master][INFO] 2026-08-30 08:43:13,129: +CACHEDPARAM [/rosout_disable_topics_generation] by /performance_monitor
[rosmaster.master][INFO] 2026-08-30 08:43:13,224: +CACHEDPARAM [/rosout_disable_topics_generation] by /performance_monitor
[rosmaster.master][INFO] 2026-08-30 08:43:13,226: +CACHEDPARAM [/rosout_disable_topics_generation] by /performance_monitor
[rosmaster.master][INFO] 2026-08-30 08:43:13,324: +CACHEDPARAM [/rosout_disable_topics_generation] by /performance_monitor
[rosmaster.master][INFO] 2026-08-30 08:43:13,326: +CACHEDPARAM [/rosout_disable_topics_generation] by /performance_monitor
[rosmaster.master][INFO] 2026-08-30 08:43:13,426: +CACHEDPARAM [/rosout_disable_topics_generation] by /performance_monitor
[rosmaster.master][INFO] 2026-08-30 08:43:13,430: +CACHEDPARAM [/rosout_disable_topics_generation] by /performance_monitor
[rosmaster.master][INFO] 2026-08-30 08:43:13,525: +CACHEDPARAM [/rosout_disable_topics_generation] by /performance_monitor
[rosmaster.master][INFO] 2026-08-30 08:43:13,528: +CACHEDPARAM [/rosout_disable_topics_generation] by /performance_monitor
[rosmaster.master][INFO] 2026-08-30 08:43:13,623: +CACHEDPARAM [/rosout_disable_topics_generation] by /performance_monitor
[rosmaster.master][INFO] 2026-08-30 08:43:13,625: +CACHEDPARAM [/rosout_disable_topics_generation] by /performance_monitor
[rosmaster.master][INFO] 2026-08-30 08:43:13,722: +CACHEDPARAM [/rosout_disable_topics_generation] by /performance_monitor
[rosmaster.master][INFO] 2026-08-30 08:43:13,724: +CACHEDPARAM [/rosout_disable_topics_generation] by /performance_monitor
[rosmaster.master][INFO] 2026-08-30 08:43:13,823: +CACHEDPARAM [/rosout_disable_topics_generation] by /performance_monitor
[rosmaster.master][INFO] 2026-08-30 08:43:13,825: +CACHEDPARAM [/rosout_disable_topics_generation] by /performance_monitor
[rosmaster.master][INFO] 2026-08-30 08:43:13,927: +CACHEDPARAM [/rosout_disable_topics_generation] by /performance_monitor
[rosmaster.master][INFO] 2026-08-30 08:43:13,928: +CACHEDPARAM [/rosout_disable_topics_generation] by /performance_monitor
[rosmaster.master][INFO] 2026-08-30 08:43:14,027: +CACHEDPARAM [/rosout_disable_topics_generation] by /performance_monitor
[rosmaster.master][INFO] 2026-08-30 08:43:14,029: +CACHEDPARAM [/rosout_disable_topics_generation] by /performance_monitor
[rosmaster.master][INFO] 2026-08-30 08:43:14,123: +CACHEDPARAM [/rosout_disable_topics_generation] by /performance_monitor
[rosmaster.master][INFO] 2026-08-30 08:43:14,126: +CACHEDPARAM [/rosout_disable_topics_generation] by /performance_monitor
[rosmaster.master][INFO] 2026-08-30 08:43:14,223: +CACHEDPARAM [/rosout_disable_topics_generation] by /performance_monitor
[rosmaster.master][INFO] 2026-08-30 08:43:14,225: +CACHEDPARAM [/rosout_disable_topics_generation] by /performance_monitor
[rosmaster.master][INFO] 2026-08-30 08:43:14,323: +CACHEDPARAM [/rosout_disable_topics_generation] by /performance_monitor
[rosmaster.master][INFO] 2026-08-30 08:43:14,325: +CACHEDPARAM [/rosout_disable_topics_generation] by /performance_monitor
[rosmaster.master][INFO] 2026-08-30 08:43:14,425: +CACHEDPARAM [/rosout_disable_topics_generation] by /performance_monitor
[rosmaster.master][INFO] 2026-08-30 08:43:14,427: +CACHEDPARAM [/rosout_disable_topics_generation] by /performance_monitor
[rosmaster.master][INFO] 2026-08-30 08:43:14,524: +CACHEDPARAM [/rosout_disable_topics_generation] by /performance_monitor
[rosmaster.master][INFO] 2026-08-30 08:43:14,526: +CACHEDPARAM [/rosout_disable_topics_generation] by /performance_monitor
[rosmaster.master][INFO] 2026-08-30 08:43:14,622: +CACHEDPARAM [/rosout_disable_topics_generation] by /performance_monitor
[rosmaster.master][INFO] 2026-08-30 08:43:14,624: +CACHEDPARAM [/rosout_disable_topics_generation] by /performance_monitor
[rosmaster.master][INFO] 2026-08-30 08:43:14,723: +CACHEDPARAM [/rosout_disable_topics_generation] by /performance_monitor
[rosmaster.master][INFO] 2026-08-30 08:43:14,725: +CACHEDPARAM [/rosout_disable_topics_generation] by /performance_monitor
[rosmaster.master][INFO] 2026-08-30 08:43:14,823: +CACHEDPARAM [/rosout_disable_topics_generation] by /performance_monitor
[rosmaster.master][INFO] 2026-08-30 08:43:14,825: +CACHEDPARAM [/rosout_disable_topics_generation] by /performance_monitor
[rosmaster.master][INFO] 2026-08-30 08:43:14,923: +CACHEDPARAM [/rosout_disable_topics_generation] by /performance_monitor
[rosmaster.master][INFO] 2026-08-30 08:43:14,925: +CACHEDPARAM [/rosout_disable_topics_generation] by /performance_monitor
[rosmaster.master][INFO] 2026-08-30 08:43:15,027: +CACHEDPARAM [/rosout_disable_topics_generation] by /performance_monitor
[rosmaster.master][INFO] 2026-08-30 08:43:15,031: +CACHEDPARAM [/rosout_disable_topics_generation] by /performance_monitor
[rosmaster.master][INFO] 2026-08-30 08:43:15,124: +CACHEDPARAM [/rosout_disable_topics_generation] by /performance_monitor
[rosmaster.master][INFO] 2026-08-30 08:43:15,127: +CACHEDPARAM [/rosout_disable_topics_generation] by /performance_monitor
[rosmaster.master][INFO] 2026-08-30 08:43:15,228: +CACHEDPARAM [/rosout_disable_topics_generation] by /performance_monitor
[rosmaster.master][INFO] 2026-08-30 08:43:15,232: +CACHEDPARAM [/rosout_disable_topics_generation] by /performance_monitor
[rosmaster.master][INFO] 2026-08-30 08:43:15,324: +CACHEDPARAM [/rosout_disable_topics_generation] by /performance_monitor
[rosmaster.master][INFO] 2026-08-30 08:43:15,327: +CACHEDPARAM [/rosout_disable_topics_generation] by /performance_monitor
[rosmaster.master][INFO] 2026-08-30 08:43:15,425: +CACHEDPARAM [/rosout_disable_topics_generation] by /performance_monitor
[rosmaster.master][INFO] 2026-08-30 08:43:15,427: +CACHEDPARAM [/rosout_disable_topics_generation] by /performance_monitor
[rosmaster.master][INFO] 2026-08-30 08:43:15,528: +CACHEDPARAM [/rosout_disable_topics_generation] by /performance_monitor
[rosmaster.master][INFO] 2026-08-30 08:43:15,531: +CACHEDPARAM [/rosout_disable_topics_generation] by /performance_monitor
[rosmaster.master][INFO] 2026-08-30 08:43:15,624: +CACHEDPARAM [/rosout_disable_topics_generation] by /performance_monitor
[rosmaster.master][INFO] 2026-08-30 08:43:15,627: +CACHEDPARAM [/rosout_disable_topics_generation] by /performance_monitor
[rosmaster.master][INFO] 2026-08-30 08:43:15,728: +CACHEDPARAM [/rosout_disable_topics_generation] by /performance_monitor
[rosmaster.master][INFO] 2026-08-30 08:43:15,730: +CACHEDPARAM [/rosout_disable_topics_generation] by /performance_monitor
[rosmaster.master][INFO] 2026-08-30 08:43:15,827: +CACHEDPARAM [/rosout_disable_topics_generation] by /performance_monitor
[rosmaster.master][INFO] 2026-08-30 08:43:15,830: +CACHEDPARAM [/rosout_disable_topics_generation] by /performance_monitor
[rosmaster.master][INFO] 2026-08-30 08:43:15,923: +CACHEDPARAM [/rosout_disable_topics_generation] by /performance_monitor
[rosmaster.master][INFO] 2026-08-30 08:43:15,924: +CACHEDPARAM [/rosout_disable_topics_generation] by /performance_monitor
[rosmaster.master][INFO] 2026-08-30 08:43:16,023: +CACHEDPARAM [/rosout_disable_topics_generation] by /performance_monitor
[rosmaster.master][INFO] 2026-08-30 08:43:16,025: +CACHEDPARAM [/rosout_disable_topics_generation] by /performance_monitor
[rosmaster.master][INFO] 2026-08-30 08:43:16,128: +CACHEDPARAM [/rosout_disable_topics_generation] by /performance_monitor
[rosmaster.master][INFO] 2026-08-30 08:43:16,130: +CACHEDPARAM [/rosout_disable_topics_generation] by /performance_monitor
[rosmaster.master][INFO] 2026-08-30 08:43:16,229: +CACHEDPARAM [/rosout_disable_topics_generation] by /performance_monitor
[rosmaster.master][INFO] 2026-08-30 08:43:16,232: +CACHEDPARAM [/rosout_disable_topics_generation] by /performance_monitor
[rosmaster.master][INFO] 2026-08-30 08:43:16,329: +CACHEDPARAM [/rosout_disable_topics_generation] by /performance_monitor
[rosmaster.master][INFO] 2026-08-30 08:43:16,333: +CACHEDPARAM [/rosout_disable_topics_generation] by /performance_monitor
[rosmaster.master][INFO] 2026-08-30 08:43:16,429: +CACHEDPARAM [/rosout_disable_topics_generation] by /performance_monitor
[rosmaster.master][INFO] 2026-08-30 08:43:16,433: +CACHEDPARAM [/rosout_disable_topics_generation] by /performance_monitor
[rosmaster.master][INFO] 2026-08-30 08:43:16,525: +CACHEDPARAM [/rosout_disable_topics_generation] by /performance_monitor
[rosmaster.master][INFO] 2026-08-30 08:43:16,528: +CACHEDPARAM [/rosout_disable_topics_generation] by /performance_monitor
[rosmaster.master][INFO] 2026-08-30 08:43:16,631: +CACHEDPARAM [/rosout_disable_topics_generation] by /performance_monitor
[rosmaster.master][INFO] 2026-08-30 08:43:16,634: +CACHEDPARAM [/rosout_disable_topics_generation] by /performance_monitor
[rosmaster.master][INFO] 2026-08-30 08:43:16,725: +CACHEDPARAM [/rosout_disable_topics_generation] by /performance_monitor
[rosmaster.master][INFO] 2026-08-30 08:43:16,729: +CACHEDPARAM [/rosout_disable_topics_generation] by /performance_monitor
[rosmaster.master][INFO] 2026-08-30 08:43:16,830: +CACHEDPARAM [/rosout_disable_topics_generation] by /performance_monitor
[rosmaster.master][INFO] 2026-08-30 08:43:16,833: +CACHEDPARAM [/rosout_disable_topics_generation] by /performance_monitor
[rosmaster.master][INFO] 2026-08-30 08:43:16,926: +CACHEDPARAM [/rosout_disable_topics_generation] by /performance_monitor
[rosmaster.master][INFO] 2026-08-30 08:43:16,930: +CACHEDPARAM [/rosout_disable_topics_generation] by /performance_monitor
[rosmaster.master][INFO] 2026-08-30 08:43:17,031: +CACHEDPARAM [/rosout_disable_topics_generation] by /performance_monitor
[rosmaster.master][INFO] 2026-08-30 08:43:17,035: +CACHEDPARAM [/rosout_disable_topics_generation] by /performance_monitor
[rosmaster.master][INFO] 2026-08-30 08:43:17,124: +CACHEDPARAM [/rosout_disable_topics_generation] by /performance_monitor
[rosmaster.master][INFO] 2026-08-30 08:43:17,127: +CACHEDPARAM [/rosout_disable_topics_generation] by /performance_monitor
[rosmaster.master][INFO] 2026-08-30 08:43:17,230: +CACHEDPARAM [/rosout_disable_topics_generation] by /performance_monitor
[rosmaster.master][INFO] 2026-08-30 08:43:17,235: +CACHEDPARAM [/rosout_disable_topics_generation] by /performance_monitor
[rosmaster.master][INFO] 2026-08-30 08:43:17,332: +CACHEDPARAM [/rosout_disable_topics_generation] by /performance_monitor
[rosmaster.master][INFO] 2026-08-30 08:43:17,335: +CACHEDPARAM [/rosout_disable_topics_generation] by /performance_monitor
[rosmaster.master][INFO] 2026-08-30 08:43:17,425: +CACHEDPARAM [/rosout_disable_topics_generation] by /performance_monitor
[rosmaster.master][INFO] 2026-08-30 08:43:17,428: +CACHEDPARAM [/rosout_disable_topics_generation] by /performance_monitor
[rosmaster.master][INFO] 2026-08-30 08:43:17,532: +CACHEDPARAM [/rosout_disable_topics_generation] by /performance_monitor
[rosmaster.master][INFO] 2026-08-30 08:43:17,535: +CACHEDPARAM [/rosout_disable_topics_generation] by /performance_monitor
[rosmaster.master][INFO] 2026-08-30 08:43:17,628: +CACHEDPARAM [/rosout_disable_topics_generation] by /performance_monitor
[rosmaster.master][INFO] 2026-08-30 08:43:17,631: +CACHEDPARAM [/rosout_disable_topics_generation] by /performance_monitor
[rosmaster.master][INFO] 2026-08-30 08:43:17,724: +CACHEDPARAM [/rosout_disable_topics_generation] by /performance_monitor
[rosmaster.master][INFO] 2026-08-30 08:43:17,727: +CACHEDPARAM [/rosout_disable_topics_generation] by /performance_monitor
[rosmaster.master][INFO] 2026-08-30 08:43:17,802: +CACHEDPARAM [/rosout_disable_topics_generation] by /performance_monitor
[rosmaster.master][INFO] 2026-08-30 08:43:17,840: +CACHEDPARAM [/rosout_disable_topics_generation] by /performance_monitor
[rosmaster.master][INFO] 2026-08-30 08:43:17,865: +CACHEDPARAM [/rosout_disable_topics_generation] by /performance_monitor
[rosmaster.master][INFO] 2026-08-30 08:43:18,060: +CACHEDPARAM [/rosout_disable_topics_generation] by /performance_monitor
[rosmaster.master][INFO] 2026-08-30 08:43:18,073: +CACHEDPARAM [/rosout_disable_topics_generation] by /performance_monitor
[rosmaster.master][INFO] 2026-08-30 08:43:18,247: +CACHEDPARAM [/rosout_disable_topics_generation] by /performance_monitor
[rosmaster.master][INFO] 2026-08-30 08:43:18,266: +CACHEDPARAM [/rosout_disable_topics_generation] by /performance_monitor
[rosmaster.master][INFO] 2026-08-30 08:43:18,293: +CACHEDPARAM [/rosout_disable_topics_generation] by /performance_monitor
[rosmaster.master][INFO] 2026-08-30 08:43:18,306: +CACHEDPARAM [/rosout_disable_topics_generation] by /performance_monitor
[rosmaster.master][INFO] 2026-08-30 08:43:18,436: +CACHEDPARAM [/rosout_disable_topics_generation] by /performance_monitor
[rosmaster.master][INFO] 2026-08-30 08:43:18,444: +CACHEDPARAM [/rosout_disable_topics_generation] by /performance_monitor
[rosmaster.master][INFO] 2026-08-30 08:43:18,648: +CACHEDPARAM [/rosout_disable_topics_generation] by /performance_monitor
[rosmaster.master][INFO] 2026-08-30 08:43:18,675: +CACHEDPARAM [/rosout_disable_topics_generation] by /performance_monitor
[rosmaster.master][INFO] 2026-08-30 08:43:18,787: +CACHEDPARAM [/rosout_disable_topics_generation] by /performance_monitor
[rosmaster.master][INFO] 2026-08-30 08:43:18,807: +CACHEDPARAM [/rosout_disable_topics_generation] by /performance_monitor
[rosmaster.master][INFO] 2026-08-30 08:43:19,006: +CACHEDPARAM [/rosout_disable_topics_generation] by /performance_monitor
[rosmaster.master][INFO] 2026-08-30 08:43:19,016: +CACHEDPARAM [/rosout_disable_topics_generation] by /performance_monitor
[rosmaster.master][INFO] 2026-08-30 08:43:19,038: +CACHEDPARAM [/rosout_disable_topics_generation] by /performance_monitor
[rosmaster.master][INFO] 2026-08-30 08:43:19,285: +CACHEDPARAM [/rosout_disable_topics_generation] by /performance_monitor
[rosmaster.master][INFO] 2026-08-30 08:43:19,335: +CACHEDPARAM [/rosout_disable_topics_generation] by /performance_monitor
[rosmaster.master][INFO] 2026-08-30 08:43:19,425: +CACHEDPARAM [/rosout_disable_topics_generation] by /performance_monitor
[rosmaster.master][INFO] 2026-08-30 08:43:19,436: +CACHEDPARAM [/rosout_disable_topics_generation] by /performance_monitor
[rosmaster.master][INFO] 2026-08-30 08:43:19,645: +CACHEDPARAM [/rosout_disable_topics_generation] by /performance_monitor
[rosmaster.master][INFO] 2026-08-30 08:43:19,668: +CACHEDPARAM [/rosout_disable_topics_generation] by /performance_monitor
[rosmaster.master][INFO] 2026-08-30 08:43:19,728: +CACHEDPARAM [/rosout_disable_topics_generation] by /performance_monitor
[rosmaster.master][INFO] 2026-08-30 08:43:19,730: +CACHEDPARAM [/rosout_disable_topics_generation] by /performance_monitor
[rosmaster.master][INFO] 2026-08-30 08:43:19,731: +CACHEDPARAM [/rosout_disable_topics_generation] by /performance_monitor
[rosmaster.master][INFO] 2026-08-30 08:43:19,734: +CACHEDPARAM [/rosout_disable_topics_generation] by /performance_monitor
[rosmaster.master][INFO] 2026-08-30 08:43:19,735: +CACHEDPARAM [/rosout_disable_topics_generation] by /performance_monitor
[rosmaster.master][INFO] 2026-08-30 08:43:19,769: +CACHEDPARAM [/rosout_disable_topics_generation] by /performance_monitor
[rosmaster.master][INFO] 2026-08-30 08:43:19,771: +CACHEDPARAM [/rosout_disable_topics_generation] by /performance_monitor
[rosmaster.master][INFO] 2026-08-30 08:43:19,869: +CACHEDPARAM [/rosout_disable_topics_generation] by /performance_monitor
[rosmaster.master][INFO] 2026-08-30 08:43:19,871: +CACHEDPARAM [/rosout_disable_topics_generation] by /performance_monitor
[rosmaster.master][INFO] 2026-08-30 08:43:19,969: +CACHEDPARAM [/rosout_disable_topics_generation] by /performance_monitor
[rosmaster.master][INFO] 2026-08-30 08:43:19,971: +CACHEDPARAM [/rosout_disable_topics_generation] by /performance_monitor
[rosmaster.master][INFO] 2026-08-30 08:43:20,068: +CACHEDPARAM [/rosout_disable_topics_generation] by /performance_monitor
[rosmaster.master][INFO] 2026-08-30 08:43:20,071: +CACHEDPARAM [/rosout_disable_topics_generation] by /performance_monitor
[rosmaster.master][INFO] 2026-08-30 08:43:20,171: +CACHEDPARAM [/rosout_disable_topics_generation] by /performance_monitor
[rosmaster.master][INFO] 2026-08-30 08:43:20,173: +CACHEDPARAM [/rosout_disable_topics_generation] by /performance_monitor
[rosmaster.master][INFO] 2026-08-30 08:43:20,274: +CACHEDPARAM [/rosout_disable_topics_generation] by /performance_monitor
[rosmaster.master][INFO] 2026-08-30 08:43:20,277: +CACHEDPARAM [/rosout_disable_topics_generation] by /performance_monitor
[rosmaster.master][INFO] 2026-08-30 08:43:20,370: +CACHEDPARAM [/rosout_disable_topics_generation] by /performance_monitor
[rosmaster.master][INFO] 2026-08-30 08:43:20,373: +CACHEDPARAM [/rosout_disable_topics_generation] by /performance_monitor
[rosmaster.master][INFO] 2026-08-30 08:43:20,469: +CACHEDPARAM [/rosout_disable_topics_generation] by /performance_monitor
[rosmaster.master][INFO] 2026-08-30 08:43:20,472: +CACHEDPARAM [/rosout_disable_topics_generation] by /performance_monitor
[rosmaster.master][INFO] 2026-08-30 08:43:20,569: +CACHEDPARAM [/rosout_disable_topics_generation] by /performance_monitor
[rosmaster.master][INFO] 2026-08-30 08:43:20,572: +CACHEDPARAM [/rosout_disable_topics_generation] by /performance_monitor
[rosmaster.master][INFO] 2026-08-30 08:43:20,672: +CACHEDPARAM [/rosout_disable_topics_generation] by /performance_monitor
[rosmaster.master][INFO] 2026-08-30 08:43:20,676: +CACHEDPARAM [/rosout_disable_topics_generation] by /performance_monitor
[rosmaster.master][INFO] 2026-08-30 08:43:20,770: +CACHEDPARAM [/rosout_disable_topics_generation] by /performance_monitor
[rosmaster.master][INFO] 2026-08-30 08:43:20,773: +CACHEDPARAM [/rosout_disable_topics_generation] by /performance_monitor
[rosmaster.master][INFO] 2026-08-30 08:43:20,869: +CACHEDPARAM [/rosout_disable_topics_generation] by /performance_monitor
[rosmaster.master][INFO] 2026-08-30 08:43:20,872: +CACHEDPARAM [/rosout_disable_topics_generation] by /performance_monitor
[rosmaster.master][INFO] 2026-08-30 08:43:20,924: +CACHEDPARAM [/rosout_disable_topics_generation] by /performance_monitor
[rosmaster.master][INFO] 2026-08-30 08:43:20,979: +CACHEDPARAM [/rosout_disable_topics_generation] by /performance_monitor
[rosmaster.master][INFO] 2026-08-30 08:43:20,981: +CACHEDPARAM [/rosout_disable_topics_generation] by /performance_monitor
[rosmaster.master][INFO] 2026-08-30 08:43:20,983: +CACHEDPARAM [/rosout_disable_topics_generation] by /performance_monitor
[rosmaster.master][INFO] 2026-08-30 08:43:20,984: +CACHEDPARAM [/rosout_disable_topics_generation] by /performance_monitor
[rosmaster.master][INFO] 2026-08-30 08:43:21,067: +CACHEDPARAM [/rosout_disable_topics_generation] by /performance_monitor
[rosmaster.master][INFO] 2026-08-30 08:43:21,069: +CACHEDPARAM [/rosout_disable_topics_generation] by /performance_monitor
[rosmaster.master][INFO] 2026-08-30 08:43:21,173: +CACHEDPARAM [/rosout_disable_topics_generation] by /performance_monitor
[rosmaster.master][INFO] 2026-08-30 08:43:21,175: +CACHEDPARAM [/rosout_disable_topics_generation] by /performance_monitor
[rosmaster.master][INFO] 2026-08-30 08:43:21,273: +CACHEDPARAM [/rosout_disable_topics_generation] by /performance_monitor
[rosmaster.master][INFO] 2026-08-30 08:43:21,276: +CACHEDPARAM [/rosout_disable_topics_generation] by /performance_monitor
[rosmaster.master][INFO] 2026-08-30 08:43:21,373: +CACHEDPARAM [/rosout_disable_topics_generation] by /performance_monitor
[rosmaster.master][INFO] 2026-08-30 08:43:21,376: +CACHEDPARAM [/rosout_disable_topics_generation] by /performance_monitor
[rosmaster.master][INFO] 2026-08-30 08:43:21,473: +CACHEDPARAM [/rosout_disable_topics_generation] by /performance_monitor
[rosmaster.master][INFO] 2026-08-30 08:43:21,476: +CACHEDPARAM [/rosout_disable_topics_generation] by /performance_monitor
[rosmaster.master][INFO] 2026-08-30 08:43:21,568: +CACHEDPARAM [/rosout_disable_topics_generation] by /performance_monitor
[rosmaster.master][INFO] 2026-08-30 08:43:21,571: +CACHEDPARAM [/rosout_disable_topics_generation] by /performance_monitor
[rosmaster.master][INFO] 2026-08-30 08:43:21,668: +CACHEDPARAM [/rosout_disable_topics_generation] by /performance_monitor
[rosmaster.master][INFO] 2026-08-30 08:43:21,671: +CACHEDPARAM [/rosout_disable_topics_generation] by /performance_monitor
[rosmaster.master][INFO] 2026-08-30 08:43:21,767: +CACHEDPARAM [/rosout_disable_topics_generation] by /performance_monitor
[rosmaster.master][INFO] 2026-08-30 08:43:21,770: +CACHEDPARAM [/rosout_disable_topics_generation] by /performance_monitor
[rosmaster.master][INFO] 2026-08-30 08:43:21,868: +CACHEDPARAM [/rosout_disable_topics_generation] by /performance_monitor
[rosmaster.master][INFO] 2026-08-30 08:43:21,870: +CACHEDPARAM [/rosout_disable_topics_generation] by /performance_monitor
[rosmaster.master][INFO] 2026-08-30 08:43:21,968: +CACHEDPARAM [/rosout_disable_topics_generation] by /performance_monitor
[rosmaster.master][INFO] 2026-08-30 08:43:21,970: +CACHEDPARAM [/rosout_disable_topics_generation] by /performance_monitor
[rosmaster.master][INFO] 2026-08-30 08:43:22,068: +CACHEDPARAM [/rosout_disable_topics_generation] by /performance_monitor
[rosmaster.master][INFO] 2026-08-30 08:43:22,070: +CACHEDPARAM [/rosout_disable_topics_generation] by /performance_monitor
[rosmaster.master][INFO] 2026-08-30 08:43:22,168: +CACHEDPARAM [/rosout_disable_topics_generation] by /performance_monitor
[rosmaster.master][INFO] 2026-08-30 08:43:22,170: +CACHEDPARAM [/rosout_disable_topics_generation] by /performance_monitor
[rosmaster.master][INFO] 2026-08-30 08:43:22,270: +CACHEDPARAM [/rosout_disable_topics_generation] by /performance_monitor
[rosmaster.master][INFO] 2026-08-30 08:43:22,272: +CACHEDPARAM [/rosout_disable_topics_generation] by /performance_monitor
[rosmaster.master][INFO] 2026-08-30 08:43:22,368: +CACHEDPARAM [/rosout_disable_topics_generation] by /performance_monitor
[rosmaster.master][INFO] 2026-08-30 08:43:22,370: +CACHEDPARAM [/rosout_disable_topics_generation] by /performance_monitor
[rosmaster.master][INFO] 2026-08-30 08:43:22,468: +CACHEDPARAM [/rosout_disable_topics_generation] by /performance_monitor
[rosmaster.master][INFO] 2026-08-30 08:43:22,471: +CACHEDPARAM [/rosout_disable_topics_generation] by /performance_monitor
[rosmaster.master][INFO] 2026-08-30 08:43:22,568: +CACHEDPARAM [/rosout_disable_topics_generation] by /performance_monitor
[rosmaster.master][INFO] 2026-08-30 08:43:22,571: +CACHEDPARAM [/rosout_disable_topics_generation] by /performance_monitor
[rosmaster.master][INFO] 2026-08-30 08:43:22,669: +CACHEDPARAM [/rosout_disable_topics_generation] by /performance_monitor
[rosmaster.master][INFO] 2026-08-30 08:43:22,671: +CACHEDPARAM [/rosout_disable_topics_generation] by /performance_monitor
[rosmaster.master][INFO] 2026-08-30 08:43:22,769: +CACHEDPARAM [/rosout_disable_topics_generation] by /performance_monitor
[rosmaster.master][INFO] 2026-08-30 08:43:22,772: +CACHEDPARAM [/rosout_disable_topics_generation] by /performance_monitor
[rosmaster.master][INFO] 2026-08-30 08:43:22,869: +CACHEDPARAM [/rosout_disable_topics_generation] by /performance_monitor
[rosmaster.master][INFO] 2026-08-30 08:43:22,873: +CACHEDPARAM [/rosout_disable_topics_generation] by /performance_monitor
[rosmaster.master][INFO] 2026-08-30 08:43:22,968: +CACHEDPARAM [/rosout_disable_topics_generation] by /performance_monitor
[rosmaster.master][INFO] 2026-08-30 08:43:22,971: +CACHEDPARAM [/rosout_disable_topics_generation] by /performance_monitor
[rosmaster.master][INFO] 2026-08-30 08:43:23,069: +CACHEDPARAM [/rosout_disable_topics_generation] by /performance_monitor
[rosmaster.master][INFO] 2026-08-30 08:43:23,072: +CACHEDPARAM [/rosout_disable_topics_generation] by /performance_monitor
[rosmaster.master][INFO] 2026-08-30 08:43:23,169: +CACHEDPARAM [/rosout_disable_topics_generation] by /performance_monitor
[rosmaster.master][INFO] 2026-08-30 08:43:23,172: +CACHEDPARAM [/rosout_disable_topics_generation] by /performance_monitor
[rosmaster.master][INFO] 2026-08-30 08:43:23,269: +CACHEDPARAM [/rosout_disable_topics_generation] by /performance_monitor
[rosmaster.master][INFO] 2026-08-30 08:43:23,273: +CACHEDPARAM [/rosout_disable_topics_generation] by /performance_monitor
[rosmaster.master][INFO] 2026-08-30 08:43:23,370: +CACHEDPARAM [/rosout_disable_topics_generation] by /performance_monitor
[rosmaster.master][INFO] 2026-08-30 08:43:23,374: +CACHEDPARAM [/rosout_disable_topics_generation] by /performance_monitor
[rosmaster.master][INFO] 2026-08-30 08:43:23,469: +CACHEDPARAM [/rosout_disable_topics_generation] by /performance_monitor
[rosmaster.master][INFO] 2026-08-30 08:43:23,472: +CACHEDPARAM [/rosout_disable_topics_generation] by /performance_monitor
[rosmaster.master][INFO] 2026-08-30 08:43:23,569: +CACHEDPARAM [/rosout_disable_topics_generation] by /performance_monitor
[rosmaster.master][INFO] 2026-08-30 08:43:23,572: +CACHEDPARAM [/rosout_disable_topics_generation] by /performance_monitor
[rosmaster.master][INFO] 2026-08-30 08:43:23,668: +CACHEDPARAM [/rosout_disable_topics_generation] by /performance_monitor
[rosmaster.master][INFO] 2026-08-30 08:43:23,671: +CACHEDPARAM [/rosout_disable_topics_generation] by /performance_monitor
[rosmaster.master][INFO] 2026-08-30 08:43:23,770: +CACHEDPARAM [/rosout_disable_topics_generation] by /performance_monitor
[rosmaster.master][INFO] 2026-08-30 08:43:23,772: +CACHEDPARAM [/rosout_disable_topics_generation] by /performance_monitor
[rosmaster.master][INFO] 2026-08-30 08:43:23,869: +CACHEDPARAM [/rosout_disable_topics_generation] by /performance_monitor
[rosmaster.master][INFO] 2026-08-30 08:43:23,871: +CACHEDPARAM [/rosout_disable_topics_generation] by /performance_monitor
[rosmaster.master][INFO] 2026-08-30 08:43:23,968: +CACHEDPARAM [/rosout_disable_topics_generation] by /performance_monitor
[rosmaster.master][INFO] 2026-08-30 08:43:23,969: +CACHEDPARAM [/rosout_disable_topics_generation] by /performance_monitor
[rosmaster.master][INFO] 2026-08-30 08:43:24,069: +CACHEDPARAM [/rosout_disable_topics_generation] by /performance_monitor
[rosmaster.master][INFO] 2026-08-30 08:43:24,071: +CACHEDPARAM [/rosout_disable_topics_generation] by /performance_monitor
[rosmaster.master][INFO] 2026-08-30 08:43:24,170: +CACHEDPARAM [/rosout_disable_topics_generation] by /performance_monitor
[rosmaster.master][INFO] 2026-08-30 08:43:24,172: +CACHEDPARAM [/rosout_disable_topics_generation] by /performance_monitor
[rosmaster.master][INFO] 2026-08-30 08:43:24,274: +CACHEDPARAM [/rosout_disable_topics_generation] by /performance_monitor
[rosmaster.master][INFO] 2026-08-30 08:43:24,276: +CACHEDPARAM [/rosout_disable_topics_generation] by /performance_monitor
[rosmaster.master][INFO] 2026-08-30 08:43:24,369: +CACHEDPARAM [/rosout_disable_topics_generation] by /performance_monitor
[rosmaster.master][INFO] 2026-08-30 08:43:24,373: +CACHEDPARAM [/rosout_disable_topics_generation] by /performance_monitor
[rosmaster.master][INFO] 2026-08-30 08:43:24,469: +CACHEDPARAM [/rosout_disable_topics_generation] by /performance_monitor
[rosmaster.master][INFO] 2026-08-30 08:43:24,472: +CACHEDPARAM [/rosout_disable_topics_generation] by /performance_monitor
[rosmaster.master][INFO] 2026-08-30 08:43:24,570: +CACHEDPARAM [/rosout_disable_topics_generation] by /performance_monitor
[rosmaster.master][INFO] 2026-08-30 08:43:24,573: +CACHEDPARAM [/rosout_disable_topics_generation] by /performance_monitor
[rosmaster.master][INFO] 2026-08-30 08:43:24,669: +CACHEDPARAM [/rosout_disable_topics_generation] by /performance_monitor
[rosmaster.master][INFO] 2026-08-30 08:43:24,672: +CACHEDPARAM [/rosout_disable_topics_generation] by /performance_monitor
[rosmaster.master][INFO] 2026-08-30 08:43:24,772: +CACHEDPARAM [/rosout_disable_topics_generation] by /performance_monitor
[rosmaster.master][INFO] 2026-08-30 08:43:24,775: +CACHEDPARAM [/rosout_disable_topics_generation] by /performance_monitor
[rosmaster.master][INFO] 2026-08-30 08:43:24,875: +CACHEDPARAM [/rosout_disable_topics_generation] by /performance_monitor
[rosmaster.master][INFO] 2026-08-30 08:43:24,878: +CACHEDPARAM [/rosout_disable_topics_generation] by /performance_monitor
[rosmaster.master][INFO] 2026-08-30 08:43:24,969: +CACHEDPARAM [/rosout_disable_topics_generation] by /performance_monitor
[rosmaster.master][INFO] 2026-08-30 08:43:24,972: +CACHEDPARAM [/rosout_disable_topics_generation] by /performance_monitor
[rosmaster.master][INFO] 2026-08-30 08:43:25,073: +CACHEDPARAM [/rosout_disable_topics_generation] by /performance_monitor
[rosmaster.master][INFO] 2026-08-30 08:43:25,076: +CACHEDPARAM [/rosout_disable_topics_generation] by /performance_monitor
[rosmaster.master][INFO] 2026-08-30 08:43:25,169: +CACHEDPARAM [/rosout_disable_topics_generation] by /performance_monitor
[rosmaster.master][INFO] 2026-08-30 08:43:25,171: +CACHEDPARAM [/rosout_disable_topics_generation] by /performance_monitor
[rosmaster.master][INFO] 2026-08-30 08:43:25,271: +CACHEDPARAM [/rosout_disable_topics_generation] by /performance_monitor
[rosmaster.master][INFO] 2026-08-30 08:43:25,274: +CACHEDPARAM [/rosout_disable_topics_generation] by /performance_monitor
[rosmaster.master][INFO] 2026-08-30 08:43:25,369: +CACHEDPARAM [/rosout_disable_topics_generation] by /performance_monitor
[rosmaster.master][INFO] 2026-08-30 08:43:25,372: +CACHEDPARAM [/rosout_disable_topics_generation] by /performance_monitor
[rosmaster.master][INFO] 2026-08-30 08:43:25,473: +CACHEDPARAM [/rosout_disable_topics_generation] by /performance_monitor
[rosmaster.master][INFO] 2026-08-30 08:43:25,476: +CACHEDPARAM [/rosout_disable_topics_generation] by /performance_monitor
[rosmaster.master][INFO] 2026-08-30 08:43:25,573: +CACHEDPARAM [/rosout_disable_topics_generation] by /performance_monitor
[rosmaster.master][INFO] 2026-08-30 08:43:25,576: +CACHEDPARAM [/rosout_disable_topics_generation] by /performance_monitor
[rosmaster.master][INFO] 2026-08-30 08:43:25,671: +CACHEDPARAM [/rosout_disable_topics_generation] by /performance_monitor
[rosmaster.master][INFO] 2026-08-30 08:43:25,673: +CACHEDPARAM [/rosout_disable_topics_generation] by /performance_monitor
[rosmaster.master][INFO] 2026-08-30 08:43:25,771: +CACHEDPARAM [/rosout_disable_topics_generation] by /performance_monitor
[rosmaster.master][INFO] 2026-08-30 08:43:25,774: +CACHEDPARAM [/rosout_disable_topics_generation] by /performance_monitor
[rosmaster.master][INFO] 2026-08-30 08:43:25,868: +CACHEDPARAM [/rosout_disable_topics_generation] by /performance_monitor
[rosmaster.master][INFO] 2026-08-30 08:43:25,870: +CACHEDPARAM [/rosout_disable_topics_generation] by /performance_monitor
[rosmaster.master][INFO] 2026-08-30 08:43:25,972: +CACHEDPARAM [/rosout_disable_topics_generation] by /performance_monitor
[rosmaster.master][INFO] 2026-08-30 08:43:25,974: +CACHEDPARAM [/rosout_disable_topics_generation] by /performance_monitor
[rosmaster.master][INFO] 2026-08-30 08:43:25,985: +CACHEDPARAM [/rosout_disable_topics_generation] by /performance_monitor
[rosmaster.master][INFO] 2026-08-30 08:43:26,230: +CACHEDPARAM [/rosout_disable_topics_generation] by /performance_monitor
[rosmaster.master][INFO] 2026-08-30 08:43:26,238: +CACHEDPARAM [/rosout_disable_topics_generation] by /performance_monitor
[rosmaster.master][INFO] 2026-08-30 08:43:26,387: +CACHEDPARAM [/rosout_disable_topics_generation] by /performance_monitor
[rosmaster.master][INFO] 2026-08-30 08:43:26,400: +CACHEDPARAM [/rosout_disable_topics_generation] by /performance_monitor
[rosmaster.master][INFO] 2026-08-30 08:43:26,571: +CACHEDPARAM [/rosout_disable_topics_generation] by /performance_monitor
[rosmaster.master][INFO] 2026-08-30 08:43:26,584: +CACHEDPARAM [/rosout_disable_topics_generation] by /performance_monitor
[rosmaster.master][INFO] 2026-08-30 08:43:26,770: +CACHEDPARAM [/rosout_disable_topics_generation] by /performance_monitor
[rosmaster.master][INFO] 2026-08-30 08:43:26,791: +CACHEDPARAM [/rosout_disable_topics_generation] by /performance_monitor
[rosmaster.master][INFO] 2026-08-30 08:43:26,953: +CACHEDPARAM [/rosout_disable_topics_generation] by /performance_monitor
[rosmaster.master][INFO] 2026-08-30 08:43:26,973: +CACHEDPARAM [/rosout_disable_topics_generation] by /performance_monitor
[rosmaster.master][INFO] 2026-08-30 08:43:27,116: +CACHEDPARAM [/rosout_disable_topics_generation] by /performance_monitor
[rosmaster.master][INFO] 2026-08-30 08:43:27,148: +CACHEDPARAM [/rosout_disable_topics_generation] by /performance_monitor
[rosmaster.master][INFO] 2026-08-30 08:43:27,216: +CACHEDPARAM [/rosout_disable_topics_generation] by /performance_monitor
[rosmaster.master][INFO] 2026-08-30 08:43:27,228: +CACHEDPARAM [/rosout_disable_topics_generation] by /performance_monitor
[rosmaster.master][INFO] 2026-08-30 08:43:27,271: +CACHEDPARAM [/rosout_disable_topics_generation] by /performance_monitor
[rosmaster.master][INFO] 2026-08-30 08:43:27,573: +CACHEDPARAM [/rosout_disable_topics_generation] by /performance_monitor
[rosmaster.master][INFO] 2026-08-30 08:43:27,626: +CACHEDPARAM [/rosout_disable_topics_generation] by /performance_monitor
[rosmaster.master][INFO] 2026-08-30 08:43:27,878: +CACHEDPARAM [/rosout_disable_topics_generation] by /performance_monitor
[rosmaster.master][INFO] 2026-08-30 08:43:27,885: +CACHEDPARAM [/rosout_disable_topics_generation] by /performance_monitor
[rosmaster.master][INFO] 2026-08-30 08:43:27,961: +CACHEDPARAM [/rosout_disable_topics_generation] by /performance_monitor
[rosmaster.master][INFO] 2026-08-30 08:43:27,963: +CACHEDPARAM [/rosout_disable_topics_generation] by /performance_monitor
[rosmaster.master][INFO] 2026-08-30 08:43:27,964: +CACHEDPARAM [/rosout_disable_topics_generation] by /performance_monitor
[rosmaster.master][INFO] 2026-08-30 08:43:27,967: +CACHEDPARAM [/rosout_disable_topics_generation] by /performance_monitor
[rosmaster.master][INFO] 2026-08-30 08:43:27,969: +CACHEDPARAM [/rosout_disable_topics_generation] by /performance_monitor
[rosmaster.master][INFO] 2026-08-30 08:43:27,972: +CACHEDPARAM [/rosout_disable_topics_generation] by /performance_monitor
[rosmaster.master][INFO] 2026-08-30 08:43:27,974: +CACHEDPARAM [/rosout_disable_topics_generation] by /performance_monitor
[rosmaster.master][INFO] 2026-08-30 08:43:28,055: +CACHEDPARAM [/rosout_disable_topics_generation] by /performance_monitor
[rosmaster.master][INFO] 2026-08-30 08:43:28,057: +CACHEDPARAM [/rosout_disable_topics_generation] by /performance_monitor
[rosmaster.master][INFO] 2026-08-30 08:43:28,154: +CACHEDPARAM [/rosout_disable_topics_generation] by /performance_monitor
[rosmaster.master][INFO] 2026-08-30 08:43:28,157: +CACHEDPARAM [/rosout_disable_topics_generation] by /performance_monitor
[rosmaster.master][INFO] 2026-08-30 08:43:28,255: +CACHEDPARAM [/rosout_disable_topics_generation] by /performance_monitor
[rosmaster.master][INFO] 2026-08-30 08:43:28,258: +CACHEDPARAM [/rosout_disable_topics_generation] by /performance_monitor
[rosmaster.master][INFO] 2026-08-30 08:43:28,357: +CACHEDPARAM [/rosout_disable_topics_generation] by /performance_monitor
[rosmaster.master][INFO] 2026-08-30 08:43:28,360: +CACHEDPARAM [/rosout_disable_topics_generation] by /performance_monitor
[rosmaster.master][INFO] 2026-08-30 08:43:28,457: +CACHEDPARAM [/rosout_disable_topics_generation] by /performance_monitor
[rosmaster.master][INFO] 2026-08-30 08:43:28,460: +CACHEDPARAM [/rosout_disable_topics_generation] by /performance_monitor
[rosmaster.master][INFO] 2026-08-30 08:43:28,558: +CACHEDPARAM [/rosout_disable_topics_generation] by /performance_monitor
[rosmaster.master][INFO] 2026-08-30 08:43:28,561: +CACHEDPARAM [/rosout_disable_topics_generation] by /performance_monitor
[rosmaster.master][INFO] 2026-08-30 08:43:28,653: +CACHEDPARAM [/rosout_disable_topics_generation] by /performance_monitor
[rosmaster.master][INFO] 2026-08-30 08:43:28,656: +CACHEDPARAM [/rosout_disable_topics_generation] by /performance_monitor
[rosmaster.master][INFO] 2026-08-30 08:43:28,751: +CACHEDPARAM [/rosout_disable_topics_generation] by /performance_monitor
[rosmaster.master][INFO] 2026-08-30 08:43:28,754: +CACHEDPARAM [/rosout_disable_topics_generation] by /performance_monitor
[rosmaster.master][INFO] 2026-08-30 08:43:28,853: +CACHEDPARAM [/rosout_disable_topics_generation] by /performance_monitor
[rosmaster.master][INFO] 2026-08-30 08:43:28,855: +CACHEDPARAM [/rosout_disable_topics_generation] by /performance_monitor
[rosmaster.master][INFO] 2026-08-30 08:43:28,955: +CACHEDPARAM [/rosout_disable_topics_generation] by /performance_monitor
[rosmaster.master][INFO] 2026-08-30 08:43:28,958: +CACHEDPARAM [/rosout_disable_topics_generation] by /performance_monitor
[rosmaster.master][INFO] 2026-08-30 08:43:29,055: +CACHEDPARAM [/rosout_disable_topics_generation] by /performance_monitor
[rosmaster.master][INFO] 2026-08-30 08:43:29,057: +CACHEDPARAM [/rosout_disable_topics_generation] by /performance_monitor
[rosmaster.master][INFO] 2026-08-30 08:43:29,133: +CACHEDPARAM [/rosout_disable_topics_generation] by /performance_monitor
[rosmaster.master][INFO] 2026-08-30 08:43:29,188: +CACHEDPARAM [/rosout_disable_topics_generation] by /performance_monitor
[rosmaster.master][INFO] 2026-08-30 08:43:29,190: +CACHEDPARAM [/rosout_disable_topics_generation] by /performance_monitor
[rosmaster.master][INFO] 2026-08-30 08:43:29,192: +CACHEDPARAM [/rosout_disable_topics_generation] by /performance_monitor
[rosmaster.master][INFO] 2026-08-30 08:43:29,193: +CACHEDPARAM [/rosout_disable_topics_generation] by /performance_monitor
[rosmaster.master][INFO] 2026-08-30 08:43:29,255: +CACHEDPARAM [/rosout_disable_topics_generation] by /performance_monitor
[rosmaster.master][INFO] 2026-08-30 08:43:29,257: +CACHEDPARAM [/rosout_disable_topics_generation] by /performance_monitor
[rosmaster.master][INFO] 2026-08-30 08:43:29,355: +CACHEDPARAM [/rosout_disable_topics_generation] by /performance_monitor
[rosmaster.master][INFO] 2026-08-30 08:43:29,357: +CACHEDPARAM [/rosout_disable_topics_generation] by /performance_monitor
[rosmaster.master][INFO] 2026-08-30 08:43:29,451: +CACHEDPARAM [/rosout_disable_topics_generation] by /performance_monitor
[rosmaster.master][INFO] 2026-08-30 08:43:29,453: +CACHEDPARAM [/rosout_disable_topics_generation] by /performance_monitor
[rosmaster.master][INFO] 2026-08-30 08:43:29,555: +CACHEDPARAM [/rosout_disable_topics_generation] by /performance_monitor
[rosmaster.master][INFO] 2026-08-30 08:43:29,557: +CACHEDPARAM [/rosout_disable_topics_generation] by /performance_monitor
[rosmaster.master][INFO] 2026-08-30 08:43:29,651: +CACHEDPARAM [/rosout_disable_topics_generation] by /performance_monitor
[rosmaster.master][INFO] 2026-08-30 08:43:29,653: +CACHEDPARAM [/rosout_disable_topics_generation] by /performance_monitor
[rosmaster.master][INFO] 2026-08-30 08:43:29,752: +CACHEDPARAM [/rosout_disable_topics_generation] by /performance_monitor
[rosmaster.master][INFO] 2026-08-30 08:43:29,754: +CACHEDPARAM [/rosout_disable_topics_generation] by /performance_monitor
[rosmaster.master][INFO] 2026-08-30 08:43:29,850: +CACHEDPARAM [/rosout_disable_topics_generation] by /performance_monitor
[rosmaster.master][INFO] 2026-08-30 08:43:29,852: +CACHEDPARAM [/rosout_disable_topics_generation] by /performance_monitor
[rosmaster.master][INFO] 2026-08-30 08:43:29,955: +CACHEDPARAM [/rosout_disable_topics_generation] by /performance_monitor
[rosmaster.master][INFO] 2026-08-30 08:43:29,957: +CACHEDPARAM [/rosout_disable_topics_generation] by /performance_monitor
[rosmaster.master][INFO] 2026-08-30 08:43:30,055: +CACHEDPARAM [/rosout_disable_topics_generation] by /performance_monitor
[rosmaster.master][INFO] 2026-08-30 08:43:30,057: +CACHEDPARAM [/rosout_disable_topics_generation] by /performance_monitor
[rosmaster.master][INFO] 2026-08-30 08:43:30,151: +CACHEDPARAM [/rosout_disable_topics_generation] by /performance_monitor
[rosmaster.master][INFO] 2026-08-30 08:43:30,154: +CACHEDPARAM [/rosout_disable_topics_generation] by /performance_monitor
[rosmaster.master][INFO] 2026-08-30 08:43:30,251: +CACHEDPARAM [/rosout_disable_topics_generation] by /performance_monitor
[rosmaster.master][INFO] 2026-08-30 08:43:30,253: +CACHEDPARAM [/rosout_disable_topics_generation] by /performance_monitor
[rosmaster.master][INFO] 2026-08-30 08:43:30,356: +CACHEDPARAM [/rosout_disable_topics_generation] by /performance_monitor
[rosmaster.master][INFO] 2026-08-30 08:43:30,358: +CACHEDPARAM [/rosout_disable_topics_generation] by /performance_monitor
[rosmaster.master][INFO] 2026-08-30 08:43:30,455: +CACHEDPARAM [/rosout_disable_topics_generation] by /performance_monitor
[rosmaster.master][INFO] 2026-08-30 08:43:30,458: +CACHEDPARAM [/rosout_disable_topics_generation] by /performance_monitor
[rosmaster.master][INFO] 2026-08-30 08:43:30,557: +CACHEDPARAM [/rosout_disable_topics_generation] by /performance_monitor
[rosmaster.master][INFO] 2026-08-30 08:43:30,560: +CACHEDPARAM [/rosout_disable_topics_generation] by /performance_monitor
[rosmaster.master][INFO] 2026-08-30 08:43:30,653: +CACHEDPARAM [/rosout_disable_topics_generation] by /performance_monitor
[rosmaster.master][INFO] 2026-08-30 08:43:30,657: +CACHEDPARAM [/rosout_disable_topics_generation] by /performance_monitor
[rosmaster.master][INFO] 2026-08-30 08:43:30,754: +CACHEDPARAM [/rosout_disable_topics_generation] by /performance_monitor
[rosmaster.master][INFO] 2026-08-30 08:43:30,758: +CACHEDPARAM [/rosout_disable_topics_generation] by /performance_monitor
[rosmaster.master][INFO] 2026-08-30 08:43:30,854: +CACHEDPARAM [/rosout_disable_topics_generation] by /performance_monitor
[rosmaster.master][INFO] 2026-08-30 08:43:30,858: +CACHEDPARAM [/rosout_disable_topics_generation] by /performance_monitor
[rosmaster.master][INFO] 2026-08-30 08:43:30,959: +CACHEDPARAM [/rosout_disable_topics_generation] by /performance_monitor
[rosmaster.master][INFO] 2026-08-30 08:43:30,962: +CACHEDPARAM [/rosout_disable_topics_generation] by /performance_monitor
[rosmaster.master][INFO] 2026-08-30 08:43:31,058: +CACHEDPARAM [/rosout_disable_topics_generation] by /performance_monitor
[rosmaster.master][INFO] 2026-08-30 08:43:31,062: +CACHEDPARAM [/rosout_disable_topics_generation] by /performance_monitor
[rosmaster.master][INFO] 2026-08-30 08:43:31,153: +CACHEDPARAM [/rosout_disable_topics_generation] by /performance_monitor
[rosmaster.master][INFO] 2026-08-30 08:43:31,156: +CACHEDPARAM [/rosout_disable_topics_generation] by /performance_monitor
[rosmaster.master][INFO] 2026-08-30 08:43:31,253: +CACHEDPARAM [/rosout_disable_topics_generation] by /performance_monitor
[rosmaster.master][INFO] 2026-08-30 08:43:31,256: +CACHEDPARAM [/rosout_disable_topics_generation] by /performance_monitor
[rosmaster.master][INFO] 2026-08-30 08:43:31,354: +CACHEDPARAM [/rosout_disable_topics_generation] by /performance_monitor
[rosmaster.master][INFO] 2026-08-30 08:43:31,357: +CACHEDPARAM [/rosout_disable_topics_generation] by /performance_monitor
[rosmaster.master][INFO] 2026-08-30 08:43:31,452: +CACHEDPARAM [/rosout_disable_topics_generation] by /performance_monitor
[rosmaster.master][INFO] 2026-08-30 08:43:31,454: +CACHEDPARAM [/rosout_disable_topics_generation] by /performance_monitor
[rosmaster.master][INFO] 2026-08-30 08:43:31,552: +CACHEDPARAM [/rosout_disable_topics_generation] by /performance_monitor
[rosmaster.master][INFO] 2026-08-30 08:43:31,555: +CACHEDPARAM [/rosout_disable_topics_generation] by /performance_monitor
[rosmaster.master][INFO] 2026-08-30 08:43:31,652: +CACHEDPARAM [/rosout_disable_topics_generation] by /performance_monitor
[rosmaster.master][INFO] 2026-08-30 08:43:31,655: +CACHEDPARAM [/rosout_disable_topics_generation] by /performance_monitor
[rosmaster.master][INFO] 2026-08-30 08:43:31,750: +CACHEDPARAM [/rosout_disable_topics_generation] by /performance_monitor
[rosmaster.master][INFO] 2026-08-30 08:43:31,752: +CACHEDPARAM [/rosout_disable_topics_generation] by /performance_monitor
[rosmaster.master][INFO] 2026-08-30 08:43:31,851: +CACHEDPARAM [/rosout_disable_topics_generation] by /performance_monitor
[rosmaster.master][INFO] 2026-08-30 08:43:31,852: +CACHEDPARAM [/rosout_disable_topics_generation] by /performance_monitor
[rosmaster.master][INFO] 2026-08-30 08:43:31,951: +CACHEDPARAM [/rosout_disable_topics_generation] by /performance_monitor
[rosmaster.master][INFO] 2026-08-30 08:43:31,953: +CACHEDPARAM [/rosout_disable_topics_generation] by /performance_monitor
[rosmaster.master][INFO] 2026-08-30 08:43:32,051: +CACHEDPARAM [/rosout_disable_topics_generation] by /performance_monitor
[rosmaster.master][INFO] 2026-08-30 08:43:32,053: +CACHEDPARAM [/rosout_disable_topics_generation] by /performance_monitor
[rosmaster.master][INFO] 2026-08-30 08:43:32,151: +CACHEDPARAM [/rosout_disable_topics_generation] by /performance_monitor
[rosmaster.master][INFO] 2026-08-30 08:43:32,153: +CACHEDPARAM [/rosout_disable_topics_generation] by /performance_monitor
[rosmaster.master][INFO] 2026-08-30 08:43:32,251: +CACHEDPARAM [/rosout_disable_topics_generation] by /performance_monitor
[rosmaster.master][INFO] 2026-08-30 08:43:32,253: +CACHEDPARAM [/rosout_disable_topics_generation] by /performance_monitor
[rosmaster.master][INFO] 2026-08-30 08:43:32,356: +CACHEDPARAM [/rosout_disable_topics_generation] by /performance_monitor
[rosmaster.master][INFO] 2026-08-30 08:43:32,359: +CACHEDPARAM [/rosout_disable_topics_generation] by /performance_monitor
[rosmaster.master][INFO] 2026-08-30 08:43:32,451: +CACHEDPARAM [/rosout_disable_topics_generation] by /performance_monitor
[rosmaster.master][INFO] 2026-08-30 08:43:32,454: +CACHEDPARAM [/rosout_disable_topics_generation] by /performance_monitor
[rosmaster.master][INFO] 2026-08-30 08:43:32,556: +CACHEDPARAM [/rosout_disable_topics_generation] by /performance_monitor
[rosmaster.master][INFO] 2026-08-30 08:43:32,560: +CACHEDPARAM [/rosout_disable_topics_generation] by /performance_monitor
[rosmaster.master][INFO] 2026-08-30 08:43:32,652: +CACHEDPARAM [/rosout_disable_topics_generation] by /performance_monitor
[rosmaster.master][INFO] 2026-08-30 08:43:32,655: +CACHEDPARAM [/rosout_disable_topics_generation] by /performance_monitor
[rosmaster.master][INFO] 2026-08-30 08:43:32,752: +CACHEDPARAM [/rosout_disable_topics_generation] by /performance_monitor
[rosmaster.master][INFO] 2026-08-30 08:43:32,755: +CACHEDPARAM [/rosout_disable_topics_generation] by /performance_monitor
[rosmaster.master][INFO] 2026-08-30 08:43:32,857: +CACHEDPARAM [/rosout_disable_topics_generation] by /performance_monitor
[rosmaster.master][INFO] 2026-08-30 08:43:32,860: +CACHEDPARAM [/rosout_disable_topics_generation] by /performance_monitor
[rosmaster.master][INFO] 2026-08-30 08:43:32,956: +CACHEDPARAM [/rosout_disable_topics_generation] by /performance_monitor
[rosmaster.master][INFO] 2026-08-30 08:43:32,959: +CACHEDPARAM [/rosout_disable_topics_generation] by /performance_monitor
[rosmaster.master][INFO] 2026-08-30 08:43:33,056: +CACHEDPARAM [/rosout_disable_topics_generation] by /performance_monitor
[rosmaster.master][INFO] 2026-08-30 08:43:33,059: +CACHEDPARAM [/rosout_disable_topics_generation] by /performance_monitor
[rosmaster.master][INFO] 2026-08-30 08:43:33,156: +CACHEDPARAM [/rosout_disable_topics_generation] by /performance_monitor
[rosmaster.master][INFO] 2026-08-30 08:43:33,159: +CACHEDPARAM [/rosout_disable_topics_generation] by /performance_monitor
[rosmaster.master][INFO] 2026-08-30 08:43:33,252: +CACHEDPARAM [/rosout_disable_topics_generation] by /performance_monitor
[rosmaster.master][INFO] 2026-08-30 08:43:33,255: +CACHEDPARAM [/rosout_disable_topics_generation] by /performance_monitor
[rosmaster.master][INFO] 2026-08-30 08:43:33,356: +CACHEDPARAM [/rosout_disable_topics_generation] by /performance_monitor
[rosmaster.master][INFO] 2026-08-30 08:43:33,359: +CACHEDPARAM [/rosout_disable_topics_generation] by /performance_monitor
[rosmaster.master][INFO] 2026-08-30 08:43:33,453: +CACHEDPARAM [/rosout_disable_topics_generation] by /performance_monitor
[rosmaster.master][INFO] 2026-08-30 08:43:33,458: +CACHEDPARAM [/rosout_disable_topics_generation] by /performance_monitor
[rosmaster.master][INFO] 2026-08-30 08:43:33,553: +CACHEDPARAM [/rosout_disable_topics_generation] by /performance_monitor
[rosmaster.master][INFO] 2026-08-30 08:43:33,556: +CACHEDPARAM [/rosout_disable_topics_generation] by /performance_monitor
[rosmaster.master][INFO] 2026-08-30 08:43:33,656: +CACHEDPARAM [/rosout_disable_topics_generation] by /performance_monitor
[rosmaster.master][INFO] 2026-08-30 08:43:33,659: +CACHEDPARAM [/rosout_disable_topics_generation] by /performance_monitor
[rosmaster.master][INFO] 2026-08-30 08:43:33,755: +CACHEDPARAM [/rosout_disable_topics_generation] by /performance_monitor
[rosmaster.master][INFO] 2026-08-30 08:43:33,757: +CACHEDPARAM [/rosout_disable_topics_generation] by /performance_monitor
[rosmaster.master][INFO] 2026-08-30 08:43:33,851: +CACHEDPARAM [/rosout_disable_topics_generation] by /performance_monitor
[rosmaster.master][INFO] 2026-08-30 08:43:33,853: +CACHEDPARAM [/rosout_disable_topics_generation] by /performance_monitor
[rosmaster.master][INFO] 2026-08-30 08:43:33,950: +CACHEDPARAM [/rosout_disable_topics_generation] by /performance_monitor
[rosmaster.master][INFO] 2026-08-30 08:43:33,952: +CACHEDPARAM [/rosout_disable_topics_generation] by /performance_monitor
[rosmaster.master][INFO] 2026-08-30 08:43:34,055: +CACHEDPARAM [/rosout_disable_topics_generation] by /performance_monitor
[rosmaster.master][INFO] 2026-08-30 08:43:34,057: +CACHEDPARAM [/rosout_disable_topics_generation] by /performance_monitor
[rosmaster.master][INFO] 2026-08-30 08:43:34,151: +CACHEDPARAM [/rosout_disable_topics_generation] by /performance_monitor
[rosmaster.master][INFO] 2026-08-30 08:43:34,153: +CACHEDPARAM [/rosout_disable_topics_generation] by /performance_monitor
[rosmaster.master][INFO] 2026-08-30 08:43:34,196: +CACHEDPARAM [/rosout_disable_topics_generation] by /performance_monitor
[rosmaster.master][INFO] 2026-08-30 08:43:34,455: +CACHEDPARAM [/rosout_disable_topics_generation] by /performance_monitor
[rosmaster.master][INFO] 2026-08-30 08:43:34,468: +CACHEDPARAM [/rosout_disable_topics_generation] by /performance_monitor
[rosmaster.master][INFO] 2026-08-30 08:43:34,636: +CACHEDPARAM [/rosout_disable_topics_generation] by /performance_monitor
[rosmaster.master][INFO] 2026-08-30 08:43:34,644: +CACHEDPARAM [/rosout_disable_topics_generation] by /performance_monitor
[rosmaster.master][INFO] 2026-08-30 08:43:34,819: +CACHEDPARAM [/rosout_disable_topics_generation] by /performance_monitor
[rosmaster.master][INFO] 2026-08-30 08:43:34,839: +CACHEDPARAM [/rosout_disable_topics_generation] by /performance_monitor
[rosmaster.master][INFO] 2026-08-30 08:43:35,001: +CACHEDPARAM [/rosout_disable_topics_generation] by /performance_monitor
[rosmaster.master][INFO] 2026-08-30 08:43:35,022: +CACHEDPARAM [/rosout_disable_topics_generation] by /performance_monitor
[rosmaster.master][INFO] 2026-08-30 08:43:35,171: +CACHEDPARAM [/rosout_disable_topics_generation] by /performance_monitor
[rosmaster.master][INFO] 2026-08-30 08:43:35,191: +CACHEDPARAM [/rosout_disable_topics_generation] by /performance_monitor
[rosmaster.master][INFO] 2026-08-30 08:43:35,388: +CACHEDPARAM [/rosout_disable_topics_generation] by /performance_monitor
[rosmaster.master][INFO] 2026-08-30 08:43:35,413: +CACHEDPARAM [/rosout_disable_topics_generation] by /performance_monitor
[rosmaster.master][INFO] 2026-08-30 08:43:35,421: +CACHEDPARAM [/rosout_disable_topics_generation] by /performance_monitor
[rosmaster.master][INFO] 2026-08-30 08:43:35,432: +CACHEDPARAM [/rosout_disable_topics_generation] by /performance_monitor
[rosmaster.master][INFO] 2026-08-30 08:43:35,452: +CACHEDPARAM [/rosout_disable_topics_generation] by /performance_monitor
[rosmaster.master][INFO] 2026-08-30 08:43:35,694: +CACHEDPARAM [/rosout_disable_topics_generation] by /performance_monitor
[rosmaster.master][INFO] 2026-08-30 08:43:35,733: +CACHEDPARAM [/rosout_disable_topics_generation] by /performance_monitor
[rosmaster.master][INFO] 2026-08-30 08:43:36,010: +CACHEDPARAM [/rosout_disable_topics_generation] by /performance_monitor
[rosmaster.master][INFO] 2026-08-30 08:43:36,045: +CACHEDPARAM [/rosout_disable_topics_generation] by /performance_monitor
[rosmaster.master][INFO] 2026-08-30 08:43:36,118: +CACHEDPARAM [/rosout_disable_topics_generation] by /performance_monitor
[rosmaster.master][INFO] 2026-08-30 08:43:36,121: +CACHEDPARAM [/rosout_disable_topics_generation] by /performance_monitor
[rosmaster.master][INFO] 2026-08-30 08:43:36,122: +CACHEDPARAM [/rosout_disable_topics_generation] by /performance_monitor
[rosmaster.master][INFO] 2026-08-30 08:43:36,161: +CACHEDPARAM [/rosout_disable_topics_generation] by /performance_monitor
[rosmaster.master][INFO] 2026-08-30 08:43:36,162: +CACHEDPARAM [/rosout_disable_topics_generation] by /performance_monitor
[rosmaster.master][INFO] 2026-08-30 08:43:36,261: +CACHEDPARAM [/rosout_disable_topics_generation] by /performance_monitor
[rosmaster.master][INFO] 2026-08-30 08:43:36,263: +CACHEDPARAM [/rosout_disable_topics_generation] by /performance_monitor
[rosmaster.master][INFO] 2026-08-30 08:43:36,362: +CACHEDPARAM [/rosout_disable_topics_generation] by /performance_monitor
[rosmaster.master][INFO] 2026-08-30 08:43:36,365: +CACHEDPARAM [/rosout_disable_topics_generation] by /performance_monitor
[rosmaster.master][INFO] 2026-08-30 08:43:36,458: +CACHEDPARAM [/rosout_disable_topics_generation] by /performance_monitor
[rosmaster.master][INFO] 2026-08-30 08:43:36,461: +CACHEDPARAM [/rosout_disable_topics_generation] by /performance_monitor
[rosmaster.master][INFO] 2026-08-30 08:43:36,559: +CACHEDPARAM [/rosout_disable_topics_generation] by /performance_monitor
[rosmaster.master][INFO] 2026-08-30 08:43:36,562: +CACHEDPARAM [/rosout_disable_topics_generation] by /performance_monitor
[rosmaster.master][INFO] 2026-08-30 08:43:36,663: +CACHEDPARAM [/rosout_disable_topics_generation] by /performance_monitor
[rosmaster.master][INFO] 2026-08-30 08:43:36,667: +CACHEDPARAM [/rosout_disable_topics_generation] by /performance_monitor
[rosmaster.master][INFO] 2026-08-30 08:43:36,763: +CACHEDPARAM [/rosout_disable_topics_generation] by /performance_monitor
[rosmaster.master][INFO] 2026-08-30 08:43:36,767: +CACHEDPARAM [/rosout_disable_topics_generation] by /performance_monitor
[rosmaster.master][INFO] 2026-08-30 08:43:36,859: +CACHEDPARAM [/rosout_disable_topics_generation] by /performance_monitor
[rosmaster.master][INFO] 2026-08-30 08:43:36,863: +CACHEDPARAM [/rosout_disable_topics_generation] by /performance_monitor
[rosmaster.master][INFO] 2026-08-30 08:43:36,963: +CACHEDPARAM [/rosout_disable_topics_generation] by /performance_monitor
[rosmaster.master][INFO] 2026-08-30 08:43:36,967: +CACHEDPARAM [/rosout_disable_topics_generation] by /performance_monitor
[rosmaster.master][INFO] 2026-08-30 08:43:37,061: +CACHEDPARAM [/rosout_disable_topics_generation] by /performance_monitor
[rosmaster.master][INFO] 2026-08-30 08:43:37,065: +CACHEDPARAM [/rosout_disable_topics_generation] by /performance_monitor
[rosmaster.master][INFO] 2026-08-30 08:43:37,159: +CACHEDPARAM [/rosout_disable_topics_generation] by /performance_monitor
[rosmaster.master][INFO] 2026-08-30 08:43:37,163: +CACHEDPARAM [/rosout_disable_topics_generation] by /performance_monitor
[rosmaster.master][INFO] 2026-08-30 08:43:37,261: +CACHEDPARAM [/rosout_disable_topics_generation] by /performance_monitor
[rosmaster.master][INFO] 2026-08-30 08:43:37,265: +CACHEDPARAM [/rosout_disable_topics_generation] by /performance_monitor
[rosmaster.master][INFO] 2026-08-30 08:43:37,297: +CACHEDPARAM [/rosout_disable_topics_generation] by /performance_monitor
[rosmaster.master][INFO] 2026-08-30 08:43:37,356: +CACHEDPARAM [/rosout_disable_topics_generation] by /performance_monitor
[rosmaster.master][INFO] 2026-08-30 08:43:37,358: +CACHEDPARAM [/rosout_disable_topics_generation] by /performance_monitor
[rosmaster.master][INFO] 2026-08-30 08:43:37,360: +CACHEDPARAM [/rosout_disable_topics_generation] by /performance_monitor
[rosmaster.master][INFO] 2026-08-30 08:43:37,363: +CACHEDPARAM [/rosout_disable_topics_generation] by /performance_monitor
[rosmaster.master][INFO] 2026-08-30 08:43:37,459: +CACHEDPARAM [/rosout_disable_topics_generation] by /performance_monitor
[rosmaster.master][INFO] 2026-08-30 08:43:37,461: +CACHEDPARAM [/rosout_disable_topics_generation] by /performance_monitor
[rosmaster.master][INFO] 2026-08-30 08:43:37,562: +CACHEDPARAM [/rosout_disable_topics_generation] by /performance_monitor
[rosmaster.master][INFO] 2026-08-30 08:43:37,564: +CACHEDPARAM [/rosout_disable_topics_generation] by /performance_monitor
[rosmaster.master][INFO] 2026-08-30 08:43:37,658: +CACHEDPARAM [/rosout_disable_topics_generation] by /performance_monitor
[rosmaster.master][INFO] 2026-08-30 08:43:37,661: +CACHEDPARAM [/rosout_disable_topics_generation] by /performance_monitor
[rosmaster.master][INFO] 2026-08-30 08:43:37,757: +CACHEDPARAM [/rosout_disable_topics_generation] by /performance_monitor
[rosmaster.master][INFO] 2026-08-30 08:43:37,759: +CACHEDPARAM [/rosout_disable_topics_generation] by /performance_monitor
[rosmaster.master][INFO] 2026-08-30 08:43:37,862: +CACHEDPARAM [/rosout_disable_topics_generation] by /performance_monitor
[rosmaster.master][INFO] 2026-08-30 08:43:37,864: +CACHEDPARAM [/rosout_disable_topics_generation] by /performance_monitor
[rosmaster.master][INFO] 2026-08-30 08:43:37,961: +CACHEDPARAM [/rosout_disable_topics_generation] by /performance_monitor
[rosmaster.master][INFO] 2026-08-30 08:43:37,963: +CACHEDPARAM [/rosout_disable_topics_generation] by /performance_monitor
[rosmaster.master][INFO] 2026-08-30 08:43:38,057: +CACHEDPARAM [/rosout_disable_topics_generation] by /performance_monitor
[rosmaster.master][INFO] 2026-08-30 08:43:38,059: +CACHEDPARAM [/rosout_disable_topics_generation] by /performance_monitor
[rosmaster.master][INFO] 2026-08-30 08:43:38,162: +CACHEDPARAM [/rosout_disable_topics_generation] by /performance_monitor
[rosmaster.master][INFO] 2026-08-30 08:43:38,165: +CACHEDPARAM [/rosout_disable_topics_generation] by /performance_monitor
[rosmaster.master][INFO] 2026-08-30 08:43:38,263: +CACHEDPARAM [/rosout_disable_topics_generation] by /performance_monitor
[rosmaster.master][INFO] 2026-08-30 08:43:38,267: +CACHEDPARAM [/rosout_disable_topics_generation] by /performance_monitor
[rosmaster.master][INFO] 2026-08-30 08:43:38,357: +CACHEDPARAM [/rosout_disable_topics_generation] by /performance_monitor
[rosmaster.master][INFO] 2026-08-30 08:43:38,360: +CACHEDPARAM [/rosout_disable_topics_generation] by /performance_monitor
[rosmaster.master][INFO] 2026-08-30 08:43:38,457: +CACHEDPARAM [/rosout_disable_topics_generation] by /performance_monitor
[rosmaster.master][INFO] 2026-08-30 08:43:38,459: +CACHEDPARAM [/rosout_disable_topics_generation] by /performance_monitor
[rosmaster.master][INFO] 2026-08-30 08:43:38,558: +CACHEDPARAM [/rosout_disable_topics_generation] by /performance_monitor
[rosmaster.master][INFO] 2026-08-30 08:43:38,561: +CACHEDPARAM [/rosout_disable_topics_generation] by /performance_monitor
[rosmaster.master][INFO] 2026-08-30 08:43:38,665: +CACHEDPARAM [/rosout_disable_topics_generation] by /performance_monitor
[rosmaster.master][INFO] 2026-08-30 08:43:38,670: +CACHEDPARAM [/rosout_disable_topics_generation] by /performance_monitor
[rosmaster.master][INFO] 2026-08-30 08:43:38,763: +CACHEDPARAM [/rosout_disable_topics_generation] by /performance_monitor
[rosmaster.master][INFO] 2026-08-30 08:43:38,768: +CACHEDPARAM [/rosout_disable_topics_generation] by /performance_monitor
[rosmaster.master][INFO] 2026-08-30 08:43:38,862: +CACHEDPARAM [/rosout_disable_topics_generation] by /performance_monitor
[rosmaster.master][INFO] 2026-08-30 08:43:38,869: +CACHEDPARAM [/rosout_disable_topics_generation] by /performance_monitor
[rosmaster.master][INFO] 2026-08-30 08:43:38,959: +CACHEDPARAM [/rosout_disable_topics_generation] by /performance_monitor
[rosmaster.master][INFO] 2026-08-30 08:43:38,966: +CACHEDPARAM [/rosout_disable_topics_generation] by /performance_monitor
[rosmaster.master][INFO] 2026-08-30 08:43:39,061: +CACHEDPARAM [/rosout_disable_topics_generation] by /performance_monitor
[rosmaster.master][INFO] 2026-08-30 08:43:39,066: +CACHEDPARAM [/rosout_disable_topics_generation] by /performance_monitor
[rosmaster.master][INFO] 2026-08-30 08:43:39,159: +CACHEDPARAM [/rosout_disable_topics_generation] by /performance_monitor
[rosmaster.master][INFO] 2026-08-30 08:43:39,164: +CACHEDPARAM [/rosout_disable_topics_generation] by /performance_monitor
[rosmaster.master][INFO] 2026-08-30 08:43:39,262: +CACHEDPARAM [/rosout_disable_topics_generation] by /performance_monitor
[rosmaster.master][INFO] 2026-08-30 08:43:39,273: +CACHEDPARAM [/rosout_disable_topics_generation] by /performance_monitor
[rosmaster.master][INFO] 2026-08-30 08:43:39,363: +CACHEDPARAM [/rosout_disable_topics_generation] by /performance_monitor
[rosmaster.master][INFO] 2026-08-30 08:43:39,369: +CACHEDPARAM [/rosout_disable_topics_generation] by /performance_monitor
[rosmaster.master][INFO] 2026-08-30 08:43:39,459: +CACHEDPARAM [/rosout_disable_topics_generation] by /performance_monitor
[rosmaster.master][INFO] 2026-08-30 08:43:39,463: +CACHEDPARAM [/rosout_disable_topics_generation] by /performance_monitor
[rosmaster.master][INFO] 2026-08-30 08:43:39,560: +CACHEDPARAM [/rosout_disable_topics_generation] by /performance_monitor
[rosmaster.master][INFO] 2026-08-30 08:43:39,566: +CACHEDPARAM [/rosout_disable_topics_generation] by /performance_monitor
[rosmaster.master][INFO] 2026-08-30 08:43:39,664: +CACHEDPARAM [/rosout_disable_topics_generation] by /performance_monitor
[rosmaster.master][INFO] 2026-08-30 08:43:39,669: +CACHEDPARAM [/rosout_disable_topics_generation] by /performance_monitor
[rosmaster.master][INFO] 2026-08-30 08:43:39,758: +CACHEDPARAM [/rosout_disable_topics_generation] by /performance_monitor
[rosmaster.master][INFO] 2026-08-30 08:43:39,761: +CACHEDPARAM [/rosout_disable_topics_generation] by /performance_monitor
[rosmaster.master][INFO] 2026-08-30 08:43:39,857: +CACHEDPARAM [/rosout_disable_topics_generation] by /performance_monitor
[rosmaster.master][INFO] 2026-08-30 08:43:39,859: +CACHEDPARAM [/rosout_disable_topics_generation] by /performance_monitor
[rosmaster.master][INFO] 2026-08-30 08:43:39,960: +CACHEDPARAM [/rosout_disable_topics_generation] by /performance_monitor
[rosmaster.master][INFO] 2026-08-30 08:43:39,963: +CACHEDPARAM [/rosout_disable_topics_generation] by /performance_monitor
[rosmaster.master][INFO] 2026-08-30 08:43:40,060: +CACHEDPARAM [/rosout_disable_topics_generation] by /performance_monitor
[rosmaster.master][INFO] 2026-08-30 08:43:40,063: +CACHEDPARAM [/rosout_disable_topics_generation] by /performance_monitor
[rosmaster.master][INFO] 2026-08-30 08:43:40,159: +CACHEDPARAM [/rosout_disable_topics_generation] by /performance_monitor
[rosmaster.master][INFO] 2026-08-30 08:43:40,161: +CACHEDPARAM [/rosout_disable_topics_generation] by /performance_monitor
[rosmaster.master][INFO] 2026-08-30 08:43:40,262: +CACHEDPARAM [/rosout_disable_topics_generation] by /performance_monitor
[rosmaster.master][INFO] 2026-08-30 08:43:40,265: +CACHEDPARAM [/rosout_disable_topics_generation] by /performance_monitor
[rosmaster.master][INFO] 2026-08-30 08:43:40,360: +CACHEDPARAM [/rosout_disable_topics_generation] by /performance_monitor
[rosmaster.master][INFO] 2026-08-30 08:43:40,364: +CACHEDPARAM [/rosout_disable_topics_generation] by /performance_monitor
[rosmaster.master][INFO] 2026-08-30 08:43:40,459: +CACHEDPARAM [/rosout_disable_topics_generation] by /performance_monitor
[rosmaster.master][INFO] 2026-08-30 08:43:40,464: +CACHEDPARAM [/rosout_disable_topics_generation] by /performance_monitor
[rosmaster.master][INFO] 2026-08-30 08:43:40,560: +CACHEDPARAM [/rosout_disable_topics_generation] by /performance_monitor
[rosmaster.master][INFO] 2026-08-30 08:43:40,566: +CACHEDPARAM [/rosout_disable_topics_generation] by /performance_monitor
[rosmaster.master][INFO] 2026-08-30 08:43:40,662: +CACHEDPARAM [/rosout_disable_topics_generation] by /performance_monitor
[rosmaster.master][INFO] 2026-08-30 08:43:40,668: +CACHEDPARAM [/rosout_disable_topics_generation] by /performance_monitor
[rosmaster.master][INFO] 2026-08-30 08:43:40,760: +CACHEDPARAM [/rosout_disable_topics_generation] by /performance_monitor
[rosmaster.master][INFO] 2026-08-30 08:43:40,766: +CACHEDPARAM [/rosout_disable_topics_generation] by /performance_monitor
[rosmaster.master][INFO] 2026-08-30 08:43:40,863: +CACHEDPARAM [/rosout_disable_topics_generation] by /performance_monitor
[rosmaster.master][INFO] 2026-08-30 08:43:40,874: +CACHEDPARAM [/rosout_disable_topics_generation] by /performance_monitor
[rosmaster.master][INFO] 2026-08-30 08:43:40,960: +CACHEDPARAM [/rosout_disable_topics_generation] by /performance_monitor
[rosmaster.master][INFO] 2026-08-30 08:43:40,966: +CACHEDPARAM [/rosout_disable_topics_generation] by /performance_monitor
[rosmaster.master][INFO] 2026-08-30 08:43:41,064: +CACHEDPARAM [/rosout_disable_topics_generation] by /performance_monitor
[rosmaster.master][INFO] 2026-08-30 08:43:41,070: +CACHEDPARAM [/rosout_disable_topics_generation] by /performance_monitor
[rosmaster.master][INFO] 2026-08-30 08:43:41,159: +CACHEDPARAM [/rosout_disable_topics_generation] by /performance_monitor
[rosmaster.master][INFO] 2026-08-30 08:43:41,166: +CACHEDPARAM [/rosout_disable_topics_generation] by /performance_monitor
[rosmaster.master][INFO] 2026-08-30 08:43:41,265: +CACHEDPARAM [/rosout_disable_topics_generation] by /performance_monitor
[rosmaster.master][INFO] 2026-08-30 08:43:41,272: +CACHEDPARAM [/rosout_disable_topics_generation] by /performance_monitor
[rosmaster.master][INFO] 2026-08-30 08:43:41,360: +CACHEDPARAM [/rosout_disable_topics_generation] by /performance_monitor
[rosmaster.master][INFO] 2026-08-30 08:43:41,366: +CACHEDPARAM [/rosout_disable_topics_generation] by /performance_monitor
[rosmaster.master][INFO] 2026-08-30 08:43:41,463: +CACHEDPARAM [/rosout_disable_topics_generation] by /performance_monitor
[rosmaster.master][INFO] 2026-08-30 08:43:41,469: +CACHEDPARAM [/rosout_disable_topics_generation] by /performance_monitor
[rosmaster.master][INFO] 2026-08-30 08:43:41,559: +CACHEDPARAM [/rosout_disable_topics_generation] by /performance_monitor
[rosmaster.master][INFO] 2026-08-30 08:43:41,564: +CACHEDPARAM [/rosout_disable_topics_generation] by /performance_monitor
[rosmaster.master][INFO] 2026-08-30 08:43:41,661: +CACHEDPARAM [/rosout_disable_topics_generation] by /performance_monitor
[rosmaster.master][INFO] 2026-08-30 08:43:41,667: +CACHEDPARAM [/rosout_disable_topics_generation] by /performance_monitor
[rosmaster.master][INFO] 2026-08-30 08:43:41,757: +CACHEDPARAM [/rosout_disable_topics_generation] by /performance_monitor
[rosmaster.master][INFO] 2026-08-30 08:43:41,760: +CACHEDPARAM [/rosout_disable_topics_generation] by /performance_monitor
[rosmaster.master][INFO] 2026-08-30 08:43:41,857: +CACHEDPARAM [/rosout_disable_topics_generation] by /performance_monitor
[rosmaster.master][INFO] 2026-08-30 08:43:41,859: +CACHEDPARAM [/rosout_disable_topics_generation] by /performance_monitor
[rosmaster.master][INFO] 2026-08-30 08:43:41,960: +CACHEDPARAM [/rosout_disable_topics_generation] by /performance_monitor
[rosmaster.master][INFO] 2026-08-30 08:43:41,962: +CACHEDPARAM [/rosout_disable_topics_generation] by /performance_monitor
[rosmaster.master][INFO] 2026-08-30 08:43:42,059: +CACHEDPARAM [/rosout_disable_topics_generation] by /performance_monitor
[rosmaster.master][INFO] 2026-08-30 08:43:42,061: +CACHEDPARAM [/rosout_disable_topics_generation] by /performance_monitor
[rosmaster.master][INFO] 2026-08-30 08:43:42,158: +CACHEDPARAM [/rosout_disable_topics_generation] by /performance_monitor
[rosmaster.master][INFO] 2026-08-30 08:43:42,160: +CACHEDPARAM [/rosout_disable_topics_generation] by /performance_monitor
[rosmaster.master][INFO] 2026-08-30 08:43:42,261: +CACHEDPARAM [/rosout_disable_topics_generation] by /performance_monitor
[rosmaster.master][INFO] 2026-08-30 08:43:42,263: +CACHEDPARAM [/rosout_disable_topics_generation] by /performance_monitor
[rosmaster.master][INFO] 2026-08-30 08:43:42,363: +CACHEDPARAM [/rosout_disable_topics_generation] by /performance_monitor
[rosmaster.master][INFO] 2026-08-30 08:43:42,379: +CACHEDPARAM [/rosout_disable_topics_generation] by /performance_monitor
[rosmaster.master][INFO] 2026-08-30 08:43:42,393: +CACHEDPARAM [/rosout_disable_topics_generation] by /performance_monitor
[rosmaster.master][INFO] 2026-08-30 08:43:42,690: +CACHEDPARAM [/rosout_disable_topics_generation] by /performance_monitor
[rosmaster.master][INFO] 2026-08-30 08:43:42,710: +CACHEDPARAM [/rosout_disable_topics_generation] by /performance_monitor
[rosmaster.master][INFO] 2026-08-30 08:43:42,831: +CACHEDPARAM [/rosout_disable_topics_generation] by /performance_monitor
[rosmaster.master][INFO] 2026-08-30 08:43:42,839: +CACHEDPARAM [/rosout_disable_topics_generation] by /performance_monitor
[rosmaster.master][INFO] 2026-08-30 08:43:42,954: +CACHEDPARAM [/rosout_disable_topics_generation] by /performance_monitor
[rosmaster.master][INFO] 2026-08-30 08:43:42,967: +CACHEDPARAM [/rosout_disable_topics_generation] by /performance_monitor
[rosmaster.master][INFO] 2026-08-30 08:43:43,091: +CACHEDPARAM [/rosout_disable_topics_generation] by /performance_monitor
[rosmaster.master][INFO] 2026-08-30 08:43:43,105: +CACHEDPARAM [/rosout_disable_topics_generation] by /performance_monitor
[rosmaster.master][INFO] 2026-08-30 08:43:43,248: +CACHEDPARAM [/rosout_disable_topics_generation] by /performance_monitor
[rosmaster.master][INFO] 2026-08-30 08:43:43,274: +CACHEDPARAM [/rosout_disable_topics_generation] by /performance_monitor
[rosmaster.master][INFO] 2026-08-30 08:43:43,453: +CACHEDPARAM [/rosout_disable_topics_generation] by /performance_monitor
[rosmaster.master][INFO] 2026-08-30 08:43:43,473: +CACHEDPARAM [/rosout_disable_topics_generation] by /performance_monitor
[rosmaster.master][INFO] 2026-08-30 08:43:43,614: +CACHEDPARAM [/rosout_disable_topics_generation] by /performance_monitor
[rosmaster.master][INFO] 2026-08-30 08:43:43,627: +CACHEDPARAM [/rosout_disable_topics_generation] by /performance_monitor
[rosmaster.master][INFO] 2026-08-30 08:43:43,657: +CACHEDPARAM [/rosout_disable_topics_generation] by /performance_monitor
[rosmaster.master][INFO] 2026-08-30 08:43:43,669: +CACHEDPARAM [/rosout_disable_topics_generation] by /performance_monitor
[rosmaster.master][INFO] 2026-08-30 08:43:43,718: +CACHEDPARAM [/rosout_disable_topics_generation] by /performance_monitor
[rosmaster.master][INFO] 2026-08-30 08:43:43,958: +CACHEDPARAM [/rosout_disable_topics_generation] by /performance_monitor
[rosmaster.master][INFO] 2026-08-30 08:43:44,001: +CACHEDPARAM [/rosout_disable_topics_generation] by /performance_monitor
[rosmaster.master][INFO] 2026-08-30 08:43:44,266: +CACHEDPARAM [/rosout_disable_topics_generation] by /performance_monitor
[rosmaster.master][INFO] 2026-08-30 08:43:44,291: +CACHEDPARAM [/rosout_disable_topics_generation] by /performance_monitor
[rosmaster.master][INFO] 2026-08-30 08:43:44,348: +CACHEDPARAM [/rosout_disable_topics_generation] by /performance_monitor
[rosmaster.master][INFO] 2026-08-30 08:43:44,349: +CACHEDPARAM [/rosout_disable_topics_generation] by /performance_monitor
[rosmaster.master][INFO] 2026-08-30 08:43:44,351: +CACHEDPARAM [/rosout_disable_topics_generation] by /performance_monitor
[rosmaster.master][INFO] 2026-08-30 08:43:44,354: +CACHEDPARAM [/rosout_disable_topics_generation] by /performance_monitor
[rosmaster.master][INFO] 2026-08-30 08:43:44,356: +CACHEDPARAM [/rosout_disable_topics_generation] by /performance_monitor
[rosmaster.master][INFO] 2026-08-30 08:43:44,358: +CACHEDPARAM [/rosout_disable_topics_generation] by /performance_monitor
[rosmaster.master][INFO] 2026-08-30 08:43:44,360: +CACHEDPARAM [/rosout_disable_topics_generation] by /performance_monitor
[rosmaster.master][INFO] 2026-08-30 08:43:44,419: +CACHEDPARAM [/rosout_disable_topics_generation] by /performance_monitor
[rosmaster.master][INFO] 2026-08-30 08:43:44,421: +CACHEDPARAM [/rosout_disable_topics_generation] by /performance_monitor
[rosmaster.master][INFO] 2026-08-30 08:43:44,519: +CACHEDPARAM [/rosout_disable_topics_generation] by /performance_monitor
[rosmaster.master][INFO] 2026-08-30 08:43:44,522: +CACHEDPARAM [/rosout_disable_topics_generation] by /performance_monitor
[rosmaster.master][INFO] 2026-08-30 08:43:44,621: +CACHEDPARAM [/rosout_disable_topics_generation] by /performance_monitor
[rosmaster.master][INFO] 2026-08-30 08:43:44,625: +CACHEDPARAM [/rosout_disable_topics_generation] by /performance_monitor
[rosmaster.master][INFO] 2026-08-30 08:43:44,725: +CACHEDPARAM [/rosout_disable_topics_generation] by /performance_monitor
[rosmaster.master][INFO] 2026-08-30 08:43:44,732: +CACHEDPARAM [/rosout_disable_topics_generation] by /performance_monitor
[rosmaster.master][INFO] 2026-08-30 08:43:44,824: +CACHEDPARAM [/rosout_disable_topics_generation] by /performance_monitor
[rosmaster.master][INFO] 2026-08-30 08:43:44,832: +CACHEDPARAM [/rosout_disable_topics_generation] by /performance_monitor
[rosmaster.master][INFO] 2026-08-30 08:43:44,921: +CACHEDPARAM [/rosout_disable_topics_generation] by /performance_monitor
[rosmaster.master][INFO] 2026-08-30 08:43:44,930: +CACHEDPARAM [/rosout_disable_topics_generation] by /performance_monitor
[rosmaster.master][INFO] 2026-08-30 08:43:45,024: +CACHEDPARAM [/rosout_disable_topics_generation] by /performance_monitor
[rosmaster.master][INFO] 2026-08-30 08:43:45,031: +CACHEDPARAM [/rosout_disable_topics_generation] by /performance_monitor
[rosmaster.master][INFO] 2026-08-30 08:43:45,121: +CACHEDPARAM [/rosout_disable_topics_generation] by /performance_monitor
[rosmaster.master][INFO] 2026-08-30 08:43:45,127: +CACHEDPARAM [/rosout_disable_topics_generation] by /performance_monitor
[rosmaster.master][INFO] 2026-08-30 08:43:45,224: +CACHEDPARAM [/rosout_disable_topics_generation] by /performance_monitor
[rosmaster.master][INFO] 2026-08-30 08:43:45,231: +CACHEDPARAM [/rosout_disable_topics_generation] by /performance_monitor
[rosmaster.master][INFO] 2026-08-30 08:43:45,322: +CACHEDPARAM [/rosout_disable_topics_generation] by /performance_monitor
[rosmaster.master][INFO] 2026-08-30 08:43:45,329: +CACHEDPARAM [/rosout_disable_topics_generation] by /performance_monitor
[rosmaster.master][INFO] 2026-08-30 08:43:45,418: +CACHEDPARAM [/rosout_disable_topics_generation] by /performance_monitor
[rosmaster.master][INFO] 2026-08-30 08:43:45,423: +CACHEDPARAM [/rosout_disable_topics_generation] by /performance_monitor
[rosmaster.master][INFO] 2026-08-30 08:43:45,520: +CACHEDPARAM [/rosout_disable_topics_generation] by /performance_monitor
[rosmaster.master][INFO] 2026-08-30 08:43:45,526: +CACHEDPARAM [/rosout_disable_topics_generation] by /performance_monitor
[rosmaster.master][INFO] 2026-08-30 08:43:45,532: +CACHEDPARAM [/rosout_disable_topics_generation] by /performance_monitor
[rosmaster.master][INFO] 2026-08-30 08:43:45,586: +CACHEDPARAM [/rosout_disable_topics_generation] by /performance_monitor
[rosmaster.master][INFO] 2026-08-30 08:43:45,589: +CACHEDPARAM [/rosout_disable_topics_generation] by /performance_monitor
[rosmaster.master][INFO] 2026-08-30 08:43:45,618: +CACHEDPARAM [/rosout_disable_topics_generation] by /performance_monitor
[rosmaster.master][INFO] 2026-08-30 08:43:45,620: +CACHEDPARAM [/rosout_disable_topics_generation] by /performance_monitor
[rosmaster.master][INFO] 2026-08-30 08:43:45,714: +CACHEDPARAM [/rosout_disable_topics_generation] by /performance_monitor
[rosmaster.master][INFO] 2026-08-30 08:43:45,717: +CACHEDPARAM [/rosout_disable_topics_generation] by /performance_monitor
[rosmaster.master][INFO] 2026-08-30 08:43:45,819: +CACHEDPARAM [/rosout_disable_topics_generation] by /performance_monitor
[rosmaster.master][INFO] 2026-08-30 08:43:45,822: +CACHEDPARAM [/rosout_disable_topics_generation] by /performance_monitor
[rosmaster.master][INFO] 2026-08-30 08:43:45,915: +CACHEDPARAM [/rosout_disable_topics_generation] by /performance_monitor
[rosmaster.master][INFO] 2026-08-30 08:43:45,917: +CACHEDPARAM [/rosout_disable_topics_generation] by /performance_monitor
[rosmaster.master][INFO] 2026-08-30 08:43:46,015: +CACHEDPARAM [/rosout_disable_topics_generation] by /performance_monitor
[rosmaster.master][INFO] 2026-08-30 08:43:46,017: +CACHEDPARAM [/rosout_disable_topics_generation] by /performance_monitor
[rosmaster.master][INFO] 2026-08-30 08:43:46,119: +CACHEDPARAM [/rosout_disable_topics_generation] by /performance_monitor
[rosmaster.master][INFO] 2026-08-30 08:43:46,121: +CACHEDPARAM [/rosout_disable_topics_generation] by /performance_monitor
[rosmaster.master][INFO] 2026-08-30 08:43:46,221: +CACHEDPARAM [/rosout_disable_topics_generation] by /performance_monitor
[rosmaster.master][INFO] 2026-08-30 08:43:46,225: +CACHEDPARAM [/rosout_disable_topics_generation] by /performance_monitor
[rosmaster.master][INFO] 2026-08-30 08:43:46,324: +CACHEDPARAM [/rosout_disable_topics_generation] by /performance_monitor
[rosmaster.master][INFO] 2026-08-30 08:43:46,329: +CACHEDPARAM [/rosout_disable_topics_generation] by /performance_monitor
[rosmaster.master][INFO] 2026-08-30 08:43:46,424: +CACHEDPARAM [/rosout_disable_topics_generation] by /performance_monitor
[rosmaster.master][INFO] 2026-08-30 08:43:46,429: +CACHEDPARAM [/rosout_disable_topics_generation] by /performance_monitor
[rosmaster.master][INFO] 2026-08-30 08:43:46,524: +CACHEDPARAM [/rosout_disable_topics_generation] by /performance_monitor
[rosmaster.master][INFO] 2026-08-30 08:43:46,532: +CACHEDPARAM [/rosout_disable_topics_generation] by /performance_monitor
[rosmaster.master][INFO] 2026-08-30 08:43:46,621: +CACHEDPARAM [/rosout_disable_topics_generation] by /performance_monitor
[rosmaster.master][INFO] 2026-08-30 08:43:46,627: +CACHEDPARAM [/rosout_disable_topics_generation] by /performance_monitor
[rosmaster.master][INFO] 2026-08-30 08:43:46,721: +CACHEDPARAM [/rosout_disable_topics_generation] by /performance_monitor
[rosmaster.master][INFO] 2026-08-30 08:43:46,728: +CACHEDPARAM [/rosout_disable_topics_generation] by /performance_monitor
[rosmaster.master][INFO] 2026-08-30 08:43:46,822: +CACHEDPARAM [/rosout_disable_topics_generation] by /performance_monitor
[rosmaster.master][INFO] 2026-08-30 08:43:46,828: +CACHEDPARAM [/rosout_disable_topics_generation] by /performance_monitor
[rosmaster.master][INFO] 2026-08-30 08:43:46,922: +CACHEDPARAM [/rosout_disable_topics_generation] by /performance_monitor
[rosmaster.master][INFO] 2026-08-30 08:43:46,928: +CACHEDPARAM [/rosout_disable_topics_generation] by /performance_monitor
[rosmaster.master][INFO] 2026-08-30 08:43:47,022: +CACHEDPARAM [/rosout_disable_topics_generation] by /performance_monitor
[rosmaster.master][INFO] 2026-08-30 08:43:47,028: +CACHEDPARAM [/rosout_disable_topics_generation] by /performance_monitor
[rosmaster.master][INFO] 2026-08-30 08:43:47,125: +CACHEDPARAM [/rosout_disable_topics_generation] by /performance_monitor
[rosmaster.master][INFO] 2026-08-30 08:43:47,132: +CACHEDPARAM [/rosout_disable_topics_generation] by /performance_monitor
[rosmaster.master][INFO] 2026-08-30 08:43:47,220: +CACHEDPARAM [/rosout_disable_topics_generation] by /performance_monitor
[rosmaster.master][INFO] 2026-08-30 08:43:47,226: +CACHEDPARAM [/rosout_disable_topics_generation] by /performance_monitor
[rosmaster.master][INFO] 2026-08-30 08:43:47,317: +CACHEDPARAM [/rosout_disable_topics_generation] by /performance_monitor
[rosmaster.master][INFO] 2026-08-30 08:43:47,323: +CACHEDPARAM [/rosout_disable_topics_generation] by /performance_monitor
[rosmaster.master][INFO] 2026-08-30 08:43:47,420: +CACHEDPARAM [/rosout_disable_topics_generation] by /performance_monitor
[rosmaster.master][INFO] 2026-08-30 08:43:47,428: +CACHEDPARAM [/rosout_disable_topics_generation] by /performance_monitor
[rosmaster.master][INFO] 2026-08-30 08:43:47,517: +CACHEDPARAM [/rosout_disable_topics_generation] by /performance_monitor
[rosmaster.master][INFO] 2026-08-30 08:43:47,521: +CACHEDPARAM [/rosout_disable_topics_generation] by /performance_monitor
[rosmaster.master][INFO] 2026-08-30 08:43:47,620: +CACHEDPARAM [/rosout_disable_topics_generation] by /performance_monitor
[rosmaster.master][INFO] 2026-08-30 08:43:47,625: +CACHEDPARAM [/rosout_disable_topics_generation] by /performance_monitor
[rosmaster.master][INFO] 2026-08-30 08:43:47,719: +CACHEDPARAM [/rosout_disable_topics_generation] by /performance_monitor
[rosmaster.master][INFO] 2026-08-30 08:43:47,723: +CACHEDPARAM [/rosout_disable_topics_generation] by /performance_monitor
[rosmaster.master][INFO] 2026-08-30 08:43:47,816: +CACHEDPARAM [/rosout_disable_topics_generation] by /performance_monitor
[rosmaster.master][INFO] 2026-08-30 08:43:47,819: +CACHEDPARAM [/rosout_disable_topics_generation] by /performance_monitor
[rosmaster.master][INFO] 2026-08-30 08:43:47,916: +CACHEDPARAM [/rosout_disable_topics_generation] by /performance_monitor
[rosmaster.master][INFO] 2026-08-30 08:43:47,918: +CACHEDPARAM [/rosout_disable_topics_generation] by /performance_monitor
[rosmaster.master][INFO] 2026-08-30 08:43:48,018: +CACHEDPARAM [/rosout_disable_topics_generation] by /performance_monitor
[rosmaster.master][INFO] 2026-08-30 08:43:48,021: +CACHEDPARAM [/rosout_disable_topics_generation] by /performance_monitor
[rosmaster.master][INFO] 2026-08-30 08:43:48,117: +CACHEDPARAM [/rosout_disable_topics_generation] by /performance_monitor
[rosmaster.master][INFO] 2026-08-30 08:43:48,120: +CACHEDPARAM [/rosout_disable_topics_generation] by /performance_monitor
[rosmaster.master][INFO] 2026-08-30 08:43:48,216: +CACHEDPARAM [/rosout_disable_topics_generation] by /performance_monitor
[rosmaster.master][INFO] 2026-08-30 08:43:48,220: +CACHEDPARAM [/rosout_disable_topics_generation] by /performance_monitor
[rosmaster.master][INFO] 2026-08-30 08:43:48,322: +CACHEDPARAM [/rosout_disable_topics_generation] by /performance_monitor
[rosmaster.master][INFO] 2026-08-30 08:43:48,332: +CACHEDPARAM [/rosout_disable_topics_generation] by /performance_monitor
[rosmaster.master][INFO] 2026-08-30 08:43:48,417: +CACHEDPARAM [/rosout_disable_topics_generation] by /performance_monitor
[rosmaster.master][INFO] 2026-08-30 08:43:48,420: +CACHEDPARAM [/rosout_disable_topics_generation] by /performance_monitor
[rosmaster.master][INFO] 2026-08-30 08:43:48,523: +CACHEDPARAM [/rosout_disable_topics_generation] by /performance_monitor
[rosmaster.master][INFO] 2026-08-30 08:43:48,528: +CACHEDPARAM [/rosout_disable_topics_generation] by /performance_monitor
[rosmaster.master][INFO] 2026-08-30 08:43:48,617: +CACHEDPARAM [/rosout_disable_topics_generation] by /performance_monitor
[rosmaster.master][INFO] 2026-08-30 08:43:48,624: +CACHEDPARAM [/rosout_disable_topics_generation] by /performance_monitor
[rosmaster.master][INFO] 2026-08-30 08:43:48,722: +CACHEDPARAM [/rosout_disable_topics_generation] by /performance_monitor
[rosmaster.master][INFO] 2026-08-30 08:43:48,728: +CACHEDPARAM [/rosout_disable_topics_generation] by /performance_monitor
[rosmaster.master][INFO] 2026-08-30 08:43:48,818: +CACHEDPARAM [/rosout_disable_topics_generation] by /performance_monitor
[rosmaster.master][INFO] 2026-08-30 08:43:48,825: +CACHEDPARAM [/rosout_disable_topics_generation] by /performance_monitor
[rosmaster.master][INFO] 2026-08-30 08:43:48,918: +CACHEDPARAM [/rosout_disable_topics_generation] by /performance_monitor
[rosmaster.master][INFO] 2026-08-30 08:43:48,923: +CACHEDPARAM [/rosout_disable_topics_generation] by /performance_monitor
[rosmaster.master][INFO] 2026-08-30 08:43:49,019: +CACHEDPARAM [/rosout_disable_topics_generation] by /performance_monitor
[rosmaster.master][INFO] 2026-08-30 08:43:49,025: +CACHEDPARAM [/rosout_disable_topics_generation] by /performance_monitor
[rosmaster.master][INFO] 2026-08-30 08:43:49,123: +CACHEDPARAM [/rosout_disable_topics_generation] by /performance_monitor
[rosmaster.master][INFO] 2026-08-30 08:43:49,127: +CACHEDPARAM [/rosout_disable_topics_generation] by /performance_monitor
[rosmaster.master][INFO] 2026-08-30 08:43:49,225: +CACHEDPARAM [/rosout_disable_topics_generation] by /performance_monitor
[rosmaster.master][INFO] 2026-08-30 08:43:49,232: +CACHEDPARAM [/rosout_disable_topics_generation] by /performance_monitor
[rosmaster.master][INFO] 2026-08-30 08:43:49,319: +CACHEDPARAM [/rosout_disable_topics_generation] by /performance_monitor
[rosmaster.master][INFO] 2026-08-30 08:43:49,326: +CACHEDPARAM [/rosout_disable_topics_generation] by /performance_monitor
[rosmaster.master][INFO] 2026-08-30 08:43:49,423: +CACHEDPARAM [/rosout_disable_topics_generation] by /performance_monitor
[rosmaster.master][INFO] 2026-08-30 08:43:49,428: +CACHEDPARAM [/rosout_disable_topics_generation] by /performance_monitor
[rosmaster.master][INFO] 2026-08-30 08:43:49,520: +CACHEDPARAM [/rosout_disable_topics_generation] by /performance_monitor
[rosmaster.master][INFO] 2026-08-30 08:43:49,524: +CACHEDPARAM [/rosout_disable_topics_generation] by /performance_monitor
[rosmaster.master][INFO] 2026-08-30 08:43:49,622: +CACHEDPARAM [/rosout_disable_topics_generation] by /performance_monitor
[rosmaster.master][INFO] 2026-08-30 08:43:49,628: +CACHEDPARAM [/rosout_disable_topics_generation] by /performance_monitor
[rosmaster.master][INFO] 2026-08-30 08:43:49,722: +CACHEDPARAM [/rosout_disable_topics_generation] by /performance_monitor
[rosmaster.master][INFO] 2026-08-30 08:43:49,726: +CACHEDPARAM [/rosout_disable_topics_generation] by /performance_monitor
[rosmaster.master][INFO] 2026-08-30 08:43:49,815: +CACHEDPARAM [/rosout_disable_topics_generation] by /performance_monitor
[rosmaster.master][INFO] 2026-08-30 08:43:49,817: +CACHEDPARAM [/rosout_disable_topics_generation] by /performance_monitor
[rosmaster.master][INFO] 2026-08-30 08:43:49,915: +CACHEDPARAM [/rosout_disable_topics_generation] by /performance_monitor
[rosmaster.master][INFO] 2026-08-30 08:43:49,917: +CACHEDPARAM [/rosout_disable_topics_generation] by /performance_monitor
[rosmaster.master][INFO] 2026-08-30 08:43:50,016: +CACHEDPARAM [/rosout_disable_topics_generation] by /performance_monitor
[rosmaster.master][INFO] 2026-08-30 08:43:50,018: +CACHEDPARAM [/rosout_disable_topics_generation] by /performance_monitor
[rosmaster.master][INFO] 2026-08-30 08:43:50,115: +CACHEDPARAM [/rosout_disable_topics_generation] by /performance_monitor
[rosmaster.master][INFO] 2026-08-30 08:43:50,118: +CACHEDPARAM [/rosout_disable_topics_generation] by /performance_monitor
[rosmaster.master][INFO] 2026-08-30 08:43:50,215: +CACHEDPARAM [/rosout_disable_topics_generation] by /performance_monitor
[rosmaster.master][INFO] 2026-08-30 08:43:50,217: +CACHEDPARAM [/rosout_disable_topics_generation] by /performance_monitor
[rosmaster.master][INFO] 2026-08-30 08:43:50,321: +CACHEDPARAM [/rosout_disable_topics_generation] by /performance_monitor
[rosmaster.master][INFO] 2026-08-30 08:43:50,324: +CACHEDPARAM [/rosout_disable_topics_generation] by /performance_monitor
[rosmaster.master][INFO] 2026-08-30 08:43:50,424: +CACHEDPARAM [/rosout_disable_topics_generation] by /performance_monitor
[rosmaster.master][INFO] 2026-08-30 08:43:50,428: +CACHEDPARAM [/rosout_disable_topics_generation] by /performance_monitor
[rosmaster.master][INFO] 2026-08-30 08:43:50,522: +CACHEDPARAM [/rosout_disable_topics_generation] by /performance_monitor
[rosmaster.master][INFO] 2026-08-30 08:43:50,528: +CACHEDPARAM [/rosout_disable_topics_generation] by /performance_monitor
[rosmaster.master][INFO] 2026-08-30 08:43:50,594: +CACHEDPARAM [/rosout_disable_topics_generation] by /performance_monitor
[rosmaster.master][INFO] 2026-08-30 08:43:50,761: +CACHEDPARAM [/rosout_disable_topics_generation] by /performance_monitor
[rosmaster.master][INFO] 2026-08-30 08:43:50,763: +CACHEDPARAM [/rosout_disable_topics_generation] by /performance_monitor
[rosmaster.master][INFO] 2026-08-30 08:43:50,890: +CACHEDPARAM [/rosout_disable_topics_generation] by /performance_monitor
[rosmaster.master][INFO] 2026-08-30 08:43:50,915: +CACHEDPARAM [/rosout_disable_topics_generation] by /performance_monitor
[rosmaster.master][INFO] 2026-08-30 08:43:51,089: +CACHEDPARAM [/rosout_disable_topics_generation] by /performance_monitor
[rosmaster.master][INFO] 2026-08-30 08:43:51,106: +CACHEDPARAM [/rosout_disable_topics_generation] by /performance_monitor
[rosmaster.master][INFO] 2026-08-30 08:43:51,258: +CACHEDPARAM [/rosout_disable_topics_generation] by /performance_monitor
[rosmaster.master][INFO] 2026-08-30 08:43:51,278: +CACHEDPARAM [/rosout_disable_topics_generation] by /performance_monitor
[rosmaster.master][INFO] 2026-08-30 08:43:51,426: +CACHEDPARAM [/rosout_disable_topics_generation] by /performance_monitor
[rosmaster.master][INFO] 2026-08-30 08:43:51,446: +CACHEDPARAM [/rosout_disable_topics_generation] by /performance_monitor
[rosmaster.master][INFO] 2026-08-30 08:43:51,575: +CACHEDPARAM [/rosout_disable_topics_generation] by /performance_monitor
[rosmaster.master][INFO] 2026-08-30 08:43:51,583: +CACHEDPARAM [/rosout_disable_topics_generation] by /performance_monitor
[rosmaster.master][INFO] 2026-08-30 08:43:51,781: +CACHEDPARAM [/rosout_disable_topics_generation] by /performance_monitor
[rosmaster.master][INFO] 2026-08-30 08:43:51,804: +CACHEDPARAM [/rosout_disable_topics_generation] by /performance_monitor
[rosmaster.master][INFO] 2026-08-30 08:43:51,859: +CACHEDPARAM [/rosout_disable_topics_generation] by /performance_monitor
[rosmaster.master][INFO] 2026-08-30 08:43:51,871: +CACHEDPARAM [/rosout_disable_topics_generation] by /performance_monitor
[rosmaster.master][INFO] 2026-08-30 08:43:51,916: +CACHEDPARAM [/rosout_disable_topics_generation] by /performance_monitor
[rosmaster.master][INFO] 2026-08-30 08:43:52,256: +CACHEDPARAM [/rosout_disable_topics_generation] by /performance_monitor
[rosmaster.master][INFO] 2026-08-30 08:43:52,288: +CACHEDPARAM [/rosout_disable_topics_generation] by /performance_monitor
[rosmaster.master][INFO] 2026-08-30 08:43:52,451: +CACHEDPARAM [/rosout_disable_topics_generation] by /performance_monitor
[rosmaster.master][INFO] 2026-08-30 08:43:52,489: +CACHEDPARAM [/rosout_disable_topics_generation] by /performance_monitor
[rosmaster.master][INFO] 2026-08-30 08:43:52,610: +CACHEDPARAM [/rosout_disable_topics_generation] by /performance_monitor
[rosmaster.master][INFO] 2026-08-30 08:43:52,611: +CACHEDPARAM [/rosout_disable_topics_generation] by /performance_monitor
[rosmaster.master][INFO] 2026-08-30 08:43:52,613: +CACHEDPARAM [/rosout_disable_topics_generation] by /performance_monitor
[rosmaster.master][INFO] 2026-08-30 08:43:52,616: +CACHEDPARAM [/rosout_disable_topics_generation] by /performance_monitor
[rosmaster.master][INFO] 2026-08-30 08:43:52,618: +CACHEDPARAM [/rosout_disable_topics_generation] by /performance_monitor
[rosmaster.master][INFO] 2026-08-30 08:43:52,620: +CACHEDPARAM [/rosout_disable_topics_generation] by /performance_monitor
[rosmaster.master][INFO] 2026-08-30 08:43:52,622: +CACHEDPARAM [/rosout_disable_topics_generation] by /performance_monitor
[rosmaster.master][INFO] 2026-08-30 08:43:52,712: +CACHEDPARAM [/rosout_disable_topics_generation] by /performance_monitor
[rosmaster.master][INFO] 2026-08-30 08:43:52,714: +CACHEDPARAM [/rosout_disable_topics_generation] by /performance_monitor
[rosmaster.master][INFO] 2026-08-30 08:43:52,817: +CACHEDPARAM [/rosout_disable_topics_generation] by /performance_monitor
[rosmaster.master][INFO] 2026-08-30 08:43:52,819: +CACHEDPARAM [/rosout_disable_topics_generation] by /performance_monitor
[rosmaster.master][INFO] 2026-08-30 08:43:52,914: +CACHEDPARAM [/rosout_disable_topics_generation] by /performance_monitor
[rosmaster.master][INFO] 2026-08-30 08:43:52,919: +CACHEDPARAM [/rosout_disable_topics_generation] by /performance_monitor
[rosmaster.master][INFO] 2026-08-30 08:43:53,016: +CACHEDPARAM [/rosout_disable_topics_generation] by /performance_monitor
[rosmaster.master][INFO] 2026-08-30 08:43:53,022: +CACHEDPARAM [/rosout_disable_topics_generation] by /performance_monitor
[rosmaster.master][INFO] 2026-08-30 08:43:53,118: +CACHEDPARAM [/rosout_disable_topics_generation] by /performance_monitor
[rosmaster.master][INFO] 2026-08-30 08:43:53,125: +CACHEDPARAM [/rosout_disable_topics_generation] by /performance_monitor
[rosmaster.master][INFO] 2026-08-30 08:43:53,216: +CACHEDPARAM [/rosout_disable_topics_generation] by /performance_monitor
[rosmaster.master][INFO] 2026-08-30 08:43:53,222: +CACHEDPARAM [/rosout_disable_topics_generation] by /performance_monitor
[rosmaster.master][INFO] 2026-08-30 08:43:53,319: +CACHEDPARAM [/rosout_disable_topics_generation] by /performance_monitor
[rosmaster.master][INFO] 2026-08-30 08:43:53,326: +CACHEDPARAM [/rosout_disable_topics_generation] by /performance_monitor
[rosmaster.master][INFO] 2026-08-30 08:43:53,418: +CACHEDPARAM [/rosout_disable_topics_generation] by /performance_monitor
[rosmaster.master][INFO] 2026-08-30 08:43:53,427: +CACHEDPARAM [/rosout_disable_topics_generation] by /performance_monitor
[rosmaster.master][INFO] 2026-08-30 08:43:53,521: +CACHEDPARAM [/rosout_disable_topics_generation] by /performance_monitor
[rosmaster.master][INFO] 2026-08-30 08:43:53,526: +CACHEDPARAM [/rosout_disable_topics_generation] by /performance_monitor
[rosmaster.master][INFO] 2026-08-30 08:43:53,618: +CACHEDPARAM [/rosout_disable_topics_generation] by /performance_monitor
[rosmaster.master][INFO] 2026-08-30 08:43:53,620: +CACHEDPARAM [/rosout_disable_topics_generation] by /performance_monitor
[rosmaster.master][INFO] 2026-08-30 08:43:53,715: +CACHEDPARAM [/rosout_disable_topics_generation] by /performance_monitor
[rosmaster.master][INFO] 2026-08-30 08:43:53,720: +CACHEDPARAM [/rosout_disable_topics_generation] by /performance_monitor
[rosmaster.master][INFO] 2026-08-30 08:43:53,803: +CACHEDPARAM [/rosout_disable_topics_generation] by /performance_monitor
[rosmaster.master][INFO] 2026-08-30 08:43:53,813: +CACHEDPARAM [/rosout_disable_topics_generation] by /performance_monitor
[rosmaster.master][INFO] 2026-08-30 08:43:53,863: +CACHEDPARAM [/rosout_disable_topics_generation] by /performance_monitor
[rosmaster.master][INFO] 2026-08-30 08:43:53,865: +CACHEDPARAM [/rosout_disable_topics_generation] by /performance_monitor
[rosmaster.master][INFO] 2026-08-30 08:43:53,867: +CACHEDPARAM [/rosout_disable_topics_generation] by /performance_monitor
[rosmaster.master][INFO] 2026-08-30 08:43:53,912: +CACHEDPARAM [/rosout_disable_topics_generation] by /performance_monitor
[rosmaster.master][INFO] 2026-08-30 08:43:53,913: +CACHEDPARAM [/rosout_disable_topics_generation] by /performance_monitor
[rosmaster.master][INFO] 2026-08-30 08:43:54,016: +CACHEDPARAM [/rosout_disable_topics_generation] by /performance_monitor
[rosmaster.master][INFO] 2026-08-30 08:43:54,019: +CACHEDPARAM [/rosout_disable_topics_generation] by /performance_monitor
[rosmaster.master][INFO] 2026-08-30 08:43:54,112: +CACHEDPARAM [/rosout_disable_topics_generation] by /performance_monitor
[rosmaster.master][INFO] 2026-08-30 08:43:54,115: +CACHEDPARAM [/rosout_disable_topics_generation] by /performance_monitor
[rosmaster.master][INFO] 2026-08-30 08:43:54,216: +CACHEDPARAM [/rosout_disable_topics_generation] by /performance_monitor
[rosmaster.master][INFO] 2026-08-30 08:43:54,220: +CACHEDPARAM [/rosout_disable_topics_generation] by /performance_monitor
[rosmaster.master][INFO] 2026-08-30 08:43:54,316: +CACHEDPARAM [/rosout_disable_topics_generation] by /performance_monitor
[rosmaster.master][INFO] 2026-08-30 08:43:54,323: +CACHEDPARAM [/rosout_disable_topics_generation] by /performance_monitor
[rosmaster.master][INFO] 2026-08-30 08:43:54,417: +CACHEDPARAM [/rosout_disable_topics_generation] by /performance_monitor
[rosmaster.master][INFO] 2026-08-30 08:43:54,423: +CACHEDPARAM [/rosout_disable_topics_generation] by /performance_monitor
[rosmaster.master][INFO] 2026-08-30 08:43:54,517: +CACHEDPARAM [/rosout_disable_topics_generation] by /performance_monitor
[rosmaster.master][INFO] 2026-08-30 08:43:54,524: +CACHEDPARAM [/rosout_disable_topics_generation] by /performance_monitor
[rosmaster.master][INFO] 2026-08-30 08:43:54,618: +CACHEDPARAM [/rosout_disable_topics_generation] by /performance_monitor
[rosmaster.master][INFO] 2026-08-30 08:43:54,624: +CACHEDPARAM [/rosout_disable_topics_generation] by /performance_monitor
[rosmaster.master][INFO] 2026-08-30 08:43:54,717: +CACHEDPARAM [/rosout_disable_topics_generation] by /performance_monitor
[rosmaster.master][INFO] 2026-08-30 08:43:54,721: +CACHEDPARAM [/rosout_disable_topics_generation] by /performance_monitor
[rosmaster.master][INFO] 2026-08-30 08:43:54,816: +CACHEDPARAM [/rosout_disable_topics_generation] by /performance_monitor
[rosmaster.master][INFO] 2026-08-30 08:43:54,823: +CACHEDPARAM [/rosout_disable_topics_generation] by /performance_monitor
[rosmaster.master][INFO] 2026-08-30 08:43:54,917: +CACHEDPARAM [/rosout_disable_topics_generation] by /performance_monitor
[rosmaster.master][INFO] 2026-08-30 08:43:54,923: +CACHEDPARAM [/rosout_disable_topics_generation] by /performance_monitor
[rosmaster.master][INFO] 2026-08-30 08:43:55,019: +CACHEDPARAM [/rosout_disable_topics_generation] by /performance_monitor
[rosmaster.master][INFO] 2026-08-30 08:43:55,025: +CACHEDPARAM [/rosout_disable_topics_generation] by /performance_monitor
[rosmaster.master][INFO] 2026-08-30 08:43:55,115: +CACHEDPARAM [/rosout_disable_topics_generation] by /performance_monitor
[rosmaster.master][INFO] 2026-08-30 08:43:55,121: +CACHEDPARAM [/rosout_disable_topics_generation] by /performance_monitor
[rosmaster.master][INFO] 2026-08-30 08:43:55,216: +CACHEDPARAM [/rosout_disable_topics_generation] by /performance_monitor
[rosmaster.master][INFO] 2026-08-30 08:43:55,224: +CACHEDPARAM [/rosout_disable_topics_generation] by /performance_monitor
[rosmaster.master][INFO] 2026-08-30 08:43:55,319: +CACHEDPARAM [/rosout_disable_topics_generation] by /performance_monitor
[rosmaster.master][INFO] 2026-08-30 08:43:55,327: +CACHEDPARAM [/rosout_disable_topics_generation] by /performance_monitor
[rosmaster.master][INFO] 2026-08-30 08:43:55,419: +CACHEDPARAM [/rosout_disable_topics_generation] by /performance_monitor
[rosmaster.master][INFO] 2026-08-30 08:43:55,425: +CACHEDPARAM [/rosout_disable_topics_generation] by /performance_monitor
[rosmaster.master][INFO] 2026-08-30 08:43:55,517: +CACHEDPARAM [/rosout_disable_topics_generation] by /performance_monitor
[rosmaster.master][INFO] 2026-08-30 08:43:55,523: +CACHEDPARAM [/rosout_disable_topics_generation] by /performance_monitor
[rosmaster.master][INFO] 2026-08-30 08:43:55,617: +CACHEDPARAM [/rosout_disable_topics_generation] by /performance_monitor
[rosmaster.master][INFO] 2026-08-30 08:43:55,623: +CACHEDPARAM [/rosout_disable_topics_generation] by /performance_monitor
[rosmaster.master][INFO] 2026-08-30 08:43:55,718: +CACHEDPARAM [/rosout_disable_topics_generation] by /performance_monitor
[rosmaster.master][INFO] 2026-08-30 08:43:55,722: +CACHEDPARAM [/rosout_disable_topics_generation] by /performance_monitor
[rosmaster.master][INFO] 2026-08-30 08:43:55,812: +CACHEDPARAM [/rosout_disable_topics_generation] by /performance_monitor
[rosmaster.master][INFO] 2026-08-30 08:43:55,814: +CACHEDPARAM [/rosout_disable_topics_generation] by /performance_monitor
[rosmaster.master][INFO] 2026-08-30 08:43:55,912: +CACHEDPARAM [/rosout_disable_topics_generation] by /performance_monitor
[rosmaster.master][INFO] 2026-08-30 08:43:55,914: +CACHEDPARAM [/rosout_disable_topics_generation] by /performance_monitor
[rosmaster.master][INFO] 2026-08-30 08:43:56,017: +CACHEDPARAM [/rosout_disable_topics_generation] by /performance_monitor
[rosmaster.master][INFO] 2026-08-30 08:43:56,018: +CACHEDPARAM [/rosout_disable_topics_generation] by /performance_monitor
[rosmaster.master][INFO] 2026-08-30 08:43:56,114: +CACHEDPARAM [/rosout_disable_topics_generation] by /performance_monitor
[rosmaster.master][INFO] 2026-08-30 08:43:56,117: +CACHEDPARAM [/rosout_disable_topics_generation] by /performance_monitor
[rosmaster.master][INFO] 2026-08-30 08:43:56,214: +CACHEDPARAM [/rosout_disable_topics_generation] by /performance_monitor
[rosmaster.master][INFO] 2026-08-30 08:43:56,218: +CACHEDPARAM [/rosout_disable_topics_generation] by /performance_monitor
[rosmaster.master][INFO] 2026-08-30 08:43:56,317: +CACHEDPARAM [/rosout_disable_topics_generation] by /performance_monitor
[rosmaster.master][INFO] 2026-08-30 08:43:56,323: +CACHEDPARAM [/rosout_disable_topics_generation] by /performance_monitor
[rosmaster.master][INFO] 2026-08-30 08:43:56,417: +CACHEDPARAM [/rosout_disable_topics_generation] by /performance_monitor
[rosmaster.master][INFO] 2026-08-30 08:43:56,424: +CACHEDPARAM [/rosout_disable_topics_generation] by /performance_monitor
[rosmaster.master][INFO] 2026-08-30 08:43:56,516: +CACHEDPARAM [/rosout_disable_topics_generation] by /performance_monitor
[rosmaster.master][INFO] 2026-08-30 08:43:56,524: +CACHEDPARAM [/rosout_disable_topics_generation] by /performance_monitor
[rosmaster.master][INFO] 2026-08-30 08:43:56,619: +CACHEDPARAM [/rosout_disable_topics_generation] by /performance_monitor
[rosmaster.master][INFO] 2026-08-30 08:43:56,626: +CACHEDPARAM [/rosout_disable_topics_generation] by /performance_monitor
[rosmaster.master][INFO] 2026-08-30 08:43:56,717: +CACHEDPARAM [/rosout_disable_topics_generation] by /performance_monitor
[rosmaster.master][INFO] 2026-08-30 08:43:56,724: +CACHEDPARAM [/rosout_disable_topics_generation] by /performance_monitor
[rosmaster.master][INFO] 2026-08-30 08:43:56,820: +CACHEDPARAM [/rosout_disable_topics_generation] by /performance_monitor
[rosmaster.master][INFO] 2026-08-30 08:43:56,826: +CACHEDPARAM [/rosout_disable_topics_generation] by /performance_monitor
[rosmaster.master][INFO] 2026-08-30 08:43:56,921: +CACHEDPARAM [/rosout_disable_topics_generation] by /performance_monitor
[rosmaster.master][INFO] 2026-08-30 08:43:56,926: +CACHEDPARAM [/rosout_disable_topics_generation] by /performance_monitor
[rosmaster.master][INFO] 2026-08-30 08:43:57,018: +CACHEDPARAM [/rosout_disable_topics_generation] by /performance_monitor
[rosmaster.master][INFO] 2026-08-30 08:43:57,028: +CACHEDPARAM [/rosout_disable_topics_generation] by /performance_monitor
[rosmaster.master][INFO] 2026-08-30 08:43:57,121: +CACHEDPARAM [/rosout_disable_topics_generation] by /performance_monitor
[rosmaster.master][INFO] 2026-08-30 08:43:57,126: +CACHEDPARAM [/rosout_disable_topics_generation] by /performance_monitor
[rosmaster.master][INFO] 2026-08-30 08:43:57,221: +CACHEDPARAM [/rosout_disable_topics_generation] by /performance_monitor
[rosmaster.master][INFO] 2026-08-30 08:43:57,225: +CACHEDPARAM [/rosout_disable_topics_generation] by /performance_monitor
[rosmaster.master][INFO] 2026-08-30 08:43:57,322: +CACHEDPARAM [/rosout_disable_topics_generation] by /performance_monitor
[rosmaster.master][INFO] 2026-08-30 08:43:57,328: +CACHEDPARAM [/rosout_disable_topics_generation] by /performance_monitor
[rosmaster.master][INFO] 2026-08-30 08:43:57,416: +CACHEDPARAM [/rosout_disable_topics_generation] by /performance_monitor
[rosmaster.master][INFO] 2026-08-30 08:43:57,420: +CACHEDPARAM [/rosout_disable_topics_generation] by /performance_monitor
[rosmaster.master][INFO] 2026-08-30 08:43:57,521: +CACHEDPARAM [/rosout_disable_topics_generation] by /performance_monitor
[rosmaster.master][INFO] 2026-08-30 08:43:57,528: +CACHEDPARAM [/rosout_disable_topics_generation] by /performance_monitor
[rosmaster.master][INFO] 2026-08-30 08:43:57,619: +CACHEDPARAM [/rosout_disable_topics_generation] by /performance_monitor
[rosmaster.master][INFO] 2026-08-30 08:43:57,626: +CACHEDPARAM [/rosout_disable_topics_generation] by /performance_monitor
[rosmaster.master][INFO] 2026-08-30 08:43:57,718: +CACHEDPARAM [/rosout_disable_topics_generation] by /performance_monitor
[rosmaster.master][INFO] 2026-08-30 08:43:57,722: +CACHEDPARAM [/rosout_disable_topics_generation] by /performance_monitor
[rosmaster.master][INFO] 2026-08-30 08:43:57,812: +CACHEDPARAM [/rosout_disable_topics_generation] by /performance_monitor
[rosmaster.master][INFO] 2026-08-30 08:43:57,815: +CACHEDPARAM [/rosout_disable_topics_generation] by /performance_monitor
[rosmaster.master][INFO] 2026-08-30 08:43:57,912: +CACHEDPARAM [/rosout_disable_topics_generation] by /performance_monitor
[rosmaster.master][INFO] 2026-08-30 08:43:57,913: +CACHEDPARAM [/rosout_disable_topics_generation] by /performance_monitor
[rosmaster.master][INFO] 2026-08-30 08:43:58,016: +CACHEDPARAM [/rosout_disable_topics_generation] by /performance_monitor
[rosmaster.master][INFO] 2026-08-30 08:43:58,018: +CACHEDPARAM [/rosout_disable_topics_generation] by /performance_monitor
[rosmaster.master][INFO] 2026-08-30 08:43:58,116: +CACHEDPARAM [/rosout_disable_topics_generation] by /performance_monitor
[rosmaster.master][INFO] 2026-08-30 08:43:58,119: +CACHEDPARAM [/rosout_disable_topics_generation] by /performance_monitor
[rosmaster.master][INFO] 2026-08-30 08:43:58,217: +CACHEDPARAM [/rosout_disable_topics_generation] by /performance_monitor
[rosmaster.master][INFO] 2026-08-30 08:43:58,221: +CACHEDPARAM [/rosout_disable_topics_generation] by /performance_monitor
[rosmaster.master][INFO] 2026-08-30 08:43:58,317: +CACHEDPARAM [/rosout_disable_topics_generation] by /performance_monitor
[rosmaster.master][INFO] 2026-08-30 08:43:58,321: +CACHEDPARAM [/rosout_disable_topics_generation] by /performance_monitor
[rosmaster.master][INFO] 2026-08-30 08:43:58,419: +CACHEDPARAM [/rosout_disable_topics_generation] by /performance_monitor
[rosmaster.master][INFO] 2026-08-30 08:43:58,426: +CACHEDPARAM [/rosout_disable_topics_generation] by /performance_monitor
[rosmaster.master][INFO] 2026-08-30 08:43:58,517: +CACHEDPARAM [/rosout_disable_topics_generation] by /performance_monitor
[rosmaster.master][INFO] 2026-08-30 08:43:58,522: +CACHEDPARAM [/rosout_disable_topics_generation] by /performance_monitor
[rosmaster.master][INFO] 2026-08-30 08:43:58,616: +CACHEDPARAM [/rosout_disable_topics_generation] by /performance_monitor
[rosmaster.master][INFO] 2026-08-30 08:43:58,620: +CACHEDPARAM [/rosout_disable_topics_generation] by /performance_monitor
[rosmaster.master][INFO] 2026-08-30 08:43:58,715: +CACHEDPARAM [/rosout_disable_topics_generation] by /performance_monitor
[rosmaster.master][INFO] 2026-08-30 08:43:58,720: +CACHEDPARAM [/rosout_disable_topics_generation] by /performance_monitor
[rosmaster.master][INFO] 2026-08-30 08:43:58,818: +CACHEDPARAM [/rosout_disable_topics_generation] by /performance_monitor
[rosmaster.master][INFO] 2026-08-30 08:43:58,825: +CACHEDPARAM [/rosout_disable_topics_generation] by /performance_monitor
[rosmaster.master][INFO] 2026-08-30 08:43:58,870: +CACHEDPARAM [/rosout_disable_topics_generation] by /performance_monitor
[rosmaster.master][INFO] 2026-08-30 08:43:59,080: +CACHEDPARAM [/rosout_disable_topics_generation] by /performance_monitor
[rosmaster.master][INFO] 2026-08-30 08:43:59,113: +CACHEDPARAM [/rosout_disable_topics_generation] by /performance_monitor
[rosmaster.master][INFO] 2026-08-30 08:43:59,276: +CACHEDPARAM [/rosout_disable_topics_generation] by /performance_monitor
[rosmaster.master][INFO] 2026-08-30 08:43:59,302: +CACHEDPARAM [/rosout_disable_topics_generation] by /performance_monitor
[rosmaster.master][INFO] 2026-08-30 08:43:59,398: +CACHEDPARAM [/rosout_disable_topics_generation] by /performance_monitor
[rosmaster.master][INFO] 2026-08-30 08:43:59,412: +CACHEDPARAM [/rosout_disable_topics_generation] by /performance_monitor
[rosmaster.master][INFO] 2026-08-30 08:43:59,568: +CACHEDPARAM [/rosout_disable_topics_generation] by /performance_monitor
[rosmaster.master][INFO] 2026-08-30 08:43:59,576: +CACHEDPARAM [/rosout_disable_topics_generation] by /performance_monitor
[rosmaster.master][INFO] 2026-08-30 08:43:59,748: +CACHEDPARAM [/rosout_disable_topics_generation] by /performance_monitor
[rosmaster.master][INFO] 2026-08-30 08:43:59,762: +CACHEDPARAM [/rosout_disable_topics_generation] by /performance_monitor
[rosmaster.master][INFO] 2026-08-30 08:43:59,917: +CACHEDPARAM [/rosout_disable_topics_generation] by /performance_monitor
[rosmaster.master][INFO] 2026-08-30 08:43:59,930: +CACHEDPARAM [/rosout_disable_topics_generation] by /performance_monitor
[rosmaster.master][INFO] 2026-08-30 08:44:00,118: +CACHEDPARAM [/rosout_disable_topics_generation] by /performance_monitor
[rosmaster.master][INFO] 2026-08-30 08:44:00,148: +CACHEDPARAM [/rosout_disable_topics_generation] by /performance_monitor
[rosmaster.master][INFO] 2026-08-30 08:44:00,200: +CACHEDPARAM [/rosout_disable_topics_generation] by /performance_monitor
[rosmaster.master][INFO] 2026-08-30 08:44:00,412: +CACHEDPARAM [/rosout_disable_topics_generation] by /performance_monitor
[rosmaster.master][INFO] 2026-08-30 08:44:00,460: +CACHEDPARAM [/rosout_disable_topics_generation] by /performance_monitor
[rosmaster.master][INFO] 2026-08-30 08:44:00,678: +CACHEDPARAM [/rosout_disable_topics_generation] by /performance_monitor
[rosmaster.master][INFO] 2026-08-30 08:44:00,693: +CACHEDPARAM [/rosout_disable_topics_generation] by /performance_monitor
[rosmaster.master][INFO] 2026-08-30 08:44:00,812: +CACHEDPARAM [/rosout_disable_topics_generation] by /performance_monitor
[rosmaster.master][INFO] 2026-08-30 08:44:00,815: +CACHEDPARAM [/rosout_disable_topics_generation] by /performance_monitor
[rosmaster.master][INFO] 2026-08-30 08:44:00,816: +CACHEDPARAM [/rosout_disable_topics_generation] by /performance_monitor
[rosmaster.master][INFO] 2026-08-30 08:44:00,820: +CACHEDPARAM [/rosout_disable_topics_generation] by /performance_monitor
[rosmaster.master][INFO] 2026-08-30 08:44:00,822: +CACHEDPARAM [/rosout_disable_topics_generation] by /performance_monitor
[rosmaster.master][INFO] 2026-08-30 08:44:00,825: +CACHEDPARAM [/rosout_disable_topics_generation] by /performance_monitor
[rosmaster.master][INFO] 2026-08-30 08:44:00,827: +CACHEDPARAM [/rosout_disable_topics_generation] by /performance_monitor
[rosmaster.master][INFO] 2026-08-30 08:44:00,893: +CACHEDPARAM [/rosout_disable_topics_generation] by /performance_monitor
[rosmaster.master][INFO] 2026-08-30 08:44:00,895: +CACHEDPARAM [/rosout_disable_topics_generation] by /performance_monitor
[rosmaster.master][INFO] 2026-08-30 08:44:00,997: +CACHEDPARAM [/rosout_disable_topics_generation] by /performance_monitor
[rosmaster.master][INFO] 2026-08-30 08:44:01,000: +CACHEDPARAM [/rosout_disable_topics_generation] by /performance_monitor
[rosmaster.master][INFO] 2026-08-30 08:44:01,098: +CACHEDPARAM [/rosout_disable_topics_generation] by /performance_monitor
[rosmaster.master][INFO] 2026-08-30 08:44:01,101: +CACHEDPARAM [/rosout_disable_topics_generation] by /performance_monitor
[rosmaster.master][INFO] 2026-08-30 08:44:01,199: +CACHEDPARAM [/rosout_disable_topics_generation] by /performance_monitor
[rosmaster.master][INFO] 2026-08-30 08:44:01,204: +CACHEDPARAM [/rosout_disable_topics_generation] by /performance_monitor
[rosmaster.master][INFO] 2026-08-30 08:44:01,298: +CACHEDPARAM [/rosout_disable_topics_generation] by /performance_monitor
[rosmaster.master][INFO] 2026-08-30 08:44:01,307: +CACHEDPARAM [/rosout_disable_topics_generation] by /performance_monitor
[rosmaster.master][INFO] 2026-08-30 08:44:01,398: +CACHEDPARAM [/rosout_disable_topics_generation] by /performance_monitor
[rosmaster.master][INFO] 2026-08-30 08:44:01,404: +CACHEDPARAM [/rosout_disable_topics_generation] by /performance_monitor
[rosmaster.master][INFO] 2026-08-30 08:44:01,501: +CACHEDPARAM [/rosout_disable_topics_generation] by /performance_monitor
[rosmaster.master][INFO] 2026-08-30 08:44:01,508: +CACHEDPARAM [/rosout_disable_topics_generation] by /performance_monitor
[rosmaster.master][INFO] 2026-08-30 08:44:01,602: +CACHEDPARAM [/rosout_disable_topics_generation] by /performance_monitor
[rosmaster.master][INFO] 2026-08-30 08:44:01,611: +CACHEDPARAM [/rosout_disable_topics_generation] by /performance_monitor
[rosmaster.master][INFO] 2026-08-30 08:44:01,697: +CACHEDPARAM [/rosout_disable_topics_generation] by /performance_monitor
[rosmaster.master][INFO] 2026-08-30 08:44:01,704: +CACHEDPARAM [/rosout_disable_topics_generation] by /performance_monitor
[rosmaster.master][INFO] 2026-08-30 08:44:01,797: +CACHEDPARAM [/rosout_disable_topics_generation] by /performance_monitor
[rosmaster.master][INFO] 2026-08-30 08:44:01,799: +CACHEDPARAM [/rosout_disable_topics_generation] by /performance_monitor
[rosmaster.master][INFO] 2026-08-30 08:44:01,897: +CACHEDPARAM [/rosout_disable_topics_generation] by /performance_monitor
[rosmaster.master][INFO] 2026-08-30 08:44:01,899: +CACHEDPARAM [/rosout_disable_topics_generation] by /performance_monitor
[rosmaster.master][INFO] 2026-08-30 08:44:01,997: +CACHEDPARAM [/rosout_disable_topics_generation] by /performance_monitor
[rosmaster.master][INFO] 2026-08-30 08:44:01,999: +CACHEDPARAM [/rosout_disable_topics_generation] by /performance_monitor
[rosmaster.master][INFO] 2026-08-30 08:44:02,001: +CACHEDPARAM [/rosout_disable_topics_generation] by /performance_monitor
[rosmaster.master][INFO] 2026-08-30 08:44:02,049: +CACHEDPARAM [/rosout_disable_topics_generation] by /performance_monitor
[rosmaster.master][INFO] 2026-08-30 08:44:02,051: +CACHEDPARAM [/rosout_disable_topics_generation] by /performance_monitor
[rosmaster.master][INFO] 2026-08-30 08:44:02,095: +CACHEDPARAM [/rosout_disable_topics_generation] by /performance_monitor
[rosmaster.master][INFO] 2026-08-30 08:44:02,097: +CACHEDPARAM [/rosout_disable_topics_generation] by /performance_monitor
[rosmaster.master][INFO] 2026-08-30 08:44:02,193: +CACHEDPARAM [/rosout_disable_topics_generation] by /performance_monitor
[rosmaster.master][INFO] 2026-08-30 08:44:02,195: +CACHEDPARAM [/rosout_disable_topics_generation] by /performance_monitor
[rosmaster.master][INFO] 2026-08-30 08:44:02,293: +CACHEDPARAM [/rosout_disable_topics_generation] by /performance_monitor
[rosmaster.master][INFO] 2026-08-30 08:44:02,295: +CACHEDPARAM [/rosout_disable_topics_generation] by /performance_monitor
[rosmaster.master][INFO] 2026-08-30 08:44:02,395: +CACHEDPARAM [/rosout_disable_topics_generation] by /performance_monitor
[rosmaster.master][INFO] 2026-08-30 08:44:02,400: +CACHEDPARAM [/rosout_disable_topics_generation] by /performance_monitor
[rosmaster.master][INFO] 2026-08-30 08:44:02,495: +CACHEDPARAM [/rosout_disable_topics_generation] by /performance_monitor
[rosmaster.master][INFO] 2026-08-30 08:44:02,499: +CACHEDPARAM [/rosout_disable_topics_generation] by /performance_monitor
[rosmaster.master][INFO] 2026-08-30 08:44:02,597: +CACHEDPARAM [/rosout_disable_topics_generation] by /performance_monitor
[rosmaster.master][INFO] 2026-08-30 08:44:02,603: +CACHEDPARAM [/rosout_disable_topics_generation] by /performance_monitor
[rosmaster.master][INFO] 2026-08-30 08:44:02,697: +CACHEDPARAM [/rosout_disable_topics_generation] by /performance_monitor
[rosmaster.master][INFO] 2026-08-30 08:44:02,703: +CACHEDPARAM [/rosout_disable_topics_generation] by /performance_monitor
[rosmaster.master][INFO] 2026-08-30 08:44:02,795: +CACHEDPARAM [/rosout_disable_topics_generation] by /performance_monitor
[rosmaster.master][INFO] 2026-08-30 08:44:02,800: +CACHEDPARAM [/rosout_disable_topics_generation] by /performance_monitor
[rosmaster.master][INFO] 2026-08-30 08:44:02,898: +CACHEDPARAM [/rosout_disable_topics_generation] by /performance_monitor
[rosmaster.master][INFO] 2026-08-30 08:44:02,904: +CACHEDPARAM [/rosout_disable_topics_generation] by /performance_monitor
[rosmaster.master][INFO] 2026-08-30 08:44:02,995: +CACHEDPARAM [/rosout_disable_topics_generation] by /performance_monitor
[rosmaster.master][INFO] 2026-08-30 08:44:02,998: +CACHEDPARAM [/rosout_disable_topics_generation] by /performance_monitor
[rosmaster.master][INFO] 2026-08-30 08:44:03,096: +CACHEDPARAM [/rosout_disable_topics_generation] by /performance_monitor
[rosmaster.master][INFO] 2026-08-30 08:44:03,102: +CACHEDPARAM [/rosout_disable_topics_generation] by /performance_monitor
[rosmaster.master][INFO] 2026-08-30 08:44:03,195: +CACHEDPARAM [/rosout_disable_topics_generation] by /performance_monitor
[rosmaster.master][INFO] 2026-08-30 08:44:03,200: +CACHEDPARAM [/rosout_disable_topics_generation] by /performance_monitor
[rosmaster.master][INFO] 2026-08-30 08:44:03,296: +CACHEDPARAM [/rosout_disable_topics_generation] by /performance_monitor
[rosmaster.master][INFO] 2026-08-30 08:44:03,304: +CACHEDPARAM [/rosout_disable_topics_generation] by /performance_monitor
[rosmaster.master][INFO] 2026-08-30 08:44:03,397: +CACHEDPARAM [/rosout_disable_topics_generation] by /performance_monitor
[rosmaster.master][INFO] 2026-08-30 08:44:03,401: +CACHEDPARAM [/rosout_disable_topics_generation] by /performance_monitor
[rosmaster.master][INFO] 2026-08-30 08:44:03,496: +CACHEDPARAM [/rosout_disable_topics_generation] by /performance_monitor
[rosmaster.master][INFO] 2026-08-30 08:44:03,501: +CACHEDPARAM [/rosout_disable_topics_generation] by /performance_monitor
[rosmaster.master][INFO] 2026-08-30 08:44:03,599: +CACHEDPARAM [/rosout_disable_topics_generation] by /performance_monitor
[rosmaster.master][INFO] 2026-08-30 08:44:03,606: +CACHEDPARAM [/rosout_disable_topics_generation] by /performance_monitor
[rosmaster.master][INFO] 2026-08-30 08:44:03,698: +CACHEDPARAM [/rosout_disable_topics_generation] by /performance_monitor
[rosmaster.master][INFO] 2026-08-30 08:44:03,705: +CACHEDPARAM [/rosout_disable_topics_generation] by /performance_monitor
[rosmaster.master][INFO] 2026-08-30 08:44:03,797: +CACHEDPARAM [/rosout_disable_topics_generation] by /performance_monitor
[rosmaster.master][INFO] 2026-08-30 08:44:03,800: +CACHEDPARAM [/rosout_disable_topics_generation] by /performance_monitor
[rosmaster.master][INFO] 2026-08-30 08:44:03,893: +CACHEDPARAM [/rosout_disable_topics_generation] by /performance_monitor
[rosmaster.master][INFO] 2026-08-30 08:44:03,895: +CACHEDPARAM [/rosout_disable_topics_generation] by /performance_monitor
[rosmaster.master][INFO] 2026-08-30 08:44:03,993: +CACHEDPARAM [/rosout_disable_topics_generation] by /performance_monitor
[rosmaster.master][INFO] 2026-08-30 08:44:03,995: +CACHEDPARAM [/rosout_disable_topics_generation] by /performance_monitor
[rosmaster.master][INFO] 2026-08-30 08:44:04,094: +CACHEDPARAM [/rosout_disable_topics_generation] by /performance_monitor
[rosmaster.master][INFO] 2026-08-30 08:44:04,097: +CACHEDPARAM [/rosout_disable_topics_generation] by /performance_monitor
[rosmaster.master][INFO] 2026-08-30 08:44:04,194: +CACHEDPARAM [/rosout_disable_topics_generation] by /performance_monitor
[rosmaster.master][INFO] 2026-08-30 08:44:04,197: +CACHEDPARAM [/rosout_disable_topics_generation] by /performance_monitor
[rosmaster.master][INFO] 2026-08-30 08:44:04,298: +CACHEDPARAM [/rosout_disable_topics_generation] by /performance_monitor
[rosmaster.master][INFO] 2026-08-30 08:44:04,303: +CACHEDPARAM [/rosout_disable_topics_generation] by /performance_monitor
[rosmaster.master][INFO] 2026-08-30 08:44:04,397: +CACHEDPARAM [/rosout_disable_topics_generation] by /performance_monitor
[rosmaster.master][INFO] 2026-08-30 08:44:04,401: +CACHEDPARAM [/rosout_disable_topics_generation] by /performance_monitor
[rosmaster.master][INFO] 2026-08-30 08:44:04,497: +CACHEDPARAM [/rosout_disable_topics_generation] by /performance_monitor
[rosmaster.master][INFO] 2026-08-30 08:44:04,502: +CACHEDPARAM [/rosout_disable_topics_generation] by /performance_monitor
[rosmaster.master][INFO] 2026-08-30 08:44:04,599: +CACHEDPARAM [/rosout_disable_topics_generation] by /performance_monitor
[rosmaster.master][INFO] 2026-08-30 08:44:04,606: +CACHEDPARAM [/rosout_disable_topics_generation] by /performance_monitor
[rosmaster.master][INFO] 2026-08-30 08:44:04,698: +CACHEDPARAM [/rosout_disable_topics_generation] by /performance_monitor
[rosmaster.master][INFO] 2026-08-30 08:44:04,704: +CACHEDPARAM [/rosout_disable_topics_generation] by /performance_monitor
[rosmaster.master][INFO] 2026-08-30 08:44:04,799: +CACHEDPARAM [/rosout_disable_topics_generation] by /performance_monitor
[rosmaster.master][INFO] 2026-08-30 08:44:04,805: +CACHEDPARAM [/rosout_disable_topics_generation] by /performance_monitor
[rosmaster.master][INFO] 2026-08-30 08:44:04,899: +CACHEDPARAM [/rosout_disable_topics_generation] by /performance_monitor
[rosmaster.master][INFO] 2026-08-30 08:44:04,906: +CACHEDPARAM [/rosout_disable_topics_generation] by /performance_monitor
[rosmaster.master][INFO] 2026-08-30 08:44:04,999: +CACHEDPARAM [/rosout_disable_topics_generation] by /performance_monitor
[rosmaster.master][INFO] 2026-08-30 08:44:05,004: +CACHEDPARAM [/rosout_disable_topics_generation] by /performance_monitor
[rosmaster.master][INFO] 2026-08-30 08:44:05,098: +CACHEDPARAM [/rosout_disable_topics_generation] by /performance_monitor
[rosmaster.master][INFO] 2026-08-30 08:44:05,102: +CACHEDPARAM [/rosout_disable_topics_generation] by /performance_monitor
[rosmaster.master][INFO] 2026-08-30 08:44:05,193: +CACHEDPARAM [/rosout_disable_topics_generation] by /performance_monitor
[rosmaster.master][INFO] 2026-08-30 08:44:05,196: +CACHEDPARAM [/rosout_disable_topics_generation] by /performance_monitor
[rosmaster.master][INFO] 2026-08-30 08:44:05,296: +CACHEDPARAM [/rosout_disable_topics_generation] by /performance_monitor
[rosmaster.master][INFO] 2026-08-30 08:44:05,301: +CACHEDPARAM [/rosout_disable_topics_generation] by /performance_monitor
[rosmaster.master][INFO] 2026-08-30 08:44:05,399: +CACHEDPARAM [/rosout_disable_topics_generation] by /performance_monitor
[rosmaster.master][INFO] 2026-08-30 08:44:05,406: +CACHEDPARAM [/rosout_disable_topics_generation] by /performance_monitor
[rosmaster.master][INFO] 2026-08-30 08:44:05,504: +CACHEDPARAM [/rosout_disable_topics_generation] by /performance_monitor
[rosmaster.master][INFO] 2026-08-30 08:44:05,511: +CACHEDPARAM [/rosout_disable_topics_generation] by /performance_monitor
[rosmaster.master][INFO] 2026-08-30 08:44:05,614: +CACHEDPARAM [/rosout_disable_topics_generation] by /performance_monitor
[rosmaster.master][INFO] 2026-08-30 08:44:05,617: +CACHEDPARAM [/rosout_disable_topics_generation] by /performance_monitor
[rosmaster.master][INFO] 2026-08-30 08:44:05,699: +CACHEDPARAM [/rosout_disable_topics_generation] by /performance_monitor
[rosmaster.master][INFO] 2026-08-30 08:44:05,703: +CACHEDPARAM [/rosout_disable_topics_generation] by /performance_monitor
[rosmaster.master][INFO] 2026-08-30 08:44:05,796: +CACHEDPARAM [/rosout_disable_topics_generation] by /performance_monitor
[rosmaster.master][INFO] 2026-08-30 08:44:05,798: +CACHEDPARAM [/rosout_disable_topics_generation] by /performance_monitor
[rosmaster.master][INFO] 2026-08-30 08:44:05,894: +CACHEDPARAM [/rosout_disable_topics_generation] by /performance_monitor
[rosmaster.master][INFO] 2026-08-30 08:44:05,897: +CACHEDPARAM [/rosout_disable_topics_generation] by /performance_monitor
[rosmaster.master][INFO] 2026-08-30 08:44:05,993: +CACHEDPARAM [/rosout_disable_topics_generation] by /performance_monitor
[rosmaster.master][INFO] 2026-08-30 08:44:05,995: +CACHEDPARAM [/rosout_disable_topics_generation] by /performance_monitor
[rosmaster.master][INFO] 2026-08-30 08:44:06,096: +CACHEDPARAM [/rosout_disable_topics_generation] by /performance_monitor
[rosmaster.master][INFO] 2026-08-30 08:44:06,099: +CACHEDPARAM [/rosout_disable_topics_generation] by /performance_monitor
[rosmaster.master][INFO] 2026-08-30 08:44:06,198: +CACHEDPARAM [/rosout_disable_topics_generation] by /performance_monitor
[rosmaster.master][INFO] 2026-08-30 08:44:06,201: +CACHEDPARAM [/rosout_disable_topics_generation] by /performance_monitor
[rosmaster.master][INFO] 2026-08-30 08:44:06,296: +CACHEDPARAM [/rosout_disable_topics_generation] by /performance_monitor
[rosmaster.master][INFO] 2026-08-30 08:44:06,300: +CACHEDPARAM [/rosout_disable_topics_generation] by /performance_monitor
[rosmaster.master][INFO] 2026-08-30 08:44:06,401: +CACHEDPARAM [/rosout_disable_topics_generation] by /performance_monitor
[rosmaster.master][INFO] 2026-08-30 08:44:06,408: +CACHEDPARAM [/rosout_disable_topics_generation] by /performance_monitor
[rosmaster.master][INFO] 2026-08-30 08:44:06,498: +CACHEDPARAM [/rosout_disable_topics_generation] by /performance_monitor
[rosmaster.master][INFO] 2026-08-30 08:44:06,503: +CACHEDPARAM [/rosout_disable_topics_generation] by /performance_monitor
[rosmaster.master][INFO] 2026-08-30 08:44:06,598: +CACHEDPARAM [/rosout_disable_topics_generation] by /performance_monitor
[rosmaster.master][INFO] 2026-08-30 08:44:06,604: +CACHEDPARAM [/rosout_disable_topics_generation] by /performance_monitor
[rosmaster.master][INFO] 2026-08-30 08:44:06,698: +CACHEDPARAM [/rosout_disable_topics_generation] by /performance_monitor
[rosmaster.master][INFO] 2026-08-30 08:44:06,705: +CACHEDPARAM [/rosout_disable_topics_generation] by /performance_monitor
[rosmaster.master][INFO] 2026-08-30 08:44:06,799: +CACHEDPARAM [/rosout_disable_topics_generation] by /performance_monitor
[rosmaster.master][INFO] 2026-08-30 08:44:06,804: +CACHEDPARAM [/rosout_disable_topics_generation] by /performance_monitor
[rosmaster.master][INFO] 2026-08-30 08:44:06,897: +CACHEDPARAM [/rosout_disable_topics_generation] by /performance_monitor
[rosmaster.master][INFO] 2026-08-30 08:44:06,902: +CACHEDPARAM [/rosout_disable_topics_generation] by /performance_monitor
[rosmaster.master][INFO] 2026-08-30 08:44:06,999: +CACHEDPARAM [/rosout_disable_topics_generation] by /performance_monitor
[rosmaster.master][INFO] 2026-08-30 08:44:07,006: +CACHEDPARAM [/rosout_disable_topics_generation] by /performance_monitor
[rosmaster.master][INFO] 2026-08-30 08:44:07,054: +CACHEDPARAM [/rosout_disable_topics_generation] by /performance_monitor
[rosmaster.master][INFO] 2026-08-30 08:44:07,251: +CACHEDPARAM [/rosout_disable_topics_generation] by /performance_monitor
[rosmaster.master][INFO] 2026-08-30 08:44:07,289: +CACHEDPARAM [/rosout_disable_topics_generation] by /performance_monitor
[rosmaster.master][INFO] 2026-08-30 08:44:07,483: +CACHEDPARAM [/rosout_disable_topics_generation] by /performance_monitor
[rosmaster.master][INFO] 2026-08-30 08:44:07,503: +CACHEDPARAM [/rosout_disable_topics_generation] by /performance_monitor
[rosmaster.master][INFO] 2026-08-30 08:44:07,681: +CACHEDPARAM [/rosout_disable_topics_generation] by /performance_monitor
[rosmaster.master][INFO] 2026-08-30 08:44:07,708: +CACHEDPARAM [/rosout_disable_topics_generation] by /performance_monitor
[rosmaster.master][INFO] 2026-08-30 08:44:07,842: +CACHEDPARAM [/rosout_disable_topics_generation] by /performance_monitor
[rosmaster.master][INFO] 2026-08-30 08:44:07,877: +CACHEDPARAM [/rosout_disable_topics_generation] by /performance_monitor
[rosmaster.master][INFO] 2026-08-30 08:44:08,014: +CACHEDPARAM [/rosout_disable_topics_generation] by /performance_monitor
[rosmaster.master][INFO] 2026-08-30 08:44:08,034: +CACHEDPARAM [/rosout_disable_topics_generation] by /performance_monitor
[rosmaster.master][INFO] 2026-08-30 08:44:08,211: +CACHEDPARAM [/rosout_disable_topics_generation] by /performance_monitor
[rosmaster.master][INFO] 2026-08-30 08:44:08,225: +CACHEDPARAM [/rosout_disable_topics_generation] by /performance_monitor
[rosmaster.master][INFO] 2026-08-30 08:44:08,370: +CACHEDPARAM [/rosout_disable_topics_generation] by /performance_monitor
[rosmaster.master][INFO] 2026-08-30 08:44:08,390: +CACHEDPARAM [/rosout_disable_topics_generation] by /performance_monitor
[rosmaster.master][INFO] 2026-08-30 08:44:08,401: +CACHEDPARAM [/rosout_disable_topics_generation] by /performance_monitor
[rosmaster.master][INFO] 2026-08-30 08:44:08,573: +CACHEDPARAM [/rosout_disable_topics_generation] by /performance_monitor
[rosmaster.master][INFO] 2026-08-30 08:44:08,593: +CACHEDPARAM [/rosout_disable_topics_generation] by /performance_monitor
[rosmaster.master][INFO] 2026-08-30 08:44:08,857: +CACHEDPARAM [/rosout_disable_topics_generation] by /performance_monitor
[rosmaster.master][INFO] 2026-08-30 08:44:08,893: +CACHEDPARAM [/rosout_disable_topics_generation] by /performance_monitor
[rosmaster.master][INFO] 2026-08-30 08:44:09,055: +CACHEDPARAM [/rosout_disable_topics_generation] by /performance_monitor
[rosmaster.master][INFO] 2026-08-30 08:44:09,057: +CACHEDPARAM [/rosout_disable_topics_generation] by /performance_monitor
[rosmaster.master][INFO] 2026-08-30 08:44:09,058: +CACHEDPARAM [/rosout_disable_topics_generation] by /performance_monitor
[rosmaster.master][INFO] 2026-08-30 08:44:09,061: +CACHEDPARAM [/rosout_disable_topics_generation] by /performance_monitor
[rosmaster.master][INFO] 2026-08-30 08:44:09,063: +CACHEDPARAM [/rosout_disable_topics_generation] by /performance_monitor
[rosmaster.master][INFO] 2026-08-30 08:44:09,163: +CACHEDPARAM [/rosout_disable_topics_generation] by /performance_monitor
[rosmaster.master][INFO] 2026-08-30 08:44:09,164: +CACHEDPARAM [/rosout_disable_topics_generation] by /performance_monitor
[rosmaster.master][INFO] 2026-08-30 08:44:09,263: +CACHEDPARAM [/rosout_disable_topics_generation] by /performance_monitor
[rosmaster.master][INFO] 2026-08-30 08:44:09,266: +CACHEDPARAM [/rosout_disable_topics_generation] by /performance_monitor
[rosmaster.master][INFO] 2026-08-30 08:44:09,368: +CACHEDPARAM [/rosout_disable_topics_generation] by /performance_monitor
[rosmaster.master][INFO] 2026-08-30 08:44:09,374: +CACHEDPARAM [/rosout_disable_topics_generation] by /performance_monitor
[rosmaster.master][INFO] 2026-08-30 08:44:09,467: +CACHEDPARAM [/rosout_disable_topics_generation] by /performance_monitor
[rosmaster.master][INFO] 2026-08-30 08:44:09,474: +CACHEDPARAM [/rosout_disable_topics_generation] by /performance_monitor
[rosmaster.master][INFO] 2026-08-30 08:44:09,567: +CACHEDPARAM [/rosout_disable_topics_generation] by /performance_monitor
[rosmaster.master][INFO] 2026-08-30 08:44:09,573: +CACHEDPARAM [/rosout_disable_topics_generation] by /performance_monitor
[rosmaster.master][INFO] 2026-08-30 08:44:09,667: +CACHEDPARAM [/rosout_disable_topics_generation] by /performance_monitor
[rosmaster.master][INFO] 2026-08-30 08:44:09,675: +CACHEDPARAM [/rosout_disable_topics_generation] by /performance_monitor
[rosmaster.master][INFO] 2026-08-30 08:44:09,763: +CACHEDPARAM [/rosout_disable_topics_generation] by /performance_monitor
[rosmaster.master][INFO] 2026-08-30 08:44:09,765: +CACHEDPARAM [/rosout_disable_topics_generation] by /performance_monitor
[rosmaster.master][INFO] 2026-08-30 08:44:09,864: +CACHEDPARAM [/rosout_disable_topics_generation] by /performance_monitor
[rosmaster.master][INFO] 2026-08-30 08:44:09,866: +CACHEDPARAM [/rosout_disable_topics_generation] by /performance_monitor
[rosmaster.master][INFO] 2026-08-30 08:44:09,963: +CACHEDPARAM [/rosout_disable_topics_generation] by /performance_monitor
[rosmaster.master][INFO] 2026-08-30 08:44:09,965: +CACHEDPARAM [/rosout_disable_topics_generation] by /performance_monitor
[rosmaster.master][INFO] 2026-08-30 08:44:10,064: +CACHEDPARAM [/rosout_disable_topics_generation] by /performance_monitor
[rosmaster.master][INFO] 2026-08-30 08:44:10,067: +CACHEDPARAM [/rosout_disable_topics_generation] by /performance_monitor
[rosmaster.master][INFO] 2026-08-30 08:44:10,164: +CACHEDPARAM [/rosout_disable_topics_generation] by /performance_monitor
[rosmaster.master][INFO] 2026-08-30 08:44:10,167: +CACHEDPARAM [/rosout_disable_topics_generation] by /performance_monitor
[rosmaster.master][INFO] 2026-08-30 08:44:10,261: +CACHEDPARAM [/rosout_disable_topics_generation] by /performance_monitor
[rosmaster.master][INFO] 2026-08-30 08:44:10,342: +CACHEDPARAM [/rosout_disable_topics_generation] by /performance_monitor
[rosmaster.master][INFO] 2026-08-30 08:44:10,344: +CACHEDPARAM [/rosout_disable_topics_generation] by /performance_monitor
[rosmaster.master][INFO] 2026-08-30 08:44:10,346: +CACHEDPARAM [/rosout_disable_topics_generation] by /performance_monitor
[rosmaster.master][INFO] 2026-08-30 08:44:10,347: +CACHEDPARAM [/rosout_disable_topics_generation] by /performance_monitor
[rosmaster.master][INFO] 2026-08-30 08:44:10,362: +CACHEDPARAM [/rosout_disable_topics_generation] by /performance_monitor
[rosmaster.master][INFO] 2026-08-30 08:44:10,364: +CACHEDPARAM [/rosout_disable_topics_generation] by /performance_monitor
[rosmaster.master][INFO] 2026-08-30 08:44:10,463: +CACHEDPARAM [/rosout_disable_topics_generation] by /performance_monitor
[rosmaster.master][INFO] 2026-08-30 08:44:10,465: +CACHEDPARAM [/rosout_disable_topics_generation] by /performance_monitor
[rosmaster.master][INFO] 2026-08-30 08:44:10,568: +CACHEDPARAM [/rosout_disable_topics_generation] by /performance_monitor
[rosmaster.master][INFO] 2026-08-30 08:44:10,572: +CACHEDPARAM [/rosout_disable_topics_generation] by /performance_monitor
[rosmaster.master][INFO] 2026-08-30 08:44:10,663: +CACHEDPARAM [/rosout_disable_topics_generation] by /performance_monitor
[rosmaster.master][INFO] 2026-08-30 08:44:10,665: +CACHEDPARAM [/rosout_disable_topics_generation] by /performance_monitor
[rosmaster.master][INFO] 2026-08-30 08:44:10,776: +CACHEDPARAM [/rosout_disable_topics_generation] by /performance_monitor
[rosmaster.master][INFO] 2026-08-30 08:44:10,783: +CACHEDPARAM [/rosout_disable_topics_generation] by /performance_monitor
[rosmaster.master][INFO] 2026-08-30 08:44:10,870: +CACHEDPARAM [/rosout_disable_topics_generation] by /performance_monitor
[rosmaster.master][INFO] 2026-08-30 08:44:10,877: +CACHEDPARAM [/rosout_disable_topics_generation] by /performance_monitor
[rosmaster.master][INFO] 2026-08-30 08:44:10,973: +CACHEDPARAM [/rosout_disable_topics_generation] by /performance_monitor
[rosmaster.master][INFO] 2026-08-30 08:44:10,979: +CACHEDPARAM [/rosout_disable_topics_generation] by /performance_monitor
[rosmaster.master][INFO] 2026-08-30 08:44:11,074: +CACHEDPARAM [/rosout_disable_topics_generation] by /performance_monitor
[rosmaster.master][INFO] 2026-08-30 08:44:11,081: +CACHEDPARAM [/rosout_disable_topics_generation] by /performance_monitor
[rosmaster.master][INFO] 2026-08-30 08:44:11,169: +CACHEDPARAM [/rosout_disable_topics_generation] by /performance_monitor
[rosmaster.master][INFO] 2026-08-30 08:44:11,176: +CACHEDPARAM [/rosout_disable_topics_generation] by /performance_monitor
[rosmaster.master][INFO] 2026-08-30 08:44:11,267: +CACHEDPARAM [/rosout_disable_topics_generation] by /performance_monitor
[rosmaster.master][INFO] 2026-08-30 08:44:11,273: +CACHEDPARAM [/rosout_disable_topics_generation] by /performance_monitor
[rosmaster.master][INFO] 2026-08-30 08:44:11,366: +CACHEDPARAM [/rosout_disable_topics_generation] by /performance_monitor
[rosmaster.master][INFO] 2026-08-30 08:44:11,372: +CACHEDPARAM [/rosout_disable_topics_generation] by /performance_monitor
[rosmaster.master][INFO] 2026-08-30 08:44:11,467: +CACHEDPARAM [/rosout_disable_topics_generation] by /performance_monitor
[rosmaster.master][INFO] 2026-08-30 08:44:11,474: +CACHEDPARAM [/rosout_disable_topics_generation] by /performance_monitor
[rosmaster.master][INFO] 2026-08-30 08:44:11,566: +CACHEDPARAM [/rosout_disable_topics_generation] by /performance_monitor
[rosmaster.master][INFO] 2026-08-30 08:44:11,573: +CACHEDPARAM [/rosout_disable_topics_generation] by /performance_monitor
[rosmaster.master][INFO] 2026-08-30 08:44:11,670: +CACHEDPARAM [/rosout_disable_topics_generation] by /performance_monitor
[rosmaster.master][INFO] 2026-08-30 08:44:11,676: +CACHEDPARAM [/rosout_disable_topics_generation] by /performance_monitor
[rosmaster.master][INFO] 2026-08-30 08:44:11,763: +CACHEDPARAM [/rosout_disable_topics_generation] by /performance_monitor
[rosmaster.master][INFO] 2026-08-30 08:44:11,765: +CACHEDPARAM [/rosout_disable_topics_generation] by /performance_monitor
[rosmaster.master][INFO] 2026-08-30 08:44:11,863: +CACHEDPARAM [/rosout_disable_topics_generation] by /performance_monitor
[rosmaster.master][INFO] 2026-08-30 08:44:11,865: +CACHEDPARAM [/rosout_disable_topics_generation] by /performance_monitor
[rosmaster.master][INFO] 2026-08-30 08:44:11,963: +CACHEDPARAM [/rosout_disable_topics_generation] by /performance_monitor
[rosmaster.master][INFO] 2026-08-30 08:44:11,965: +CACHEDPARAM [/rosout_disable_topics_generation] by /performance_monitor
[rosmaster.master][INFO] 2026-08-30 08:44:12,064: +CACHEDPARAM [/rosout_disable_topics_generation] by /performance_monitor
[rosmaster.master][INFO] 2026-08-30 08:44:12,066: +CACHEDPARAM [/rosout_disable_topics_generation] by /performance_monitor
[rosmaster.master][INFO] 2026-08-30 08:44:12,165: +CACHEDPARAM [/rosout_disable_topics_generation] by /performance_monitor
[rosmaster.master][INFO] 2026-08-30 08:44:12,168: +CACHEDPARAM [/rosout_disable_topics_generation] by /performance_monitor
[rosmaster.master][INFO] 2026-08-30 08:44:12,268: +CACHEDPARAM [/rosout_disable_topics_generation] by /performance_monitor
[rosmaster.master][INFO] 2026-08-30 08:44:12,276: +CACHEDPARAM [/rosout_disable_topics_generation] by /performance_monitor
[rosmaster.master][INFO] 2026-08-30 08:44:12,366: +CACHEDPARAM [/rosout_disable_topics_generation] by /performance_monitor
[rosmaster.master][INFO] 2026-08-30 08:44:12,371: +CACHEDPARAM [/rosout_disable_topics_generation] by /performance_monitor
[rosmaster.master][INFO] 2026-08-30 08:44:12,466: +CACHEDPARAM [/rosout_disable_topics_generation] by /performance_monitor
[rosmaster.master][INFO] 2026-08-30 08:44:12,471: +CACHEDPARAM [/rosout_disable_topics_generation] by /performance_monitor
[rosmaster.master][INFO] 2026-08-30 08:44:12,570: +CACHEDPARAM [/rosout_disable_topics_generation] by /performance_monitor
[rosmaster.master][INFO] 2026-08-30 08:44:12,579: +CACHEDPARAM [/rosout_disable_topics_generation] by /performance_monitor
[rosmaster.master][INFO] 2026-08-30 08:44:12,666: +CACHEDPARAM [/rosout_disable_topics_generation] by /performance_monitor
[rosmaster.master][INFO] 2026-08-30 08:44:12,671: +CACHEDPARAM [/rosout_disable_topics_generation] by /performance_monitor
[rosmaster.master][INFO] 2026-08-30 08:44:12,764: +CACHEDPARAM [/rosout_disable_topics_generation] by /performance_monitor
[rosmaster.master][INFO] 2026-08-30 08:44:12,770: +CACHEDPARAM [/rosout_disable_topics_generation] by /performance_monitor
[rosmaster.master][INFO] 2026-08-30 08:44:12,866: +CACHEDPARAM [/rosout_disable_topics_generation] by /performance_monitor
[rosmaster.master][INFO] 2026-08-30 08:44:12,871: +CACHEDPARAM [/rosout_disable_topics_generation] by /performance_monitor
[rosmaster.master][INFO] 2026-08-30 08:44:12,968: +CACHEDPARAM [/rosout_disable_topics_generation] by /performance_monitor
[rosmaster.master][INFO] 2026-08-30 08:44:12,974: +CACHEDPARAM [/rosout_disable_topics_generation] by /performance_monitor
[rosmaster.master][INFO] 2026-08-30 08:44:13,070: +CACHEDPARAM [/rosout_disable_topics_generation] by /performance_monitor
[rosmaster.master][INFO] 2026-08-30 08:44:13,077: +CACHEDPARAM [/rosout_disable_topics_generation] by /performance_monitor
[rosmaster.master][INFO] 2026-08-30 08:44:13,162: +CACHEDPARAM [/rosout_disable_topics_generation] by /performance_monitor
[rosmaster.master][INFO] 2026-08-30 08:44:13,164: +CACHEDPARAM [/rosout_disable_topics_generation] by /performance_monitor
[rosmaster.master][INFO] 2026-08-30 08:44:13,265: +CACHEDPARAM [/rosout_disable_topics_generation] by /performance_monitor
[rosmaster.master][INFO] 2026-08-30 08:44:13,270: +CACHEDPARAM [/rosout_disable_topics_generation] by /performance_monitor
[rosmaster.master][INFO] 2026-08-30 08:44:13,364: +CACHEDPARAM [/rosout_disable_topics_generation] by /performance_monitor
[rosmaster.master][INFO] 2026-08-30 08:44:13,367: +CACHEDPARAM [/rosout_disable_topics_generation] by /performance_monitor
[rosmaster.master][INFO] 2026-08-30 08:44:13,466: +CACHEDPARAM [/rosout_disable_topics_generation] by /performance_monitor
[rosmaster.master][INFO] 2026-08-30 08:44:13,470: +CACHEDPARAM [/rosout_disable_topics_generation] by /performance_monitor
[rosmaster.master][INFO] 2026-08-30 08:44:13,566: +CACHEDPARAM [/rosout_disable_topics_generation] by /performance_monitor
[rosmaster.master][INFO] 2026-08-30 08:44:13,574: +CACHEDPARAM [/rosout_disable_topics_generation] by /performance_monitor
[rosmaster.master][INFO] 2026-08-30 08:44:13,665: +CACHEDPARAM [/rosout_disable_topics_generation] by /performance_monitor
[rosmaster.master][INFO] 2026-08-30 08:44:13,669: +CACHEDPARAM [/rosout_disable_topics_generation] by /performance_monitor
[rosmaster.master][INFO] 2026-08-30 08:44:13,762: +CACHEDPARAM [/rosout_disable_topics_generation] by /performance_monitor
[rosmaster.master][INFO] 2026-08-30 08:44:13,765: +CACHEDPARAM [/rosout_disable_topics_generation] by /performance_monitor
[rosmaster.master][INFO] 2026-08-30 08:44:13,862: +CACHEDPARAM [/rosout_disable_topics_generation] by /performance_monitor
[rosmaster.master][INFO] 2026-08-30 08:44:13,864: +CACHEDPARAM [/rosout_disable_topics_generation] by /performance_monitor
[rosmaster.master][INFO] 2026-08-30 08:44:13,963: +CACHEDPARAM [/rosout_disable_topics_generation] by /performance_monitor
[rosmaster.master][INFO] 2026-08-30 08:44:13,964: +CACHEDPARAM [/rosout_disable_topics_generation] by /performance_monitor
[rosmaster.master][INFO] 2026-08-30 08:44:14,063: +CACHEDPARAM [/rosout_disable_topics_generation] by /performance_monitor
[rosmaster.master][INFO] 2026-08-30 08:44:14,065: +CACHEDPARAM [/rosout_disable_topics_generation] by /performance_monitor
[rosmaster.master][INFO] 2026-08-30 08:44:14,164: +CACHEDPARAM [/rosout_disable_topics_generation] by /performance_monitor
[rosmaster.master][INFO] 2026-08-30 08:44:14,168: +CACHEDPARAM [/rosout_disable_topics_generation] by /performance_monitor
[rosmaster.master][INFO] 2026-08-30 08:44:14,266: +CACHEDPARAM [/rosout_disable_topics_generation] by /performance_monitor
[rosmaster.master][INFO] 2026-08-30 08:44:14,271: +CACHEDPARAM [/rosout_disable_topics_generation] by /performance_monitor
[rosmaster.master][INFO] 2026-08-30 08:44:14,369: +CACHEDPARAM [/rosout_disable_topics_generation] by /performance_monitor
[rosmaster.master][INFO] 2026-08-30 08:44:14,376: +CACHEDPARAM [/rosout_disable_topics_generation] by /performance_monitor
[rosmaster.master][INFO] 2026-08-30 08:44:14,465: +CACHEDPARAM [/rosout_disable_topics_generation] by /performance_monitor
[rosmaster.master][INFO] 2026-08-30 08:44:14,471: +CACHEDPARAM [/rosout_disable_topics_generation] by /performance_monitor
[rosmaster.master][INFO] 2026-08-30 08:44:14,571: +CACHEDPARAM [/rosout_disable_topics_generation] by /performance_monitor
[rosmaster.master][INFO] 2026-08-30 08:44:14,577: +CACHEDPARAM [/rosout_disable_topics_generation] by /performance_monitor
[rosmaster.master][INFO] 2026-08-30 08:44:14,667: +CACHEDPARAM [/rosout_disable_topics_generation] by /performance_monitor
[rosmaster.master][INFO] 2026-08-30 08:44:14,671: +CACHEDPARAM [/rosout_disable_topics_generation] by /performance_monitor
[rosmaster.master][INFO] 2026-08-30 08:44:14,768: +CACHEDPARAM [/rosout_disable_topics_generation] by /performance_monitor
[rosmaster.master][INFO] 2026-08-30 08:44:14,774: +CACHEDPARAM [/rosout_disable_topics_generation] by /performance_monitor
[rosmaster.master][INFO] 2026-08-30 08:44:14,866: +CACHEDPARAM [/rosout_disable_topics_generation] by /performance_monitor
[rosmaster.master][INFO] 2026-08-30 08:44:14,871: +CACHEDPARAM [/rosout_disable_topics_generation] by /performance_monitor
[rosmaster.master][INFO] 2026-08-30 08:44:14,965: +CACHEDPARAM [/rosout_disable_topics_generation] by /performance_monitor
[rosmaster.master][INFO] 2026-08-30 08:44:14,969: +CACHEDPARAM [/rosout_disable_topics_generation] by /performance_monitor
[rosmaster.master][INFO] 2026-08-30 08:44:15,070: +CACHEDPARAM [/rosout_disable_topics_generation] by /performance_monitor
[rosmaster.master][INFO] 2026-08-30 08:44:15,075: +CACHEDPARAM [/rosout_disable_topics_generation] by /performance_monitor
[rosmaster.master][INFO] 2026-08-30 08:44:15,171: +CACHEDPARAM [/rosout_disable_topics_generation] by /performance_monitor
[rosmaster.master][INFO] 2026-08-30 08:44:15,177: +CACHEDPARAM [/rosout_disable_topics_generation] by /performance_monitor
[rosmaster.master][INFO] 2026-08-30 08:44:15,270: +CACHEDPARAM [/rosout_disable_topics_generation] by /performance_monitor
[rosmaster.master][INFO] 2026-08-30 08:44:15,276: +CACHEDPARAM [/rosout_disable_topics_generation] by /performance_monitor
[rosmaster.master][INFO] 2026-08-30 08:44:15,351: +CACHEDPARAM [/rosout_disable_topics_generation] by /performance_monitor
[rosmaster.master][INFO] 2026-08-30 08:44:15,552: +CACHEDPARAM [/rosout_disable_topics_generation] by /performance_monitor
[rosmaster.master][INFO] 2026-08-30 08:44:15,590: +CACHEDPARAM [/rosout_disable_topics_generation] by /performance_monitor
[rosmaster.master][INFO] 2026-08-30 08:44:15,705: +CACHEDPARAM [/rosout_disable_topics_generation] by /performance_monitor
[rosmaster.master][INFO] 2026-08-30 08:44:15,715: +CACHEDPARAM [/rosout_disable_topics_generation] by /performance_monitor
[rosmaster.master][INFO] 2026-08-30 08:44:15,859: +CACHEDPARAM [/rosout_disable_topics_generation] by /performance_monitor
[rosmaster.master][INFO] 2026-08-30 08:44:15,885: +CACHEDPARAM [/rosout_disable_topics_generation] by /performance_monitor
[rosmaster.master][INFO] 2026-08-30 08:44:16,010: +CACHEDPARAM [/rosout_disable_topics_generation] by /performance_monitor
[rosmaster.master][INFO] 2026-08-30 08:44:16,043: +CACHEDPARAM [/rosout_disable_topics_generation] by /performance_monitor
[rosmaster.master][INFO] 2026-08-30 08:44:16,158: +CACHEDPARAM [/rosout_disable_topics_generation] by /performance_monitor
[rosmaster.master][INFO] 2026-08-30 08:44:16,171: +CACHEDPARAM [/rosout_disable_topics_generation] by /performance_monitor
[rosmaster.master][INFO] 2026-08-30 08:44:16,322: +CACHEDPARAM [/rosout_disable_topics_generation] by /performance_monitor
[rosmaster.master][INFO] 2026-08-30 08:44:16,354: +CACHEDPARAM [/rosout_disable_topics_generation] by /performance_monitor
[rosmaster.master][INFO] 2026-08-30 08:44:16,482: +CACHEDPARAM [/rosout_disable_topics_generation] by /performance_monitor
[rosmaster.master][INFO] 2026-08-30 08:44:16,500: +CACHEDPARAM [/rosout_disable_topics_generation] by /performance_monitor
[rosmaster.master][INFO] 2026-08-30 08:44:16,641: +CACHEDPARAM [/rosout_disable_topics_generation] by /performance_monitor
[rosmaster.master][INFO] 2026-08-30 08:44:16,660: +CACHEDPARAM [/rosout_disable_topics_generation] by /performance_monitor
[rosmaster.master][INFO] 2026-08-30 08:44:16,739: +CACHEDPARAM [/rosout_disable_topics_generation] by /performance_monitor
[rosmaster.master][INFO] 2026-08-30 08:44:16,741: +CACHEDPARAM [/rosout_disable_topics_generation] by /performance_monitor
[rosmaster.master][INFO] 2026-08-30 08:44:16,789: +CACHEDPARAM [/rosout_disable_topics_generation] by /performance_monitor
[rosmaster.master][INFO] 2026-08-30 08:44:17,000: +CACHEDPARAM [/rosout_disable_topics_generation] by /performance_monitor
[rosmaster.master][INFO] 2026-08-30 08:44:17,020: +CACHEDPARAM [/rosout_disable_topics_generation] by /performance_monitor
[rosmaster.master][INFO] 2026-08-30 08:44:17,317: +CACHEDPARAM [/rosout_disable_topics_generation] by /performance_monitor
[rosmaster.master][INFO] 2026-08-30 08:44:17,332: +CACHEDPARAM [/rosout_disable_topics_generation] by /performance_monitor
[rosmaster.master][INFO] 2026-08-30 08:44:17,435: +CACHEDPARAM [/rosout_disable_topics_generation] by /performance_monitor
[rosmaster.master][INFO] 2026-08-30 08:44:17,436: +CACHEDPARAM [/rosout_disable_topics_generation] by /performance_monitor
[rosmaster.master][INFO] 2026-08-30 08:44:17,438: +CACHEDPARAM [/rosout_disable_topics_generation] by /performance_monitor
[rosmaster.master][INFO] 2026-08-30 08:44:17,459: +CACHEDPARAM [/rosout_disable_topics_generation] by /performance_monitor
[rosmaster.master][INFO] 2026-08-30 08:44:17,461: +CACHEDPARAM [/rosout_disable_topics_generation] by /performance_monitor
[rosmaster.master][INFO] 2026-08-30 08:44:17,562: +CACHEDPARAM [/rosout_disable_topics_generation] by /performance_monitor
[rosmaster.master][INFO] 2026-08-30 08:44:17,564: +CACHEDPARAM [/rosout_disable_topics_generation] by /performance_monitor
[rosmaster.master][INFO] 2026-08-30 08:44:17,659: +CACHEDPARAM [/rosout_disable_topics_generation] by /performance_monitor
[rosmaster.master][INFO] 2026-08-30 08:44:17,662: +CACHEDPARAM [/rosout_disable_topics_generation] by /performance_monitor
[rosmaster.master][INFO] 2026-08-30 08:44:17,761: +CACHEDPARAM [/rosout_disable_topics_generation] by /performance_monitor
[rosmaster.master][INFO] 2026-08-30 08:44:17,763: +CACHEDPARAM [/rosout_disable_topics_generation] by /performance_monitor
[rosmaster.master][INFO] 2026-08-30 08:44:17,860: +CACHEDPARAM [/rosout_disable_topics_generation] by /performance_monitor
[rosmaster.master][INFO] 2026-08-30 08:44:17,862: +CACHEDPARAM [/rosout_disable_topics_generation] by /performance_monitor
[rosmaster.master][INFO] 2026-08-30 08:44:17,959: +CACHEDPARAM [/rosout_disable_topics_generation] by /performance_monitor
[rosmaster.master][INFO] 2026-08-30 08:44:17,961: +CACHEDPARAM [/rosout_disable_topics_generation] by /performance_monitor
[rosmaster.master][INFO] 2026-08-30 08:44:18,060: +CACHEDPARAM [/rosout_disable_topics_generation] by /performance_monitor
[rosmaster.master][INFO] 2026-08-30 08:44:18,063: +CACHEDPARAM [/rosout_disable_topics_generation] by /performance_monitor
[rosmaster.master][INFO] 2026-08-30 08:44:18,165: +CACHEDPARAM [/rosout_disable_topics_generation] by /performance_monitor
[rosmaster.master][INFO] 2026-08-30 08:44:18,172: +CACHEDPARAM [/rosout_disable_topics_generation] by /performance_monitor
[rosmaster.master][INFO] 2026-08-30 08:44:18,263: +CACHEDPARAM [/rosout_disable_topics_generation] by /performance_monitor
[rosmaster.master][INFO] 2026-08-30 08:44:18,269: +CACHEDPARAM [/rosout_disable_topics_generation] by /performance_monitor
[rosmaster.master][INFO] 2026-08-30 08:44:18,366: +CACHEDPARAM [/rosout_disable_topics_generation] by /performance_monitor
[rosmaster.master][INFO] 2026-08-30 08:44:18,371: +CACHEDPARAM [/rosout_disable_topics_generation] by /performance_monitor
[rosmaster.master][INFO] 2026-08-30 08:44:18,465: +CACHEDPARAM [/rosout_disable_topics_generation] by /performance_monitor
[rosmaster.master][INFO] 2026-08-30 08:44:18,472: +CACHEDPARAM [/rosout_disable_topics_generation] by /performance_monitor
[rosmaster.master][INFO] 2026-08-30 08:44:18,564: +CACHEDPARAM [/rosout_disable_topics_generation] by /performance_monitor
[rosmaster.master][INFO] 2026-08-30 08:44:18,571: +CACHEDPARAM [/rosout_disable_topics_generation] by /performance_monitor
[rosmaster.master][INFO] 2026-08-30 08:44:18,609: +CACHEDPARAM [/rosout_disable_topics_generation] by /performance_monitor
[rosmaster.master][INFO] 2026-08-30 08:44:18,682: +CACHEDPARAM [/rosout_disable_topics_generation] by /performance_monitor
[rosmaster.master][INFO] 2026-08-30 08:44:18,684: +CACHEDPARAM [/rosout_disable_topics_generation] by /performance_monitor
[rosmaster.master][INFO] 2026-08-30 08:44:18,685: +CACHEDPARAM [/rosout_disable_topics_generation] by /performance_monitor
[rosmaster.master][INFO] 2026-08-30 08:44:18,686: +CACHEDPARAM [/rosout_disable_topics_generation] by /performance_monitor
[rosmaster.master][INFO] 2026-08-30 08:44:18,759: +CACHEDPARAM [/rosout_disable_topics_generation] by /performance_monitor
[rosmaster.master][INFO] 2026-08-30 08:44:18,761: +CACHEDPARAM [/rosout_disable_topics_generation] by /performance_monitor
[rosmaster.master][INFO] 2026-08-30 08:44:18,859: +CACHEDPARAM [/rosout_disable_topics_generation] by /performance_monitor
[rosmaster.master][INFO] 2026-08-30 08:44:18,861: +CACHEDPARAM [/rosout_disable_topics_generation] by /performance_monitor
[rosmaster.master][INFO] 2026-08-30 08:44:18,964: +CACHEDPARAM [/rosout_disable_topics_generation] by /performance_monitor
[rosmaster.master][INFO] 2026-08-30 08:44:18,968: +CACHEDPARAM [/rosout_disable_topics_generation] by /performance_monitor
[rosmaster.master][INFO] 2026-08-30 08:44:19,062: +CACHEDPARAM [/rosout_disable_topics_generation] by /performance_monitor
[rosmaster.master][INFO] 2026-08-30 08:44:19,067: +CACHEDPARAM [/rosout_disable_topics_generation] by /performance_monitor
[rosmaster.master][INFO] 2026-08-30 08:44:19,164: +CACHEDPARAM [/rosout_disable_topics_generation] by /performance_monitor
[rosmaster.master][INFO] 2026-08-30 08:44:19,170: +CACHEDPARAM [/rosout_disable_topics_generation] by /performance_monitor
[rosmaster.master][INFO] 2026-08-30 08:44:19,262: +CACHEDPARAM [/rosout_disable_topics_generation] by /performance_monitor
[rosmaster.master][INFO] 2026-08-30 08:44:19,268: +CACHEDPARAM [/rosout_disable_topics_generation] by /performance_monitor
[rosmaster.master][INFO] 2026-08-30 08:44:19,367: +CACHEDPARAM [/rosout_disable_topics_generation] by /performance_monitor
[rosmaster.master][INFO] 2026-08-30 08:44:19,373: +CACHEDPARAM [/rosout_disable_topics_generation] by /performance_monitor
[rosmaster.master][INFO] 2026-08-30 08:44:19,464: +CACHEDPARAM [/rosout_disable_topics_generation] by /performance_monitor
[rosmaster.master][INFO] 2026-08-30 08:44:19,469: +CACHEDPARAM [/rosout_disable_topics_generation] by /performance_monitor
[rosmaster.master][INFO] 2026-08-30 08:44:19,563: +CACHEDPARAM [/rosout_disable_topics_generation] by /performance_monitor
[rosmaster.master][INFO] 2026-08-30 08:44:19,567: +CACHEDPARAM [/rosout_disable_topics_generation] by /performance_monitor
[rosmaster.master][INFO] 2026-08-30 08:44:19,664: +CACHEDPARAM [/rosout_disable_topics_generation] by /performance_monitor
[rosmaster.master][INFO] 2026-08-30 08:44:19,671: +CACHEDPARAM [/rosout_disable_topics_generation] by /performance_monitor
[rosmaster.master][INFO] 2026-08-30 08:44:19,759: +CACHEDPARAM [/rosout_disable_topics_generation] by /performance_monitor
[rosmaster.master][INFO] 2026-08-30 08:44:19,761: +CACHEDPARAM [/rosout_disable_topics_generation] by /performance_monitor
[rosmaster.master][INFO] 2026-08-30 08:44:19,859: +CACHEDPARAM [/rosout_disable_topics_generation] by /performance_monitor
[rosmaster.master][INFO] 2026-08-30 08:44:19,861: +CACHEDPARAM [/rosout_disable_topics_generation] by /performance_monitor
[rosmaster.master][INFO] 2026-08-30 08:44:19,962: +CACHEDPARAM [/rosout_disable_topics_generation] by /performance_monitor
[rosmaster.master][INFO] 2026-08-30 08:44:19,964: +CACHEDPARAM [/rosout_disable_topics_generation] by /performance_monitor
[rosmaster.master][INFO] 2026-08-30 08:44:20,063: +CACHEDPARAM [/rosout_disable_topics_generation] by /performance_monitor
[rosmaster.master][INFO] 2026-08-30 08:44:20,065: +CACHEDPARAM [/rosout_disable_topics_generation] by /performance_monitor
[rosmaster.master][INFO] 2026-08-30 08:44:20,162: +CACHEDPARAM [/rosout_disable_topics_generation] by /performance_monitor
[rosmaster.master][INFO] 2026-08-30 08:44:20,164: +CACHEDPARAM [/rosout_disable_topics_generation] by /performance_monitor
[rosmaster.master][INFO] 2026-08-30 08:44:20,262: +CACHEDPARAM [/rosout_disable_topics_generation] by /performance_monitor
[rosmaster.master][INFO] 2026-08-30 08:44:20,265: +CACHEDPARAM [/rosout_disable_topics_generation] by /performance_monitor
[rosmaster.master][INFO] 2026-08-30 08:44:20,365: +CACHEDPARAM [/rosout_disable_topics_generation] by /performance_monitor
[rosmaster.master][INFO] 2026-08-30 08:44:20,372: +CACHEDPARAM [/rosout_disable_topics_generation] by /performance_monitor
[rosmaster.master][INFO] 2026-08-30 08:44:20,465: +CACHEDPARAM [/rosout_disable_topics_generation] by /performance_monitor
[rosmaster.master][INFO] 2026-08-30 08:44:20,470: +CACHEDPARAM [/rosout_disable_topics_generation] by /performance_monitor
[rosmaster.master][INFO] 2026-08-30 08:44:20,566: +CACHEDPARAM [/rosout_disable_topics_generation] by /performance_monitor
[rosmaster.master][INFO] 2026-08-30 08:44:20,573: +CACHEDPARAM [/rosout_disable_topics_generation] by /performance_monitor
[rosmaster.master][INFO] 2026-08-30 08:44:20,670: +CACHEDPARAM [/rosout_disable_topics_generation] by /performance_monitor
[rosmaster.master][INFO] 2026-08-30 08:44:20,677: +CACHEDPARAM [/rosout_disable_topics_generation] by /performance_monitor
[rosmaster.master][INFO] 2026-08-30 08:44:20,768: +CACHEDPARAM [/rosout_disable_topics_generation] by /performance_monitor
[rosmaster.master][INFO] 2026-08-30 08:44:20,776: +CACHEDPARAM [/rosout_disable_topics_generation] by /performance_monitor
[rosmaster.master][INFO] 2026-08-30 08:44:20,867: +CACHEDPARAM [/rosout_disable_topics_generation] by /performance_monitor
[rosmaster.master][INFO] 2026-08-30 08:44:20,874: +CACHEDPARAM [/rosout_disable_topics_generation] by /performance_monitor
[rosmaster.master][INFO] 2026-08-30 08:44:20,966: +CACHEDPARAM [/rosout_disable_topics_generation] by /performance_monitor
[rosmaster.master][INFO] 2026-08-30 08:44:20,973: +CACHEDPARAM [/rosout_disable_topics_generation] by /performance_monitor
[rosmaster.master][INFO] 2026-08-30 08:44:21,071: +CACHEDPARAM [/rosout_disable_topics_generation] by /performance_monitor
[rosmaster.master][INFO] 2026-08-30 08:44:21,078: +CACHEDPARAM [/rosout_disable_topics_generation] by /performance_monitor
[rosmaster.master][INFO] 2026-08-30 08:44:21,165: +CACHEDPARAM [/rosout_disable_topics_generation] by /performance_monitor
[rosmaster.master][INFO] 2026-08-30 08:44:21,172: +CACHEDPARAM [/rosout_disable_topics_generation] by /performance_monitor
[rosmaster.master][INFO] 2026-08-30 08:44:21,269: +CACHEDPARAM [/rosout_disable_topics_generation] by /performance_monitor
[rosmaster.master][INFO] 2026-08-30 08:44:21,276: +CACHEDPARAM [/rosout_disable_topics_generation] by /performance_monitor
[rosmaster.master][INFO] 2026-08-30 08:44:21,366: +CACHEDPARAM [/rosout_disable_topics_generation] by /performance_monitor
[rosmaster.master][INFO] 2026-08-30 08:44:21,373: +CACHEDPARAM [/rosout_disable_topics_generation] by /performance_monitor
[rosmaster.master][INFO] 2026-08-30 08:44:21,461: +CACHEDPARAM [/rosout_disable_topics_generation] by /performance_monitor
[rosmaster.master][INFO] 2026-08-30 08:44:21,467: +CACHEDPARAM [/rosout_disable_topics_generation] by /performance_monitor
[rosmaster.master][INFO] 2026-08-30 08:44:21,568: +CACHEDPARAM [/rosout_disable_topics_generation] by /performance_monitor
[rosmaster.master][INFO] 2026-08-30 08:44:21,573: +CACHEDPARAM [/rosout_disable_topics_generation] by /performance_monitor
[rosmaster.master][INFO] 2026-08-30 08:44:21,667: +CACHEDPARAM [/rosout_disable_topics_generation] by /performance_monitor
[rosmaster.master][INFO] 2026-08-30 08:44:21,674: +CACHEDPARAM [/rosout_disable_topics_generation] by /performance_monitor
[rosmaster.master][INFO] 2026-08-30 08:44:21,763: +CACHEDPARAM [/rosout_disable_topics_generation] by /performance_monitor
[rosmaster.master][INFO] 2026-08-30 08:44:21,765: +CACHEDPARAM [/rosout_disable_topics_generation] by /performance_monitor
[rosmaster.master][INFO] 2026-08-30 08:44:21,860: +CACHEDPARAM [/rosout_disable_topics_generation] by /performance_monitor
[rosmaster.master][INFO] 2026-08-30 08:44:21,861: +CACHEDPARAM [/rosout_disable_topics_generation] by /performance_monitor
[rosmaster.master][INFO] 2026-08-30 08:44:21,959: +CACHEDPARAM [/rosout_disable_topics_generation] by /performance_monitor
[rosmaster.master][INFO] 2026-08-30 08:44:21,961: +CACHEDPARAM [/rosout_disable_topics_generation] by /performance_monitor
[rosmaster.master][INFO] 2026-08-30 08:44:22,058: +CACHEDPARAM [/rosout_disable_topics_generation] by /performance_monitor
[rosmaster.master][INFO] 2026-08-30 08:44:22,060: +CACHEDPARAM [/rosout_disable_topics_generation] by /performance_monitor
[rosmaster.master][INFO] 2026-08-30 08:44:22,161: +CACHEDPARAM [/rosout_disable_topics_generation] by /performance_monitor
[rosmaster.master][INFO] 2026-08-30 08:44:22,165: +CACHEDPARAM [/rosout_disable_topics_generation] by /performance_monitor
[rosmaster.master][INFO] 2026-08-30 08:44:22,264: +CACHEDPARAM [/rosout_disable_topics_generation] by /performance_monitor
[rosmaster.master][INFO] 2026-08-30 08:44:22,271: +CACHEDPARAM [/rosout_disable_topics_generation] by /performance_monitor
[rosmaster.master][INFO] 2026-08-30 08:44:22,365: +CACHEDPARAM [/rosout_disable_topics_generation] by /performance_monitor
[rosmaster.master][INFO] 2026-08-30 08:44:22,372: +CACHEDPARAM [/rosout_disable_topics_generation] by /performance_monitor
[rosmaster.master][INFO] 2026-08-30 08:44:22,469: +CACHEDPARAM [/rosout_disable_topics_generation] by /performance_monitor
[rosmaster.master][INFO] 2026-08-30 08:44:22,475: +CACHEDPARAM [/rosout_disable_topics_generation] by /performance_monitor
[rosmaster.master][INFO] 2026-08-30 08:44:22,567: +CACHEDPARAM [/rosout_disable_topics_generation] by /performance_monitor
[rosmaster.master][INFO] 2026-08-30 08:44:22,574: +CACHEDPARAM [/rosout_disable_topics_generation] by /performance_monitor
[rosmaster.master][INFO] 2026-08-30 08:44:22,664: +CACHEDPARAM [/rosout_disable_topics_generation] by /performance_monitor
[rosmaster.master][INFO] 2026-08-30 08:44:22,668: +CACHEDPARAM [/rosout_disable_topics_generation] by /performance_monitor
[rosmaster.master][INFO] 2026-08-30 08:44:22,764: +CACHEDPARAM [/rosout_disable_topics_generation] by /performance_monitor
[rosmaster.master][INFO] 2026-08-30 08:44:22,771: +CACHEDPARAM [/rosout_disable_topics_generation] by /performance_monitor
[rosmaster.master][INFO] 2026-08-30 08:44:22,868: +CACHEDPARAM [/rosout_disable_topics_generation] by /performance_monitor
[rosmaster.master][INFO] 2026-08-30 08:44:22,875: +CACHEDPARAM [/rosout_disable_topics_generation] by /performance_monitor
[rosmaster.master][INFO] 2026-08-30 08:44:22,968: +CACHEDPARAM [/rosout_disable_topics_generation] by /performance_monitor
[rosmaster.master][INFO] 2026-08-30 08:44:22,975: +CACHEDPARAM [/rosout_disable_topics_generation] by /performance_monitor
[rosmaster.master][INFO] 2026-08-30 08:44:23,067: +CACHEDPARAM [/rosout_disable_topics_generation] by /performance_monitor
[rosmaster.master][INFO] 2026-08-30 08:44:23,075: +CACHEDPARAM [/rosout_disable_topics_generation] by /performance_monitor
[rosmaster.master][INFO] 2026-08-30 08:44:23,166: +CACHEDPARAM [/rosout_disable_topics_generation] by /performance_monitor
[rosmaster.master][INFO] 2026-08-30 08:44:23,173: +CACHEDPARAM [/rosout_disable_topics_generation] by /performance_monitor
[rosmaster.master][INFO] 2026-08-30 08:44:23,266: +CACHEDPARAM [/rosout_disable_topics_generation] by /performance_monitor
[rosmaster.master][INFO] 2026-08-30 08:44:23,274: +CACHEDPARAM [/rosout_disable_topics_generation] by /performance_monitor
[rosmaster.master][INFO] 2026-08-30 08:44:23,371: +CACHEDPARAM [/rosout_disable_topics_generation] by /performance_monitor
[rosmaster.master][INFO] 2026-08-30 08:44:23,378: +CACHEDPARAM [/rosout_disable_topics_generation] by /performance_monitor
[rosmaster.master][INFO] 2026-08-30 08:44:23,471: +CACHEDPARAM [/rosout_disable_topics_generation] by /performance_monitor
[rosmaster.master][INFO] 2026-08-30 08:44:23,477: +CACHEDPARAM [/rosout_disable_topics_generation] by /performance_monitor
[rosmaster.master][INFO] 2026-08-30 08:44:23,566: +CACHEDPARAM [/rosout_disable_topics_generation] by /performance_monitor
[rosmaster.master][INFO] 2026-08-30 08:44:23,573: +CACHEDPARAM [/rosout_disable_topics_generation] by /performance_monitor
[rosmaster.master][INFO] 2026-08-30 08:44:23,665: +CACHEDPARAM [/rosout_disable_topics_generation] by /performance_monitor
[rosmaster.master][INFO] 2026-08-30 08:44:23,672: +CACHEDPARAM [/rosout_disable_topics_generation] by /performance_monitor
[rosmaster.master][INFO] 2026-08-30 08:44:23,690: +CACHEDPARAM [/rosout_disable_topics_generation] by /performance_monitor
[rosmaster.master][INFO] 2026-08-30 08:44:23,884: +CACHEDPARAM [/rosout_disable_topics_generation] by /performance_monitor
[rosmaster.master][INFO] 2026-08-30 08:44:23,892: +CACHEDPARAM [/rosout_disable_topics_generation] by /performance_monitor
[rosmaster.master][INFO] 2026-08-30 08:44:24,067: +CACHEDPARAM [/rosout_disable_topics_generation] by /performance_monitor
[rosmaster.master][INFO] 2026-08-30 08:44:24,086: +CACHEDPARAM [/rosout_disable_topics_generation] by /performance_monitor
[rosmaster.master][INFO] 2026-08-30 08:44:24,130: +CACHEDPARAM [/rosout_disable_topics_generation] by /performance_monitor
[rosmaster.master][INFO] 2026-08-30 08:44:24,137: +CACHEDPARAM [/rosout_disable_topics_generation] by /performance_monitor
[rosmaster.master][INFO] 2026-08-30 08:44:24,329: +CACHEDPARAM [/rosout_disable_topics_generation] by /performance_monitor
[rosmaster.master][INFO] 2026-08-30 08:44:24,343: +CACHEDPARAM [/rosout_disable_topics_generation] by /performance_monitor
[rosmaster.master][INFO] 2026-08-30 08:44:24,487: +CACHEDPARAM [/rosout_disable_topics_generation] by /performance_monitor
[rosmaster.master][INFO] 2026-08-30 08:44:24,507: +CACHEDPARAM [/rosout_disable_topics_generation] by /performance_monitor
[rosmaster.master][INFO] 2026-08-30 08:44:24,716: +CACHEDPARAM [/rosout_disable_topics_generation] by /performance_monitor
[rosmaster.master][INFO] 2026-08-30 08:44:24,731: +CACHEDPARAM [/rosout_disable_topics_generation] by /performance_monitor
[rosmaster.master][INFO] 2026-08-30 08:44:24,857: +CACHEDPARAM [/rosout_disable_topics_generation] by /performance_monitor
[rosmaster.master][INFO] 2026-08-30 08:44:24,877: +CACHEDPARAM [/rosout_disable_topics_generation] by /performance_monitor
[rosmaster.master][INFO] 2026-08-30 08:44:24,919: +CACHEDPARAM [/rosout_disable_topics_generation] by /performance_monitor
[rosmaster.master][INFO] 2026-08-30 08:44:24,920: +CACHEDPARAM [/rosout_disable_topics_generation] by /performance_monitor
[rosmaster.master][INFO] 2026-08-30 08:44:24,959: +CACHEDPARAM [/rosout_disable_topics_generation] by /performance_monitor
[rosmaster.master][INFO] 2026-08-30 08:44:25,223: +CACHEDPARAM [/rosout_disable_topics_generation] by /performance_monitor
[rosmaster.master][INFO] 2026-08-30 08:44:25,242: +CACHEDPARAM [/rosout_disable_topics_generation] by /performance_monitor
[rosmaster.master][INFO] 2026-08-30 08:44:25,495: +CACHEDPARAM [/rosout_disable_topics_generation] by /performance_monitor
[rosmaster.master][INFO] 2026-08-30 08:44:25,503: +CACHEDPARAM [/rosout_disable_topics_generation] by /performance_monitor
[rosmaster.master][INFO] 2026-08-30 08:44:25,609: +CACHEDPARAM [/rosout_disable_topics_generation] by /performance_monitor
[rosmaster.master][INFO] 2026-08-30 08:44:25,611: +CACHEDPARAM [/rosout_disable_topics_generation] by /performance_monitor
[rosmaster.master][INFO] 2026-08-30 08:44:25,612: +CACHEDPARAM [/rosout_disable_topics_generation] by /performance_monitor
[rosmaster.master][INFO] 2026-08-30 08:44:25,615: +CACHEDPARAM [/rosout_disable_topics_generation] by /performance_monitor
[rosmaster.master][INFO] 2026-08-30 08:44:25,617: +CACHEDPARAM [/rosout_disable_topics_generation] by /performance_monitor
[rosmaster.master][INFO] 2026-08-30 08:44:25,714: +CACHEDPARAM [/rosout_disable_topics_generation] by /performance_monitor
[rosmaster.master][INFO] 2026-08-30 08:44:25,716: +CACHEDPARAM [/rosout_disable_topics_generation] by /performance_monitor
[rosmaster.master][INFO] 2026-08-30 08:44:25,814: +CACHEDPARAM [/rosout_disable_topics_generation] by /performance_monitor
[rosmaster.master][INFO] 2026-08-30 08:44:25,816: +CACHEDPARAM [/rosout_disable_topics_generation] by /performance_monitor
[rosmaster.master][INFO] 2026-08-30 08:44:25,915: +CACHEDPARAM [/rosout_disable_topics_generation] by /performance_monitor
[rosmaster.master][INFO] 2026-08-30 08:44:25,916: +CACHEDPARAM [/rosout_disable_topics_generation] by /performance_monitor
[rosmaster.master][INFO] 2026-08-30 08:44:26,020: +CACHEDPARAM [/rosout_disable_topics_generation] by /performance_monitor
[rosmaster.master][INFO] 2026-08-30 08:44:26,022: +CACHEDPARAM [/rosout_disable_topics_generation] by /performance_monitor
[rosmaster.master][INFO] 2026-08-30 08:44:26,124: +CACHEDPARAM [/rosout_disable_topics_generation] by /performance_monitor
[rosmaster.master][INFO] 2026-08-30 08:44:26,128: +CACHEDPARAM [/rosout_disable_topics_generation] by /performance_monitor
[rosmaster.master][INFO] 2026-08-30 08:44:26,227: +CACHEDPARAM [/rosout_disable_topics_generation] by /performance_monitor
[rosmaster.master][INFO] 2026-08-30 08:44:26,234: +CACHEDPARAM [/rosout_disable_topics_generation] by /performance_monitor
[rosmaster.master][INFO] 2026-08-30 08:44:26,322: +CACHEDPARAM [/rosout_disable_topics_generation] by /performance_monitor
[rosmaster.master][INFO] 2026-08-30 08:44:26,330: +CACHEDPARAM [/rosout_disable_topics_generation] by /performance_monitor
[rosmaster.master][INFO] 2026-08-30 08:44:26,426: +CACHEDPARAM [/rosout_disable_topics_generation] by /performance_monitor
[rosmaster.master][INFO] 2026-08-30 08:44:26,434: +CACHEDPARAM [/rosout_disable_topics_generation] by /performance_monitor
[rosmaster.master][INFO] 2026-08-30 08:44:26,526: +CACHEDPARAM [/rosout_disable_topics_generation] by /performance_monitor
[rosmaster.master][INFO] 2026-08-30 08:44:26,534: +CACHEDPARAM [/rosout_disable_topics_generation] by /performance_monitor
[rosmaster.master][INFO] 2026-08-30 08:44:26,626: +CACHEDPARAM [/rosout_disable_topics_generation] by /performance_monitor
[rosmaster.master][INFO] 2026-08-30 08:44:26,632: +CACHEDPARAM [/rosout_disable_topics_generation] by /performance_monitor
[rosmaster.master][INFO] 2026-08-30 08:44:26,727: +CACHEDPARAM [/rosout_disable_topics_generation] by /performance_monitor
[rosmaster.master][INFO] 2026-08-30 08:44:26,734: +CACHEDPARAM [/rosout_disable_topics_generation] by /performance_monitor
[rosmaster.master][INFO] 2026-08-30 08:44:26,820: +CACHEDPARAM [/rosout_disable_topics_generation] by /performance_monitor
[rosmaster.master][INFO] 2026-08-30 08:44:26,837: +CACHEDPARAM [/rosout_disable_topics_generation] by /performance_monitor
[rosmaster.master][INFO] 2026-08-30 08:44:26,843: +CACHEDPARAM [/rosout_disable_topics_generation] by /performance_monitor
[rosmaster.master][INFO] 2026-08-30 08:44:26,901: +CACHEDPARAM [/rosout_disable_topics_generation] by /performance_monitor
[rosmaster.master][INFO] 2026-08-30 08:44:26,903: +CACHEDPARAM [/rosout_disable_topics_generation] by /performance_monitor
[rosmaster.master][INFO] 2026-08-30 08:44:26,914: +CACHEDPARAM [/rosout_disable_topics_generation] by /performance_monitor
[rosmaster.master][INFO] 2026-08-30 08:44:26,915: +CACHEDPARAM [/rosout_disable_topics_generation] by /performance_monitor
[rosmaster.master][INFO] 2026-08-30 08:44:27,015: +CACHEDPARAM [/rosout_disable_topics_generation] by /performance_monitor
[rosmaster.master][INFO] 2026-08-30 08:44:27,017: +CACHEDPARAM [/rosout_disable_topics_generation] by /performance_monitor
[rosmaster.master][INFO] 2026-08-30 08:44:27,121: +CACHEDPARAM [/rosout_disable_topics_generation] by /performance_monitor
[rosmaster.master][INFO] 2026-08-30 08:44:27,124: +CACHEDPARAM [/rosout_disable_topics_generation] by /performance_monitor
[rosmaster.master][INFO] 2026-08-30 08:44:27,223: +CACHEDPARAM [/rosout_disable_topics_generation] by /performance_monitor
[rosmaster.master][INFO] 2026-08-30 08:44:27,229: +CACHEDPARAM [/rosout_disable_topics_generation] by /performance_monitor
[rosmaster.master][INFO] 2026-08-30 08:44:27,322: +CACHEDPARAM [/rosout_disable_topics_generation] by /performance_monitor
[rosmaster.master][INFO] 2026-08-30 08:44:27,329: +CACHEDPARAM [/rosout_disable_topics_generation] by /performance_monitor
[rosmaster.master][INFO] 2026-08-30 08:44:27,425: +CACHEDPARAM [/rosout_disable_topics_generation] by /performance_monitor
[rosmaster.master][INFO] 2026-08-30 08:44:27,432: +CACHEDPARAM [/rosout_disable_topics_generation] by /performance_monitor
[rosmaster.master][INFO] 2026-08-30 08:44:27,525: +CACHEDPARAM [/rosout_disable_topics_generation] by /performance_monitor
[rosmaster.master][INFO] 2026-08-30 08:44:27,532: +CACHEDPARAM [/rosout_disable_topics_generation] by /performance_monitor
[rosmaster.master][INFO] 2026-08-30 08:44:27,623: +CACHEDPARAM [/rosout_disable_topics_generation] by /performance_monitor
[rosmaster.master][INFO] 2026-08-30 08:44:27,629: +CACHEDPARAM [/rosout_disable_topics_generation] by /performance_monitor
[rosmaster.master][INFO] 2026-08-30 08:44:27,725: +CACHEDPARAM [/rosout_disable_topics_generation] by /performance_monitor
[rosmaster.master][INFO] 2026-08-30 08:44:27,729: +CACHEDPARAM [/rosout_disable_topics_generation] by /performance_monitor
[rosmaster.master][INFO] 2026-08-30 08:44:27,819: +CACHEDPARAM [/rosout_disable_topics_generation] by /performance_monitor
[rosmaster.master][INFO] 2026-08-30 08:44:27,821: +CACHEDPARAM [/rosout_disable_topics_generation] by /performance_monitor
[rosmaster.master][INFO] 2026-08-30 08:44:27,915: +CACHEDPARAM [/rosout_disable_topics_generation] by /performance_monitor
[rosmaster.master][INFO] 2026-08-30 08:44:27,916: +CACHEDPARAM [/rosout_disable_topics_generation] by /performance_monitor
[rosmaster.master][INFO] 2026-08-30 08:44:28,018: +CACHEDPARAM [/rosout_disable_topics_generation] by /performance_monitor
[rosmaster.master][INFO] 2026-08-30 08:44:28,019: +CACHEDPARAM [/rosout_disable_topics_generation] by /performance_monitor
[rosmaster.master][INFO] 2026-08-30 08:44:28,116: +CACHEDPARAM [/rosout_disable_topics_generation] by /performance_monitor
[rosmaster.master][INFO] 2026-08-30 08:44:28,119: +CACHEDPARAM [/rosout_disable_topics_generation] by /performance_monitor
[rosmaster.master][INFO] 2026-08-30 08:44:28,224: +CACHEDPARAM [/rosout_disable_topics_generation] by /performance_monitor
[rosmaster.master][INFO] 2026-08-30 08:44:28,227: +CACHEDPARAM [/rosout_disable_topics_generation] by /performance_monitor
[rosmaster.master][INFO] 2026-08-30 08:44:28,325: +CACHEDPARAM [/rosout_disable_topics_generation] by /performance_monitor
[rosmaster.master][INFO] 2026-08-30 08:44:28,332: +CACHEDPARAM [/rosout_disable_topics_generation] by /performance_monitor
[rosmaster.master][INFO] 2026-08-30 08:44:28,419: +CACHEDPARAM [/rosout_disable_topics_generation] by /performance_monitor
[rosmaster.master][INFO] 2026-08-30 08:44:28,426: +CACHEDPARAM [/rosout_disable_topics_generation] by /performance_monitor
[rosmaster.master][INFO] 2026-08-30 08:44:28,516: +CACHEDPARAM [/rosout_disable_topics_generation] by /performance_monitor
[rosmaster.master][INFO] 2026-08-30 08:44:28,519: +CACHEDPARAM [/rosout_disable_topics_generation] by /performance_monitor
[rosmaster.master][INFO] 2026-08-30 08:44:28,619: +CACHEDPARAM [/rosout_disable_topics_generation] by /performance_monitor
[rosmaster.master][INFO] 2026-08-30 08:44:28,625: +CACHEDPARAM [/rosout_disable_topics_generation] by /performance_monitor
[rosmaster.master][INFO] 2026-08-30 08:44:28,724: +CACHEDPARAM [/rosout_disable_topics_generation] by /performance_monitor
[rosmaster.master][INFO] 2026-08-30 08:44:28,730: +CACHEDPARAM [/rosout_disable_topics_generation] by /performance_monitor
[rosmaster.master][INFO] 2026-08-30 08:44:28,821: +CACHEDPARAM [/rosout_disable_topics_generation] by /performance_monitor
[rosmaster.master][INFO] 2026-08-30 08:44:28,827: +CACHEDPARAM [/rosout_disable_topics_generation] by /performance_monitor
[rosmaster.master][INFO] 2026-08-30 08:44:28,923: +CACHEDPARAM [/rosout_disable_topics_generation] by /performance_monitor
[rosmaster.master][INFO] 2026-08-30 08:44:28,929: +CACHEDPARAM [/rosout_disable_topics_generation] by /performance_monitor
[rosmaster.master][INFO] 2026-08-30 08:44:29,025: +CACHEDPARAM [/rosout_disable_topics_generation] by /performance_monitor
[rosmaster.master][INFO] 2026-08-30 08:44:29,030: +CACHEDPARAM [/rosout_disable_topics_generation] by /performance_monitor
[rosmaster.master][INFO] 2026-08-30 08:44:29,122: +CACHEDPARAM [/rosout_disable_topics_generation] by /performance_monitor
[rosmaster.master][INFO] 2026-08-30 08:44:29,126: +CACHEDPARAM [/rosout_disable_topics_generation] by /performance_monitor
[rosmaster.master][INFO] 2026-08-30 08:44:29,220: +CACHEDPARAM [/rosout_disable_topics_generation] by /performance_monitor
[rosmaster.master][INFO] 2026-08-30 08:44:29,224: +CACHEDPARAM [/rosout_disable_topics_generation] by /performance_monitor
[rosmaster.master][INFO] 2026-08-30 08:44:29,323: +CACHEDPARAM [/rosout_disable_topics_generation] by /performance_monitor
[rosmaster.master][INFO] 2026-08-30 08:44:29,328: +CACHEDPARAM [/rosout_disable_topics_generation] by /performance_monitor
[rosmaster.master][INFO] 2026-08-30 08:44:29,422: +CACHEDPARAM [/rosout_disable_topics_generation] by /performance_monitor
[rosmaster.master][INFO] 2026-08-30 08:44:29,426: +CACHEDPARAM [/rosout_disable_topics_generation] by /performance_monitor
[rosmaster.master][INFO] 2026-08-30 08:44:29,525: +CACHEDPARAM [/rosout_disable_topics_generation] by /performance_monitor
[rosmaster.master][INFO] 2026-08-30 08:44:29,529: +CACHEDPARAM [/rosout_disable_topics_generation] by /performance_monitor
[rosmaster.master][INFO] 2026-08-30 08:44:29,624: +CACHEDPARAM [/rosout_disable_topics_generation] by /performance_monitor
[rosmaster.master][INFO] 2026-08-30 08:44:29,629: +CACHEDPARAM [/rosout_disable_topics_generation] by /performance_monitor
[rosmaster.master][INFO] 2026-08-30 08:44:29,721: +CACHEDPARAM [/rosout_disable_topics_generation] by /performance_monitor
[rosmaster.master][INFO] 2026-08-30 08:44:29,725: +CACHEDPARAM [/rosout_disable_topics_generation] by /performance_monitor
[rosmaster.master][INFO] 2026-08-30 08:44:29,815: +CACHEDPARAM [/rosout_disable_topics_generation] by /performance_monitor
[rosmaster.master][INFO] 2026-08-30 08:44:29,817: +CACHEDPARAM [/rosout_disable_topics_generation] by /performance_monitor
[rosmaster.master][INFO] 2026-08-30 08:44:29,916: +CACHEDPARAM [/rosout_disable_topics_generation] by /performance_monitor
[rosmaster.master][INFO] 2026-08-30 08:44:29,918: +CACHEDPARAM [/rosout_disable_topics_generation] by /performance_monitor
[rosmaster.master][INFO] 2026-08-30 08:44:30,015: +CACHEDPARAM [/rosout_disable_topics_generation] by /performance_monitor
[rosmaster.master][INFO] 2026-08-30 08:44:30,016: +CACHEDPARAM [/rosout_disable_topics_generation] by /performance_monitor
[rosmaster.master][INFO] 2026-08-30 08:44:30,116: +CACHEDPARAM [/rosout_disable_topics_generation] by /performance_monitor
[rosmaster.master][INFO] 2026-08-30 08:44:30,119: +CACHEDPARAM [/rosout_disable_topics_generation] by /performance_monitor
[rosmaster.master][INFO] 2026-08-30 08:44:30,225: +CACHEDPARAM [/rosout_disable_topics_generation] by /performance_monitor
[rosmaster.master][INFO] 2026-08-30 08:44:30,230: +CACHEDPARAM [/rosout_disable_topics_generation] by /performance_monitor
[rosmaster.master][INFO] 2026-08-30 08:44:30,318: +CACHEDPARAM [/rosout_disable_topics_generation] by /performance_monitor
[rosmaster.master][INFO] 2026-08-30 08:44:30,322: +CACHEDPARAM [/rosout_disable_topics_generation] by /performance_monitor
[rosmaster.master][INFO] 2026-08-30 08:44:30,418: +CACHEDPARAM [/rosout_disable_topics_generation] by /performance_monitor
[rosmaster.master][INFO] 2026-08-30 08:44:30,421: +CACHEDPARAM [/rosout_disable_topics_generation] by /performance_monitor
[rosmaster.master][INFO] 2026-08-30 08:44:30,516: +CACHEDPARAM [/rosout_disable_topics_generation] by /performance_monitor
[rosmaster.master][INFO] 2026-08-30 08:44:30,520: +CACHEDPARAM [/rosout_disable_topics_generation] by /performance_monitor
[rosmaster.master][INFO] 2026-08-30 08:44:30,620: +CACHEDPARAM [/rosout_disable_topics_generation] by /performance_monitor
[rosmaster.master][INFO] 2026-08-30 08:44:30,622: +CACHEDPARAM [/rosout_disable_topics_generation] by /performance_monitor
[rosmaster.master][INFO] 2026-08-30 08:44:30,719: +CACHEDPARAM [/rosout_disable_topics_generation] by /performance_monitor
[rosmaster.master][INFO] 2026-08-30 08:44:30,726: +CACHEDPARAM [/rosout_disable_topics_generation] by /performance_monitor
[rosmaster.master][INFO] 2026-08-30 08:44:30,820: +CACHEDPARAM [/rosout_disable_topics_generation] by /performance_monitor
[rosmaster.master][INFO] 2026-08-30 08:44:30,825: +CACHEDPARAM [/rosout_disable_topics_generation] by /performance_monitor
[rosmaster.master][INFO] 2026-08-30 08:44:30,922: +CACHEDPARAM [/rosout_disable_topics_generation] by /performance_monitor
[rosmaster.master][INFO] 2026-08-30 08:44:30,926: +CACHEDPARAM [/rosout_disable_topics_generation] by /performance_monitor
[rosmaster.master][INFO] 2026-08-30 08:44:31,017: +CACHEDPARAM [/rosout_disable_topics_generation] by /performance_monitor
[rosmaster.master][INFO] 2026-08-30 08:44:31,021: +CACHEDPARAM [/rosout_disable_topics_generation] by /performance_monitor
[rosmaster.master][INFO] 2026-08-30 08:44:31,120: +CACHEDPARAM [/rosout_disable_topics_generation] by /performance_monitor
[rosmaster.master][INFO] 2026-08-30 08:44:31,125: +CACHEDPARAM [/rosout_disable_topics_generation] by /performance_monitor
[rosmaster.master][INFO] 2026-08-30 08:44:31,222: +CACHEDPARAM [/rosout_disable_topics_generation] by /performance_monitor
[rosmaster.master][INFO] 2026-08-30 08:44:31,226: +CACHEDPARAM [/rosout_disable_topics_generation] by /performance_monitor
[rosmaster.master][INFO] 2026-08-30 08:44:31,318: +CACHEDPARAM [/rosout_disable_topics_generation] by /performance_monitor
[rosmaster.master][INFO] 2026-08-30 08:44:31,322: +CACHEDPARAM [/rosout_disable_topics_generation] by /performance_monitor
[rosmaster.master][INFO] 2026-08-30 08:44:31,426: +CACHEDPARAM [/rosout_disable_topics_generation] by /performance_monitor
[rosmaster.master][INFO] 2026-08-30 08:44:31,431: +CACHEDPARAM [/rosout_disable_topics_generation] by /performance_monitor
[rosmaster.master][INFO] 2026-08-30 08:44:31,525: +CACHEDPARAM [/rosout_disable_topics_generation] by /performance_monitor
[rosmaster.master][INFO] 2026-08-30 08:44:31,531: +CACHEDPARAM [/rosout_disable_topics_generation] by /performance_monitor
[rosmaster.master][INFO] 2026-08-30 08:44:31,623: +CACHEDPARAM [/rosout_disable_topics_generation] by /performance_monitor
[rosmaster.master][INFO] 2026-08-30 08:44:31,629: +CACHEDPARAM [/rosout_disable_topics_generation] by /performance_monitor
[rosmaster.master][INFO] 2026-08-30 08:44:31,722: +CACHEDPARAM [/rosout_disable_topics_generation] by /performance_monitor
[rosmaster.master][INFO] 2026-08-30 08:44:31,728: +CACHEDPARAM [/rosout_disable_topics_generation] by /performance_monitor
[rosmaster.master][INFO] 2026-08-30 08:44:31,815: +CACHEDPARAM [/rosout_disable_topics_generation] by /performance_monitor
[rosmaster.master][INFO] 2026-08-30 08:44:31,817: +CACHEDPARAM [/rosout_disable_topics_generation] by /performance_monitor
[rosmaster.master][INFO] 2026-08-30 08:44:31,906: +CACHEDPARAM [/rosout_disable_topics_generation] by /performance_monitor
[rosmaster.master][INFO] 2026-08-30 08:44:32,108: +CACHEDPARAM [/rosout_disable_topics_generation] by /performance_monitor
[rosmaster.master][INFO] 2026-08-30 08:44:32,128: +CACHEDPARAM [/rosout_disable_topics_generation] by /performance_monitor
[rosmaster.master][INFO] 2026-08-30 08:44:32,260: +CACHEDPARAM [/rosout_disable_topics_generation] by /performance_monitor
[rosmaster.master][INFO] 2026-08-30 08:44:32,282: +CACHEDPARAM [/rosout_disable_topics_generation] by /performance_monitor
[rosmaster.master][INFO] 2026-08-30 08:44:32,495: +CACHEDPARAM [/rosout_disable_topics_generation] by /performance_monitor
[rosmaster.master][INFO] 2026-08-30 08:44:32,514: +CACHEDPARAM [/rosout_disable_topics_generation] by /performance_monitor
[rosmaster.master][INFO] 2026-08-30 08:44:32,639: +CACHEDPARAM [/rosout_disable_topics_generation] by /performance_monitor
[rosmaster.master][INFO] 2026-08-30 08:44:32,660: +CACHEDPARAM [/rosout_disable_topics_generation] by /performance_monitor
[rosmaster.master][INFO] 2026-08-30 08:44:32,856: +CACHEDPARAM [/rosout_disable_topics_generation] by /performance_monitor
[rosmaster.master][INFO] 2026-08-30 08:44:32,894: +CACHEDPARAM [/rosout_disable_topics_generation] by /performance_monitor
[rosmaster.master][INFO] 2026-08-30 08:44:33,051: +CACHEDPARAM [/rosout_disable_topics_generation] by /performance_monitor
[rosmaster.master][INFO] 2026-08-30 08:44:33,077: +CACHEDPARAM [/rosout_disable_topics_generation] by /performance_monitor
[rosmaster.master][INFO] 2026-08-30 08:44:33,164: +CACHEDPARAM [/rosout_disable_topics_generation] by /performance_monitor
[rosmaster.master][INFO] 2026-08-30 08:44:33,184: +CACHEDPARAM [/rosout_disable_topics_generation] by /performance_monitor
[rosmaster.master][INFO] 2026-08-30 08:44:33,223: +CACHEDPARAM [/rosout_disable_topics_generation] by /performance_monitor
[rosmaster.master][INFO] 2026-08-30 08:44:33,485: +CACHEDPARAM [/rosout_disable_topics_generation] by /performance_monitor
[rosmaster.master][INFO] 2026-08-30 08:44:33,505: +CACHEDPARAM [/rosout_disable_topics_generation] by /performance_monitor
[rosmaster.master][INFO] 2026-08-30 08:44:33,772: +CACHEDPARAM [/rosout_disable_topics_generation] by /performance_monitor
[rosmaster.master][INFO] 2026-08-30 08:44:33,789: +CACHEDPARAM [/rosout_disable_topics_generation] by /performance_monitor
[rosmaster.master][INFO] 2026-08-30 08:44:33,896: +CACHEDPARAM [/rosout_disable_topics_generation] by /performance_monitor
[rosmaster.master][INFO] 2026-08-30 08:44:33,898: +CACHEDPARAM [/rosout_disable_topics_generation] by /performance_monitor
[rosmaster.master][INFO] 2026-08-30 08:44:33,901: +CACHEDPARAM [/rosout_disable_topics_generation] by /performance_monitor
[rosmaster.master][INFO] 2026-08-30 08:44:33,906: +CACHEDPARAM [/rosout_disable_topics_generation] by /performance_monitor
[rosmaster.master][INFO] 2026-08-30 08:44:33,909: +CACHEDPARAM [/rosout_disable_topics_generation] by /performance_monitor
[rosmaster.master][INFO] 2026-08-30 08:44:33,916: +CACHEDPARAM [/rosout_disable_topics_generation] by /performance_monitor
[rosmaster.master][INFO] 2026-08-30 08:44:33,919: +CACHEDPARAM [/rosout_disable_topics_generation] by /performance_monitor
[rosmaster.master][INFO] 2026-08-30 08:44:33,929: +CACHEDPARAM [/rosout_disable_topics_generation] by /performance_monitor
[rosmaster.master][INFO] 2026-08-30 08:44:33,932: +CACHEDPARAM [/rosout_disable_topics_generation] by /performance_monitor
[rosmaster.master][INFO] 2026-08-30 08:44:34,029: +CACHEDPARAM [/rosout_disable_topics_generation] by /performance_monitor
[rosmaster.master][INFO] 2026-08-30 08:44:34,031: +CACHEDPARAM [/rosout_disable_topics_generation] by /performance_monitor
[rosmaster.master][INFO] 2026-08-30 08:44:34,130: +CACHEDPARAM [/rosout_disable_topics_generation] by /performance_monitor
[rosmaster.master][INFO] 2026-08-30 08:44:34,133: +CACHEDPARAM [/rosout_disable_topics_generation] by /performance_monitor
[rosmaster.master][INFO] 2026-08-30 08:44:34,232: +CACHEDPARAM [/rosout_disable_topics_generation] by /performance_monitor
[rosmaster.master][INFO] 2026-08-30 08:44:34,235: +CACHEDPARAM [/rosout_disable_topics_generation] by /performance_monitor
[rosmaster.master][INFO] 2026-08-30 08:44:34,332: +CACHEDPARAM [/rosout_disable_topics_generation] by /performance_monitor
[rosmaster.master][INFO] 2026-08-30 08:44:34,336: +CACHEDPARAM [/rosout_disable_topics_generation] by /performance_monitor
[rosmaster.master][INFO] 2026-08-30 08:44:34,432: +CACHEDPARAM [/rosout_disable_topics_generation] by /performance_monitor
[rosmaster.master][INFO] 2026-08-30 08:44:34,436: +CACHEDPARAM [/rosout_disable_topics_generation] by /performance_monitor
[rosmaster.master][INFO] 2026-08-30 08:44:34,531: +CACHEDPARAM [/rosout_disable_topics_generation] by /performance_monitor
[rosmaster.master][INFO] 2026-08-30 08:44:34,539: +CACHEDPARAM [/rosout_disable_topics_generation] by /performance_monitor
[rosmaster.master][INFO] 2026-08-30 08:44:34,631: +CACHEDPARAM [/rosout_disable_topics_generation] by /performance_monitor
[rosmaster.master][INFO] 2026-08-30 08:44:34,637: +CACHEDPARAM [/rosout_disable_topics_generation] by /performance_monitor
[rosmaster.master][INFO] 2026-08-30 08:44:34,738: +CACHEDPARAM [/rosout_disable_topics_generation] by /performance_monitor
[rosmaster.master][INFO] 2026-08-30 08:44:34,747: +CACHEDPARAM [/rosout_disable_topics_generation] by /performance_monitor
[rosmaster.master][INFO] 2026-08-30 08:44:34,833: +CACHEDPARAM [/rosout_disable_topics_generation] by /performance_monitor
[rosmaster.master][INFO] 2026-08-30 08:44:34,839: +CACHEDPARAM [/rosout_disable_topics_generation] by /performance_monitor
[rosmaster.master][INFO] 2026-08-30 08:44:34,937: +CACHEDPARAM [/rosout_disable_topics_generation] by /performance_monitor
[rosmaster.master][INFO] 2026-08-30 08:44:34,942: +CACHEDPARAM [/rosout_disable_topics_generation] by /performance_monitor
[rosmaster.master][INFO] 2026-08-30 08:44:35,032: +CACHEDPARAM [/rosout_disable_topics_generation] by /performance_monitor
[rosmaster.master][INFO] 2026-08-30 08:44:35,037: +CACHEDPARAM [/rosout_disable_topics_generation] by /performance_monitor
[rosmaster.master][INFO] 2026-08-30 08:44:35,086: +CACHEDPARAM [/rosout_disable_topics_generation] by /performance_monitor
[rosmaster.master][INFO] 2026-08-30 08:44:35,150: +CACHEDPARAM [/rosout_disable_topics_generation] by /performance_monitor
[rosmaster.master][INFO] 2026-08-30 08:44:35,152: +CACHEDPARAM [/rosout_disable_topics_generation] by /performance_monitor
[rosmaster.master][INFO] 2026-08-30 08:44:35,154: +CACHEDPARAM [/rosout_disable_topics_generation] by /performance_monitor
[rosmaster.master][INFO] 2026-08-30 08:44:35,155: +CACHEDPARAM [/rosout_disable_topics_generation] by /performance_monitor
[rosmaster.master][INFO] 2026-08-30 08:44:35,230: +CACHEDPARAM [/rosout_disable_topics_generation] by /performance_monitor
[rosmaster.master][INFO] 2026-08-30 08:44:35,232: +CACHEDPARAM [/rosout_disable_topics_generation] by /performance_monitor
[rosmaster.master][INFO] 2026-08-30 08:44:35,329: +CACHEDPARAM [/rosout_disable_topics_generation] by /performance_monitor
[rosmaster.master][INFO] 2026-08-30 08:44:35,332: +CACHEDPARAM [/rosout_disable_topics_generation] by /performance_monitor
[rosmaster.master][INFO] 2026-08-30 08:44:35,437: +CACHEDPARAM [/rosout_disable_topics_generation] by /performance_monitor
[rosmaster.master][INFO] 2026-08-30 08:44:35,441: +CACHEDPARAM [/rosout_disable_topics_generation] by /performance_monitor
[rosmaster.master][INFO] 2026-08-30 08:44:35,536: +CACHEDPARAM [/rosout_disable_topics_generation] by /performance_monitor
[rosmaster.master][INFO] 2026-08-30 08:44:35,543: +CACHEDPARAM [/rosout_disable_topics_generation] by /performance_monitor
[rosmaster.master][INFO] 2026-08-30 08:44:35,637: +CACHEDPARAM [/rosout_disable_topics_generation] by /performance_monitor
[rosmaster.master][INFO] 2026-08-30 08:44:35,646: +CACHEDPARAM [/rosout_disable_topics_generation] by /performance_monitor
[rosmaster.master][INFO] 2026-08-30 08:44:35,729: +CACHEDPARAM [/rosout_disable_topics_generation] by /performance_monitor
[rosmaster.master][INFO] 2026-08-30 08:44:35,731: +CACHEDPARAM [/rosout_disable_topics_generation] by /performance_monitor
[rosmaster.master][INFO] 2026-08-30 08:44:35,833: +CACHEDPARAM [/rosout_disable_topics_generation] by /performance_monitor
[rosmaster.master][INFO] 2026-08-30 08:44:35,834: +CACHEDPARAM [/rosout_disable_topics_generation] by /performance_monitor
[rosmaster.master][INFO] 2026-08-30 08:44:35,928: +CACHEDPARAM [/rosout_disable_topics_generation] by /performance_monitor
[rosmaster.master][INFO] 2026-08-30 08:44:35,930: +CACHEDPARAM [/rosout_disable_topics_generation] by /performance_monitor
[rosmaster.master][INFO] 2026-08-30 08:44:36,034: +CACHEDPARAM [/rosout_disable_topics_generation] by /performance_monitor
[rosmaster.master][INFO] 2026-08-30 08:44:36,037: +CACHEDPARAM [/rosout_disable_topics_generation] by /performance_monitor
[rosmaster.master][INFO] 2026-08-30 08:44:36,128: +CACHEDPARAM [/rosout_disable_topics_generation] by /performance_monitor
[rosmaster.master][INFO] 2026-08-30 08:44:36,131: +CACHEDPARAM [/rosout_disable_topics_generation] by /performance_monitor
[rosmaster.master][INFO] 2026-08-30 08:44:36,229: +CACHEDPARAM [/rosout_disable_topics_generation] by /performance_monitor
[rosmaster.master][INFO] 2026-08-30 08:44:36,232: +CACHEDPARAM [/rosout_disable_topics_generation] by /performance_monitor
[rosmaster.master][INFO] 2026-08-30 08:44:36,335: +CACHEDPARAM [/rosout_disable_topics_generation] by /performance_monitor
[rosmaster.master][INFO] 2026-08-30 08:44:36,339: +CACHEDPARAM [/rosout_disable_topics_generation] by /performance_monitor
[rosmaster.master][INFO] 2026-08-30 08:44:36,437: +CACHEDPARAM [/rosout_disable_topics_generation] by /performance_monitor
[rosmaster.master][INFO] 2026-08-30 08:44:36,442: +CACHEDPARAM [/rosout_disable_topics_generation] by /performance_monitor
[rosmaster.master][INFO] 2026-08-30 08:44:36,537: +CACHEDPARAM [/rosout_disable_topics_generation] by /performance_monitor
[rosmaster.master][INFO] 2026-08-30 08:44:36,545: +CACHEDPARAM [/rosout_disable_topics_generation] by /performance_monitor
[rosmaster.master][INFO] 2026-08-30 08:44:36,631: +CACHEDPARAM [/rosout_disable_topics_generation] by /performance_monitor
[rosmaster.master][INFO] 2026-08-30 08:44:36,635: +CACHEDPARAM [/rosout_disable_topics_generation] by /performance_monitor
[rosmaster.master][INFO] 2026-08-30 08:44:36,731: +CACHEDPARAM [/rosout_disable_topics_generation] by /performance_monitor
[rosmaster.master][INFO] 2026-08-30 08:44:36,736: +CACHEDPARAM [/rosout_disable_topics_generation] by /performance_monitor
[rosmaster.master][INFO] 2026-08-30 08:44:36,834: +CACHEDPARAM [/rosout_disable_topics_generation] by /performance_monitor
[rosmaster.master][INFO] 2026-08-30 08:44:36,842: +CACHEDPARAM [/rosout_disable_topics_generation] by /performance_monitor
[rosmaster.master][INFO] 2026-08-30 08:44:36,932: +CACHEDPARAM [/rosout_disable_topics_generation] by /performance_monitor
[rosmaster.master][INFO] 2026-08-30 08:44:36,937: +CACHEDPARAM [/rosout_disable_topics_generation] by /performance_monitor
[rosmaster.master][INFO] 2026-08-30 08:44:37,036: +CACHEDPARAM [/rosout_disable_topics_generation] by /performance_monitor
[rosmaster.master][INFO] 2026-08-30 08:44:37,043: +CACHEDPARAM [/rosout_disable_topics_generation] by /performance_monitor
[rosmaster.master][INFO] 2026-08-30 08:44:37,142: +CACHEDPARAM [/rosout_disable_topics_generation] by /performance_monitor
[rosmaster.master][INFO] 2026-08-30 08:44:37,154: +CACHEDPARAM [/rosout_disable_topics_generation] by /performance_monitor
[rosmaster.master][INFO] 2026-08-30 08:44:37,232: +CACHEDPARAM [/rosout_disable_topics_generation] by /performance_monitor
[rosmaster.master][INFO] 2026-08-30 08:44:37,235: +CACHEDPARAM [/rosout_disable_topics_generation] by /performance_monitor
[rosmaster.master][INFO] 2026-08-30 08:44:37,336: +CACHEDPARAM [/rosout_disable_topics_generation] by /performance_monitor
[rosmaster.master][INFO] 2026-08-30 08:44:37,342: +CACHEDPARAM [/rosout_disable_topics_generation] by /performance_monitor
[rosmaster.master][INFO] 2026-08-30 08:44:37,432: +CACHEDPARAM [/rosout_disable_topics_generation] by /performance_monitor
[rosmaster.master][INFO] 2026-08-30 08:44:37,437: +CACHEDPARAM [/rosout_disable_topics_generation] by /performance_monitor
[rosmaster.master][INFO] 2026-08-30 08:44:37,534: +CACHEDPARAM [/rosout_disable_topics_generation] by /performance_monitor
[rosmaster.master][INFO] 2026-08-30 08:44:37,540: +CACHEDPARAM [/rosout_disable_topics_generation] by /performance_monitor
[rosmaster.master][INFO] 2026-08-30 08:44:37,633: +CACHEDPARAM [/rosout_disable_topics_generation] by /performance_monitor
[rosmaster.master][INFO] 2026-08-30 08:44:37,639: +CACHEDPARAM [/rosout_disable_topics_generation] by /performance_monitor
[rosmaster.master][INFO] 2026-08-30 08:44:37,730: +CACHEDPARAM [/rosout_disable_topics_generation] by /performance_monitor
[rosmaster.master][INFO] 2026-08-30 08:44:37,734: +CACHEDPARAM [/rosout_disable_topics_generation] by /performance_monitor
[rosmaster.master][INFO] 2026-08-30 08:44:37,830: +CACHEDPARAM [/rosout_disable_topics_generation] by /performance_monitor
[rosmaster.master][INFO] 2026-08-30 08:44:37,832: +CACHEDPARAM [/rosout_disable_topics_generation] by /performance_monitor
[rosmaster.master][INFO] 2026-08-30 08:44:37,930: +CACHEDPARAM [/rosout_disable_topics_generation] by /performance_monitor
[rosmaster.master][INFO] 2026-08-30 08:44:37,933: +CACHEDPARAM [/rosout_disable_topics_generation] by /performance_monitor
[rosmaster.master][INFO] 2026-08-30 08:44:38,030: +CACHEDPARAM [/rosout_disable_topics_generation] by /performance_monitor
[rosmaster.master][INFO] 2026-08-30 08:44:38,032: +CACHEDPARAM [/rosout_disable_topics_generation] by /performance_monitor
[rosmaster.master][INFO] 2026-08-30 08:44:38,129: +CACHEDPARAM [/rosout_disable_topics_generation] by /performance_monitor
[rosmaster.master][INFO] 2026-08-30 08:44:38,132: +CACHEDPARAM [/rosout_disable_topics_generation] by /performance_monitor
[rosmaster.master][INFO] 2026-08-30 08:44:38,229: +CACHEDPARAM [/rosout_disable_topics_generation] by /performance_monitor
[rosmaster.master][INFO] 2026-08-30 08:44:38,233: +CACHEDPARAM [/rosout_disable_topics_generation] by /performance_monitor
[rosmaster.master][INFO] 2026-08-30 08:44:38,333: +CACHEDPARAM [/rosout_disable_topics_generation] by /performance_monitor
[rosmaster.master][INFO] 2026-08-30 08:44:38,338: +CACHEDPARAM [/rosout_disable_topics_generation] by /performance_monitor
[rosmaster.master][INFO] 2026-08-30 08:44:38,439: +CACHEDPARAM [/rosout_disable_topics_generation] by /performance_monitor
[rosmaster.master][INFO] 2026-08-30 08:44:38,443: +CACHEDPARAM [/rosout_disable_topics_generation] by /performance_monitor
[rosmaster.master][INFO] 2026-08-30 08:44:38,534: +CACHEDPARAM [/rosout_disable_topics_generation] by /performance_monitor
[rosmaster.master][INFO] 2026-08-30 08:44:38,538: +CACHEDPARAM [/rosout_disable_topics_generation] by /performance_monitor
[rosmaster.master][INFO] 2026-08-30 08:44:38,636: +CACHEDPARAM [/rosout_disable_topics_generation] by /performance_monitor
[rosmaster.master][INFO] 2026-08-30 08:44:38,640: +CACHEDPARAM [/rosout_disable_topics_generation] by /performance_monitor
[rosmaster.master][INFO] 2026-08-30 08:44:38,731: +CACHEDPARAM [/rosout_disable_topics_generation] by /performance_monitor
[rosmaster.master][INFO] 2026-08-30 08:44:38,734: +CACHEDPARAM [/rosout_disable_topics_generation] by /performance_monitor
[rosmaster.master][INFO] 2026-08-30 08:44:38,833: +CACHEDPARAM [/rosout_disable_topics_generation] by /performance_monitor
[rosmaster.master][INFO] 2026-08-30 08:44:38,837: +CACHEDPARAM [/rosout_disable_topics_generation] by /performance_monitor
[rosmaster.master][INFO] 2026-08-30 08:44:38,938: +CACHEDPARAM [/rosout_disable_topics_generation] by /performance_monitor
[rosmaster.master][INFO] 2026-08-30 08:44:38,944: +CACHEDPARAM [/rosout_disable_topics_generation] by /performance_monitor
[rosmaster.master][INFO] 2026-08-30 08:44:39,036: +CACHEDPARAM [/rosout_disable_topics_generation] by /performance_monitor
[rosmaster.master][INFO] 2026-08-30 08:44:39,038: +CACHEDPARAM [/rosout_disable_topics_generation] by /performance_monitor
[rosmaster.master][INFO] 2026-08-30 08:44:39,135: +CACHEDPARAM [/rosout_disable_topics_generation] by /performance_monitor
[rosmaster.master][INFO] 2026-08-30 08:44:39,141: +CACHEDPARAM [/rosout_disable_topics_generation] by /performance_monitor
[rosmaster.master][INFO] 2026-08-30 08:44:39,239: +CACHEDPARAM [/rosout_disable_topics_generation] by /performance_monitor
[rosmaster.master][INFO] 2026-08-30 08:44:39,244: +CACHEDPARAM [/rosout_disable_topics_generation] by /performance_monitor
[rosmaster.master][INFO] 2026-08-30 08:44:39,331: +CACHEDPARAM [/rosout_disable_topics_generation] by /performance_monitor
[rosmaster.master][INFO] 2026-08-30 08:44:39,334: +CACHEDPARAM [/rosout_disable_topics_generation] by /performance_monitor
[rosmaster.master][INFO] 2026-08-30 08:44:39,433: +CACHEDPARAM [/rosout_disable_topics_generation] by /performance_monitor
[rosmaster.master][INFO] 2026-08-30 08:44:39,440: +CACHEDPARAM [/rosout_disable_topics_generation] by /performance_monitor
[rosmaster.master][INFO] 2026-08-30 08:44:39,538: +CACHEDPARAM [/rosout_disable_topics_generation] by /performance_monitor
[rosmaster.master][INFO] 2026-08-30 08:44:39,545: +CACHEDPARAM [/rosout_disable_topics_generation] by /performance_monitor
[rosmaster.master][INFO] 2026-08-30 08:44:39,638: +CACHEDPARAM [/rosout_disable_topics_generation] by /performance_monitor
[rosmaster.master][INFO] 2026-08-30 08:44:39,643: +CACHEDPARAM [/rosout_disable_topics_generation] by /performance_monitor
[rosmaster.master][INFO] 2026-08-30 08:44:39,730: +CACHEDPARAM [/rosout_disable_topics_generation] by /performance_monitor
[rosmaster.master][INFO] 2026-08-30 08:44:39,733: +CACHEDPARAM [/rosout_disable_topics_generation] by /performance_monitor
[rosmaster.master][INFO] 2026-08-30 08:44:39,828: +CACHEDPARAM [/rosout_disable_topics_generation] by /performance_monitor
[rosmaster.master][INFO] 2026-08-30 08:44:39,830: +CACHEDPARAM [/rosout_disable_topics_generation] by /performance_monitor
[rosmaster.master][INFO] 2026-08-30 08:44:39,930: +CACHEDPARAM [/rosout_disable_topics_generation] by /performance_monitor
[rosmaster.master][INFO] 2026-08-30 08:44:39,932: +CACHEDPARAM [/rosout_disable_topics_generation] by /performance_monitor
[rosmaster.master][INFO] 2026-08-30 08:44:40,033: +CACHEDPARAM [/rosout_disable_topics_generation] by /performance_monitor
[rosmaster.master][INFO] 2026-08-30 08:44:40,035: +CACHEDPARAM [/rosout_disable_topics_generation] by /performance_monitor
[rosmaster.master][INFO] 2026-08-30 08:44:40,129: +CACHEDPARAM [/rosout_disable_topics_generation] by /performance_monitor
[rosmaster.master][INFO] 2026-08-30 08:44:40,132: +CACHEDPARAM [/rosout_disable_topics_generation] by /performance_monitor
[rosmaster.master][INFO] 2026-08-30 08:44:40,157: +CACHEDPARAM [/rosout_disable_topics_generation] by /performance_monitor
[rosmaster.master][INFO] 2026-08-30 08:44:40,397: +CACHEDPARAM [/rosout_disable_topics_generation] by /performance_monitor
[rosmaster.master][INFO] 2026-08-30 08:44:40,411: +CACHEDPARAM [/rosout_disable_topics_generation] by /performance_monitor
[rosmaster.master][INFO] 2026-08-30 08:44:40,558: +CACHEDPARAM [/rosout_disable_topics_generation] by /performance_monitor
[rosmaster.master][INFO] 2026-08-30 08:44:40,579: +CACHEDPARAM [/rosout_disable_topics_generation] by /performance_monitor
[rosmaster.master][INFO] 2026-08-30 08:44:40,705: +CACHEDPARAM [/rosout_disable_topics_generation] by /performance_monitor
[rosmaster.master][INFO] 2026-08-30 08:44:40,737: +CACHEDPARAM [/rosout_disable_topics_generation] by /performance_monitor
[rosmaster.master][INFO] 2026-08-30 08:44:40,886: +CACHEDPARAM [/rosout_disable_topics_generation] by /performance_monitor
[rosmaster.master][INFO] 2026-08-30 08:44:40,894: +CACHEDPARAM [/rosout_disable_topics_generation] by /performance_monitor
[rosmaster.master][INFO] 2026-08-30 08:44:41,073: +CACHEDPARAM [/rosout_disable_topics_generation] by /performance_monitor
[rosmaster.master][INFO] 2026-08-30 08:44:41,087: +CACHEDPARAM [/rosout_disable_topics_generation] by /performance_monitor
[rosmaster.master][INFO] 2026-08-30 08:44:41,280: +CACHEDPARAM [/rosout_disable_topics_generation] by /performance_monitor
[rosmaster.master][INFO] 2026-08-30 08:44:41,306: +CACHEDPARAM [/rosout_disable_topics_generation] by /performance_monitor
[rosmaster.master][INFO] 2026-08-30 08:44:41,441: +CACHEDPARAM [/rosout_disable_topics_generation] by /performance_monitor
[rosmaster.master][INFO] 2026-08-30 08:44:41,452: +CACHEDPARAM [/rosout_disable_topics_generation] by /performance_monitor
[rosmaster.master][INFO] 2026-08-30 08:44:41,492: +CACHEDPARAM [/rosout_disable_topics_generation] by /performance_monitor
[rosmaster.master][INFO] 2026-08-30 08:44:41,768: +CACHEDPARAM [/rosout_disable_topics_generation] by /performance_monitor
[rosmaster.master][INFO] 2026-08-30 08:44:41,836: +CACHEDPARAM [/rosout_disable_topics_generation] by /performance_monitor
[rosmaster.master][INFO] 2026-08-30 08:44:42,042: +CACHEDPARAM [/rosout_disable_topics_generation] by /performance_monitor
[rosmaster.master][INFO] 2026-08-30 08:44:42,073: +CACHEDPARAM [/rosout_disable_topics_generation] by /performance_monitor
[rosmaster.master][INFO] 2026-08-30 08:44:42,133: +CACHEDPARAM [/rosout_disable_topics_generation] by /performance_monitor
[rosmaster.master][INFO] 2026-08-30 08:44:42,134: +CACHEDPARAM [/rosout_disable_topics_generation] by /performance_monitor
[rosmaster.master][INFO] 2026-08-30 08:44:42,136: +CACHEDPARAM [/rosout_disable_topics_generation] by /performance_monitor
[rosmaster.master][INFO] 2026-08-30 08:44:42,139: +CACHEDPARAM [/rosout_disable_topics_generation] by /performance_monitor
[rosmaster.master][INFO] 2026-08-30 08:44:42,140: +CACHEDPARAM [/rosout_disable_topics_generation] by /performance_monitor
[rosmaster.master][INFO] 2026-08-30 08:44:42,149: +CACHEDPARAM [/rosout_disable_topics_generation] by /performance_monitor
[rosmaster.master][INFO] 2026-08-30 08:44:42,151: +CACHEDPARAM [/rosout_disable_topics_generation] by /performance_monitor
[rosmaster.master][INFO] 2026-08-30 08:44:42,250: +CACHEDPARAM [/rosout_disable_topics_generation] by /performance_monitor
[rosmaster.master][INFO] 2026-08-30 08:44:42,252: +CACHEDPARAM [/rosout_disable_topics_generation] by /performance_monitor
[rosmaster.master][INFO] 2026-08-30 08:44:42,355: +CACHEDPARAM [/rosout_disable_topics_generation] by /performance_monitor
[rosmaster.master][INFO] 2026-08-30 08:44:42,358: +CACHEDPARAM [/rosout_disable_topics_generation] by /performance_monitor
[rosmaster.master][INFO] 2026-08-30 08:44:42,454: +CACHEDPARAM [/rosout_disable_topics_generation] by /performance_monitor
[rosmaster.master][INFO] 2026-08-30 08:44:42,459: +CACHEDPARAM [/rosout_disable_topics_generation] by /performance_monitor
[rosmaster.master][INFO] 2026-08-30 08:44:42,555: +CACHEDPARAM [/rosout_disable_topics_generation] by /performance_monitor
[rosmaster.master][INFO] 2026-08-30 08:44:42,560: +CACHEDPARAM [/rosout_disable_topics_generation] by /performance_monitor
[rosmaster.master][INFO] 2026-08-30 08:44:42,653: +CACHEDPARAM [/rosout_disable_topics_generation] by /performance_monitor
[rosmaster.master][INFO] 2026-08-30 08:44:42,659: +CACHEDPARAM [/rosout_disable_topics_generation] by /performance_monitor
[rosmaster.master][INFO] 2026-08-30 08:44:42,756: +CACHEDPARAM [/rosout_disable_topics_generation] by /performance_monitor
[rosmaster.master][INFO] 2026-08-30 08:44:42,764: +CACHEDPARAM [/rosout_disable_topics_generation] by /performance_monitor
[rosmaster.master][INFO] 2026-08-30 08:44:42,854: +CACHEDPARAM [/rosout_disable_topics_generation] by /performance_monitor
[rosmaster.master][INFO] 2026-08-30 08:44:42,860: +CACHEDPARAM [/rosout_disable_topics_generation] by /performance_monitor
[rosmaster.master][INFO] 2026-08-30 08:44:42,959: +CACHEDPARAM [/rosout_disable_topics_generation] by /performance_monitor
[rosmaster.master][INFO] 2026-08-30 08:44:42,965: +CACHEDPARAM [/rosout_disable_topics_generation] by /performance_monitor
[rosmaster.master][INFO] 2026-08-30 08:44:43,058: +CACHEDPARAM [/rosout_disable_topics_generation] by /performance_monitor
[rosmaster.master][INFO] 2026-08-30 08:44:43,063: +CACHEDPARAM [/rosout_disable_topics_generation] by /performance_monitor
[rosmaster.master][INFO] 2026-08-30 08:44:43,157: +CACHEDPARAM [/rosout_disable_topics_generation] by /performance_monitor
[rosmaster.master][INFO] 2026-08-30 08:44:43,163: +CACHEDPARAM [/rosout_disable_topics_generation] by /performance_monitor
[rosmaster.master][INFO] 2026-08-30 08:44:43,254: +CACHEDPARAM [/rosout_disable_topics_generation] by /performance_monitor
[rosmaster.master][INFO] 2026-08-30 08:44:43,257: +CACHEDPARAM [/rosout_disable_topics_generation] by /performance_monitor
[rosmaster.master][INFO] 2026-08-30 08:44:43,340: +CACHEDPARAM [/rosout_disable_topics_generation] by /performance_monitor
[rosmaster.master][INFO] 2026-08-30 08:44:43,381: +CACHEDPARAM [/rosout_disable_topics_generation] by /performance_monitor
[rosmaster.master][INFO] 2026-08-30 08:44:43,383: +CACHEDPARAM [/rosout_disable_topics_generation] by /performance_monitor
[rosmaster.master][INFO] 2026-08-30 08:44:43,495: +CACHEDPARAM [/rosout_disable_topics_generation] by /performance_monitor
[rosmaster.master][INFO] 2026-08-30 08:44:43,497: +CACHEDPARAM [/rosout_disable_topics_generation] by /performance_monitor
[rosmaster.master][INFO] 2026-08-30 08:44:43,499: +CACHEDPARAM [/rosout_disable_topics_generation] by /performance_monitor
[rosmaster.master][INFO] 2026-08-30 08:44:43,500: +CACHEDPARAM [/rosout_disable_topics_generation] by /performance_monitor
[rosmaster.master][INFO] 2026-08-30 08:44:43,551: +CACHEDPARAM [/rosout_disable_topics_generation] by /performance_monitor
[rosmaster.master][INFO] 2026-08-30 08:44:43,553: +CACHEDPARAM [/rosout_disable_topics_generation] by /performance_monitor
[rosmaster.master][INFO] 2026-08-30 08:44:43,655: +CACHEDPARAM [/rosout_disable_topics_generation] by /performance_monitor
[rosmaster.master][INFO] 2026-08-30 08:44:43,657: +CACHEDPARAM [/rosout_disable_topics_generation] by /performance_monitor
[rosmaster.master][INFO] 2026-08-30 08:44:43,750: +CACHEDPARAM [/rosout_disable_topics_generation] by /performance_monitor
[rosmaster.master][INFO] 2026-08-30 08:44:43,753: +CACHEDPARAM [/rosout_disable_topics_generation] by /performance_monitor
[rosmaster.master][INFO] 2026-08-30 08:44:43,856: +CACHEDPARAM [/rosout_disable_topics_generation] by /performance_monitor
[rosmaster.master][INFO] 2026-08-30 08:44:43,863: +CACHEDPARAM [/rosout_disable_topics_generation] by /performance_monitor
[rosmaster.master][INFO] 2026-08-30 08:44:43,950: +CACHEDPARAM [/rosout_disable_topics_generation] by /performance_monitor
[rosmaster.master][INFO] 2026-08-30 08:44:43,952: +CACHEDPARAM [/rosout_disable_topics_generation] by /performance_monitor
[rosmaster.master][INFO] 2026-08-30 08:44:44,055: +CACHEDPARAM [/rosout_disable_topics_generation] by /performance_monitor
[rosmaster.master][INFO] 2026-08-30 08:44:44,057: +CACHEDPARAM [/rosout_disable_topics_generation] by /performance_monitor
[rosmaster.master][INFO] 2026-08-30 08:44:44,155: +CACHEDPARAM [/rosout_disable_topics_generation] by /performance_monitor
[rosmaster.master][INFO] 2026-08-30 08:44:44,158: +CACHEDPARAM [/rosout_disable_topics_generation] by /performance_monitor
[rosmaster.master][INFO] 2026-08-30 08:44:44,256: +CACHEDPARAM [/rosout_disable_topics_generation] by /performance_monitor
[rosmaster.master][INFO] 2026-08-30 08:44:44,259: +CACHEDPARAM [/rosout_disable_topics_generation] by /performance_monitor
[rosmaster.master][INFO] 2026-08-30 08:44:44,355: +CACHEDPARAM [/rosout_disable_topics_generation] by /performance_monitor
[rosmaster.master][INFO] 2026-08-30 08:44:44,359: +CACHEDPARAM [/rosout_disable_topics_generation] by /performance_monitor
[rosmaster.master][INFO] 2026-08-30 08:44:44,453: +CACHEDPARAM [/rosout_disable_topics_generation] by /performance_monitor
[rosmaster.master][INFO] 2026-08-30 08:44:44,459: +CACHEDPARAM [/rosout_disable_topics_generation] by /performance_monitor
[rosmaster.master][INFO] 2026-08-30 08:44:44,554: +CACHEDPARAM [/rosout_disable_topics_generation] by /performance_monitor
[rosmaster.master][INFO] 2026-08-30 08:44:44,560: +CACHEDPARAM [/rosout_disable_topics_generation] by /performance_monitor
[rosmaster.master][INFO] 2026-08-30 08:44:44,653: +CACHEDPARAM [/rosout_disable_topics_generation] by /performance_monitor
[rosmaster.master][INFO] 2026-08-30 08:44:44,658: +CACHEDPARAM [/rosout_disable_topics_generation] by /performance_monitor
[rosmaster.master][INFO] 2026-08-30 08:44:44,756: +CACHEDPARAM [/rosout_disable_topics_generation] by /performance_monitor
[rosmaster.master][INFO] 2026-08-30 08:44:44,763: +CACHEDPARAM [/rosout_disable_topics_generation] by /performance_monitor
[rosmaster.master][INFO] 2026-08-30 08:44:44,860: +CACHEDPARAM [/rosout_disable_topics_generation] by /performance_monitor
[rosmaster.master][INFO] 2026-08-30 08:44:44,865: +CACHEDPARAM [/rosout_disable_topics_generation] by /performance_monitor
[rosmaster.master][INFO] 2026-08-30 08:44:44,959: +CACHEDPARAM [/rosout_disable_topics_generation] by /performance_monitor
[rosmaster.master][INFO] 2026-08-30 08:44:44,965: +CACHEDPARAM [/rosout_disable_topics_generation] by /performance_monitor
[rosmaster.master][INFO] 2026-08-30 08:44:45,051: +CACHEDPARAM [/rosout_disable_topics_generation] by /performance_monitor
[rosmaster.master][INFO] 2026-08-30 08:44:45,055: +CACHEDPARAM [/rosout_disable_topics_generation] by /performance_monitor
[rosmaster.master][INFO] 2026-08-30 08:44:45,154: +CACHEDPARAM [/rosout_disable_topics_generation] by /performance_monitor
[rosmaster.master][INFO] 2026-08-30 08:44:45,158: +CACHEDPARAM [/rosout_disable_topics_generation] by /performance_monitor
[rosmaster.master][INFO] 2026-08-30 08:44:45,253: +CACHEDPARAM [/rosout_disable_topics_generation] by /performance_monitor
[rosmaster.master][INFO] 2026-08-30 08:44:45,258: +CACHEDPARAM [/rosout_disable_topics_generation] by /performance_monitor
[rosmaster.master][INFO] 2026-08-30 08:44:45,355: +CACHEDPARAM [/rosout_disable_topics_generation] by /performance_monitor
[rosmaster.master][INFO] 2026-08-30 08:44:45,360: +CACHEDPARAM [/rosout_disable_topics_generation] by /performance_monitor
[rosmaster.master][INFO] 2026-08-30 08:44:45,454: +CACHEDPARAM [/rosout_disable_topics_generation] by /performance_monitor
[rosmaster.master][INFO] 2026-08-30 08:44:45,460: +CACHEDPARAM [/rosout_disable_topics_generation] by /performance_monitor
[rosmaster.master][INFO] 2026-08-30 08:44:45,554: +CACHEDPARAM [/rosout_disable_topics_generation] by /performance_monitor
[rosmaster.master][INFO] 2026-08-30 08:44:45,559: +CACHEDPARAM [/rosout_disable_topics_generation] by /performance_monitor
[rosmaster.master][INFO] 2026-08-30 08:44:45,655: +CACHEDPARAM [/rosout_disable_topics_generation] by /performance_monitor
[rosmaster.master][INFO] 2026-08-30 08:44:45,660: +CACHEDPARAM [/rosout_disable_topics_generation] by /performance_monitor
[rosmaster.master][INFO] 2026-08-30 08:44:45,755: +CACHEDPARAM [/rosout_disable_topics_generation] by /performance_monitor
[rosmaster.master][INFO] 2026-08-30 08:44:45,757: +CACHEDPARAM [/rosout_disable_topics_generation] by /performance_monitor
[rosmaster.master][INFO] 2026-08-30 08:44:45,850: +CACHEDPARAM [/rosout_disable_topics_generation] by /performance_monitor
[rosmaster.master][INFO] 2026-08-30 08:44:45,852: +CACHEDPARAM [/rosout_disable_topics_generation] by /performance_monitor
[rosmaster.master][INFO] 2026-08-30 08:44:45,950: +CACHEDPARAM [/rosout_disable_topics_generation] by /performance_monitor
[rosmaster.master][INFO] 2026-08-30 08:44:45,953: +CACHEDPARAM [/rosout_disable_topics_generation] by /performance_monitor
[rosmaster.master][INFO] 2026-08-30 08:44:46,050: +CACHEDPARAM [/rosout_disable_topics_generation] by /performance_monitor
[rosmaster.master][INFO] 2026-08-30 08:44:46,053: +CACHEDPARAM [/rosout_disable_topics_generation] by /performance_monitor
[rosmaster.master][INFO] 2026-08-30 08:44:46,151: +CACHEDPARAM [/rosout_disable_topics_generation] by /performance_monitor
[rosmaster.master][INFO] 2026-08-30 08:44:46,154: +CACHEDPARAM [/rosout_disable_topics_generation] by /performance_monitor
[rosmaster.master][INFO] 2026-08-30 08:44:46,252: +CACHEDPARAM [/rosout_disable_topics_generation] by /performance_monitor
[rosmaster.master][INFO] 2026-08-30 08:44:46,256: +CACHEDPARAM [/rosout_disable_topics_generation] by /performance_monitor
[rosmaster.master][INFO] 2026-08-30 08:44:46,357: +CACHEDPARAM [/rosout_disable_topics_generation] by /performance_monitor
[rosmaster.master][INFO] 2026-08-30 08:44:46,362: +CACHEDPARAM [/rosout_disable_topics_generation] by /performance_monitor
[rosmaster.master][INFO] 2026-08-30 08:44:46,457: +CACHEDPARAM [/rosout_disable_topics_generation] by /performance_monitor
[rosmaster.master][INFO] 2026-08-30 08:44:46,461: +CACHEDPARAM [/rosout_disable_topics_generation] by /performance_monitor
[rosmaster.master][INFO] 2026-08-30 08:44:46,553: +CACHEDPARAM [/rosout_disable_topics_generation] by /performance_monitor
[rosmaster.master][INFO] 2026-08-30 08:44:46,558: +CACHEDPARAM [/rosout_disable_topics_generation] by /performance_monitor
[rosmaster.master][INFO] 2026-08-30 08:44:46,654: +CACHEDPARAM [/rosout_disable_topics_generation] by /performance_monitor
[rosmaster.master][INFO] 2026-08-30 08:44:46,660: +CACHEDPARAM [/rosout_disable_topics_generation] by /performance_monitor
[rosmaster.master][INFO] 2026-08-30 08:44:46,752: +CACHEDPARAM [/rosout_disable_topics_generation] by /performance_monitor
[rosmaster.master][INFO] 2026-08-30 08:44:46,758: +CACHEDPARAM [/rosout_disable_topics_generation] by /performance_monitor
[rosmaster.master][INFO] 2026-08-30 08:44:46,858: +CACHEDPARAM [/rosout_disable_topics_generation] by /performance_monitor
[rosmaster.master][INFO] 2026-08-30 08:44:46,864: +CACHEDPARAM [/rosout_disable_topics_generation] by /performance_monitor
[rosmaster.master][INFO] 2026-08-30 08:44:46,959: +CACHEDPARAM [/rosout_disable_topics_generation] by /performance_monitor
[rosmaster.master][INFO] 2026-08-30 08:44:46,964: +CACHEDPARAM [/rosout_disable_topics_generation] by /performance_monitor
[rosmaster.master][INFO] 2026-08-30 08:44:47,059: +CACHEDPARAM [/rosout_disable_topics_generation] by /performance_monitor
[rosmaster.master][INFO] 2026-08-30 08:44:47,064: +CACHEDPARAM [/rosout_disable_topics_generation] by /performance_monitor
[rosmaster.master][INFO] 2026-08-30 08:44:47,155: +CACHEDPARAM [/rosout_disable_topics_generation] by /performance_monitor
[rosmaster.master][INFO] 2026-08-30 08:44:47,161: +CACHEDPARAM [/rosout_disable_topics_generation] by /performance_monitor
[rosmaster.master][INFO] 2026-08-30 08:44:47,258: +CACHEDPARAM [/rosout_disable_topics_generation] by /performance_monitor
[rosmaster.master][INFO] 2026-08-30 08:44:47,264: +CACHEDPARAM [/rosout_disable_topics_generation] by /performance_monitor
[rosmaster.master][INFO] 2026-08-30 08:44:47,357: +CACHEDPARAM [/rosout_disable_topics_generation] by /performance_monitor
[rosmaster.master][INFO] 2026-08-30 08:44:47,362: +CACHEDPARAM [/rosout_disable_topics_generation] by /performance_monitor
[rosmaster.master][INFO] 2026-08-30 08:44:47,459: +CACHEDPARAM [/rosout_disable_topics_generation] by /performance_monitor
[rosmaster.master][INFO] 2026-08-30 08:44:47,466: +CACHEDPARAM [/rosout_disable_topics_generation] by /performance_monitor
[rosmaster.master][INFO] 2026-08-30 08:44:47,558: +CACHEDPARAM [/rosout_disable_topics_generation] by /performance_monitor
[rosmaster.master][INFO] 2026-08-30 08:44:47,565: +CACHEDPARAM [/rosout_disable_topics_generation] by /performance_monitor
[rosmaster.master][INFO] 2026-08-30 08:44:47,654: +CACHEDPARAM [/rosout_disable_topics_generation] by /performance_monitor
[rosmaster.master][INFO] 2026-08-30 08:44:47,660: +CACHEDPARAM [/rosout_disable_topics_generation] by /performance_monitor
[rosmaster.master][INFO] 2026-08-30 08:44:47,755: +CACHEDPARAM [/rosout_disable_topics_generation] by /performance_monitor
[rosmaster.master][INFO] 2026-08-30 08:44:47,759: +CACHEDPARAM [/rosout_disable_topics_generation] by /performance_monitor
[rosmaster.master][INFO] 2026-08-30 08:44:47,851: +CACHEDPARAM [/rosout_disable_topics_generation] by /performance_monitor
[rosmaster.master][INFO] 2026-08-30 08:44:47,853: +CACHEDPARAM [/rosout_disable_topics_generation] by /performance_monitor
[rosmaster.master][INFO] 2026-08-30 08:44:47,950: +CACHEDPARAM [/rosout_disable_topics_generation] by /performance_monitor
[rosmaster.master][INFO] 2026-08-30 08:44:47,952: +CACHEDPARAM [/rosout_disable_topics_generation] by /performance_monitor
[rosmaster.master][INFO] 2026-08-30 08:44:48,050: +CACHEDPARAM [/rosout_disable_topics_generation] by /performance_monitor
[rosmaster.master][INFO] 2026-08-30 08:44:48,052: +CACHEDPARAM [/rosout_disable_topics_generation] by /performance_monitor
[rosmaster.master][INFO] 2026-08-30 08:44:48,153: +CACHEDPARAM [/rosout_disable_topics_generation] by /performance_monitor
[rosmaster.master][INFO] 2026-08-30 08:44:48,156: +CACHEDPARAM [/rosout_disable_topics_generation] by /performance_monitor
[rosmaster.master][INFO] 2026-08-30 08:44:48,256: +CACHEDPARAM [/rosout_disable_topics_generation] by /performance_monitor
[rosmaster.master][INFO] 2026-08-30 08:44:48,260: +CACHEDPARAM [/rosout_disable_topics_generation] by /performance_monitor
[rosmaster.master][INFO] 2026-08-30 08:44:48,356: +CACHEDPARAM [/rosout_disable_topics_generation] by /performance_monitor
[rosmaster.master][INFO] 2026-08-30 08:44:48,359: +CACHEDPARAM [/rosout_disable_topics_generation] by /performance_monitor
[rosmaster.master][INFO] 2026-08-30 08:44:48,458: +CACHEDPARAM [/rosout_disable_topics_generation] by /performance_monitor
[rosmaster.master][INFO] 2026-08-30 08:44:48,462: +CACHEDPARAM [/rosout_disable_topics_generation] by /performance_monitor
[rosmaster.master][INFO] 2026-08-30 08:44:48,502: +CACHEDPARAM [/rosout_disable_topics_generation] by /performance_monitor
[rosmaster.master][INFO] 2026-08-30 08:44:48,666: +CACHEDPARAM [/rosout_disable_topics_generation] by /performance_monitor
[rosmaster.master][INFO] 2026-08-30 08:44:48,686: +CACHEDPARAM [/rosout_disable_topics_generation] by /performance_monitor
[rosmaster.master][INFO] 2026-08-30 08:44:48,862: +CACHEDPARAM [/rosout_disable_topics_generation] by /performance_monitor
[rosmaster.master][INFO] 2026-08-30 08:44:48,876: +CACHEDPARAM [/rosout_disable_topics_generation] by /performance_monitor
[rosmaster.master][INFO] 2026-08-30 08:44:49,082: +CACHEDPARAM [/rosout_disable_topics_generation] by /performance_monitor
[rosmaster.master][INFO] 2026-08-30 08:44:49,089: +CACHEDPARAM [/rosout_disable_topics_generation] by /performance_monitor
[rosmaster.master][INFO] 2026-08-30 08:44:49,159: +CACHEDPARAM [/rosout_disable_topics_generation] by /performance_monitor
[rosmaster.master][INFO] 2026-08-30 08:44:49,173: +CACHEDPARAM [/rosout_disable_topics_generation] by /performance_monitor
[rosmaster.master][INFO] 2026-08-30 08:44:49,406: +CACHEDPARAM [/rosout_disable_topics_generation] by /performance_monitor
[rosmaster.master][INFO] 2026-08-30 08:44:49,444: +CACHEDPARAM [/rosout_disable_topics_generation] by /performance_monitor
[rosmaster.master][INFO] 2026-08-30 08:44:49,594: +CACHEDPARAM [/rosout_disable_topics_generation] by /performance_monitor
[rosmaster.master][INFO] 2026-08-30 08:44:49,601: +CACHEDPARAM [/rosout_disable_topics_generation] by /performance_monitor
[rosmaster.master][INFO] 2026-08-30 08:44:49,751: +CACHEDPARAM [/rosout_disable_topics_generation] by /performance_monitor
[rosmaster.master][INFO] 2026-08-30 08:44:49,777: +CACHEDPARAM [/rosout_disable_topics_generation] by /performance_monitor
[rosmaster.master][INFO] 2026-08-30 08:44:49,786: +CACHEDPARAM [/rosout_disable_topics_generation] by /performance_monitor
[rosmaster.master][INFO] 2026-08-30 08:44:50,061: +CACHEDPARAM [/rosout_disable_topics_generation] by /performance_monitor
[rosmaster.master][INFO] 2026-08-30 08:44:50,110: +CACHEDPARAM [/rosout_disable_topics_generation] by /performance_monitor
[rosmaster.master][INFO] 2026-08-30 08:44:50,342: +CACHEDPARAM [/rosout_disable_topics_generation] by /performance_monitor
[rosmaster.master][INFO] 2026-08-30 08:44:50,378: +CACHEDPARAM [/rosout_disable_topics_generation] by /performance_monitor
[rosmaster.master][INFO] 2026-08-30 08:44:50,483: +CACHEDPARAM [/rosout_disable_topics_generation] by /performance_monitor
[rosmaster.master][INFO] 2026-08-30 08:44:50,488: +CACHEDPARAM [/rosout_disable_topics_generation] by /performance_monitor
[rosmaster.master][INFO] 2026-08-30 08:44:50,492: +CACHEDPARAM [/rosout_disable_topics_generation] by /performance_monitor
[rosmaster.master][INFO] 2026-08-30 08:44:50,497: +CACHEDPARAM [/rosout_disable_topics_generation] by /performance_monitor
[rosmaster.master][INFO] 2026-08-30 08:44:50,500: +CACHEDPARAM [/rosout_disable_topics_generation] by /performance_monitor
[rosmaster.master][INFO] 2026-08-30 08:44:50,504: +CACHEDPARAM [/rosout_disable_topics_generation] by /performance_monitor
[rosmaster.master][INFO] 2026-08-30 08:44:50,506: +CACHEDPARAM [/rosout_disable_topics_generation] by /performance_monitor
[rosmaster.master][INFO] 2026-08-30 08:44:50,524: +CACHEDPARAM [/rosout_disable_topics_generation] by /performance_monitor
[rosmaster.master][INFO] 2026-08-30 08:44:50,526: +CACHEDPARAM [/rosout_disable_topics_generation] by /performance_monitor
[rosmaster.master][INFO] 2026-08-30 08:44:50,626: +CACHEDPARAM [/rosout_disable_topics_generation] by /performance_monitor
[rosmaster.master][INFO] 2026-08-30 08:44:50,628: +CACHEDPARAM [/rosout_disable_topics_generation] by /performance_monitor
[rosmaster.master][INFO] 2026-08-30 08:44:50,725: +CACHEDPARAM [/rosout_disable_topics_generation] by /performance_monitor
[rosmaster.master][INFO] 2026-08-30 08:44:50,729: +CACHEDPARAM [/rosout_disable_topics_generation] by /performance_monitor
[rosmaster.master][INFO] 2026-08-30 08:44:50,826: +CACHEDPARAM [/rosout_disable_topics_generation] by /performance_monitor
[rosmaster.master][INFO] 2026-08-30 08:44:50,831: +CACHEDPARAM [/rosout_disable_topics_generation] by /performance_monitor
[rosmaster.master][INFO] 2026-08-30 08:44:50,925: +CACHEDPARAM [/rosout_disable_topics_generation] by /performance_monitor
[rosmaster.master][INFO] 2026-08-30 08:44:50,929: +CACHEDPARAM [/rosout_disable_topics_generation] by /performance_monitor
[rosmaster.master][INFO] 2026-08-30 08:44:51,029: +CACHEDPARAM [/rosout_disable_topics_generation] by /performance_monitor
[rosmaster.master][INFO] 2026-08-30 08:44:51,033: +CACHEDPARAM [/rosout_disable_topics_generation] by /performance_monitor
[rosmaster.master][INFO] 2026-08-30 08:44:51,129: +CACHEDPARAM [/rosout_disable_topics_generation] by /performance_monitor
[rosmaster.master][INFO] 2026-08-30 08:44:51,133: +CACHEDPARAM [/rosout_disable_topics_generation] by /performance_monitor
[rosmaster.master][INFO] 2026-08-30 08:44:51,230: +CACHEDPARAM [/rosout_disable_topics_generation] by /performance_monitor
[rosmaster.master][INFO] 2026-08-30 08:44:51,235: +CACHEDPARAM [/rosout_disable_topics_generation] by /performance_monitor
[rosmaster.master][INFO] 2026-08-30 08:44:51,329: +CACHEDPARAM [/rosout_disable_topics_generation] by /performance_monitor
[rosmaster.master][INFO] 2026-08-30 08:44:51,334: +CACHEDPARAM [/rosout_disable_topics_generation] by /performance_monitor
[rosmaster.master][INFO] 2026-08-30 08:44:51,429: +CACHEDPARAM [/rosout_disable_topics_generation] by /performance_monitor
[rosmaster.master][INFO] 2026-08-30 08:44:51,433: +CACHEDPARAM [/rosout_disable_topics_generation] by /performance_monitor
[rosmaster.master][INFO] 2026-08-30 08:44:51,531: +CACHEDPARAM [/rosout_disable_topics_generation] by /performance_monitor
[rosmaster.master][INFO] 2026-08-30 08:44:51,536: +CACHEDPARAM [/rosout_disable_topics_generation] by /performance_monitor
[rosmaster.master][INFO] 2026-08-30 08:44:51,631: +CACHEDPARAM [/rosout_disable_topics_generation] by /performance_monitor
[rosmaster.master][INFO] 2026-08-30 08:44:51,641: +CACHEDPARAM [/rosout_disable_topics_generation] by /performance_monitor
[rosmaster.master][INFO] 2026-08-30 08:44:51,705: +CACHEDPARAM [/rosout_disable_topics_generation] by /performance_monitor
[rosmaster.master][INFO] 2026-08-30 08:44:51,802: +CACHEDPARAM [/rosout_disable_topics_generation] by /performance_monitor
[rosmaster.master][INFO] 2026-08-30 08:44:51,804: +CACHEDPARAM [/rosout_disable_topics_generation] by /performance_monitor
[rosmaster.master][INFO] 2026-08-30 08:44:51,806: +CACHEDPARAM [/rosout_disable_topics_generation] by /performance_monitor
[rosmaster.master][INFO] 2026-08-30 08:44:51,808: +CACHEDPARAM [/rosout_disable_topics_generation] by /performance_monitor
[rosmaster.master][INFO] 2026-08-30 08:44:51,824: +CACHEDPARAM [/rosout_disable_topics_generation] by /performance_monitor
[rosmaster.master][INFO] 2026-08-30 08:44:51,826: +CACHEDPARAM [/rosout_disable_topics_generation] by /performance_monitor
[rosmaster.master][INFO] 2026-08-30 08:44:51,924: +CACHEDPARAM [/rosout_disable_topics_generation] by /performance_monitor
[rosmaster.master][INFO] 2026-08-30 08:44:51,927: +CACHEDPARAM [/rosout_disable_topics_generation] by /performance_monitor
[rosmaster.master][INFO] 2026-08-30 08:44:52,035: +CACHEDPARAM [/rosout_disable_topics_generation] by /performance_monitor
[rosmaster.master][INFO] 2026-08-30 08:44:52,055: +CACHEDPARAM [/rosout_disable_topics_generation] by /performance_monitor
[rosmaster.master][INFO] 2026-08-30 08:44:52,130: +CACHEDPARAM [/rosout_disable_topics_generation] by /performance_monitor
[rosmaster.master][INFO] 2026-08-30 08:44:52,135: +CACHEDPARAM [/rosout_disable_topics_generation] by /performance_monitor
[rosmaster.master][INFO] 2026-08-30 08:44:52,223: +CACHEDPARAM [/rosout_disable_topics_generation] by /performance_monitor
[rosmaster.master][INFO] 2026-08-30 08:44:52,225: +CACHEDPARAM [/rosout_disable_topics_generation] by /performance_monitor
[rosmaster.master][INFO] 2026-08-30 08:44:52,324: +CACHEDPARAM [/rosout_disable_topics_generation] by /performance_monitor
[rosmaster.master][INFO] 2026-08-30 08:44:52,326: +CACHEDPARAM [/rosout_disable_topics_generation] by /performance_monitor
[rosmaster.master][INFO] 2026-08-30 08:44:52,428: +CACHEDPARAM [/rosout_disable_topics_generation] by /performance_monitor
[rosmaster.master][INFO] 2026-08-30 08:44:52,430: +CACHEDPARAM [/rosout_disable_topics_generation] by /performance_monitor
[rosmaster.master][INFO] 2026-08-30 08:44:52,531: +CACHEDPARAM [/rosout_disable_topics_generation] by /performance_monitor
[rosmaster.master][INFO] 2026-08-30 08:44:52,536: +CACHEDPARAM [/rosout_disable_topics_generation] by /performance_monitor
[rosmaster.master][INFO] 2026-08-30 08:44:52,633: +CACHEDPARAM [/rosout_disable_topics_generation] by /performance_monitor
[rosmaster.master][INFO] 2026-08-30 08:44:52,638: +CACHEDPARAM [/rosout_disable_topics_generation] by /performance_monitor
[rosmaster.master][INFO] 2026-08-30 08:44:52,726: +CACHEDPARAM [/rosout_disable_topics_generation] by /performance_monitor
[rosmaster.master][INFO] 2026-08-30 08:44:52,733: +CACHEDPARAM [/rosout_disable_topics_generation] by /performance_monitor
[rosmaster.master][INFO] 2026-08-30 08:44:52,827: +CACHEDPARAM [/rosout_disable_topics_generation] by /performance_monitor
[rosmaster.master][INFO] 2026-08-30 08:44:52,831: +CACHEDPARAM [/rosout_disable_topics_generation] by /performance_monitor
[rosmaster.master][INFO] 2026-08-30 08:44:52,926: +CACHEDPARAM [/rosout_disable_topics_generation] by /performance_monitor
[rosmaster.master][INFO] 2026-08-30 08:44:52,930: +CACHEDPARAM [/rosout_disable_topics_generation] by /performance_monitor
[rosmaster.master][INFO] 2026-08-30 08:44:53,025: +CACHEDPARAM [/rosout_disable_topics_generation] by /performance_monitor
[rosmaster.master][INFO] 2026-08-30 08:44:53,030: +CACHEDPARAM [/rosout_disable_topics_generation] by /performance_monitor
[rosmaster.master][INFO] 2026-08-30 08:44:53,133: +CACHEDPARAM [/rosout_disable_topics_generation] by /performance_monitor
[rosmaster.master][INFO] 2026-08-30 08:44:53,137: +CACHEDPARAM [/rosout_disable_topics_generation] by /performance_monitor
[rosmaster.master][INFO] 2026-08-30 08:44:53,228: +CACHEDPARAM [/rosout_disable_topics_generation] by /performance_monitor
[rosmaster.master][INFO] 2026-08-30 08:44:53,233: +CACHEDPARAM [/rosout_disable_topics_generation] by /performance_monitor
[rosmaster.master][INFO] 2026-08-30 08:44:53,327: +CACHEDPARAM [/rosout_disable_topics_generation] by /performance_monitor
[rosmaster.master][INFO] 2026-08-30 08:44:53,331: +CACHEDPARAM [/rosout_disable_topics_generation] by /performance_monitor
[rosmaster.master][INFO] 2026-08-30 08:44:53,428: +CACHEDPARAM [/rosout_disable_topics_generation] by /performance_monitor
[rosmaster.master][INFO] 2026-08-30 08:44:53,432: +CACHEDPARAM [/rosout_disable_topics_generation] by /performance_monitor
[rosmaster.master][INFO] 2026-08-30 08:44:53,526: +CACHEDPARAM [/rosout_disable_topics_generation] by /performance_monitor
[rosmaster.master][INFO] 2026-08-30 08:44:53,530: +CACHEDPARAM [/rosout_disable_topics_generation] by /performance_monitor
[rosmaster.master][INFO] 2026-08-30 08:44:53,626: +CACHEDPARAM [/rosout_disable_topics_generation] by /performance_monitor
[rosmaster.master][INFO] 2026-08-30 08:44:53,630: +CACHEDPARAM [/rosout_disable_topics_generation] by /performance_monitor
[rosmaster.master][INFO] 2026-08-30 08:44:53,724: +CACHEDPARAM [/rosout_disable_topics_generation] by /performance_monitor
[rosmaster.master][INFO] 2026-08-30 08:44:53,727: +CACHEDPARAM [/rosout_disable_topics_generation] by /performance_monitor
[rosmaster.master][INFO] 2026-08-30 08:44:53,824: +CACHEDPARAM [/rosout_disable_topics_generation] by /performance_monitor
[rosmaster.master][INFO] 2026-08-30 08:44:53,826: +CACHEDPARAM [/rosout_disable_topics_generation] by /performance_monitor
[rosmaster.master][INFO] 2026-08-30 08:44:53,924: +CACHEDPARAM [/rosout_disable_topics_generation] by /performance_monitor
[rosmaster.master][INFO] 2026-08-30 08:44:53,927: +CACHEDPARAM [/rosout_disable_topics_generation] by /performance_monitor
[rosmaster.master][INFO] 2026-08-30 08:44:54,024: +CACHEDPARAM [/rosout_disable_topics_generation] by /performance_monitor
[rosmaster.master][INFO] 2026-08-30 08:44:54,026: +CACHEDPARAM [/rosout_disable_topics_generation] by /performance_monitor
[rosmaster.master][INFO] 2026-08-30 08:44:54,129: +CACHEDPARAM [/rosout_disable_topics_generation] by /performance_monitor
[rosmaster.master][INFO] 2026-08-30 08:44:54,131: +CACHEDPARAM [/rosout_disable_topics_generation] by /performance_monitor
[rosmaster.master][INFO] 2026-08-30 08:44:54,228: +CACHEDPARAM [/rosout_disable_topics_generation] by /performance_monitor
[rosmaster.master][INFO] 2026-08-30 08:44:54,230: +CACHEDPARAM [/rosout_disable_topics_generation] by /performance_monitor
[rosmaster.master][INFO] 2026-08-30 08:44:54,327: +CACHEDPARAM [/rosout_disable_topics_generation] by /performance_monitor
[rosmaster.master][INFO] 2026-08-30 08:44:54,332: +CACHEDPARAM [/rosout_disable_topics_generation] by /performance_monitor
[rosmaster.master][INFO] 2026-08-30 08:44:54,429: +CACHEDPARAM [/rosout_disable_topics_generation] by /performance_monitor
[rosmaster.master][INFO] 2026-08-30 08:44:54,437: +CACHEDPARAM [/rosout_disable_topics_generation] by /performance_monitor
[rosmaster.master][INFO] 2026-08-30 08:44:54,527: +CACHEDPARAM [/rosout_disable_topics_generation] by /performance_monitor
[rosmaster.master][INFO] 2026-08-30 08:44:54,532: +CACHEDPARAM [/rosout_disable_topics_generation] by /performance_monitor
[rosmaster.master][INFO] 2026-08-30 08:44:54,630: +CACHEDPARAM [/rosout_disable_topics_generation] by /performance_monitor
[rosmaster.master][INFO] 2026-08-30 08:44:54,636: +CACHEDPARAM [/rosout_disable_topics_generation] by /performance_monitor
[rosmaster.master][INFO] 2026-08-30 08:44:54,731: +CACHEDPARAM [/rosout_disable_topics_generation] by /performance_monitor
[rosmaster.master][INFO] 2026-08-30 08:44:54,735: +CACHEDPARAM [/rosout_disable_topics_generation] by /performance_monitor
[rosmaster.master][INFO] 2026-08-30 08:44:54,827: +CACHEDPARAM [/rosout_disable_topics_generation] by /performance_monitor
[rosmaster.master][INFO] 2026-08-30 08:44:54,833: +CACHEDPARAM [/rosout_disable_topics_generation] by /performance_monitor
[rosmaster.master][INFO] 2026-08-30 08:44:54,929: +CACHEDPARAM [/rosout_disable_topics_generation] by /performance_monitor
[rosmaster.master][INFO] 2026-08-30 08:44:54,935: +CACHEDPARAM [/rosout_disable_topics_generation] by /performance_monitor
[rosmaster.master][INFO] 2026-08-30 08:44:55,028: +CACHEDPARAM [/rosout_disable_topics_generation] by /performance_monitor
[rosmaster.master][INFO] 2026-08-30 08:44:55,033: +CACHEDPARAM [/rosout_disable_topics_generation] by /performance_monitor
[rosmaster.master][INFO] 2026-08-30 08:44:55,127: +CACHEDPARAM [/rosout_disable_topics_generation] by /performance_monitor
[rosmaster.master][INFO] 2026-08-30 08:44:55,136: +CACHEDPARAM [/rosout_disable_topics_generation] by /performance_monitor
[rosmaster.master][INFO] 2026-08-30 08:44:55,230: +CACHEDPARAM [/rosout_disable_topics_generation] by /performance_monitor
[rosmaster.master][INFO] 2026-08-30 08:44:55,236: +CACHEDPARAM [/rosout_disable_topics_generation] by /performance_monitor
[rosmaster.master][INFO] 2026-08-30 08:44:55,328: +CACHEDPARAM [/rosout_disable_topics_generation] by /performance_monitor
[rosmaster.master][INFO] 2026-08-30 08:44:55,334: +CACHEDPARAM [/rosout_disable_topics_generation] by /performance_monitor
[rosmaster.master][INFO] 2026-08-30 08:44:55,427: +CACHEDPARAM [/rosout_disable_topics_generation] by /performance_monitor
[rosmaster.master][INFO] 2026-08-30 08:44:55,433: +CACHEDPARAM [/rosout_disable_topics_generation] by /performance_monitor
[rosmaster.master][INFO] 2026-08-30 08:44:55,526: +CACHEDPARAM [/rosout_disable_topics_generation] by /performance_monitor
[rosmaster.master][INFO] 2026-08-30 08:44:55,531: +CACHEDPARAM [/rosout_disable_topics_generation] by /performance_monitor
[rosmaster.master][INFO] 2026-08-30 08:44:55,631: +CACHEDPARAM [/rosout_disable_topics_generation] by /performance_monitor
[rosmaster.master][INFO] 2026-08-30 08:44:55,637: +CACHEDPARAM [/rosout_disable_topics_generation] by /performance_monitor
[rosmaster.master][INFO] 2026-08-30 08:44:55,726: +CACHEDPARAM [/rosout_disable_topics_generation] by /performance_monitor
[rosmaster.master][INFO] 2026-08-30 08:44:55,730: +CACHEDPARAM [/rosout_disable_topics_generation] by /performance_monitor
[rosmaster.master][INFO] 2026-08-30 08:44:55,825: +CACHEDPARAM [/rosout_disable_topics_generation] by /performance_monitor
[rosmaster.master][INFO] 2026-08-30 08:44:55,827: +CACHEDPARAM [/rosout_disable_topics_generation] by /performance_monitor
[rosmaster.master][INFO] 2026-08-30 08:44:55,923: +CACHEDPARAM [/rosout_disable_topics_generation] by /performance_monitor
[rosmaster.master][INFO] 2026-08-30 08:44:55,926: +CACHEDPARAM [/rosout_disable_topics_generation] by /performance_monitor
[rosmaster.master][INFO] 2026-08-30 08:44:56,028: +CACHEDPARAM [/rosout_disable_topics_generation] by /performance_monitor
[rosmaster.master][INFO] 2026-08-30 08:44:56,030: +CACHEDPARAM [/rosout_disable_topics_generation] by /performance_monitor
[rosmaster.master][INFO] 2026-08-30 08:44:56,129: +CACHEDPARAM [/rosout_disable_topics_generation] by /performance_monitor
[rosmaster.master][INFO] 2026-08-30 08:44:56,131: +CACHEDPARAM [/rosout_disable_topics_generation] by /performance_monitor
[rosmaster.master][INFO] 2026-08-30 08:44:56,227: +CACHEDPARAM [/rosout_disable_topics_generation] by /performance_monitor
[rosmaster.master][INFO] 2026-08-30 08:44:56,230: +CACHEDPARAM [/rosout_disable_topics_generation] by /performance_monitor
[rosmaster.master][INFO] 2026-08-30 08:44:56,332: +CACHEDPARAM [/rosout_disable_topics_generation] by /performance_monitor
[rosmaster.master][INFO] 2026-08-30 08:44:56,336: +CACHEDPARAM [/rosout_disable_topics_generation] by /performance_monitor
[rosmaster.master][INFO] 2026-08-30 08:44:56,432: +CACHEDPARAM [/rosout_disable_topics_generation] by /performance_monitor
[rosmaster.master][INFO] 2026-08-30 08:44:56,439: +CACHEDPARAM [/rosout_disable_topics_generation] by /performance_monitor
[rosmaster.master][INFO] 2026-08-30 08:44:56,525: +CACHEDPARAM [/rosout_disable_topics_generation] by /performance_monitor
[rosmaster.master][INFO] 2026-08-30 08:44:56,528: +CACHEDPARAM [/rosout_disable_topics_generation] by /performance_monitor
[rosmaster.master][INFO] 2026-08-30 08:44:56,628: +CACHEDPARAM [/rosout_disable_topics_generation] by /performance_monitor
[rosmaster.master][INFO] 2026-08-30 08:44:56,634: +CACHEDPARAM [/rosout_disable_topics_generation] by /performance_monitor
[rosmaster.master][INFO] 2026-08-30 08:44:56,724: +CACHEDPARAM [/rosout_disable_topics_generation] by /performance_monitor
[rosmaster.master][INFO] 2026-08-30 08:44:56,727: +CACHEDPARAM [/rosout_disable_topics_generation] by /performance_monitor
[rosmaster.master][INFO] 2026-08-30 08:44:56,809: +CACHEDPARAM [/rosout_disable_topics_generation] by /performance_monitor
[rosmaster.master][INFO] 2026-08-30 08:44:56,860: +CACHEDPARAM [/rosout_disable_topics_generation] by /performance_monitor
[rosmaster.master][INFO] 2026-08-30 08:44:56,897: +CACHEDPARAM [/rosout_disable_topics_generation] by /performance_monitor
[rosmaster.master][INFO] 2026-08-30 08:44:57,095: +CACHEDPARAM [/rosout_disable_topics_generation] by /performance_monitor
[rosmaster.master][INFO] 2026-08-30 08:44:57,114: +CACHEDPARAM [/rosout_disable_topics_generation] by /performance_monitor
[rosmaster.master][INFO] 2026-08-30 08:44:57,280: +CACHEDPARAM [/rosout_disable_topics_generation] by /performance_monitor
[rosmaster.master][INFO] 2026-08-30 08:44:57,299: +CACHEDPARAM [/rosout_disable_topics_generation] by /performance_monitor
[rosmaster.master][INFO] 2026-08-30 08:44:57,448: +CACHEDPARAM [/rosout_disable_topics_generation] by /performance_monitor
[rosmaster.master][INFO] 2026-08-30 08:44:57,467: +CACHEDPARAM [/rosout_disable_topics_generation] by /performance_monitor
[rosmaster.master][INFO] 2026-08-30 08:44:57,613: +CACHEDPARAM [/rosout_disable_topics_generation] by /performance_monitor
[rosmaster.master][INFO] 2026-08-30 08:44:57,639: +CACHEDPARAM [/rosout_disable_topics_generation] by /performance_monitor
[rosmaster.master][INFO] 2026-08-30 08:44:57,797: +CACHEDPARAM [/rosout_disable_topics_generation] by /performance_monitor
[rosmaster.master][INFO] 2026-08-30 08:44:57,806: +CACHEDPARAM [/rosout_disable_topics_generation] by /performance_monitor
[rosmaster.master][INFO] 2026-08-30 08:44:57,837: +CACHEDPARAM [/rosout_disable_topics_generation] by /performance_monitor
[rosmaster.master][INFO] 2026-08-30 08:44:57,863: +CACHEDPARAM [/rosout_disable_topics_generation] by /performance_monitor
[rosmaster.master][INFO] 2026-08-30 08:44:58,029: +CACHEDPARAM [/rosout_disable_topics_generation] by /performance_monitor
[rosmaster.master][INFO] 2026-08-30 08:44:58,049: +CACHEDPARAM [/rosout_disable_topics_generation] by /performance_monitor
[rosmaster.master][INFO] 2026-08-30 08:44:58,057: +CACHEDPARAM [/rosout_disable_topics_generation] by /performance_monitor
[rosmaster.master][INFO] 2026-08-30 08:44:58,359: +CACHEDPARAM [/rosout_disable_topics_generation] by /performance_monitor
[rosmaster.master][INFO] 2026-08-30 08:44:58,380: +CACHEDPARAM [/rosout_disable_topics_generation] by /performance_monitor
[rosmaster.master][INFO] 2026-08-30 08:44:58,634: +CACHEDPARAM [/rosout_disable_topics_generation] by /performance_monitor
[rosmaster.master][INFO] 2026-08-30 08:44:58,655: +CACHEDPARAM [/rosout_disable_topics_generation] by /performance_monitor
[rosmaster.master][INFO] 2026-08-30 08:44:58,736: +CACHEDPARAM [/rosout_disable_topics_generation] by /performance_monitor
[rosmaster.master][INFO] 2026-08-30 08:44:58,738: +CACHEDPARAM [/rosout_disable_topics_generation] by /performance_monitor
[rosmaster.master][INFO] 2026-08-30 08:44:58,739: +CACHEDPARAM [/rosout_disable_topics_generation] by /performance_monitor
[rosmaster.master][INFO] 2026-08-30 08:44:58,743: +CACHEDPARAM [/rosout_disable_topics_generation] by /performance_monitor
[rosmaster.master][INFO] 2026-08-30 08:44:58,744: +CACHEDPARAM [/rosout_disable_topics_generation] by /performance_monitor
[rosmaster.master][INFO] 2026-08-30 08:44:58,747: +CACHEDPARAM [/rosout_disable_topics_generation] by /performance_monitor
[rosmaster.master][INFO] 2026-08-30 08:44:58,748: +CACHEDPARAM [/rosout_disable_topics_generation] by /performance_monitor
[rosmaster.master][INFO] 2026-08-30 08:44:58,804: +CACHEDPARAM [/rosout_disable_topics_generation] by /performance_monitor
[rosmaster.master][INFO] 2026-08-30 08:44:58,805: +CACHEDPARAM [/rosout_disable_topics_generation] by /performance_monitor
[rosmaster.master][INFO] 2026-08-30 08:44:58,903: +CACHEDPARAM [/rosout_disable_topics_generation] by /performance_monitor
[rosmaster.master][INFO] 2026-08-30 08:44:58,906: +CACHEDPARAM [/rosout_disable_topics_generation] by /performance_monitor
[rosmaster.master][INFO] 2026-08-30 08:44:59,010: +CACHEDPARAM [/rosout_disable_topics_generation] by /performance_monitor
[rosmaster.master][INFO] 2026-08-30 08:44:59,015: +CACHEDPARAM [/rosout_disable_topics_generation] by /performance_monitor
[rosmaster.master][INFO] 2026-08-30 08:44:59,107: +CACHEDPARAM [/rosout_disable_topics_generation] by /performance_monitor
[rosmaster.master][INFO] 2026-08-30 08:44:59,112: +CACHEDPARAM [/rosout_disable_topics_generation] by /performance_monitor
[rosmaster.master][INFO] 2026-08-30 08:44:59,207: +CACHEDPARAM [/rosout_disable_topics_generation] by /performance_monitor
[rosmaster.master][INFO] 2026-08-30 08:44:59,213: +CACHEDPARAM [/rosout_disable_topics_generation] by /performance_monitor
[rosmaster.master][INFO] 2026-08-30 08:44:59,306: +CACHEDPARAM [/rosout_disable_topics_generation] by /performance_monitor
[rosmaster.master][INFO] 2026-08-30 08:44:59,311: +CACHEDPARAM [/rosout_disable_topics_generation] by /performance_monitor
[rosmaster.master][INFO] 2026-08-30 08:44:59,408: +CACHEDPARAM [/rosout_disable_topics_generation] by /performance_monitor
[rosmaster.master][INFO] 2026-08-30 08:44:59,414: +CACHEDPARAM [/rosout_disable_topics_generation] by /performance_monitor
[rosmaster.master][INFO] 2026-08-30 08:44:59,508: +CACHEDPARAM [/rosout_disable_topics_generation] by /performance_monitor
[rosmaster.master][INFO] 2026-08-30 08:44:59,513: +CACHEDPARAM [/rosout_disable_topics_generation] by /performance_monitor
[rosmaster.master][INFO] 2026-08-30 08:44:59,607: +CACHEDPARAM [/rosout_disable_topics_generation] by /performance_monitor
[rosmaster.master][INFO] 2026-08-30 08:44:59,612: +CACHEDPARAM [/rosout_disable_topics_generation] by /performance_monitor
[rosmaster.master][INFO] 2026-08-30 08:44:59,711: +CACHEDPARAM [/rosout_disable_topics_generation] by /performance_monitor
[rosmaster.master][INFO] 2026-08-30 08:44:59,717: +CACHEDPARAM [/rosout_disable_topics_generation] by /performance_monitor
[rosmaster.master][INFO] 2026-08-30 08:44:59,802: +CACHEDPARAM [/rosout_disable_topics_generation] by /performance_monitor
[rosmaster.master][INFO] 2026-08-30 08:44:59,804: +CACHEDPARAM [/rosout_disable_topics_generation] by /performance_monitor
[rosmaster.master][INFO] 2026-08-30 08:44:59,907: +CACHEDPARAM [/rosout_disable_topics_generation] by /performance_monitor
[rosmaster.master][INFO] 2026-08-30 08:44:59,910: +CACHEDPARAM [/rosout_disable_topics_generation] by /performance_monitor
[rosmaster.master][INFO] 2026-08-30 08:44:59,940: +CACHEDPARAM [/rosout_disable_topics_generation] by /performance_monitor
[rosmaster.master][INFO] 2026-08-30 08:44:59,989: +CACHEDPARAM [/rosout_disable_topics_generation] by /performance_monitor
[rosmaster.master][INFO] 2026-08-30 08:44:59,990: +CACHEDPARAM [/rosout_disable_topics_generation] by /performance_monitor
[rosmaster.master][INFO] 2026-08-30 08:45:00,003: +CACHEDPARAM [/rosout_disable_topics_generation] by /performance_monitor
[rosmaster.master][INFO] 2026-08-30 08:45:00,004: +CACHEDPARAM [/rosout_disable_topics_generation] by /performance_monitor
[rosmaster.master][INFO] 2026-08-30 08:45:00,108: +CACHEDPARAM [/rosout_disable_topics_generation] by /performance_monitor
[rosmaster.master][INFO] 2026-08-30 08:45:00,109: +CACHEDPARAM [/rosout_disable_topics_generation] by /performance_monitor
[rosmaster.master][INFO] 2026-08-30 08:45:00,203: +CACHEDPARAM [/rosout_disable_topics_generation] by /performance_monitor
[rosmaster.master][INFO] 2026-08-30 08:45:00,205: +CACHEDPARAM [/rosout_disable_topics_generation] by /performance_monitor
[rosmaster.master][INFO] 2026-08-30 08:45:00,304: +CACHEDPARAM [/rosout_disable_topics_generation] by /performance_monitor
[rosmaster.master][INFO] 2026-08-30 08:45:00,307: +CACHEDPARAM [/rosout_disable_topics_generation] by /performance_monitor
[rosmaster.master][INFO] 2026-08-30 08:45:00,412: +CACHEDPARAM [/rosout_disable_topics_generation] by /performance_monitor
[rosmaster.master][INFO] 2026-08-30 08:45:00,417: +CACHEDPARAM [/rosout_disable_topics_generation] by /performance_monitor
[rosmaster.master][INFO] 2026-08-30 08:45:00,510: +CACHEDPARAM [/rosout_disable_topics_generation] by /performance_monitor
[rosmaster.master][INFO] 2026-08-30 08:45:00,514: +CACHEDPARAM [/rosout_disable_topics_generation] by /performance_monitor
[rosmaster.master][INFO] 2026-08-30 08:45:00,609: +CACHEDPARAM [/rosout_disable_topics_generation] by /performance_monitor
[rosmaster.master][INFO] 2026-08-30 08:45:00,615: +CACHEDPARAM [/rosout_disable_topics_generation] by /performance_monitor
[rosmaster.master][INFO] 2026-08-30 08:45:00,712: +CACHEDPARAM [/rosout_disable_topics_generation] by /performance_monitor
[rosmaster.master][INFO] 2026-08-30 08:45:00,718: +CACHEDPARAM [/rosout_disable_topics_generation] by /performance_monitor
[rosmaster.master][INFO] 2026-08-30 08:45:00,811: +CACHEDPARAM [/rosout_disable_topics_generation] by /performance_monitor
[rosmaster.master][INFO] 2026-08-30 08:45:00,819: +CACHEDPARAM [/rosout_disable_topics_generation] by /performance_monitor
[rosmaster.master][INFO] 2026-08-30 08:45:00,910: +CACHEDPARAM [/rosout_disable_topics_generation] by /performance_monitor
[rosmaster.master][INFO] 2026-08-30 08:45:00,914: +CACHEDPARAM [/rosout_disable_topics_generation] by /performance_monitor
[rosmaster.master][INFO] 2026-08-30 08:45:01,006: +CACHEDPARAM [/rosout_disable_topics_generation] by /performance_monitor
[rosmaster.master][INFO] 2026-08-30 08:45:01,011: +CACHEDPARAM [/rosout_disable_topics_generation] by /performance_monitor
[rosmaster.master][INFO] 2026-08-30 08:45:01,109: +CACHEDPARAM [/rosout_disable_topics_generation] by /performance_monitor
[rosmaster.master][INFO] 2026-08-30 08:45:01,114: +CACHEDPARAM [/rosout_disable_topics_generation] by /performance_monitor
[rosmaster.master][INFO] 2026-08-30 08:45:01,213: +CACHEDPARAM [/rosout_disable_topics_generation] by /performance_monitor
[rosmaster.master][INFO] 2026-08-30 08:45:01,220: +CACHEDPARAM [/rosout_disable_topics_generation] by /performance_monitor
[rosmaster.master][INFO] 2026-08-30 08:45:01,310: +CACHEDPARAM [/rosout_disable_topics_generation] by /performance_monitor
[rosmaster.master][INFO] 2026-08-30 08:45:01,316: +CACHEDPARAM [/rosout_disable_topics_generation] by /performance_monitor
[rosmaster.master][INFO] 2026-08-30 08:45:01,410: +CACHEDPARAM [/rosout_disable_topics_generation] by /performance_monitor
[rosmaster.master][INFO] 2026-08-30 08:45:01,417: +CACHEDPARAM [/rosout_disable_topics_generation] by /performance_monitor
[rosmaster.master][INFO] 2026-08-30 08:45:01,508: +CACHEDPARAM [/rosout_disable_topics_generation] by /performance_monitor
[rosmaster.master][INFO] 2026-08-30 08:45:01,514: +CACHEDPARAM [/rosout_disable_topics_generation] by /performance_monitor
[rosmaster.master][INFO] 2026-08-30 08:45:01,609: +CACHEDPARAM [/rosout_disable_topics_generation] by /performance_monitor
[rosmaster.master][INFO] 2026-08-30 08:45:01,615: +CACHEDPARAM [/rosout_disable_topics_generation] by /performance_monitor
[rosmaster.master][INFO] 2026-08-30 08:45:01,709: +CACHEDPARAM [/rosout_disable_topics_generation] by /performance_monitor
[rosmaster.master][INFO] 2026-08-30 08:45:01,716: +CACHEDPARAM [/rosout_disable_topics_generation] by /performance_monitor
[rosmaster.master][INFO] 2026-08-30 08:45:01,804: +CACHEDPARAM [/rosout_disable_topics_generation] by /performance_monitor
[rosmaster.master][INFO] 2026-08-30 08:45:01,806: +CACHEDPARAM [/rosout_disable_topics_generation] by /performance_monitor
[rosmaster.master][INFO] 2026-08-30 08:45:01,904: +CACHEDPARAM [/rosout_disable_topics_generation] by /performance_monitor
[rosmaster.master][INFO] 2026-08-30 08:45:01,906: +CACHEDPARAM [/rosout_disable_topics_generation] by /performance_monitor
[rosmaster.master][INFO] 2026-08-30 08:45:02,007: +CACHEDPARAM [/rosout_disable_topics_generation] by /performance_monitor
[rosmaster.master][INFO] 2026-08-30 08:45:02,010: +CACHEDPARAM [/rosout_disable_topics_generation] by /performance_monitor
[rosmaster.master][INFO] 2026-08-30 08:45:02,104: +CACHEDPARAM [/rosout_disable_topics_generation] by /performance_monitor
[rosmaster.master][INFO] 2026-08-30 08:45:02,106: +CACHEDPARAM [/rosout_disable_topics_generation] by /performance_monitor
[rosmaster.master][INFO] 2026-08-30 08:45:02,207: +CACHEDPARAM [/rosout_disable_topics_generation] by /performance_monitor
[rosmaster.master][INFO] 2026-08-30 08:45:02,209: +CACHEDPARAM [/rosout_disable_topics_generation] by /performance_monitor
[rosmaster.master][INFO] 2026-08-30 08:45:02,305: +CACHEDPARAM [/rosout_disable_topics_generation] by /performance_monitor
[rosmaster.master][INFO] 2026-08-30 08:45:02,308: +CACHEDPARAM [/rosout_disable_topics_generation] by /performance_monitor
[rosmaster.master][INFO] 2026-08-30 08:45:02,406: +CACHEDPARAM [/rosout_disable_topics_generation] by /performance_monitor
[rosmaster.master][INFO] 2026-08-30 08:45:02,412: +CACHEDPARAM [/rosout_disable_topics_generation] by /performance_monitor
[rosmaster.master][INFO] 2026-08-30 08:45:02,511: +CACHEDPARAM [/rosout_disable_topics_generation] by /performance_monitor
[rosmaster.master][INFO] 2026-08-30 08:45:02,518: +CACHEDPARAM [/rosout_disable_topics_generation] by /performance_monitor
[rosmaster.master][INFO] 2026-08-30 08:45:02,608: +CACHEDPARAM [/rosout_disable_topics_generation] by /performance_monitor
[rosmaster.master][INFO] 2026-08-30 08:45:02,614: +CACHEDPARAM [/rosout_disable_topics_generation] by /performance_monitor
[rosmaster.master][INFO] 2026-08-30 08:45:02,712: +CACHEDPARAM [/rosout_disable_topics_generation] by /performance_monitor
[rosmaster.master][INFO] 2026-08-30 08:45:02,717: +CACHEDPARAM [/rosout_disable_topics_generation] by /performance_monitor
[rosmaster.master][INFO] 2026-08-30 08:45:02,811: +CACHEDPARAM [/rosout_disable_topics_generation] by /performance_monitor
[rosmaster.master][INFO] 2026-08-30 08:45:02,817: +CACHEDPARAM [/rosout_disable_topics_generation] by /performance_monitor
[rosmaster.master][INFO] 2026-08-30 08:45:02,907: +CACHEDPARAM [/rosout_disable_topics_generation] by /performance_monitor
[rosmaster.master][INFO] 2026-08-30 08:45:02,913: +CACHEDPARAM [/rosout_disable_topics_generation] by /performance_monitor
[rosmaster.master][INFO] 2026-08-30 08:45:03,010: +CACHEDPARAM [/rosout_disable_topics_generation] by /performance_monitor
[rosmaster.master][INFO] 2026-08-30 08:45:03,016: +CACHEDPARAM [/rosout_disable_topics_generation] by /performance_monitor
[rosmaster.master][INFO] 2026-08-30 08:45:03,105: +CACHEDPARAM [/rosout_disable_topics_generation] by /performance_monitor
[rosmaster.master][INFO] 2026-08-30 08:45:03,109: +CACHEDPARAM [/rosout_disable_topics_generation] by /performance_monitor
[rosmaster.master][INFO] 2026-08-30 08:45:03,211: +CACHEDPARAM [/rosout_disable_topics_generation] by /performance_monitor
[rosmaster.master][INFO] 2026-08-30 08:45:03,216: +CACHEDPARAM [/rosout_disable_topics_generation] by /performance_monitor
[rosmaster.master][INFO] 2026-08-30 08:45:03,308: +CACHEDPARAM [/rosout_disable_topics_generation] by /performance_monitor
[rosmaster.master][INFO] 2026-08-30 08:45:03,315: +CACHEDPARAM [/rosout_disable_topics_generation] by /performance_monitor
[rosmaster.master][INFO] 2026-08-30 08:45:03,413: +CACHEDPARAM [/rosout_disable_topics_generation] by /performance_monitor
[rosmaster.master][INFO] 2026-08-30 08:45:03,419: +CACHEDPARAM [/rosout_disable_topics_generation] by /performance_monitor
[rosmaster.master][INFO] 2026-08-30 08:45:03,508: +CACHEDPARAM [/rosout_disable_topics_generation] by /performance_monitor
[rosmaster.master][INFO] 2026-08-30 08:45:03,513: +CACHEDPARAM [/rosout_disable_topics_generation] by /performance_monitor
[rosmaster.master][INFO] 2026-08-30 08:45:03,607: +CACHEDPARAM [/rosout_disable_topics_generation] by /performance_monitor
[rosmaster.master][INFO] 2026-08-30 08:45:03,613: +CACHEDPARAM [/rosout_disable_topics_generation] by /performance_monitor
[rosmaster.master][INFO] 2026-08-30 08:45:03,711: +CACHEDPARAM [/rosout_disable_topics_generation] by /performance_monitor
[rosmaster.master][INFO] 2026-08-30 08:45:03,715: +CACHEDPARAM [/rosout_disable_topics_generation] by /performance_monitor
[rosmaster.master][INFO] 2026-08-30 08:45:03,805: +CACHEDPARAM [/rosout_disable_topics_generation] by /performance_monitor
[rosmaster.master][INFO] 2026-08-30 08:45:03,807: +CACHEDPARAM [/rosout_disable_topics_generation] by /performance_monitor
[rosmaster.master][INFO] 2026-08-30 08:45:03,908: +CACHEDPARAM [/rosout_disable_topics_generation] by /performance_monitor
[rosmaster.master][INFO] 2026-08-30 08:45:03,909: +CACHEDPARAM [/rosout_disable_topics_generation] by /performance_monitor
[rosmaster.master][INFO] 2026-08-30 08:45:04,005: +CACHEDPARAM [/rosout_disable_topics_generation] by /performance_monitor
[rosmaster.master][INFO] 2026-08-30 08:45:04,007: +CACHEDPARAM [/rosout_disable_topics_generation] by /performance_monitor
[rosmaster.master][INFO] 2026-08-30 08:45:04,108: +CACHEDPARAM [/rosout_disable_topics_generation] by /performance_monitor
[rosmaster.master][INFO] 2026-08-30 08:45:04,111: +CACHEDPARAM [/rosout_disable_topics_generation] by /performance_monitor
[rosmaster.master][INFO] 2026-08-30 08:45:04,205: +CACHEDPARAM [/rosout_disable_topics_generation] by /performance_monitor
[rosmaster.master][INFO] 2026-08-30 08:45:04,208: +CACHEDPARAM [/rosout_disable_topics_generation] by /performance_monitor
[rosmaster.master][INFO] 2026-08-30 08:45:04,312: +CACHEDPARAM [/rosout_disable_topics_generation] by /performance_monitor
[rosmaster.master][INFO] 2026-08-30 08:45:04,317: +CACHEDPARAM [/rosout_disable_topics_generation] by /performance_monitor
[rosmaster.master][INFO] 2026-08-30 08:45:04,412: +CACHEDPARAM [/rosout_disable_topics_generation] by /performance_monitor
[rosmaster.master][INFO] 2026-08-30 08:45:04,418: +CACHEDPARAM [/rosout_disable_topics_generation] by /performance_monitor
[rosmaster.master][INFO] 2026-08-30 08:45:04,508: +CACHEDPARAM [/rosout_disable_topics_generation] by /performance_monitor
[rosmaster.master][INFO] 2026-08-30 08:45:04,514: +CACHEDPARAM [/rosout_disable_topics_generation] by /performance_monitor
[rosmaster.master][INFO] 2026-08-30 08:45:04,607: +CACHEDPARAM [/rosout_disable_topics_generation] by /performance_monitor
[rosmaster.master][INFO] 2026-08-30 08:45:04,611: +CACHEDPARAM [/rosout_disable_topics_generation] by /performance_monitor
[rosmaster.master][INFO] 2026-08-30 08:45:04,708: +CACHEDPARAM [/rosout_disable_topics_generation] by /performance_monitor
[rosmaster.master][INFO] 2026-08-30 08:45:04,716: +CACHEDPARAM [/rosout_disable_topics_generation] by /performance_monitor
[rosmaster.master][INFO] 2026-08-30 08:45:04,812: +CACHEDPARAM [/rosout_disable_topics_generation] by /performance_monitor
[rosmaster.master][INFO] 2026-08-30 08:45:04,846: +CACHEDPARAM [/rosout_disable_topics_generation] by /performance_monitor
[rosmaster.master][INFO] 2026-08-30 08:45:04,904: +CACHEDPARAM [/rosout_disable_topics_generation] by /performance_monitor
[rosmaster.master][INFO] 2026-08-30 08:45:04,907: +CACHEDPARAM [/rosout_disable_topics_generation] by /performance_monitor
[rosmaster.master][INFO] 2026-08-30 08:45:04,994: +CACHEDPARAM [/rosout_disable_topics_generation] by /performance_monitor
[rosmaster.master][INFO] 2026-08-30 08:45:05,134: +CACHEDPARAM [/rosout_disable_topics_generation] by /performance_monitor
[rosmaster.master][INFO] 2026-08-30 08:45:05,166: +CACHEDPARAM [/rosout_disable_topics_generation] by /performance_monitor
[rosmaster.master][INFO] 2026-08-30 08:45:05,330: +CACHEDPARAM [/rosout_disable_topics_generation] by /performance_monitor
[rosmaster.master][INFO] 2026-08-30 08:45:05,357: +CACHEDPARAM [/rosout_disable_topics_generation] by /performance_monitor
[rosmaster.master][INFO] 2026-08-30 08:45:05,553: +CACHEDPARAM [/rosout_disable_topics_generation] by /performance_monitor
[rosmaster.master][INFO] 2026-08-30 08:45:05,579: +CACHEDPARAM [/rosout_disable_topics_generation] by /performance_monitor
[rosmaster.master][INFO] 2026-08-30 08:45:05,707: +CACHEDPARAM [/rosout_disable_topics_generation] by /performance_monitor
[rosmaster.master][INFO] 2026-08-30 08:45:05,716: +CACHEDPARAM [/rosout_disable_topics_generation] by /performance_monitor
[rosmaster.master][INFO] 2026-08-30 08:45:05,854: +CACHEDPARAM [/rosout_disable_topics_generation] by /performance_monitor
[rosmaster.master][INFO] 2026-08-30 08:45:05,875: +CACHEDPARAM [/rosout_disable_topics_generation] by /performance_monitor
[rosmaster.master][INFO] 2026-08-30 08:45:06,012: +CACHEDPARAM [/rosout_disable_topics_generation] by /performance_monitor
[rosmaster.master][INFO] 2026-08-30 08:45:06,020: +CACHEDPARAM [/rosout_disable_topics_generation] by /performance_monitor
[rosmaster.master][INFO] 2026-08-30 08:45:06,191: +CACHEDPARAM [/rosout_disable_topics_generation] by /performance_monitor
[rosmaster.master][INFO] 2026-08-30 08:45:06,222: +CACHEDPARAM [/rosout_disable_topics_generation] by /performance_monitor
[rosmaster.master][INFO] 2026-08-30 08:45:06,325: +CACHEDPARAM [/rosout_disable_topics_generation] by /performance_monitor
[rosmaster.master][INFO] 2026-08-30 08:45:06,346: +CACHEDPARAM [/rosout_disable_topics_generation] by /performance_monitor
[rosmaster.master][INFO] 2026-08-30 08:45:06,391: +CACHEDPARAM [/rosout_disable_topics_generation] by /performance_monitor
[rosmaster.master][INFO] 2026-08-30 08:45:06,659: +CACHEDPARAM [/rosout_disable_topics_generation] by /performance_monitor
[rosmaster.master][INFO] 2026-08-30 08:45:06,689: +CACHEDPARAM [/rosout_disable_topics_generation] by /performance_monitor
[rosmaster.master][INFO] 2026-08-30 08:45:06,881: +CACHEDPARAM [/rosout_disable_topics_generation] by /performance_monitor
[rosmaster.master][INFO] 2026-08-30 08:45:06,890: +CACHEDPARAM [/rosout_disable_topics_generation] by /performance_monitor
[rosmaster.master][INFO] 2026-08-30 08:45:07,023: +CACHEDPARAM [/rosout_disable_topics_generation] by /performance_monitor
[rosmaster.master][INFO] 2026-08-30 08:45:07,024: +CACHEDPARAM [/rosout_disable_topics_generation] by /performance_monitor
[rosmaster.master][INFO] 2026-08-30 08:45:07,026: +CACHEDPARAM [/rosout_disable_topics_generation] by /performance_monitor
[rosmaster.master][INFO] 2026-08-30 08:45:07,030: +CACHEDPARAM [/rosout_disable_topics_generation] by /performance_monitor
[rosmaster.master][INFO] 2026-08-30 08:45:07,031: +CACHEDPARAM [/rosout_disable_topics_generation] by /performance_monitor
[rosmaster.master][INFO] 2026-08-30 08:45:07,034: +CACHEDPARAM [/rosout_disable_topics_generation] by /performance_monitor
[rosmaster.master][INFO] 2026-08-30 08:45:07,036: +CACHEDPARAM [/rosout_disable_topics_generation] by /performance_monitor
[rosmaster.master][INFO] 2026-08-30 08:45:07,111: +CACHEDPARAM [/rosout_disable_topics_generation] by /performance_monitor
[rosmaster.master][INFO] 2026-08-30 08:45:07,113: +CACHEDPARAM [/rosout_disable_topics_generation] by /performance_monitor
[rosmaster.master][INFO] 2026-08-30 08:45:07,213: +CACHEDPARAM [/rosout_disable_topics_generation] by /performance_monitor
[rosmaster.master][INFO] 2026-08-30 08:45:07,215: +CACHEDPARAM [/rosout_disable_topics_generation] by /performance_monitor
[rosmaster.master][INFO] 2026-08-30 08:45:07,315: +CACHEDPARAM [/rosout_disable_topics_generation] by /performance_monitor
[rosmaster.master][INFO] 2026-08-30 08:45:07,319: +CACHEDPARAM [/rosout_disable_topics_generation] by /performance_monitor
[rosmaster.master][INFO] 2026-08-30 08:45:07,415: +CACHEDPARAM [/rosout_disable_topics_generation] by /performance_monitor
[rosmaster.master][INFO] 2026-08-30 08:45:07,419: +CACHEDPARAM [/rosout_disable_topics_generation] by /performance_monitor
[rosmaster.master][INFO] 2026-08-30 08:45:07,513: +CACHEDPARAM [/rosout_disable_topics_generation] by /performance_monitor
[rosmaster.master][INFO] 2026-08-30 08:45:07,518: +CACHEDPARAM [/rosout_disable_topics_generation] by /performance_monitor
[rosmaster.master][INFO] 2026-08-30 08:45:07,614: +CACHEDPARAM [/rosout_disable_topics_generation] by /performance_monitor
[rosmaster.master][INFO] 2026-08-30 08:45:07,619: +CACHEDPARAM [/rosout_disable_topics_generation] by /performance_monitor
[rosmaster.master][INFO] 2026-08-30 08:45:07,715: +CACHEDPARAM [/rosout_disable_topics_generation] by /performance_monitor
[rosmaster.master][INFO] 2026-08-30 08:45:07,720: +CACHEDPARAM [/rosout_disable_topics_generation] by /performance_monitor
[rosmaster.master][INFO] 2026-08-30 08:45:07,815: +CACHEDPARAM [/rosout_disable_topics_generation] by /performance_monitor
[rosmaster.master][INFO] 2026-08-30 08:45:07,817: +CACHEDPARAM [/rosout_disable_topics_generation] by /performance_monitor
[rosmaster.master][INFO] 2026-08-30 08:45:07,916: +CACHEDPARAM [/rosout_disable_topics_generation] by /performance_monitor
[rosmaster.master][INFO] 2026-08-30 08:45:07,918: +CACHEDPARAM [/rosout_disable_topics_generation] by /performance_monitor
[rosmaster.master][INFO] 2026-08-30 08:45:08,017: +CACHEDPARAM [/rosout_disable_topics_generation] by /performance_monitor
[rosmaster.master][INFO] 2026-08-30 08:45:08,019: +CACHEDPARAM [/rosout_disable_topics_generation] by /performance_monitor
[rosmaster.master][INFO] 2026-08-30 08:45:08,118: +CACHEDPARAM [/rosout_disable_topics_generation] by /performance_monitor
[rosmaster.master][INFO] 2026-08-30 08:45:08,121: +CACHEDPARAM [/rosout_disable_topics_generation] by /performance_monitor
[rosmaster.master][INFO] 2026-08-30 08:45:08,184: +CACHEDPARAM [/rosout_disable_topics_generation] by /performance_monitor
[rosmaster.master][INFO] 2026-08-30 08:45:08,249: +CACHEDPARAM [/rosout_disable_topics_generation] by /performance_monitor
[rosmaster.master][INFO] 2026-08-30 08:45:08,251: +CACHEDPARAM [/rosout_disable_topics_generation] by /performance_monitor
[rosmaster.master][INFO] 2026-08-30 08:45:08,252: +CACHEDPARAM [/rosout_disable_topics_generation] by /performance_monitor
[rosmaster.master][INFO] 2026-08-30 08:45:08,254: +CACHEDPARAM [/rosout_disable_topics_generation] by /performance_monitor
[rosmaster.master][INFO] 2026-08-30 08:45:08,312: +CACHEDPARAM [/rosout_disable_topics_generation] by /performance_monitor
[rosmaster.master][INFO] 2026-08-30 08:45:08,314: +CACHEDPARAM [/rosout_disable_topics_generation] by /performance_monitor
[rosmaster.master][INFO] 2026-08-30 08:45:08,412: +CACHEDPARAM [/rosout_disable_topics_generation] by /performance_monitor
[rosmaster.master][INFO] 2026-08-30 08:45:08,414: +CACHEDPARAM [/rosout_disable_topics_generation] by /performance_monitor
[rosmaster.master][INFO] 2026-08-30 08:45:08,515: +CACHEDPARAM [/rosout_disable_topics_generation] by /performance_monitor
[rosmaster.master][INFO] 2026-08-30 08:45:08,517: +CACHEDPARAM [/rosout_disable_topics_generation] by /performance_monitor
[rosmaster.master][INFO] 2026-08-30 08:45:08,615: +CACHEDPARAM [/rosout_disable_topics_generation] by /performance_monitor
[rosmaster.master][INFO] 2026-08-30 08:45:08,618: +CACHEDPARAM [/rosout_disable_topics_generation] by /performance_monitor
[rosmaster.master][INFO] 2026-08-30 08:45:08,718: +CACHEDPARAM [/rosout_disable_topics_generation] by /performance_monitor
[rosmaster.master][INFO] 2026-08-30 08:45:08,724: +CACHEDPARAM [/rosout_disable_topics_generation] by /performance_monitor
[rosmaster.master][INFO] 2026-08-30 08:45:08,821: +CACHEDPARAM [/rosout_disable_topics_generation] by /performance_monitor
[rosmaster.master][INFO] 2026-08-30 08:45:08,826: +CACHEDPARAM [/rosout_disable_topics_generation] by /performance_monitor
[rosmaster.master][INFO] 2026-08-30 08:45:08,923: +CACHEDPARAM [/rosout_disable_topics_generation] by /performance_monitor
[rosmaster.master][INFO] 2026-08-30 08:45:08,930: +CACHEDPARAM [/rosout_disable_topics_generation] by /performance_monitor
[rosmaster.master][INFO] 2026-08-30 08:45:09,014: +CACHEDPARAM [/rosout_disable_topics_generation] by /performance_monitor
[rosmaster.master][INFO] 2026-08-30 08:45:09,019: +CACHEDPARAM [/rosout_disable_topics_generation] by /performance_monitor
[rosmaster.master][INFO] 2026-08-30 08:45:09,118: +CACHEDPARAM [/rosout_disable_topics_generation] by /performance_monitor
[rosmaster.master][INFO] 2026-08-30 08:45:09,123: +CACHEDPARAM [/rosout_disable_topics_generation] by /performance_monitor
[rosmaster.master][INFO] 2026-08-30 08:45:09,217: +CACHEDPARAM [/rosout_disable_topics_generation] by /performance_monitor
[rosmaster.master][INFO] 2026-08-30 08:45:09,223: +CACHEDPARAM [/rosout_disable_topics_generation] by /performance_monitor
[rosmaster.master][INFO] 2026-08-30 08:45:09,317: +CACHEDPARAM [/rosout_disable_topics_generation] by /performance_monitor
[rosmaster.master][INFO] 2026-08-30 08:45:09,325: +CACHEDPARAM [/rosout_disable_topics_generation] by /performance_monitor
[rosmaster.master][INFO] 2026-08-30 08:45:09,422: +CACHEDPARAM [/rosout_disable_topics_generation] by /performance_monitor
[rosmaster.master][INFO] 2026-08-30 08:45:09,430: +CACHEDPARAM [/rosout_disable_topics_generation] by /performance_monitor
[rosmaster.master][INFO] 2026-08-30 08:45:09,521: +CACHEDPARAM [/rosout_disable_topics_generation] by /performance_monitor
[rosmaster.master][INFO] 2026-08-30 08:45:09,527: +CACHEDPARAM [/rosout_disable_topics_generation] by /performance_monitor
[rosmaster.master][INFO] 2026-08-30 08:45:09,616: +CACHEDPARAM [/rosout_disable_topics_generation] by /performance_monitor
[rosmaster.master][INFO] 2026-08-30 08:45:09,623: +CACHEDPARAM [/rosout_disable_topics_generation] by /performance_monitor
[rosmaster.master][INFO] 2026-08-30 08:45:09,719: +CACHEDPARAM [/rosout_disable_topics_generation] by /performance_monitor
[rosmaster.master][INFO] 2026-08-30 08:45:09,726: +CACHEDPARAM [/rosout_disable_topics_generation] by /performance_monitor
[rosmaster.master][INFO] 2026-08-30 08:45:09,813: +CACHEDPARAM [/rosout_disable_topics_generation] by /performance_monitor
[rosmaster.master][INFO] 2026-08-30 08:45:09,815: +CACHEDPARAM [/rosout_disable_topics_generation] by /performance_monitor
[rosmaster.master][INFO] 2026-08-30 08:45:09,917: +CACHEDPARAM [/rosout_disable_topics_generation] by /performance_monitor
[rosmaster.master][INFO] 2026-08-30 08:45:09,919: +CACHEDPARAM [/rosout_disable_topics_generation] by /performance_monitor
[rosmaster.master][INFO] 2026-08-30 08:45:10,014: +CACHEDPARAM [/rosout_disable_topics_generation] by /performance_monitor
[rosmaster.master][INFO] 2026-08-30 08:45:10,016: +CACHEDPARAM [/rosout_disable_topics_generation] by /performance_monitor
[rosmaster.master][INFO] 2026-08-30 08:45:10,112: +CACHEDPARAM [/rosout_disable_topics_generation] by /performance_monitor
[rosmaster.master][INFO] 2026-08-30 08:45:10,115: +CACHEDPARAM [/rosout_disable_topics_generation] by /performance_monitor
[rosmaster.master][INFO] 2026-08-30 08:45:10,217: +CACHEDPARAM [/rosout_disable_topics_generation] by /performance_monitor
[rosmaster.master][INFO] 2026-08-30 08:45:10,219: +CACHEDPARAM [/rosout_disable_topics_generation] by /performance_monitor
[rosmaster.master][INFO] 2026-08-30 08:45:10,319: +CACHEDPARAM [/rosout_disable_topics_generation] by /performance_monitor
[rosmaster.master][INFO] 2026-08-30 08:45:10,327: +CACHEDPARAM [/rosout_disable_topics_generation] by /performance_monitor
[rosmaster.master][INFO] 2026-08-30 08:45:10,414: +CACHEDPARAM [/rosout_disable_topics_generation] by /performance_monitor
[rosmaster.master][INFO] 2026-08-30 08:45:10,419: +CACHEDPARAM [/rosout_disable_topics_generation] by /performance_monitor
[rosmaster.master][INFO] 2026-08-30 08:45:10,518: +CACHEDPARAM [/rosout_disable_topics_generation] by /performance_monitor
[rosmaster.master][INFO] 2026-08-30 08:45:10,523: +CACHEDPARAM [/rosout_disable_topics_generation] by /performance_monitor
[rosmaster.master][INFO] 2026-08-30 08:45:10,615: +CACHEDPARAM [/rosout_disable_topics_generation] by /performance_monitor
[rosmaster.master][INFO] 2026-08-30 08:45:10,620: +CACHEDPARAM [/rosout_disable_topics_generation] by /performance_monitor
[rosmaster.master][INFO] 2026-08-30 08:45:10,715: +CACHEDPARAM [/rosout_disable_topics_generation] by /performance_monitor
[rosmaster.master][INFO] 2026-08-30 08:45:10,720: +CACHEDPARAM [/rosout_disable_topics_generation] by /performance_monitor
[rosmaster.master][INFO] 2026-08-30 08:45:10,816: +CACHEDPARAM [/rosout_disable_topics_generation] by /performance_monitor
[rosmaster.master][INFO] 2026-08-30 08:45:10,822: +CACHEDPARAM [/rosout_disable_topics_generation] by /performance_monitor
[rosmaster.master][INFO] 2026-08-30 08:45:10,917: +CACHEDPARAM [/rosout_disable_topics_generation] by /performance_monitor
[rosmaster.master][INFO] 2026-08-30 08:45:10,923: +CACHEDPARAM [/rosout_disable_topics_generation] by /performance_monitor
[rosmaster.master][INFO] 2026-08-30 08:45:11,018: +CACHEDPARAM [/rosout_disable_topics_generation] by /performance_monitor
[rosmaster.master][INFO] 2026-08-30 08:45:11,025: +CACHEDPARAM [/rosout_disable_topics_generation] by /performance_monitor
[rosmaster.master][INFO] 2026-08-30 08:45:11,115: +CACHEDPARAM [/rosout_disable_topics_generation] by /performance_monitor
[rosmaster.master][INFO] 2026-08-30 08:45:11,120: +CACHEDPARAM [/rosout_disable_topics_generation] by /performance_monitor
[rosmaster.master][INFO] 2026-08-30 08:45:11,216: +CACHEDPARAM [/rosout_disable_topics_generation] by /performance_monitor
[rosmaster.master][INFO] 2026-08-30 08:45:11,221: +CACHEDPARAM [/rosout_disable_topics_generation] by /performance_monitor
[rosmaster.master][INFO] 2026-08-30 08:45:11,319: +CACHEDPARAM [/rosout_disable_topics_generation] by /performance_monitor
[rosmaster.master][INFO] 2026-08-30 08:45:11,325: +CACHEDPARAM [/rosout_disable_topics_generation] by /performance_monitor
[rosmaster.master][INFO] 2026-08-30 08:45:11,422: +CACHEDPARAM [/rosout_disable_topics_generation] by /performance_monitor
[rosmaster.master][INFO] 2026-08-30 08:45:11,430: +CACHEDPARAM [/rosout_disable_topics_generation] by /performance_monitor
[rosmaster.master][INFO] 2026-08-30 08:45:11,517: +CACHEDPARAM [/rosout_disable_topics_generation] by /performance_monitor
[rosmaster.master][INFO] 2026-08-30 08:45:11,522: +CACHEDPARAM [/rosout_disable_topics_generation] by /performance_monitor
[rosmaster.master][INFO] 2026-08-30 08:45:11,622: +CACHEDPARAM [/rosout_disable_topics_generation] by /performance_monitor
[rosmaster.master][INFO] 2026-08-30 08:45:11,627: +CACHEDPARAM [/rosout_disable_topics_generation] by /performance_monitor
[rosmaster.master][INFO] 2026-08-30 08:45:11,723: +CACHEDPARAM [/rosout_disable_topics_generation] by /performance_monitor
[rosmaster.master][INFO] 2026-08-30 08:45:11,729: +CACHEDPARAM [/rosout_disable_topics_generation] by /performance_monitor
[rosmaster.master][INFO] 2026-08-30 08:45:11,812: +CACHEDPARAM [/rosout_disable_topics_generation] by /performance_monitor
[rosmaster.master][INFO] 2026-08-30 08:45:11,814: +CACHEDPARAM [/rosout_disable_topics_generation] by /performance_monitor
[rosmaster.master][INFO] 2026-08-30 08:45:11,911: +CACHEDPARAM [/rosout_disable_topics_generation] by /performance_monitor
[rosmaster.master][INFO] 2026-08-30 08:45:11,913: +CACHEDPARAM [/rosout_disable_topics_generation] by /performance_monitor
[rosmaster.master][INFO] 2026-08-30 08:45:12,015: +CACHEDPARAM [/rosout_disable_topics_generation] by /performance_monitor
[rosmaster.master][INFO] 2026-08-30 08:45:12,017: +CACHEDPARAM [/rosout_disable_topics_generation] by /performance_monitor
[rosmaster.master][INFO] 2026-08-30 08:45:12,112: +CACHEDPARAM [/rosout_disable_topics_generation] by /performance_monitor
[rosmaster.master][INFO] 2026-08-30 08:45:12,114: +CACHEDPARAM [/rosout_disable_topics_generation] by /performance_monitor
[rosmaster.master][INFO] 2026-08-30 08:45:12,219: +CACHEDPARAM [/rosout_disable_topics_generation] by /performance_monitor
[rosmaster.master][INFO] 2026-08-30 08:45:12,222: +CACHEDPARAM [/rosout_disable_topics_generation] by /performance_monitor
[rosmaster.master][INFO] 2026-08-30 08:45:12,322: +CACHEDPARAM [/rosout_disable_topics_generation] by /performance_monitor
[rosmaster.master][INFO] 2026-08-30 08:45:12,326: +CACHEDPARAM [/rosout_disable_topics_generation] by /performance_monitor
[rosmaster.master][INFO] 2026-08-30 08:45:12,415: +CACHEDPARAM [/rosout_disable_topics_generation] by /performance_monitor
[rosmaster.master][INFO] 2026-08-30 08:45:12,419: +CACHEDPARAM [/rosout_disable_topics_generation] by /performance_monitor
[rosmaster.master][INFO] 2026-08-30 08:45:12,523: +CACHEDPARAM [/rosout_disable_topics_generation] by /performance_monitor
[rosmaster.master][INFO] 2026-08-30 08:45:12,529: +CACHEDPARAM [/rosout_disable_topics_generation] by /performance_monitor
[rosmaster.master][INFO] 2026-08-30 08:45:12,622: +CACHEDPARAM [/rosout_disable_topics_generation] by /performance_monitor
[rosmaster.master][INFO] 2026-08-30 08:45:12,626: +CACHEDPARAM [/rosout_disable_topics_generation] by /performance_monitor
[rosmaster.master][INFO] 2026-08-30 08:45:12,721: +CACHEDPARAM [/rosout_disable_topics_generation] by /performance_monitor
[rosmaster.master][INFO] 2026-08-30 08:45:12,725: +CACHEDPARAM [/rosout_disable_topics_generation] by /performance_monitor
[rosmaster.master][INFO] 2026-08-30 08:45:12,820: +CACHEDPARAM [/rosout_disable_topics_generation] by /performance_monitor
[rosmaster.master][INFO] 2026-08-30 08:45:12,824: +CACHEDPARAM [/rosout_disable_topics_generation] by /performance_monitor
[rosmaster.master][INFO] 2026-08-30 08:45:12,916: +CACHEDPARAM [/rosout_disable_topics_generation] by /performance_monitor
[rosmaster.master][INFO] 2026-08-30 08:45:12,921: +CACHEDPARAM [/rosout_disable_topics_generation] by /performance_monitor
[rosmaster.master][INFO] 2026-08-30 08:45:13,016: +CACHEDPARAM [/rosout_disable_topics_generation] by /performance_monitor
[rosmaster.master][INFO] 2026-08-30 08:45:13,022: +CACHEDPARAM [/rosout_disable_topics_generation] by /performance_monitor
[rosmaster.master][INFO] 2026-08-30 08:45:13,120: +CACHEDPARAM [/rosout_disable_topics_generation] by /performance_monitor
[rosmaster.master][INFO] 2026-08-30 08:45:13,127: +CACHEDPARAM [/rosout_disable_topics_generation] by /performance_monitor
[rosmaster.master][INFO] 2026-08-30 08:45:13,221: +CACHEDPARAM [/rosout_disable_topics_generation] by /performance_monitor
[rosmaster.master][INFO] 2026-08-30 08:45:13,229: +CACHEDPARAM [/rosout_disable_topics_generation] by /performance_monitor
[rosmaster.master][INFO] 2026-08-30 08:45:13,255: +CACHEDPARAM [/rosout_disable_topics_generation] by /performance_monitor
[rosmaster.master][INFO] 2026-08-30 08:45:13,352: +CACHEDPARAM [/rosout_disable_topics_generation] by /performance_monitor
[rosmaster.master][INFO] 2026-08-30 08:45:13,371: +CACHEDPARAM [/rosout_disable_topics_generation] by /performance_monitor
[rosmaster.master][INFO] 2026-08-30 08:45:13,555: +CACHEDPARAM [/rosout_disable_topics_generation] by /performance_monitor
[rosmaster.master][INFO] 2026-08-30 08:45:13,563: +CACHEDPARAM [/rosout_disable_topics_generation] by /performance_monitor
[rosmaster.master][INFO] 2026-08-30 08:45:13,747: +CACHEDPARAM [/rosout_disable_topics_generation] by /performance_monitor
[rosmaster.master][INFO] 2026-08-30 08:45:13,770: +CACHEDPARAM [/rosout_disable_topics_generation] by /performance_monitor
[rosmaster.master][INFO] 2026-08-30 08:45:13,907: +CACHEDPARAM [/rosout_disable_topics_generation] by /performance_monitor
[rosmaster.master][INFO] 2026-08-30 08:45:13,920: +CACHEDPARAM [/rosout_disable_topics_generation] by /performance_monitor
[rosmaster.master][INFO] 2026-08-30 08:45:14,124: +CACHEDPARAM [/rosout_disable_topics_generation] by /performance_monitor
[rosmaster.master][INFO] 2026-08-30 08:45:14,138: +CACHEDPARAM [/rosout_disable_topics_generation] by /performance_monitor
[rosmaster.master][INFO] 2026-08-30 08:45:14,311: +CACHEDPARAM [/rosout_disable_topics_generation] by /performance_monitor
[rosmaster.master][INFO] 2026-08-30 08:45:14,318: +CACHEDPARAM [/rosout_disable_topics_generation] by /performance_monitor
[rosmaster.master][INFO] 2026-08-30 08:45:14,471: +CACHEDPARAM [/rosout_disable_topics_generation] by /performance_monitor
[rosmaster.master][INFO] 2026-08-30 08:45:14,491: +CACHEDPARAM [/rosout_disable_topics_generation] by /performance_monitor
[rosmaster.master][INFO] 2026-08-30 08:45:14,525: +CACHEDPARAM [/rosout_disable_topics_generation] by /performance_monitor
[rosmaster.master][INFO] 2026-08-30 08:45:14,527: +CACHEDPARAM [/rosout_disable_topics_generation] by /performance_monitor
[rosmaster.master][INFO] 2026-08-30 08:45:14,567: +CACHEDPARAM [/rosout_disable_topics_generation] by /performance_monitor
[rosmaster.master][INFO] 2026-08-30 08:45:14,844: +CACHEDPARAM [/rosout_disable_topics_generation] by /performance_monitor
[rosmaster.master][INFO] 2026-08-30 08:45:14,855: +CACHEDPARAM [/rosout_disable_topics_generation] by /performance_monitor
[rosmaster.master][INFO] 2026-08-30 08:45:15,027: +CACHEDPARAM [/rosout_disable_topics_generation] by /performance_monitor
[rosmaster.master][INFO] 2026-08-30 08:45:15,042: +CACHEDPARAM [/rosout_disable_topics_generation] by /performance_monitor
[rosmaster.master][INFO] 2026-08-30 08:45:15,226: +CACHEDPARAM [/rosout_disable_topics_generation] by /performance_monitor
[rosmaster.master][INFO] 2026-08-30 08:45:15,228: +CACHEDPARAM [/rosout_disable_topics_generation] by /performance_monitor
[rosmaster.master][INFO] 2026-08-30 08:45:15,229: +CACHEDPARAM [/rosout_disable_topics_generation] by /performance_monitor
[rosmaster.master][INFO] 2026-08-30 08:45:15,233: +CACHEDPARAM [/rosout_disable_topics_generation] by /performance_monitor
[rosmaster.master][INFO] 2026-08-30 08:45:15,234: +CACHEDPARAM [/rosout_disable_topics_generation] by /performance_monitor
[rosmaster.master][INFO] 2026-08-30 08:45:15,270: +CACHEDPARAM [/rosout_disable_topics_generation] by /performance_monitor
[rosmaster.master][INFO] 2026-08-30 08:45:15,272: +CACHEDPARAM [/rosout_disable_topics_generation] by /performance_monitor
[rosmaster.master][INFO] 2026-08-30 08:45:15,373: +CACHEDPARAM [/rosout_disable_topics_generation] by /performance_monitor
[rosmaster.master][INFO] 2026-08-30 08:45:15,375: +CACHEDPARAM [/rosout_disable_topics_generation] by /performance_monitor
[rosmaster.master][INFO] 2026-08-30 08:45:15,471: +CACHEDPARAM [/rosout_disable_topics_generation] by /performance_monitor
[rosmaster.master][INFO] 2026-08-30 08:45:15,474: +CACHEDPARAM [/rosout_disable_topics_generation] by /performance_monitor
[rosmaster.master][INFO] 2026-08-30 08:45:15,574: +CACHEDPARAM [/rosout_disable_topics_generation] by /performance_monitor
[rosmaster.master][INFO] 2026-08-30 08:45:15,583: +CACHEDPARAM [/rosout_disable_topics_generation] by /performance_monitor
[rosmaster.master][INFO] 2026-08-30 08:45:15,672: +CACHEDPARAM [/rosout_disable_topics_generation] by /performance_monitor
[rosmaster.master][INFO] 2026-08-30 08:45:15,677: +CACHEDPARAM [/rosout_disable_topics_generation] by /performance_monitor
[rosmaster.master][INFO] 2026-08-30 08:45:15,773: +CACHEDPARAM [/rosout_disable_topics_generation] by /performance_monitor
[rosmaster.master][INFO] 2026-08-30 08:45:15,775: +CACHEDPARAM [/rosout_disable_topics_generation] by /performance_monitor
[rosmaster.master][INFO] 2026-08-30 08:45:15,871: +CACHEDPARAM [/rosout_disable_topics_generation] by /performance_monitor
[rosmaster.master][INFO] 2026-08-30 08:45:15,873: +CACHEDPARAM [/rosout_disable_topics_generation] by /performance_monitor
[rosmaster.master][INFO] 2026-08-30 08:45:15,973: +CACHEDPARAM [/rosout_disable_topics_generation] by /performance_monitor
[rosmaster.master][INFO] 2026-08-30 08:45:15,975: +CACHEDPARAM [/rosout_disable_topics_generation] by /performance_monitor
[rosmaster.master][INFO] 2026-08-30 08:45:16,070: +CACHEDPARAM [/rosout_disable_topics_generation] by /performance_monitor
[rosmaster.master][INFO] 2026-08-30 08:45:16,073: +CACHEDPARAM [/rosout_disable_topics_generation] by /performance_monitor
[rosmaster.master][INFO] 2026-08-30 08:45:16,173: +CACHEDPARAM [/rosout_disable_topics_generation] by /performance_monitor
[rosmaster.master][INFO] 2026-08-30 08:45:16,177: +CACHEDPARAM [/rosout_disable_topics_generation] by /performance_monitor
[rosmaster.master][INFO] 2026-08-30 08:45:16,273: +CACHEDPARAM [/rosout_disable_topics_generation] by /performance_monitor
[rosmaster.master][INFO] 2026-08-30 08:45:16,279: +CACHEDPARAM [/rosout_disable_topics_generation] by /performance_monitor
[rosmaster.master][INFO] 2026-08-30 08:45:16,375: +CACHEDPARAM [/rosout_disable_topics_generation] by /performance_monitor
[rosmaster.master][INFO] 2026-08-30 08:45:16,381: +CACHEDPARAM [/rosout_disable_topics_generation] by /performance_monitor
[rosmaster.master][INFO] 2026-08-30 08:45:16,425: +CACHEDPARAM [/rosout_disable_topics_generation] by /performance_monitor
[rosmaster.master][INFO] 2026-08-30 08:45:16,495: +CACHEDPARAM [/rosout_disable_topics_generation] by /performance_monitor
[rosmaster.master][INFO] 2026-08-30 08:45:16,497: +CACHEDPARAM [/rosout_disable_topics_generation] by /performance_monitor
[rosmaster.master][INFO] 2026-08-30 08:45:16,499: +CACHEDPARAM [/rosout_disable_topics_generation] by /performance_monitor
[rosmaster.master][INFO] 2026-08-30 08:45:16,500: +CACHEDPARAM [/rosout_disable_topics_generation] by /performance_monitor
[rosmaster.master][INFO] 2026-08-30 08:45:16,574: +CACHEDPARAM [/rosout_disable_topics_generation] by /performance_monitor
[rosmaster.master][INFO] 2026-08-30 08:45:16,576: +CACHEDPARAM [/rosout_disable_topics_generation] by /performance_monitor
[rosmaster.master][INFO] 2026-08-30 08:45:16,670: +CACHEDPARAM [/rosout_disable_topics_generation] by /performance_monitor
[rosmaster.master][INFO] 2026-08-30 08:45:16,672: +CACHEDPARAM [/rosout_disable_topics_generation] by /performance_monitor
[rosmaster.master][INFO] 2026-08-30 08:45:16,772: +CACHEDPARAM [/rosout_disable_topics_generation] by /performance_monitor
[rosmaster.master][INFO] 2026-08-30 08:45:16,775: +CACHEDPARAM [/rosout_disable_topics_generation] by /performance_monitor
[rosmaster.master][INFO] 2026-08-30 08:45:16,872: +CACHEDPARAM [/rosout_disable_topics_generation] by /performance_monitor
[rosmaster.master][INFO] 2026-08-30 08:45:16,874: +CACHEDPARAM [/rosout_disable_topics_generation] by /performance_monitor
[rosmaster.master][INFO] 2026-08-30 08:45:16,973: +CACHEDPARAM [/rosout_disable_topics_generation] by /performance_monitor
[rosmaster.master][INFO] 2026-08-30 08:45:16,976: +CACHEDPARAM [/rosout_disable_topics_generation] by /performance_monitor
[rosmaster.master][INFO] 2026-08-30 08:45:17,071: +CACHEDPARAM [/rosout_disable_topics_generation] by /performance_monitor
[rosmaster.master][INFO] 2026-08-30 08:45:17,075: +CACHEDPARAM [/rosout_disable_topics_generation] by /performance_monitor
[rosmaster.master][INFO] 2026-08-30 08:45:17,171: +CACHEDPARAM [/rosout_disable_topics_generation] by /performance_monitor
[rosmaster.master][INFO] 2026-08-30 08:45:17,174: +CACHEDPARAM [/rosout_disable_topics_generation] by /performance_monitor
[rosmaster.master][INFO] 2026-08-30 08:45:17,275: +CACHEDPARAM [/rosout_disable_topics_generation] by /performance_monitor
[rosmaster.master][INFO] 2026-08-30 08:45:17,279: +CACHEDPARAM [/rosout_disable_topics_generation] by /performance_monitor
[rosmaster.master][INFO] 2026-08-30 08:45:17,374: +CACHEDPARAM [/rosout_disable_topics_generation] by /performance_monitor
[rosmaster.master][INFO] 2026-08-30 08:45:17,379: +CACHEDPARAM [/rosout_disable_topics_generation] by /performance_monitor
[rosmaster.master][INFO] 2026-08-30 08:45:17,474: +CACHEDPARAM [/rosout_disable_topics_generation] by /performance_monitor
[rosmaster.master][INFO] 2026-08-30 08:45:17,478: +CACHEDPARAM [/rosout_disable_topics_generation] by /performance_monitor
[rosmaster.master][INFO] 2026-08-30 08:45:17,571: +CACHEDPARAM [/rosout_disable_topics_generation] by /performance_monitor
[rosmaster.master][INFO] 2026-08-30 08:45:17,575: +CACHEDPARAM [/rosout_disable_topics_generation] by /performance_monitor
[rosmaster.master][INFO] 2026-08-30 08:45:17,672: +CACHEDPARAM [/rosout_disable_topics_generation] by /performance_monitor
[rosmaster.master][INFO] 2026-08-30 08:45:17,676: +CACHEDPARAM [/rosout_disable_topics_generation] by /performance_monitor
[rosmaster.master][INFO] 2026-08-30 08:45:17,774: +CACHEDPARAM [/rosout_disable_topics_generation] by /performance_monitor
[rosmaster.master][INFO] 2026-08-30 08:45:17,776: +CACHEDPARAM [/rosout_disable_topics_generation] by /performance_monitor
[rosmaster.master][INFO] 2026-08-30 08:45:17,870: +CACHEDPARAM [/rosout_disable_topics_generation] by /performance_monitor
[rosmaster.master][INFO] 2026-08-30 08:45:17,872: +CACHEDPARAM [/rosout_disable_topics_generation] by /performance_monitor
[rosmaster.master][INFO] 2026-08-30 08:45:17,970: +CACHEDPARAM [/rosout_disable_topics_generation] by /performance_monitor
[rosmaster.master][INFO] 2026-08-30 08:45:17,975: +CACHEDPARAM [/rosout_disable_topics_generation] by /performance_monitor
[rosmaster.master][INFO] 2026-08-30 08:45:18,070: +CACHEDPARAM [/rosout_disable_topics_generation] by /performance_monitor
[rosmaster.master][INFO] 2026-08-30 08:45:18,072: +CACHEDPARAM [/rosout_disable_topics_generation] by /performance_monitor
[rosmaster.master][INFO] 2026-08-30 08:45:18,170: +CACHEDPARAM [/rosout_disable_topics_generation] by /performance_monitor
[rosmaster.master][INFO] 2026-08-30 08:45:18,172: +CACHEDPARAM [/rosout_disable_topics_generation] by /performance_monitor
[rosmaster.master][INFO] 2026-08-30 08:45:18,271: +CACHEDPARAM [/rosout_disable_topics_generation] by /performance_monitor
[rosmaster.master][INFO] 2026-08-30 08:45:18,274: +CACHEDPARAM [/rosout_disable_topics_generation] by /performance_monitor
[rosmaster.master][INFO] 2026-08-30 08:45:18,373: +CACHEDPARAM [/rosout_disable_topics_generation] by /performance_monitor
[rosmaster.master][INFO] 2026-08-30 08:45:18,376: +CACHEDPARAM [/rosout_disable_topics_generation] by /performance_monitor
[rosmaster.master][INFO] 2026-08-30 08:45:18,476: +CACHEDPARAM [/rosout_disable_topics_generation] by /performance_monitor
[rosmaster.master][INFO] 2026-08-30 08:45:18,481: +CACHEDPARAM [/rosout_disable_topics_generation] by /performance_monitor
[rosmaster.master][INFO] 2026-08-30 08:45:18,576: +CACHEDPARAM [/rosout_disable_topics_generation] by /performance_monitor
[rosmaster.master][INFO] 2026-08-30 08:45:18,580: +CACHEDPARAM [/rosout_disable_topics_generation] by /performance_monitor
[rosmaster.master][INFO] 2026-08-30 08:45:18,677: +CACHEDPARAM [/rosout_disable_topics_generation] by /performance_monitor
[rosmaster.master][INFO] 2026-08-30 08:45:18,681: +CACHEDPARAM [/rosout_disable_topics_generation] by /performance_monitor
[rosmaster.master][INFO] 2026-08-30 08:45:18,774: +CACHEDPARAM [/rosout_disable_topics_generation] by /performance_monitor
[rosmaster.master][INFO] 2026-08-30 08:45:18,779: +CACHEDPARAM [/rosout_disable_topics_generation] by /performance_monitor
[rosmaster.master][INFO] 2026-08-30 08:45:18,878: +CACHEDPARAM [/rosout_disable_topics_generation] by /performance_monitor
[rosmaster.master][INFO] 2026-08-30 08:45:18,883: +CACHEDPARAM [/rosout_disable_topics_generation] by /performance_monitor
[rosmaster.master][INFO] 2026-08-30 08:45:18,975: +CACHEDPARAM [/rosout_disable_topics_generation] by /performance_monitor
[rosmaster.master][INFO] 2026-08-30 08:45:18,979: +CACHEDPARAM [/rosout_disable_topics_generation] by /performance_monitor
[rosmaster.master][INFO] 2026-08-30 08:45:19,079: +CACHEDPARAM [/rosout_disable_topics_generation] by /performance_monitor
[rosmaster.master][INFO] 2026-08-30 08:45:19,083: +CACHEDPARAM [/rosout_disable_topics_generation] by /performance_monitor
[rosmaster.master][INFO] 2026-08-30 08:45:19,176: +CACHEDPARAM [/rosout_disable_topics_generation] by /performance_monitor
[rosmaster.master][INFO] 2026-08-30 08:45:19,183: +CACHEDPARAM [/rosout_disable_topics_generation] by /performance_monitor
[rosmaster.master][INFO] 2026-08-30 08:45:19,283: +CACHEDPARAM [/rosout_disable_topics_generation] by /performance_monitor
[rosmaster.master][INFO] 2026-08-30 08:45:19,291: +CACHEDPARAM [/rosout_disable_topics_generation] by /performance_monitor
[rosmaster.master][INFO] 2026-08-30 08:45:19,380: +CACHEDPARAM [/rosout_disable_topics_generation] by /performance_monitor
[rosmaster.master][INFO] 2026-08-30 08:45:19,387: +CACHEDPARAM [/rosout_disable_topics_generation] by /performance_monitor
[rosmaster.master][INFO] 2026-08-30 08:45:19,473: +CACHEDPARAM [/rosout_disable_topics_generation] by /performance_monitor
[rosmaster.master][INFO] 2026-08-30 08:45:19,479: +CACHEDPARAM [/rosout_disable_topics_generation] by /performance_monitor
[rosmaster.master][INFO] 2026-08-30 08:45:19,575: +CACHEDPARAM [/rosout_disable_topics_generation] by /performance_monitor
[rosmaster.master][INFO] 2026-08-30 08:45:19,581: +CACHEDPARAM [/rosout_disable_topics_generation] by /performance_monitor
[rosmaster.master][INFO] 2026-08-30 08:45:19,680: +CACHEDPARAM [/rosout_disable_topics_generation] by /performance_monitor
[rosmaster.master][INFO] 2026-08-30 08:45:19,686: +CACHEDPARAM [/rosout_disable_topics_generation] by /performance_monitor
[rosmaster.master][INFO] 2026-08-30 08:45:19,787: +CACHEDPARAM [/rosout_disable_topics_generation] by /performance_monitor
[rosmaster.master][INFO] 2026-08-30 08:45:19,791: +CACHEDPARAM [/rosout_disable_topics_generation] by /performance_monitor
[rosmaster.master][INFO] 2026-08-30 08:45:19,874: +CACHEDPARAM [/rosout_disable_topics_generation] by /performance_monitor
[rosmaster.master][INFO] 2026-08-30 08:45:19,876: +CACHEDPARAM [/rosout_disable_topics_generation] by /performance_monitor
[rosmaster.master][INFO] 2026-08-30 08:45:19,969: +CACHEDPARAM [/rosout_disable_topics_generation] by /performance_monitor
[rosmaster.master][INFO] 2026-08-30 08:45:19,971: +CACHEDPARAM [/rosout_disable_topics_generation] by /performance_monitor
[rosmaster.master][INFO] 2026-08-30 08:45:20,074: +CACHEDPARAM [/rosout_disable_topics_generation] by /performance_monitor
[rosmaster.master][INFO] 2026-08-30 08:45:20,076: +CACHEDPARAM [/rosout_disable_topics_generation] by /performance_monitor
[rosmaster.master][INFO] 2026-08-30 08:45:20,170: +CACHEDPARAM [/rosout_disable_topics_generation] by /performance_monitor
[rosmaster.master][INFO] 2026-08-30 08:45:20,171: +CACHEDPARAM [/rosout_disable_topics_generation] by /performance_monitor
[rosmaster.master][INFO] 2026-08-30 08:45:20,275: +CACHEDPARAM [/rosout_disable_topics_generation] by /performance_monitor
[rosmaster.master][INFO] 2026-08-30 08:45:20,277: +CACHEDPARAM [/rosout_disable_topics_generation] by /performance_monitor
[rosmaster.master][INFO] 2026-08-30 08:45:20,371: +CACHEDPARAM [/rosout_disable_topics_generation] by /performance_monitor
[rosmaster.master][INFO] 2026-08-30 08:45:20,374: +CACHEDPARAM [/rosout_disable_topics_generation] by /performance_monitor
[rosmaster.master][INFO] 2026-08-30 08:45:20,475: +CACHEDPARAM [/rosout_disable_topics_generation] by /performance_monitor
[rosmaster.master][INFO] 2026-08-30 08:45:20,480: +CACHEDPARAM [/rosout_disable_topics_generation] by /performance_monitor
[rosmaster.master][INFO] 2026-08-30 08:45:20,573: +CACHEDPARAM [/rosout_disable_topics_generation] by /performance_monitor
[rosmaster.master][INFO] 2026-08-30 08:45:20,578: +CACHEDPARAM [/rosout_disable_topics_generation] by /performance_monitor
[rosmaster.master][INFO] 2026-08-30 08:45:20,672: +CACHEDPARAM [/rosout_disable_topics_generation] by /performance_monitor
[rosmaster.master][INFO] 2026-08-30 08:45:20,676: +CACHEDPARAM [/rosout_disable_topics_generation] by /performance_monitor
[rosmaster.master][INFO] 2026-08-30 08:45:20,775: +CACHEDPARAM [/rosout_disable_topics_generation] by /performance_monitor
[rosmaster.master][INFO] 2026-08-30 08:45:20,779: +CACHEDPARAM [/rosout_disable_topics_generation] by /performance_monitor
[rosmaster.master][INFO] 2026-08-30 08:45:20,875: +CACHEDPARAM [/rosout_disable_topics_generation] by /performance_monitor
[rosmaster.master][INFO] 2026-08-30 08:45:20,879: +CACHEDPARAM [/rosout_disable_topics_generation] by /performance_monitor
[rosmaster.master][INFO] 2026-08-30 08:45:20,978: +CACHEDPARAM [/rosout_disable_topics_generation] by /performance_monitor
[rosmaster.master][INFO] 2026-08-30 08:45:20,984: +CACHEDPARAM [/rosout_disable_topics_generation] by /performance_monitor
[rosmaster.master][INFO] 2026-08-30 08:45:21,074: +CACHEDPARAM [/rosout_disable_topics_generation] by /performance_monitor
[rosmaster.master][INFO] 2026-08-30 08:45:21,082: +CACHEDPARAM [/rosout_disable_topics_generation] by /performance_monitor
[rosmaster.master][INFO] 2026-08-30 08:45:21,177: +CACHEDPARAM [/rosout_disable_topics_generation] by /performance_monitor
[rosmaster.master][INFO] 2026-08-30 08:45:21,184: +CACHEDPARAM [/rosout_disable_topics_generation] by /performance_monitor
[rosmaster.master][INFO] 2026-08-30 08:45:21,278: +CACHEDPARAM [/rosout_disable_topics_generation] by /performance_monitor
[rosmaster.master][INFO] 2026-08-30 08:45:21,285: +CACHEDPARAM [/rosout_disable_topics_generation] by /performance_monitor
[rosmaster.master][INFO] 2026-08-30 08:45:21,378: +CACHEDPARAM [/rosout_disable_topics_generation] by /performance_monitor
[rosmaster.master][INFO] 2026-08-30 08:45:21,386: +CACHEDPARAM [/rosout_disable_topics_generation] by /performance_monitor
[rosmaster.master][INFO] 2026-08-30 08:45:21,474: +CACHEDPARAM [/rosout_disable_topics_generation] by /performance_monitor
[rosmaster.master][INFO] 2026-08-30 08:45:21,479: +CACHEDPARAM [/rosout_disable_topics_generation] by /performance_monitor
[rosmaster.master][INFO] 2026-08-30 08:45:21,503: +CACHEDPARAM [/rosout_disable_topics_generation] by /performance_monitor
[rosmaster.master][INFO] 2026-08-30 08:45:21,756: +CACHEDPARAM [/rosout_disable_topics_generation] by /performance_monitor
[rosmaster.master][INFO] 2026-08-30 08:45:21,770: +CACHEDPARAM [/rosout_disable_topics_generation] by /performance_monitor
[rosmaster.master][INFO] 2026-08-30 08:45:21,844: +CACHEDPARAM [/rosout_disable_topics_generation] by /performance_monitor
[rosmaster.master][INFO] 2026-08-30 08:45:21,853: +CACHEDPARAM [/rosout_disable_topics_generation] by /performance_monitor
[rosmaster.master][INFO] 2026-08-30 08:45:22,033: +CACHEDPARAM [/rosout_disable_topics_generation] by /performance_monitor
[rosmaster.master][INFO] 2026-08-30 08:45:22,073: +CACHEDPARAM [/rosout_disable_topics_generation] by /performance_monitor
[rosmaster.master][INFO] 2026-08-30 08:45:22,232: +CACHEDPARAM [/rosout_disable_topics_generation] by /performance_monitor
[rosmaster.master][INFO] 2026-08-30 08:45:22,245: +CACHEDPARAM [/rosout_disable_topics_generation] by /performance_monitor
[rosmaster.master][INFO] 2026-08-30 08:45:22,425: +CACHEDPARAM [/rosout_disable_topics_generation] by /performance_monitor
[rosmaster.master][INFO] 2026-08-30 08:45:22,451: +CACHEDPARAM [/rosout_disable_topics_generation] by /performance_monitor
[rosmaster.master][INFO] 2026-08-30 08:45:22,594: +CACHEDPARAM [/rosout_disable_topics_generation] by /performance_monitor
[rosmaster.master][INFO] 2026-08-30 08:45:22,608: +CACHEDPARAM [/rosout_disable_topics_generation] by /performance_monitor
[rosmaster.master][INFO] 2026-08-30 08:45:22,737: +CACHEDPARAM [/rosout_disable_topics_generation] by /performance_monitor
[rosmaster.master][INFO] 2026-08-30 08:45:22,748: +CACHEDPARAM [/rosout_disable_topics_generation] by /performance_monitor
[rosmaster.master][INFO] 2026-08-30 08:45:22,786: +CACHEDPARAM [/rosout_disable_topics_generation] by /performance_monitor
[rosmaster.master][INFO] 2026-08-30 08:45:23,025: +CACHEDPARAM [/rosout_disable_topics_generation] by /performance_monitor
[rosmaster.master][INFO] 2026-08-30 08:45:23,036: +CACHEDPARAM [/rosout_disable_topics_generation] by /performance_monitor
[rosmaster.master][INFO] 2026-08-30 08:45:23,257: +CACHEDPARAM [/rosout_disable_topics_generation] by /performance_monitor
[rosmaster.master][INFO] 2026-08-30 08:45:23,281: +CACHEDPARAM [/rosout_disable_topics_generation] by /performance_monitor
[rosmaster.master][INFO] 2026-08-30 08:45:23,425: +CACHEDPARAM [/rosout_disable_topics_generation] by /performance_monitor
[rosmaster.master][INFO] 2026-08-30 08:45:23,426: +CACHEDPARAM [/rosout_disable_topics_generation] by /performance_monitor
[rosmaster.master][INFO] 2026-08-30 08:45:23,428: +CACHEDPARAM [/rosout_disable_topics_generation] by /performance_monitor
[rosmaster.master][INFO] 2026-08-30 08:45:23,431: +CACHEDPARAM [/rosout_disable_topics_generation] by /performance_monitor
[rosmaster.master][INFO] 2026-08-30 08:45:23,432: +CACHEDPARAM [/rosout_disable_topics_generation] by /performance_monitor
[rosmaster.master][INFO] 2026-08-30 08:45:23,435: +CACHEDPARAM [/rosout_disable_topics_generation] by /performance_monitor
[rosmaster.master][INFO] 2026-08-30 08:45:23,437: +CACHEDPARAM [/rosout_disable_topics_generation] by /performance_monitor
[rosmaster.master][INFO] 2026-08-30 08:45:23,450: +CACHEDPARAM [/rosout_disable_topics_generation] by /performance_monitor
[rosmaster.master][INFO] 2026-08-30 08:45:23,452: +CACHEDPARAM [/rosout_disable_topics_generation] by /performance_monitor
[rosmaster.master][INFO] 2026-08-30 08:45:23,554: +CACHEDPARAM [/rosout_disable_topics_generation] by /performance_monitor
[rosmaster.master][INFO] 2026-08-30 08:45:23,556: +CACHEDPARAM [/rosout_disable_topics_generation] by /performance_monitor
[rosmaster.master][INFO] 2026-08-30 08:45:23,656: +CACHEDPARAM [/rosout_disable_topics_generation] by /performance_monitor
[rosmaster.master][INFO] 2026-08-30 08:45:23,659: +CACHEDPARAM [/rosout_disable_topics_generation] by /performance_monitor
[rosmaster.master][INFO] 2026-08-30 08:45:23,754: +CACHEDPARAM [/rosout_disable_topics_generation] by /performance_monitor
[rosmaster.master][INFO] 2026-08-30 08:45:23,756: +CACHEDPARAM [/rosout_disable_topics_generation] by /performance_monitor
[rosmaster.master][INFO] 2026-08-30 08:45:23,854: +CACHEDPARAM [/rosout_disable_topics_generation] by /performance_monitor
[rosmaster.master][INFO] 2026-08-30 08:45:23,855: +CACHEDPARAM [/rosout_disable_topics_generation] by /performance_monitor
[rosmaster.master][INFO] 2026-08-30 08:45:23,952: +CACHEDPARAM [/rosout_disable_topics_generation] by /performance_monitor
[rosmaster.master][INFO] 2026-08-30 08:45:23,953: +CACHEDPARAM [/rosout_disable_topics_generation] by /performance_monitor
[rosmaster.master][INFO] 2026-08-30 08:45:24,054: +CACHEDPARAM [/rosout_disable_topics_generation] by /performance_monitor
[rosmaster.master][INFO] 2026-08-30 08:45:24,056: +CACHEDPARAM [/rosout_disable_topics_generation] by /performance_monitor
[rosmaster.master][INFO] 2026-08-30 08:45:24,159: +CACHEDPARAM [/rosout_disable_topics_generation] by /performance_monitor
[rosmaster.master][INFO] 2026-08-30 08:45:24,163: +CACHEDPARAM [/rosout_disable_topics_generation] by /performance_monitor
[rosmaster.master][INFO] 2026-08-30 08:45:24,258: +CACHEDPARAM [/rosout_disable_topics_generation] by /performance_monitor
[rosmaster.master][INFO] 2026-08-30 08:45:24,266: +CACHEDPARAM [/rosout_disable_topics_generation] by /performance_monitor
[rosmaster.master][INFO] 2026-08-30 08:45:24,351: +CACHEDPARAM [/rosout_disable_topics_generation] by /performance_monitor
[rosmaster.master][INFO] 2026-08-30 08:45:24,357: +CACHEDPARAM [/rosout_disable_topics_generation] by /performance_monitor
[rosmaster.master][INFO] 2026-08-30 08:45:24,453: +CACHEDPARAM [/rosout_disable_topics_generation] by /performance_monitor
[rosmaster.master][INFO] 2026-08-30 08:45:24,457: +CACHEDPARAM [/rosout_disable_topics_generation] by /performance_monitor
[rosmaster.master][INFO] 2026-08-30 08:45:24,552: +CACHEDPARAM [/rosout_disable_topics_generation] by /performance_monitor
[rosmaster.master][INFO] 2026-08-30 08:45:24,555: +CACHEDPARAM [/rosout_disable_topics_generation] by /performance_monitor
[rosmaster.master][INFO] 2026-08-30 08:45:24,629: +CACHEDPARAM [/rosout_disable_topics_generation] by /performance_monitor
[rosmaster.master][INFO] 2026-08-30 08:45:24,670: +CACHEDPARAM [/rosout_disable_topics_generation] by /performance_monitor
[rosmaster.master][INFO] 2026-08-30 08:45:24,674: +CACHEDPARAM [/rosout_disable_topics_generation] by /performance_monitor
[rosmaster.master][INFO] 2026-08-30 08:45:24,696: +CACHEDPARAM [/rosout_disable_topics_generation] by /performance_monitor
[rosmaster.master][INFO] 2026-08-30 08:45:24,697: +CACHEDPARAM [/rosout_disable_topics_generation] by /performance_monitor
[rosmaster.master][INFO] 2026-08-30 08:45:24,751: +CACHEDPARAM [/rosout_disable_topics_generation] by /performance_monitor
[rosmaster.master][INFO] 2026-08-30 08:45:24,753: +CACHEDPARAM [/rosout_disable_topics_generation] by /performance_monitor
[rosmaster.master][INFO] 2026-08-30 08:45:24,841: -SUB [/performance/command] /performance_monitor http://localhost:45439/
[rosmaster.master][INFO] 2026-08-30 08:45:24,842: -SUB [/performance/benchmark] /performance_monitor http://localhost:45439/
[rosmaster.master][INFO] 2026-08-30 08:45:24,842: -PUB [/rosout] /performance_monitor http://localhost:45439/
[rosmaster.master][INFO] 2026-08-30 08:45:24,842: -PUB [/performance/metrics] /performance_monitor http://localhost:45439/
[rosmaster.master][INFO] 2026-08-30 08:45:24,842: -PUB [/performance/benchmark_results] /performance_monitor http://localhost:45439/
[rosmaster.master][INFO] 2026-08-30 08:45:24,842: -PUB [/performance/alert] /performance_monitor http://localhost:45439/
[rosmaster.master][INFO] 2026-08-30 08:45:24,842: -PUB [/diagnostic_status] /performance_monitor http://localhost:45439/
[rosmaster.master][INFO] 2026-08-30 08:45:24,842: -SERVICE [/performance_monitor/get_loggers] /performance_monitor rosrpc://localhost:46525
[rosmaster.master][INFO] 2026-08-30 08:45:24,842: -SERVICE [/performance_monitor/set_logger_level] /performance_monitor rosrpc://localhost:46525
[rosmaster.master][INFO] 2026-08-30 08:45:24,850: +CACHEDPARAM [/rosout_disable_topics_generation] by /performance_monitor
[rosmaster.master][INFO] 2026-08-30 08:45:24,851: +CACHEDPARAM [/rosout_disable_topics_generation] by /performance_monitor
[rosmaster.master][INFO] 2026-08-30 08:45:24,867: publisherUpdate[/rosout] -> http://localhost:38019/ ['http://localhost:37929/', 'http://localhost:35409/', 'http://localhost:41931/', 'http://localhost:38051/', 'http://localhost:37577/', 'http://localhost:34779/', 'http://localhost:35691/', 'http://localhost:41887/', 'http://localhost:34309/', 'http://localhost:35073/', 'http://localhost:36135/']
[rosmaster.master][INFO] 2026-08-30 08:45:24,869: publisherUpdate[/rosout] -> http://localhost:38019/ ['http://localhost:37929/', 'http://localhost:35409/', 'http://localhost:41931/', 'http://localhost:38051/', 'http://localhost:37577/', 'http://localhost:34779/', 'http://localhost:35691/', 'http://localhost:41887/', 'http://localhost:34309/', 'http://localhost:35073/', 'http://localhost:36135/']: sec=0.00, result=[1, '', 0]
[rosmaster.master][INFO] 2026-08-30 08:45:28,445: +PUB [/rosout] /performance_monitor http://localhost:41937/
[rosmaster.master][INFO] 2026-08-30 08:45:28,450: +SERVICE [/performance_monitor/get_loggers] /performance_monitor http://localhost:41937/
[rosmaster.master][INFO] 2026-08-30 08:45:28,451: +SERVICE [/performance_monitor/set_logger_level] /performance_monitor http://localhost:41937/
[rosmaster.master][INFO] 2026-08-30 08:45:28,457: +SUB [/performance/command] /performance_monitor http://localhost:41937/
[rosmaster.master][INFO] 2026-08-30 08:45:28,459: +SUB [/performance/benchmark] /performance_monitor http://localhost:41937/
[rosmaster.master][INFO] 2026-08-30 08:45:28,460: +PUB [/performance/metrics] /performance_monitor http://localhost:41937/
[rosmaster.master][INFO] 2026-08-30 08:45:28,461: +PUB [/performance/benchmark_results] /performance_monitor http://localhost:41937/
[rosmaster.master][INFO] 2026-08-30 08:45:28,462: +PUB [/performance/alert] /performance_monitor http://localhost:41937/
[rosmaster.master][INFO] 2026-08-30 08:45:28,463: +PUB [/diagnostic_status] /performance_monitor http://localhost:41937/
[rosmaster.master][INFO] 2026-08-30 08:45:28,464: +CACHEDPARAM [/rosout_disable_topics_generation] by /performance_monitor
[rosmaster.master][INFO] 2026-08-30 08:45:28,474: publisherUpdate[/rosout] -> http://localhost:38019/ ['http://localhost:37929/', 'http://localhost:35409/', 'http://localhost:41931/', 'http://localhost:38051/', 'http://localhost:37577/', 'http://localhost:34779/', 'http://localhost:35691/', 'http://localhost:41887/', 'http://localhost:34309/', 'http://localhost:35073/', 'http://localhost:36135/', 'http://localhost:41937/']
[rosmaster.master][INFO] 2026-08-30 08:45:28,475: publisherUpdate[/rosout] -> http://localhost:38019/ ['http://localhost:37929/', 'http://localhost:35409/', 'http://localhost:41931/', 'http://localhost:38051/', 'http://localhost:37577/', 'http://localhost:34779/', 'http://localhost:35691/', 'http://localhost:41887/', 'http://localhost:34309/', 'http://localhost:35073/', 'http://localhost:36135/', 'http://localhost:41937/']: sec=0.00, result=[1, '', 0]
[rosmaster.master][INFO] 2026-08-30 08:45:30,474: +CACHEDPARAM [/rosout_disable_topics_generation] by /performance_monitor
[rosmaster.master][INFO] 2026-08-30 08:45:30,583: +CACHEDPARAM [/rosout_disable_topics_generation] by /performance_monitor
[rosmaster.master][INFO] 2026-08-30 08:45:30,674: +CACHEDPARAM [/rosout_disable_topics_generation] by /performance_monitor
[rosmaster.master][INFO] 2026-08-30 08:45:30,776: +CACHEDPARAM [/rosout_disable_topics_generation] by /performance_monitor
[rosmaster.master][INFO] 2026-08-30 08:45:30,882: +CACHEDPARAM [/rosout_disable_topics_generation] by /performance_monitor
[rosmaster.master][INFO] 2026-08-30 08:45:30,976: +CACHEDPARAM [/rosout_disable_topics_generation] by /performance_monitor
[rosmaster.master][INFO] 2026-08-30 08:45:31,081: +CACHEDPARAM [/rosout_disable_topics_generation] by /performance_monitor
[rosmaster.master][INFO] 2026-08-30 08:45:31,172: +CACHEDPARAM [/rosout_disable_topics_generation] by /performance_monitor
[rosmaster.master][INFO] 2026-08-30 08:45:31,276: +CACHEDPARAM [/rosout_disable_topics_generation] by /performance_monitor
[rosmaster.master][INFO] 2026-08-30 08:45:31,373: +CACHEDPARAM [/rosout_disable_topics_generation] by /performance_monitor
[rosmaster.master][INFO] 2026-08-30 08:45:31,475: +CACHEDPARAM [/rosout_disable_topics_generation] by /performance_monitor
[rosmaster.master][INFO] 2026-08-30 08:45:31,576: +CACHEDPARAM [/rosout_disable_topics_generation] by /performance_monitor
[rosmaster.master][INFO] 2026-08-30 08:45:31,678: +CACHEDPARAM [/rosout_disable_topics_generation] by /performance_monitor
[rosmaster.master][INFO] 2026-08-30 08:45:31,777: +CACHEDPARAM [/rosout_disable_topics_generation] by /performance_monitor
[rosmaster.master][INFO] 2026-08-30 08:45:31,872: +CACHEDPARAM [/rosout_disable_topics_generation] by /performance_monitor
[rosmaster.master][INFO] 2026-08-30 08:45:31,972: +CACHEDPARAM [/rosout_disable_topics_generation] by /performance_monitor
[rosmaster.master][INFO] 2026-08-30 08:45:32,077: +CACHEDPARAM [/rosout_disable_topics_generation] by /performance_monitor
[rosmaster.master][INFO] 2026-08-30 08:45:32,174: +CACHEDPARAM [/rosout_disable_topics_generation] by /performance_monitor
[rosmaster.master][INFO] 2026-08-30 08:45:32,272: +CACHEDPARAM [/rosout_disable_topics_generation] by /performance_monitor
[rosmaster.master][INFO] 2026-08-30 08:45:32,373: +CACHEDPARAM [/rosout_disable_topics_generation] by /performance_monitor
[rosmaster.master][INFO] 2026-08-30 08:45:32,473: +CACHEDPARAM [/rosout_disable_topics_generation] by /performance_monitor
[rosmaster.master][INFO] 2026-08-30 08:45:32,578: +CACHEDPARAM [/rosout_disable_topics_generation] by /performance_monitor
[rosmaster.master][INFO] 2026-08-30 08:45:32,679: +CACHEDPARAM [/rosout_disable_topics_generation] by /performance_monitor
[rosmaster.master][INFO] 2026-08-30 08:45:32,778: +CACHEDPARAM [/rosout_disable_topics_generation] by /performance_monitor
[rosmaster.master][INFO] 2026-08-30 08:45:32,879: +CACHEDPARAM [/rosout_disable_topics_generation] by /performance_monitor
[rosmaster.master][INFO] 2026-08-30 08:45:32,978: +CACHEDPARAM [/rosout_disable_topics_generation] by /performance_monitor
[rosmaster.master][INFO] 2026-08-30 08:45:33,083: +CACHEDPARAM [/rosout_disable_topics_generation] by /performance_monitor
[rosmaster.master][INFO] 2026-08-30 08:45:33,181: +CACHEDPARAM [/rosout_disable_topics_generation] by /performance_monitor
[rosmaster.master][INFO] 2026-08-30 08:45:33,278: +CACHEDPARAM [/rosout_disable_topics_generation] by /performance_monitor
[rosmaster.master][INFO] 2026-08-30 08:45:33,382: +CACHEDPARAM [/rosout_disable_topics_generation] by /performance_monitor
[rosmaster.master][INFO] 2026-08-30 08:45:33,477: +CACHEDPARAM [/rosout_disable_topics_generation] by /performance_monitor
[rosmaster.master][INFO] 2026-08-30 08:45:33,581: +CACHEDPARAM [/rosout_disable_topics_generation] by /performance_monitor
[rosmaster.master][INFO] 2026-08-30 08:45:33,681: +CACHEDPARAM [/rosout_disable_topics_generation] by /performance_monitor
[rosmaster.master][INFO] 2026-08-30 08:45:33,777: +CACHEDPARAM [/rosout_disable_topics_generation] by /performance_monitor
[rosmaster.master][INFO] 2026-08-30 08:45:33,876: +CACHEDPARAM [/rosout_disable_topics_generation] by /performance_monitor
[rosmaster.master][INFO] 2026-08-30 08:45:33,972: +CACHEDPARAM [/rosout_disable_topics_generation] by /performance_monitor
[rosmaster.master][INFO] 2026-08-30 08:45:34,074: +CACHEDPARAM [/rosout_disable_topics_generation] by /performance_monitor
[rosmaster.master][INFO] 2026-08-30 08:45:34,176: +CACHEDPARAM [/rosout_disable_topics_generation] by /performance_monitor
[rosmaster.master][INFO] 2026-08-30 08:45:34,274: +CACHEDPARAM [/rosout_disable_topics_generation] by /performance_monitor
[rosmaster.master][INFO] 2026-08-30 08:45:34,375: +CACHEDPARAM [/rosout_disable_topics_generation] by /performance_monitor
[rosmaster.master][INFO] 2026-08-30 08:45:34,474: +CACHEDPARAM [/rosout_disable_topics_generation] by /performance_monitor
[rosmaster.master][INFO] 2026-08-30 08:45:34,578: +CACHEDPARAM [/rosout_disable_topics_generation] by /performance_monitor
[rosmaster.master][INFO] 2026-08-30 08:45:34,675: +CACHEDPARAM [/rosout_disable_topics_generation] by /performance_monitor
[rosmaster.master][INFO] 2026-08-30 08:45:34,776: +CACHEDPARAM [/rosout_disable_topics_generation] by /performance_monitor
[rosmaster.master][INFO] 2026-08-30 08:45:34,878: +CACHEDPARAM [/rosout_disable_topics_generation] by /performance_monitor
[rosmaster.master][INFO] 2026-08-30 08:45:34,978: +CACHEDPARAM [/rosout_disable_topics_generation] by /performance_monitor
[rosmaster.master][INFO] 2026-08-30 08:45:35,078: +CACHEDPARAM [/rosout_disable_topics_generation] by /performance_monitor
[rosmaster.master][INFO] 2026-08-30 08:45:35,174: +CACHEDPARAM [/rosout_disable_topics_generation] by /performance_monitor
[rosmaster.master][INFO] 2026-08-30 08:45:35,277: +CACHEDPARAM [/rosout_disable_topics_generation] by /performance_monitor
[rosmaster.master][INFO] 2026-08-30 08:45:35,382: +CACHEDPARAM [/rosout_disable_topics_generation] by /performance_monitor
[rosmaster.master][INFO] 2026-08-30 08:45:35,479: +CACHEDPARAM [/rosout_disable_topics_generation] by /performance_monitor
[rosmaster.master][INFO] 2026-08-30 08:45:35,482: +CACHEDPARAM [/rosout_disable_topics_generation] by /performance_monitor
[rosmaster.master][INFO] 2026-08-30 08:45:35,581: +CACHEDPARAM [/rosout_disable_topics_generation] by /performance_monitor
[rosmaster.master][INFO] 2026-08-30 08:45:35,678: +CACHEDPARAM [/rosout_disable_topics_generation] by /performance_monitor
[rosmaster.master][INFO] 2026-08-30 08:45:35,772: +CACHEDPARAM [/rosout_disable_topics_generation] by /performance_monitor
[rosmaster.master][INFO] 2026-08-30 08:45:35,872: +CACHEDPARAM [/rosout_disable_topics_generation] by /performance_monitor
[rosmaster.master][INFO] 2026-08-30 08:45:35,972: +CACHEDPARAM [/rosout_disable_topics_generation] by /performance_monitor
[rosmaster.master][INFO] 2026-08-30 08:45:36,073: +CACHEDPARAM [/rosout_disable_topics_generation] by /performance_monitor
[rosmaster.master][INFO] 2026-08-30 08:45:36,173: +CACHEDPARAM [/rosout_disable_topics_generation] by /performance_monitor
[rosmaster.master][INFO] 2026-08-30 08:45:36,274: +CACHEDPARAM [/rosout_disable_topics_generation] by /performance_monitor
[rosmaster.master][INFO] 2026-08-30 08:45:36,377: +CACHEDPARAM [/rosout_disable_topics_generation] by /performance_monitor
[rosmaster.master][INFO] 2026-08-30 08:45:36,479: +CACHEDPARAM [/rosout_disable_topics_generation] by /performance_monitor
[rosmaster.master][INFO] 2026-08-30 08:45:36,575: +CACHEDPARAM [/rosout_disable_topics_generation] by /performance_monitor
[rosmaster.master][INFO] 2026-08-30 08:45:36,677: +CACHEDPARAM [/rosout_disable_topics_generation] by /performance_monitor
[rosmaster.master][INFO] 2026-08-30 08:45:36,776: +CACHEDPARAM [/rosout_disable_topics_generation] by /performance_monitor
[rosmaster.master][INFO] 2026-08-30 08:45:36,878: +CACHEDPARAM [/rosout_disable_topics_generation] by /performance_monitor
[rosmaster.master][INFO] 2026-08-30 08:45:36,977: +CACHEDPARAM [/rosout_disable_topics_generation] by /performance_monitor
[rosmaster.master][INFO] 2026-08-30 08:45:37,077: +CACHEDPARAM [/rosout_disable_topics_generation] by /performance_monitor
[rosmaster.master][INFO] 2026-08-30 08:45:37,181: +CACHEDPARAM [/rosout_disable_topics_generation] by /performance_monitor
[rosmaster.master][INFO] 2026-08-30 08:45:37,280: +CACHEDPARAM [/rosout_disable_topics_generation] by /performance_monitor
[rosmaster.master][INFO] 2026-08-30 08:45:37,378: +CACHEDPARAM [/rosout_disable_topics_generation] by /performance_monitor
[rosmaster.master][INFO] 2026-08-30 08:45:37,481: +CACHEDPARAM [/rosout_disable_topics_generation] by /performance_monitor
[rosmaster.master][INFO] 2026-08-30 08:45:37,581: +CACHEDPARAM [/rosout_disable_topics_generation] by /performance_monitor
[rosmaster.master][INFO] 2026-08-30 08:45:37,675: +CACHEDPARAM [/rosout_disable_topics_generation] by /performance_monitor
[rosmaster.master][INFO] 2026-08-30 08:45:37,773: +CACHEDPARAM [/rosout_disable_topics_generation] by /performance_monitor
[rosmaster.master][INFO] 2026-08-30 08:45:37,873: +CACHEDPARAM [/rosout_disable_topics_generation] by /performance_monitor
[rosmaster.master][INFO] 2026-08-30 08:45:37,973: +CACHEDPARAM [/rosout_disable_topics_generation] by /performance_monitor
[rosmaster.master][INFO] 2026-08-30 08:45:38,073: +CACHEDPARAM [/rosout_disable_topics_generation] by /performance_monitor
[rosmaster.master][INFO] 2026-08-30 08:45:38,173: +CACHEDPARAM [/rosout_disable_topics_generation] by /performance_monitor
[rosmaster.master][INFO] 2026-08-30 08:45:38,273: +CACHEDPARAM [/rosout_disable_topics_generation] by /performance_monitor
[rosmaster.master][INFO] 2026-08-30 08:45:38,377: +CACHEDPARAM [/rosout_disable_topics_generation] by /performance_monitor
[rosmaster.master][INFO] 2026-08-30 08:45:38,477: +CACHEDPARAM [/rosout_disable_topics_generation] by /performance_monitor
[rosmaster.master][INFO] 2026-08-30 08:45:38,573: +CACHEDPARAM [/rosout_disable_topics_generation] by /performance_monitor
[rosmaster.master][INFO] 2026-08-30 08:45:38,672: +CACHEDPARAM [/rosout_disable_topics_generation] by /performance_monitor
[rosmaster.master][INFO] 2026-08-30 08:45:38,772: +CACHEDPARAM [/rosout_disable_topics_generation] by /performance_monitor
[rosmaster.master][INFO] 2026-08-30 08:45:38,874: +CACHEDPARAM [/rosout_disable_topics_generation] by /performance_monitor
[rosmaster.master][INFO] 2026-08-30 08:45:38,973: +CACHEDPARAM [/rosout_disable_topics_generation] by /performance_monitor
[rosmaster.master][INFO] 2026-08-30 08:45:39,075: +CACHEDPARAM [/rosout_disable_topics_generation] by /performance_monitor
[rosmaster.master][INFO] 2026-08-30 08:45:39,176: +CACHEDPARAM [/rosout_disable_topics_generation] by /performance_monitor
[rosmaster.master][INFO] 2026-08-30 08:45:39,273: +CACHEDPARAM [/rosout_disable_topics_generation] by /performance_monitor
[rosmaster.master][INFO] 2026-08-30 08:45:39,372: +CACHEDPARAM [/rosout_disable_topics_generation] by /performance_monitor
[rosmaster.master][INFO] 2026-08-30 08:45:39,473: +CACHEDPARAM [/rosout_disable_topics_generation] by /performance_monitor
[rosmaster.master][INFO] 2026-08-30 08:45:39,574: +CACHEDPARAM [/rosout_disable_topics_generation] by /performance_monitor
[rosmaster.master][INFO] 2026-08-30 08:45:39,677: +CACHEDPARAM [/rosout_disable_topics_generation] by /performance_monitor
[rosmaster.master][INFO] 2026-08-30 08:45:39,773: +CACHEDPARAM [/rosout_disable_topics_generation] by /performance_monitor
[rosmaster.master][INFO] 2026-08-30 08:45:39,872: +CACHEDPARAM [/rosout_disable_topics_generation] by /performance_monitor
[rosmaster.master][INFO] 2026-08-30 08:45:39,973: +CACHEDPARAM [/rosout_disable_topics_generation] by /performance_monitor
[rosmaster.master][INFO] 2026-08-30 08:45:40,077: +CACHEDPARAM [/rosout_disable_topics_generation] by /performance_monitor
[rosmaster.master][INFO] 2026-08-30 08:45:40,177: +CACHEDPARAM [/rosout_disable_topics_generation] by /performance_monitor
[rosmaster.master][INFO] 2026-08-30 08:45:40,273: +CACHEDPARAM [/rosout_disable_topics_generation] by /performance_monitor
[rosmaster.master][INFO] 2026-08-30 08:45:40,377: +CACHEDPARAM [/rosout_disable_topics_generation] by /performance_monitor
[rosmaster.master][INFO] 2026-08-30 08:45:40,475: +CACHEDPARAM [/rosout_disable_topics_generation] by /performance_monitor
[rosmaster.master][INFO] 2026-08-30 08:45:40,488: +CACHEDPARAM [/rosout_disable_topics_generation] by /performance_monitor
[rosmaster.master][INFO] 2026-08-30 08:45:40,703: +CACHEDPARAM [/rosout_disable_topics_generation] by /performance_monitor
[rosmaster.master][INFO] 2026-08-30 08:45:40,944: +CACHEDPARAM [/rosout_disable_topics_generation] by /performance_monitor
[rosmaster.master][INFO] 2026-08-30 08:45:41,144: +CACHEDPARAM [/rosout_disable_topics_generation] by /performance_monitor
[rosmaster.master][INFO] 2026-08-30 08:45:41,336: +CACHEDPARAM [/rosout_disable_topics_generation] by /performance_monitor
[rosmaster.master][INFO] 2026-08-30 08:45:41,572: +CACHEDPARAM [/rosout_disable_topics_generation] by /performance_monitor
[rosmaster.master][INFO] 2026-08-30 08:45:41,725: +CACHEDPARAM [/rosout_disable_topics_generation] by /performance_monitor
[rosmaster.master][INFO] 2026-08-30 08:45:41,733: +CACHEDPARAM [/rosout_disable_topics_generation] by /performance_monitor
[rosmaster.master][INFO] 2026-08-30 08:45:42,122: +CACHEDPARAM [/rosout_disable_topics_generation] by /performance_monitor
[rosmaster.master][INFO] 2026-08-30 08:45:42,473: +CACHEDPARAM [/rosout_disable_topics_generation] by /performance_monitor
[rosmaster.master][INFO] 2026-08-30 08:45:42,475: +CACHEDPARAM [/rosout_disable_topics_generation] by /performance_monitor
[rosmaster.master][INFO] 2026-08-30 08:45:42,482: +CACHEDPARAM [/rosout_disable_topics_generation] by /performance_monitor
[rosmaster.master][INFO] 2026-08-30 08:45:42,489: +CACHEDPARAM [/rosout_disable_topics_generation] by /performance_monitor
[rosmaster.master][INFO] 2026-08-30 08:45:42,577: +CACHEDPARAM [/rosout_disable_topics_generation] by /performance_monitor
[rosmaster.master][INFO] 2026-08-30 08:45:42,677: +CACHEDPARAM [/rosout_disable_topics_generation] by /performance_monitor
[rosmaster.master][INFO] 2026-08-30 08:45:42,773: +CACHEDPARAM [/rosout_disable_topics_generation] by /performance_monitor
[rosmaster.master][INFO] 2026-08-30 08:45:42,874: +CACHEDPARAM [/rosout_disable_topics_generation] by /performance_monitor
[rosmaster.master][INFO] 2026-08-30 08:45:42,975: +CACHEDPARAM [/rosout_disable_topics_generation] by /performance_monitor
[rosmaster.master][INFO] 2026-08-30 08:45:43,076: +CACHEDPARAM [/rosout_disable_topics_generation] by /performance_monitor
[rosmaster.master][INFO] 2026-08-30 08:45:43,177: +CACHEDPARAM [/rosout_disable_topics_generation] by /performance_monitor
[rosmaster.master][INFO] 2026-08-30 08:45:43,274: +CACHEDPARAM [/rosout_disable_topics_generation] by /performance_monitor
[rosmaster.master][INFO] 2026-08-30 08:45:43,374: +CACHEDPARAM [/rosout_disable_topics_generation] by /performance_monitor
[rosmaster.master][INFO] 2026-08-30 08:45:43,478: +CACHEDPARAM [/rosout_disable_topics_generation] by /performance_monitor
[rosmaster.master][INFO] 2026-08-30 08:45:43,578: +CACHEDPARAM [/rosout_disable_topics_generation] by /performance_monitor
[rosmaster.master][INFO] 2026-08-30 08:45:43,657: +CACHEDPARAM [/rosout_disable_topics_generation] by /performance_monitor
[rosmaster.master][INFO] 2026-08-30 08:45:43,721: +CACHEDPARAM [/rosout_disable_topics_generation] by /performance_monitor
[rosmaster.master][INFO] 2026-08-30 08:45:43,730: +CACHEDPARAM [/rosout_disable_topics_generation] by /performance_monitor
[rosmaster.master][INFO] 2026-08-30 08:45:43,731: +CACHEDPARAM [/rosout_disable_topics_generation] by /performance_monitor
[rosmaster.master][INFO] 2026-08-30 08:45:43,773: +CACHEDPARAM [/rosout_disable_topics_generation] by /performance_monitor
[rosmaster.master][INFO] 2026-08-30 08:45:43,877: +CACHEDPARAM [/rosout_disable_topics_generation] by /performance_monitor
[rosmaster.master][INFO] 2026-08-30 08:45:43,974: +CACHEDPARAM [/rosout_disable_topics_generation] by /performance_monitor
[rosmaster.master][INFO] 2026-08-30 08:45:44,074: +CACHEDPARAM [/rosout_disable_topics_generation] by /performance_monitor
[rosmaster.master][INFO] 2026-08-30 08:45:44,176: +CACHEDPARAM [/rosout_disable_topics_generation] by /performance_monitor
[rosmaster.master][INFO] 2026-08-30 08:45:44,279: +CACHEDPARAM [/rosout_disable_topics_generation] by /performance_monitor
[rosmaster.master][INFO] 2026-08-30 08:45:44,380: +CACHEDPARAM [/rosout_disable_topics_generation] by /performance_monitor
[rosmaster.master][INFO] 2026-08-30 08:45:44,482: +CACHEDPARAM [/rosout_disable_topics_generation] by /performance_monitor
[rosmaster.master][INFO] 2026-08-30 08:45:44,576: +CACHEDPARAM [/rosout_disable_topics_generation] by /performance_monitor
[rosmaster.master][INFO] 2026-08-30 08:45:44,677: +CACHEDPARAM [/rosout_disable_topics_generation] by /performance_monitor
[rosmaster.master][INFO] 2026-08-30 08:45:44,776: +CACHEDPARAM [/rosout_disable_topics_generation] by /performance_monitor
[rosmaster.master][INFO] 2026-08-30 08:45:44,878: +CACHEDPARAM [/rosout_disable_topics_generation] by /performance_monitor
[rosmaster.master][INFO] 2026-08-30 08:45:44,978: +CACHEDPARAM [/rosout_disable_topics_generation] by /performance_monitor
[rosmaster.master][INFO] 2026-08-30 08:45:45,080: +CACHEDPARAM [/rosout_disable_topics_generation] by /performance_monitor
[rosmaster.master][INFO] 2026-08-30 08:45:45,178: +CACHEDPARAM [/rosout_disable_topics_generation] by /performance_monitor
[rosmaster.master][INFO] 2026-08-30 08:45:45,279: +CACHEDPARAM [/rosout_disable_topics_generation] by /performance_monitor
[rosmaster.master][INFO] 2026-08-30 08:45:45,380: +CACHEDPARAM [/rosout_disable_topics_generation] by /performance_monitor
[rosmaster.master][INFO] 2026-08-30 08:45:45,478: +CACHEDPARAM [/rosout_disable_topics_generation] by /performance_monitor
[rosmaster.master][INFO] 2026-08-30 08:45:45,576: +CACHEDPARAM [/rosout_disable_topics_generation] by /performance_monitor
[rosmaster.master][INFO] 2026-08-30 08:45:45,677: +CACHEDPARAM [/rosout_disable_topics_generation] by /performance_monitor
[rosmaster.master][INFO] 2026-08-30 08:45:45,774: +CACHEDPARAM [/rosout_disable_topics_generation] by /performance_monitor
[rosmaster.master][INFO] 2026-08-30 08:45:45,874: +CACHEDPARAM [/rosout_disable_topics_generation] by /performance_monitor
[rosmaster.master][INFO] 2026-08-30 08:45:45,974: +CACHEDPARAM [/rosout_disable_topics_generation] by /performance_monitor
[rosmaster.master][INFO] 2026-08-30 08:45:46,074: +CACHEDPARAM [/rosout_disable_topics_generation] by /performance_monitor
[rosmaster.master][INFO] 2026-08-30 08:45:46,174: +CACHEDPARAM [/rosout_disable_topics_generation] by /performance_monitor
[rosmaster.master][INFO] 2026-08-30 08:45:46,277: +CACHEDPARAM [/rosout_disable_topics_generation] by /performance_monitor
[rosmaster.master][INFO] 2026-08-30 08:45:46,382: +CACHEDPARAM [/rosout_disable_topics_generation] by /performance_monitor
[rosmaster.master][INFO] 2026-08-30 08:45:46,480: +CACHEDPARAM [/rosout_disable_topics_generation] by /performance_monitor
[rosmaster.master][INFO] 2026-08-30 08:45:46,582: +CACHEDPARAM [/rosout_disable_topics_generation] by /performance_monitor
[rosmaster.master][INFO] 2026-08-30 08:45:46,678: +CACHEDPARAM [/rosout_disable_topics_generation] by /performance_monitor
[rosmaster.master][INFO] 2026-08-30 08:45:46,777: +CACHEDPARAM [/rosout_disable_topics_generation] by /performance_monitor
[rosmaster.master][INFO] 2026-08-30 08:45:46,877: +CACHEDPARAM [/rosout_disable_topics_generation] by /performance_monitor
[rosmaster.master][INFO] 2026-08-30 08:45:46,978: +CACHEDPARAM [/rosout_disable_topics_generation] by /performance_monitor
[rosmaster.master][INFO] 2026-08-30 08:45:47,078: +CACHEDPARAM [/rosout_disable_topics_generation] by /performance_monitor
[rosmaster.master][INFO] 2026-08-30 08:45:47,177: +CACHEDPARAM [/rosout_disable_topics_generation] by /performance_monitor
[rosmaster.master][INFO] 2026-08-30 08:45:47,282: +CACHEDPARAM [/rosout_disable_topics_generation] by /performance_monitor
[rosmaster.master][INFO] 2026-08-30 08:45:47,383: +CACHEDPARAM [/rosout_disable_topics_generation] by /performance_monitor
[rosmaster.master][INFO] 2026-08-30 08:45:47,482: +CACHEDPARAM [/rosout_disable_topics_generation] by /performance_monitor
[rosmaster.master][INFO] 2026-08-30 08:45:47,584: +CACHEDPARAM [/rosout_disable_topics_generation] by /performance_monitor
[rosmaster.master][INFO] 2026-08-30 08:45:47,673: +CACHEDPARAM [/rosout_disable_topics_generation] by /performance_monitor
[rosmaster.master][INFO] 2026-08-30 08:45:47,776: +CACHEDPARAM [/rosout_disable_topics_generation] by /performance_monitor
[rosmaster.master][INFO] 2026-08-30 08:45:47,878: +CACHEDPARAM [/rosout_disable_topics_generation] by /performance_monitor
[rosmaster.master][INFO] 2026-08-30 08:45:47,974: +CACHEDPARAM [/rosout_disable_topics_generation] by /performance_monitor
[rosmaster.master][INFO] 2026-08-30 08:45:48,076: +CACHEDPARAM [/rosout_disable_topics_generation] by /performance_monitor
[rosmaster.master][INFO] 2026-08-30 08:45:48,175: +CACHEDPARAM [/rosout_disable_topics_generation] by /performance_monitor
[rosmaster.master][INFO] 2026-08-30 08:45:48,277: +CACHEDPARAM [/rosout_disable_topics_generation] by /performance_monitor
[rosmaster.master][INFO] 2026-08-30 08:45:48,380: +CACHEDPARAM [/rosout_disable_topics_generation] by /performance_monitor
[rosmaster.master][INFO] 2026-08-30 08:45:48,477: +CACHEDPARAM [/rosout_disable_topics_generation] by /performance_monitor
[rosmaster.master][INFO] 2026-08-30 08:45:48,583: +CACHEDPARAM [/rosout_disable_topics_generation] by /performance_monitor
[rosmaster.master][INFO] 2026-08-30 08:45:48,681: +CACHEDPARAM [/rosout_disable_topics_generation] by /performance_monitor
[rosmaster.master][INFO] 2026-08-30 08:45:48,736: +CACHEDPARAM [/rosout_disable_topics_generation] by /performance_monitor
[rosmaster.master][INFO] 2026-08-30 08:45:48,938: +CACHEDPARAM [/rosout_disable_topics_generation] by /performance_monitor
[rosmaster.master][INFO] 2026-08-30 08:45:49,209: +CACHEDPARAM [/rosout_disable_topics_generation] by /performance_monitor
[rosmaster.master][INFO] 2026-08-30 08:45:49,445: +CACHEDPARAM [/rosout_disable_topics_generation] by /performance_monitor
[rosmaster.master][INFO] 2026-08-30 08:45:49,741: +CACHEDPARAM [/rosout_disable_topics_generation] by /performance_monitor
[rosmaster.master][INFO] 2026-08-30 08:45:49,970: +CACHEDPARAM [/rosout_disable_topics_generation] by /performance_monitor
[rosmaster.master][INFO] 2026-08-30 08:45:49,986: +CACHEDPARAM [/rosout_disable_topics_generation] by /performance_monitor
[rosmaster.master][INFO] 2026-08-30 08:45:50,323: +CACHEDPARAM [/rosout_disable_topics_generation] by /performance_monitor
[rosmaster.master][INFO] 2026-08-30 08:45:50,691: +CACHEDPARAM [/rosout_disable_topics_generation] by /performance_monitor
[rosmaster.master][INFO] 2026-08-30 08:45:50,693: +CACHEDPARAM [/rosout_disable_topics_generation] by /performance_monitor
[rosmaster.master][INFO] 2026-08-30 08:45:50,699: +CACHEDPARAM [/rosout_disable_topics_generation] by /performance_monitor
[rosmaster.master][INFO] 2026-08-30 08:45:50,706: +CACHEDPARAM [/rosout_disable_topics_generation] by /performance_monitor
[rosmaster.master][INFO] 2026-08-30 08:45:50,795: +CACHEDPARAM [/rosout_disable_topics_generation] by /performance_monitor
[rosmaster.master][INFO] 2026-08-30 08:45:50,896: +CACHEDPARAM [/rosout_disable_topics_generation] by /performance_monitor
[rosmaster.master][INFO] 2026-08-30 08:45:50,993: +CACHEDPARAM [/rosout_disable_topics_generation] by /performance_monitor
[rosmaster.master][INFO] 2026-08-30 08:45:51,097: +CACHEDPARAM [/rosout_disable_topics_generation] by /performance_monitor
[rosmaster.master][INFO] 2026-08-30 08:45:51,194: +CACHEDPARAM [/rosout_disable_topics_generation] by /performance_monitor
[rosmaster.master][INFO] 2026-08-30 08:45:51,295: +CACHEDPARAM [/rosout_disable_topics_generation] by /performance_monitor
[rosmaster.master][INFO] 2026-08-30 08:45:51,408: +CACHEDPARAM [/rosout_disable_topics_generation] by /performance_monitor
[rosmaster.master][INFO] 2026-08-30 08:45:51,493: +CACHEDPARAM [/rosout_disable_topics_generation] by /performance_monitor
[rosmaster.master][INFO] 2026-08-30 08:45:51,599: +CACHEDPARAM [/rosout_disable_topics_generation] by /performance_monitor
[rosmaster.master][INFO] 2026-08-30 08:45:51,697: +CACHEDPARAM [/rosout_disable_topics_generation] by /performance_monitor
[rosmaster.master][INFO] 2026-08-30 08:45:51,790: +CACHEDPARAM [/rosout_disable_topics_generation] by /performance_monitor
[rosmaster.master][INFO] 2026-08-30 08:45:51,895: +CACHEDPARAM [/rosout_disable_topics_generation] by /performance_monitor
[rosmaster.master][INFO] 2026-08-30 08:45:51,919: +CACHEDPARAM [/rosout_disable_topics_generation] by /performance_monitor
[rosmaster.master][INFO] 2026-08-30 08:45:51,966: +CACHEDPARAM [/rosout_disable_topics_generation] by /performance_monitor
[rosmaster.master][INFO] 2026-08-30 08:45:51,968: +CACHEDPARAM [/rosout_disable_topics_generation] by /performance_monitor
[rosmaster.master][INFO] 2026-08-30 08:45:51,991: +CACHEDPARAM [/rosout_disable_topics_generation] by /performance_monitor
[rosmaster.master][INFO] 2026-08-30 08:45:52,091: +CACHEDPARAM [/rosout_disable_topics_generation] by /performance_monitor
[rosmaster.master][INFO] 2026-08-30 08:45:52,196: +CACHEDPARAM [/rosout_disable_topics_generation] by /performance_monitor
[rosmaster.master][INFO] 2026-08-30 08:45:52,292: +CACHEDPARAM [/rosout_disable_topics_generation] by /performance_monitor
[rosmaster.master][INFO] 2026-08-30 08:45:52,398: +CACHEDPARAM [/rosout_disable_topics_generation] by /performance_monitor
[rosmaster.master][INFO] 2026-08-30 08:45:52,501: +CACHEDPARAM [/rosout_disable_topics_generation] by /performance_monitor
[rosmaster.master][INFO] 2026-08-30 08:45:52,597: +CACHEDPARAM [/rosout_disable_topics_generation] by /performance_monitor
[rosmaster.master][INFO] 2026-08-30 08:45:52,703: +CACHEDPARAM [/rosout_disable_topics_generation] by /performance_monitor
[rosmaster.master][INFO] 2026-08-30 08:45:52,796: +CACHEDPARAM [/rosout_disable_topics_generation] by /performance_monitor
[rosmaster.master][INFO] 2026-08-30 08:45:52,895: +CACHEDPARAM [/rosout_disable_topics_generation] by /performance_monitor
[rosmaster.master][INFO] 2026-08-30 08:45:53,002: +CACHEDPARAM [/rosout_disable_topics_generation] by /performance_monitor
[rosmaster.master][INFO] 2026-08-30 08:45:53,095: +CACHEDPARAM [/rosout_disable_topics_generation] by /performance_monitor
[rosmaster.master][INFO] 2026-08-30 08:45:53,198: +CACHEDPARAM [/rosout_disable_topics_generation] by /performance_monitor
[rosmaster.master][INFO] 2026-08-30 08:45:53,294: +CACHEDPARAM [/rosout_disable_topics_generation] by /performance_monitor
[rosmaster.master][INFO] 2026-08-30 08:45:53,395: +CACHEDPARAM [/rosout_disable_topics_generation] by /performance_monitor
[rosmaster.master][INFO] 2026-08-30 08:45:53,502: +CACHEDPARAM [/rosout_disable_topics_generation] by /performance_monitor
[rosmaster.master][INFO] 2026-08-30 08:45:53,599: +CACHEDPARAM [/rosout_disable_topics_generation] by /performance_monitor
[rosmaster.master][INFO] 2026-08-30 08:45:53,696: +CACHEDPARAM [/rosout_disable_topics_generation] by /performance_monitor
[rosmaster.master][INFO] 2026-08-30 08:45:53,794: +CACHEDPARAM [/rosout_disable_topics_generation] by /performance_monitor
[rosmaster.master][INFO] 2026-08-30 08:45:53,891: +CACHEDPARAM [/rosout_disable_topics_generation] by /performance_monitor
[rosmaster.master][INFO] 2026-08-30 08:45:53,991: +CACHEDPARAM [/rosout_disable_topics_generation] by /performance_monitor
[rosmaster.master][INFO] 2026-08-30 08:45:54,091: +CACHEDPARAM [/rosout_disable_topics_generation] by /performance_monitor
[rosmaster.master][INFO] 2026-08-30 08:45:54,194: +CACHEDPARAM [/rosout_disable_topics_generation] by /performance_monitor
[rosmaster.master][INFO] 2026-08-30 08:45:54,296: +CACHEDPARAM [/rosout_disable_topics_generation] by /performance_monitor
[rosmaster.master][INFO] 2026-08-30 08:45:54,395: +CACHEDPARAM [/rosout_disable_topics_generation] by /performance_monitor
[rosmaster.master][INFO] 2026-08-30 08:45:54,496: +CACHEDPARAM [/rosout_disable_topics_generation] by /performance_monitor
[rosmaster.master][INFO] 2026-08-30 08:45:54,596: +CACHEDPARAM [/rosout_disable_topics_generation] by /performance_monitor
[rosmaster.master][INFO] 2026-08-30 08:45:54,697: +CACHEDPARAM [/rosout_disable_topics_generation] by /performance_monitor
[rosmaster.master][INFO] 2026-08-30 08:45:54,797: +CACHEDPARAM [/rosout_disable_topics_generation] by /performance_monitor
[rosmaster.master][INFO] 2026-08-30 08:45:54,897: +CACHEDPARAM [/rosout_disable_topics_generation] by /performance_monitor
[rosmaster.master][INFO] 2026-08-30 08:45:54,995: +CACHEDPARAM [/rosout_disable_topics_generation] by /performance_monitor
[rosmaster.master][INFO] 2026-08-30 08:45:55,096: +CACHEDPARAM [/rosout_disable_topics_generation] by /performance_monitor
[rosmaster.master][INFO] 2026-08-30 08:45:55,196: +CACHEDPARAM [/rosout_disable_topics_generation] by /performance_monitor
[rosmaster.master][INFO] 2026-08-30 08:45:55,299: +CACHEDPARAM [/rosout_disable_topics_generation] by /performance_monitor
[rosmaster.master][INFO] 2026-08-30 08:45:55,396: +CACHEDPARAM [/rosout_disable_topics_generation] by /performance_monitor
[rosmaster.master][INFO] 2026-08-30 08:45:55,499: +CACHEDPARAM [/rosout_disable_topics_generation] by /performance_monitor
[rosmaster.master][INFO] 2026-08-30 08:45:55,599: +CACHEDPARAM [/rosout_disable_topics_generation] by /performance_monitor
[rosmaster.master][INFO] 2026-08-30 08:45:55,698: +CACHEDPARAM [/rosout_disable_topics_generation] by /performance_monitor
[rosmaster.master][INFO] 2026-08-30 08:45:55,794: +CACHEDPARAM [/rosout_disable_topics_generation] by /performance_monitor
[rosmaster.master][INFO] 2026-08-30 08:45:55,895: +CACHEDPARAM [/rosout_disable_topics_generation] by /performance_monitor
[rosmaster.master][INFO] 2026-08-30 08:45:55,995: +CACHEDPARAM [/rosout_disable_topics_generation] by /performance_monitor
[rosmaster.master][INFO] 2026-08-30 08:45:56,096: +CACHEDPARAM [/rosout_disable_topics_generation] by /performance_monitor
[rosmaster.master][INFO] 2026-08-30 08:45:56,191: +CACHEDPARAM [/rosout_disable_topics_generation] by /performance_monitor
[rosmaster.master][INFO] 2026-08-30 08:45:56,297: +CACHEDPARAM [/rosout_disable_topics_generation] by /performance_monitor
[rosmaster.master][INFO] 2026-08-30 08:45:56,398: +CACHEDPARAM [/rosout_disable_topics_generation] by /performance_monitor
[rosmaster.master][INFO] 2026-08-30 08:45:56,497: +CACHEDPARAM [/rosout_disable_topics_generation] by /performance_monitor
[rosmaster.master][INFO] 2026-08-30 08:45:56,592: +CACHEDPARAM [/rosout_disable_topics_generation] by /performance_monitor
[rosmaster.master][INFO] 2026-08-30 08:45:56,696: +CACHEDPARAM [/rosout_disable_topics_generation] by /performance_monitor
[rosmaster.master][INFO] 2026-08-30 08:45:56,798: +CACHEDPARAM [/rosout_disable_topics_generation] by /performance_monitor
[rosmaster.master][INFO] 2026-08-30 08:45:56,897: +CACHEDPARAM [/rosout_disable_topics_generation] by /performance_monitor
[rosmaster.master][INFO] 2026-08-30 08:45:56,973: +CACHEDPARAM [/rosout_disable_topics_generation] by /performance_monitor
[rosmaster.master][INFO] 2026-08-30 08:45:56,996: +CACHEDPARAM [/rosout_disable_topics_generation] by /performance_monitor
[rosmaster.master][INFO] 2026-08-30 08:45:57,235: +CACHEDPARAM [/rosout_disable_topics_generation] by /performance_monitor
[rosmaster.master][INFO] 2026-08-30 08:45:57,456: +CACHEDPARAM [/rosout_disable_topics_generation] by /performance_monitor
[rosmaster.master][INFO] 2026-08-30 08:45:57,671: +CACHEDPARAM [/rosout_disable_topics_generation] by /performance_monitor
[rosmaster.master][INFO] 2026-08-30 08:45:57,831: +CACHEDPARAM [/rosout_disable_topics_generation] by /performance_monitor
[rosmaster.master][INFO] 2026-08-30 08:45:57,981: +CACHEDPARAM [/rosout_disable_topics_generation] by /performance_monitor
[rosmaster.master][INFO] 2026-08-30 08:45:58,172: +CACHEDPARAM [/rosout_disable_topics_generation] by /performance_monitor
[rosmaster.master][INFO] 2026-08-30 08:45:58,208: +CACHEDPARAM [/rosout_disable_topics_generation] by /performance_monitor
[rosmaster.master][INFO] 2026-08-30 08:45:58,516: +CACHEDPARAM [/rosout_disable_topics_generation] by /performance_monitor
[rosmaster.master][INFO] 2026-08-30 08:45:58,741: +CACHEDPARAM [/rosout_disable_topics_generation] by /performance_monitor
[rosmaster.master][INFO] 2026-08-30 08:45:58,937: +CACHEDPARAM [/rosout_disable_topics_generation] by /performance_monitor
[rosmaster.master][INFO] 2026-08-30 08:45:58,939: +CACHEDPARAM [/rosout_disable_topics_generation] by /performance_monitor
[rosmaster.master][INFO] 2026-08-30 08:45:58,947: +CACHEDPARAM [/rosout_disable_topics_generation] by /performance_monitor
[rosmaster.master][INFO] 2026-08-30 08:45:58,955: +CACHEDPARAM [/rosout_disable_topics_generation] by /performance_monitor
[rosmaster.master][INFO] 2026-08-30 08:45:59,057: +CACHEDPARAM [/rosout_disable_topics_generation] by /performance_monitor
[rosmaster.master][INFO] 2026-08-30 08:45:59,157: +CACHEDPARAM [/rosout_disable_topics_generation] by /performance_monitor
[rosmaster.master][INFO] 2026-08-30 08:45:59,263: +CACHEDPARAM [/rosout_disable_topics_generation] by /performance_monitor
[rosmaster.master][INFO] 2026-08-30 08:45:59,361: +CACHEDPARAM [/rosout_disable_topics_generation] by /performance_monitor
[rosmaster.master][INFO] 2026-08-30 08:45:59,462: +CACHEDPARAM [/rosout_disable_topics_generation] by /performance_monitor
[rosmaster.master][INFO] 2026-08-30 08:45:59,605: +CACHEDPARAM [/rosout_disable_topics_generation] by /performance_monitor
[rosmaster.master][INFO] 2026-08-30 08:45:59,656: +CACHEDPARAM [/rosout_disable_topics_generation] by /performance_monitor
[rosmaster.master][INFO] 2026-08-30 08:45:59,757: +CACHEDPARAM [/rosout_disable_topics_generation] by /performance_monitor
[rosmaster.master][INFO] 2026-08-30 08:45:59,858: +CACHEDPARAM [/rosout_disable_topics_generation] by /performance_monitor
[rosmaster.master][INFO] 2026-08-30 08:45:59,960: +CACHEDPARAM [/rosout_disable_topics_generation] by /performance_monitor
[rosmaster.master][INFO] 2026-08-30 08:46:00,061: +CACHEDPARAM [/rosout_disable_topics_generation] by /performance_monitor
[rosmaster.master][INFO] 2026-08-30 08:46:00,164: +CACHEDPARAM [/rosout_disable_topics_generation] by /performance_monitor
[rosmaster.master][INFO] 2026-08-30 08:46:00,207: +CACHEDPARAM [/rosout_disable_topics_generation] by /performance_monitor
[rosmaster.master][INFO] 2026-08-30 08:46:00,276: +CACHEDPARAM [/rosout_disable_topics_generation] by /performance_monitor
[rosmaster.master][INFO] 2026-08-30 08:46:00,279: +CACHEDPARAM [/rosout_disable_topics_generation] by /performance_monitor
[rosmaster.master][INFO] 2026-08-30 08:46:00,280: +CACHEDPARAM [/rosout_disable_topics_generation] by /performance_monitor
[rosmaster.master][INFO] 2026-08-30 08:46:00,361: +CACHEDPARAM [/rosout_disable_topics_generation] by /performance_monitor
[rosmaster.master][INFO] 2026-08-30 08:46:00,457: +CACHEDPARAM [/rosout_disable_topics_generation] by /performance_monitor
[rosmaster.master][INFO] 2026-08-30 08:46:00,562: +CACHEDPARAM [/rosout_disable_topics_generation] by /performance_monitor
[rosmaster.master][INFO] 2026-08-30 08:46:00,667: +CACHEDPARAM [/rosout_disable_topics_generation] by /performance_monitor
[rosmaster.master][INFO] 2026-08-30 08:46:00,766: +CACHEDPARAM [/rosout_disable_topics_generation] by /performance_monitor
[rosmaster.master][INFO] 2026-08-30 08:46:00,861: +CACHEDPARAM [/rosout_disable_topics_generation] by /performance_monitor
[rosmaster.master][INFO] 2026-08-30 08:46:00,964: +CACHEDPARAM [/rosout_disable_topics_generation] by /performance_monitor
[rosmaster.master][INFO] 2026-08-30 08:46:01,068: +CACHEDPARAM [/rosout_disable_topics_generation] by /performance_monitor
[rosmaster.master][INFO] 2026-08-30 08:46:01,163: +CACHEDPARAM [/rosout_disable_topics_generation] by /performance_monitor
[rosmaster.master][INFO] 2026-08-30 08:46:01,265: +CACHEDPARAM [/rosout_disable_topics_generation] by /performance_monitor
[rosmaster.master][INFO] 2026-08-30 08:46:01,366: +CACHEDPARAM [/rosout_disable_topics_generation] by /performance_monitor
[rosmaster.master][INFO] 2026-08-30 08:46:01,463: +CACHEDPARAM [/rosout_disable_topics_generation] by /performance_monitor
[rosmaster.master][INFO] 2026-08-30 08:46:01,561: +CACHEDPARAM [/rosout_disable_topics_generation] by /performance_monitor
[rosmaster.master][INFO] 2026-08-30 08:46:01,664: +CACHEDPARAM [/rosout_disable_topics_generation] by /performance_monitor
[rosmaster.master][INFO] 2026-08-30 08:46:01,760: +CACHEDPARAM [/rosout_disable_topics_generation] by /performance_monitor
[rosmaster.master][INFO] 2026-08-30 08:46:01,856: +CACHEDPARAM [/rosout_disable_topics_generation] by /performance_monitor
[rosmaster.master][INFO] 2026-08-30 08:46:01,958: +CACHEDPARAM [/rosout_disable_topics_generation] by /performance_monitor
[rosmaster.master][INFO] 2026-08-30 08:46:02,061: +CACHEDPARAM [/rosout_disable_topics_generation] by /performance_monitor
[rosmaster.master][INFO] 2026-08-30 08:46:02,158: +CACHEDPARAM [/rosout_disable_topics_generation] by /performance_monitor
[rosmaster.master][INFO] 2026-08-30 08:46:02,265: +CACHEDPARAM [/rosout_disable_topics_generation] by /performance_monitor
[rosmaster.master][INFO] 2026-08-30 08:46:02,366: +CACHEDPARAM [/rosout_disable_topics_generation] by /performance_monitor
[rosmaster.master][INFO] 2026-08-30 08:46:02,466: +CACHEDPARAM [/rosout_disable_topics_generation] by /performance_monitor
[rosmaster.master][INFO] 2026-08-30 08:46:02,562: +CACHEDPARAM [/rosout_disable_topics_generation] by /performance_monitor
[rosmaster.master][INFO] 2026-08-30 08:46:02,661: +CACHEDPARAM [/rosout_disable_topics_generation] by /performance_monitor
[rosmaster.master][INFO] 2026-08-30 08:46:02,769: +CACHEDPARAM [/rosout_disable_topics_generation] by /performance_monitor
[rosmaster.master][INFO] 2026-08-30 08:46:02,861: +CACHEDPARAM [/rosout_disable_topics_generation] by /performance_monitor
[rosmaster.master][INFO] 2026-08-30 08:46:02,962: +CACHEDPARAM [/rosout_disable_topics_generation] by /performance_monitor
[rosmaster.master][INFO] 2026-08-30 08:46:03,057: +CACHEDPARAM [/rosout_disable_topics_generation] by /performance_monitor
[rosmaster.master][INFO] 2026-08-30 08:46:03,162: +CACHEDPARAM [/rosout_disable_topics_generation] by /performance_monitor
[rosmaster.master][INFO] 2026-08-30 08:46:03,262: +CACHEDPARAM [/rosout_disable_topics_generation] by /performance_monitor
[rosmaster.master][INFO] 2026-08-30 08:46:03,368: +CACHEDPARAM [/rosout_disable_topics_generation] by /performance_monitor
[rosmaster.master][INFO] 2026-08-30 08:46:03,464: +CACHEDPARAM [/rosout_disable_topics_generation] by /performance_monitor
[rosmaster.master][INFO] 2026-08-30 08:46:03,562: +CACHEDPARAM [/rosout_disable_topics_generation] by /performance_monitor
[rosmaster.master][INFO] 2026-08-30 08:46:03,662: +CACHEDPARAM [/rosout_disable_topics_generation] by /performance_monitor
[rosmaster.master][INFO] 2026-08-30 08:46:03,761: +CACHEDPARAM [/rosout_disable_topics_generation] by /performance_monitor
[rosmaster.master][INFO] 2026-08-30 08:46:03,856: +CACHEDPARAM [/rosout_disable_topics_generation] by /performance_monitor
[rosmaster.master][INFO] 2026-08-30 08:46:03,956: +CACHEDPARAM [/rosout_disable_topics_generation] by /performance_monitor
[rosmaster.master][INFO] 2026-08-30 08:46:04,056: +CACHEDPARAM [/rosout_disable_topics_generation] by /performance_monitor
[rosmaster.master][INFO] 2026-08-30 08:46:04,157: +CACHEDPARAM [/rosout_disable_topics_generation] by /performance_monitor
[rosmaster.master][INFO] 2026-08-30 08:46:04,264: +CACHEDPARAM [/rosout_disable_topics_generation] by /performance_monitor
[rosmaster.master][INFO] 2026-08-30 08:46:04,365: +CACHEDPARAM [/rosout_disable_topics_generation] by /performance_monitor
[rosmaster.master][INFO] 2026-08-30 08:46:04,462: +CACHEDPARAM [/rosout_disable_topics_generation] by /performance_monitor
[rosmaster.master][INFO] 2026-08-30 08:46:04,561: +CACHEDPARAM [/rosout_disable_topics_generation] by /performance_monitor
[rosmaster.master][INFO] 2026-08-30 08:46:04,669: +CACHEDPARAM [/rosout_disable_topics_generation] by /performance_monitor
[rosmaster.master][INFO] 2026-08-30 08:46:04,760: +CACHEDPARAM [/rosout_disable_topics_generation] by /performance_monitor
[rosmaster.master][INFO] 2026-08-30 08:46:04,864: +CACHEDPARAM [/rosout_disable_topics_generation] by /performance_monitor
[rosmaster.master][INFO] 2026-08-30 08:46:04,964: +CACHEDPARAM [/rosout_disable_topics_generation] by /performance_monitor
[rosmaster.master][INFO] 2026-08-30 08:46:05,063: +CACHEDPARAM [/rosout_disable_topics_generation] by /performance_monitor
[rosmaster.master][INFO] 2026-08-30 08:46:05,156: +CACHEDPARAM [/rosout_disable_topics_generation] by /performance_monitor
[rosmaster.master][INFO] 2026-08-30 08:46:05,257: +CACHEDPARAM [/rosout_disable_topics_generation] by /performance_monitor
[rosmaster.master][INFO] 2026-08-30 08:46:05,283: +CACHEDPARAM [/rosout_disable_topics_generation] by /performance_monitor
[rosmaster.master][INFO] 2026-08-30 08:46:05,506: +CACHEDPARAM [/rosout_disable_topics_generation] by /performance_monitor
[rosmaster.master][INFO] 2026-08-30 08:46:05,773: +CACHEDPARAM [/rosout_disable_topics_generation] by /performance_monitor
[rosmaster.master][INFO] 2026-08-30 08:46:06,043: +CACHEDPARAM [/rosout_disable_topics_generation] by /performance_monitor
[rosmaster.master][INFO] 2026-08-30 08:46:06,142: +CACHEDPARAM [/rosout_disable_topics_generation] by /performance_monitor
[rosmaster.master][INFO] 2026-08-30 08:46:06,407: +CACHEDPARAM [/rosout_disable_topics_generation] by /performance_monitor
[rosmaster.master][INFO] 2026-08-30 08:46:06,515: +CACHEDPARAM [/rosout_disable_topics_generation] by /performance_monitor
[rosmaster.master][INFO] 2026-08-30 08:46:06,517: +CACHEDPARAM [/rosout_disable_topics_generation] by /performance_monitor
[rosmaster.master][INFO] 2026-08-30 08:46:06,768: +CACHEDPARAM [/rosout_disable_topics_generation] by /performance_monitor
[rosmaster.master][INFO] 2026-08-30 08:46:07,124: +CACHEDPARAM [/rosout_disable_topics_generation] by /performance_monitor
[rosmaster.master][INFO] 2026-08-30 08:46:07,217: +CACHEDPARAM [/rosout_disable_topics_generation] by /performance_monitor
[rosmaster.master][INFO] 2026-08-30 08:46:07,219: +CACHEDPARAM [/rosout_disable_topics_generation] by /performance_monitor
[rosmaster.master][INFO] 2026-08-30 08:46:07,320: +CACHEDPARAM [/rosout_disable_topics_generation] by /performance_monitor
[rosmaster.master][INFO] 2026-08-30 08:46:07,424: +CACHEDPARAM [/rosout_disable_topics_generation] by /performance_monitor
[rosmaster.master][INFO] 2026-08-30 08:46:07,530: +CACHEDPARAM [/rosout_disable_topics_generation] by /performance_monitor
[rosmaster.master][INFO] 2026-08-30 08:46:07,630: +CACHEDPARAM [/rosout_disable_topics_generation] by /performance_monitor
[rosmaster.master][INFO] 2026-08-30 08:46:07,727: +CACHEDPARAM [/rosout_disable_topics_generation] by /performance_monitor
[rosmaster.master][INFO] 2026-08-30 08:46:07,824: +CACHEDPARAM [/rosout_disable_topics_generation] by /performance_monitor
[rosmaster.master][INFO] 2026-08-30 08:46:07,919: +CACHEDPARAM [/rosout_disable_topics_generation] by /performance_monitor
[rosmaster.master][INFO] 2026-08-30 08:46:08,020: +CACHEDPARAM [/rosout_disable_topics_generation] by /performance_monitor
[rosmaster.master][INFO] 2026-08-30 08:46:08,126: +CACHEDPARAM [/rosout_disable_topics_generation] by /performance_monitor
[rosmaster.master][INFO] 2026-08-30 08:46:08,231: +CACHEDPARAM [/rosout_disable_topics_generation] by /performance_monitor
[rosmaster.master][INFO] 2026-08-30 08:46:08,327: +CACHEDPARAM [/rosout_disable_topics_generation] by /performance_monitor
[rosmaster.master][INFO] 2026-08-30 08:46:08,420: +CACHEDPARAM [/rosout_disable_topics_generation] by /performance_monitor
[rosmaster.master][INFO] 2026-08-30 08:46:08,429: +CACHEDPARAM [/rosout_disable_topics_generation] by /performance_monitor
[rosmaster.master][INFO] 2026-08-30 08:46:08,479: +CACHEDPARAM [/rosout_disable_topics_generation] by /performance_monitor
[rosmaster.master][INFO] 2026-08-30 08:46:08,481: +CACHEDPARAM [/rosout_disable_topics_generation] by /performance_monitor
[rosmaster.master][INFO] 2026-08-30 08:46:08,524: +CACHEDPARAM [/rosout_disable_topics_generation] by /performance_monitor
[rosmaster.master][INFO] 2026-08-30 08:46:08,622: +CACHEDPARAM [/rosout_disable_topics_generation] by /performance_monitor
[rosmaster.master][INFO] 2026-08-30 08:46:08,724: +CACHEDPARAM [/rosout_disable_topics_generation] by /performance_monitor
[rosmaster.master][INFO] 2026-08-30 08:46:08,826: +CACHEDPARAM [/rosout_disable_topics_generation] by /performance_monitor
[rosmaster.master][INFO] 2026-08-30 08:46:08,924: +CACHEDPARAM [/rosout_disable_topics_generation] by /performance_monitor
[rosmaster.master][INFO] 2026-08-30 08:46:09,026: +CACHEDPARAM [/rosout_disable_topics_generation] by /performance_monitor
[rosmaster.master][INFO] 2026-08-30 08:46:09,130: +CACHEDPARAM [/rosout_disable_topics_generation] by /performance_monitor
[rosmaster.master][INFO] 2026-08-30 08:46:09,224: +CACHEDPARAM [/rosout_disable_topics_generation] by /performance_monitor
[rosmaster.master][INFO] 2026-08-30 08:46:09,326: +CACHEDPARAM [/rosout_disable_topics_generation] by /performance_monitor
[rosmaster.master][INFO] 2026-08-30 08:46:09,423: +CACHEDPARAM [/rosout_disable_topics_generation] by /performance_monitor
[rosmaster.master][INFO] 2026-08-30 08:46:09,526: +CACHEDPARAM [/rosout_disable_topics_generation] by /performance_monitor
[rosmaster.master][INFO] 2026-08-30 08:46:09,624: +CACHEDPARAM [/rosout_disable_topics_generation] by /performance_monitor
[rosmaster.master][INFO] 2026-08-30 08:46:09,723: +CACHEDPARAM [/rosout_disable_topics_generation] by /performance_monitor
[rosmaster.master][INFO] 2026-08-30 08:46:09,820: +CACHEDPARAM [/rosout_disable_topics_generation] by /performance_monitor
[rosmaster.master][INFO] 2026-08-30 08:46:09,920: +CACHEDPARAM [/rosout_disable_topics_generation] by /performance_monitor
[rosmaster.master][INFO] 2026-08-30 08:46:10,020: +CACHEDPARAM [/rosout_disable_topics_generation] by /performance_monitor
[rosmaster.master][INFO] 2026-08-30 08:46:10,121: +CACHEDPARAM [/rosout_disable_topics_generation] by /performance_monitor
[rosmaster.master][INFO] 2026-08-30 08:46:10,222: +CACHEDPARAM [/rosout_disable_topics_generation] by /performance_monitor
[rosmaster.master][INFO] 2026-08-30 08:46:10,324: +CACHEDPARAM [/rosout_disable_topics_generation] by /performance_monitor
[rosmaster.master][INFO] 2026-08-30 08:46:10,423: +CACHEDPARAM [/rosout_disable_topics_generation] by /performance_monitor
[rosmaster.master][INFO] 2026-08-30 08:46:10,522: +CACHEDPARAM [/rosout_disable_topics_generation] by /performance_monitor
[rosmaster.master][INFO] 2026-08-30 08:46:10,623: +CACHEDPARAM [/rosout_disable_topics_generation] by /performance_monitor
[rosmaster.master][INFO] 2026-08-30 08:46:10,723: +CACHEDPARAM [/rosout_disable_topics_generation] by /performance_monitor
[rosmaster.master][INFO] 2026-08-30 08:46:10,823: +CACHEDPARAM [/rosout_disable_topics_generation] by /performance_monitor
[rosmaster.master][INFO] 2026-08-30 08:46:10,923: +CACHEDPARAM [/rosout_disable_topics_generation] by /performance_monitor
[rosmaster.master][INFO] 2026-08-30 08:46:11,023: +CACHEDPARAM [/rosout_disable_topics_generation] by /performance_monitor
[rosmaster.master][INFO] 2026-08-30 08:46:11,126: +CACHEDPARAM [/rosout_disable_topics_generation] by /performance_monitor
[rosmaster.master][INFO] 2026-08-30 08:46:11,223: +CACHEDPARAM [/rosout_disable_topics_generation] by /performance_monitor
[rosmaster.master][INFO] 2026-08-30 08:46:11,322: +CACHEDPARAM [/rosout_disable_topics_generation] by /performance_monitor
[rosmaster.master][INFO] 2026-08-30 08:46:11,425: +CACHEDPARAM [/rosout_disable_topics_generation] by /performance_monitor
[rosmaster.master][INFO] 2026-08-30 08:46:11,527: +CACHEDPARAM [/rosout_disable_topics_generation] by /performance_monitor
[rosmaster.master][INFO] 2026-08-30 08:46:11,626: +CACHEDPARAM [/rosout_disable_topics_generation] by /performance_monitor
[rosmaster.master][INFO] 2026-08-30 08:46:11,723: +CACHEDPARAM [/rosout_disable_topics_generation] by /performance_monitor
[rosmaster.master][INFO] 2026-08-30 08:46:11,824: +CACHEDPARAM [/rosout_disable_topics_generation] by /performance_monitor
[rosmaster.master][INFO] 2026-08-30 08:46:11,919: +CACHEDPARAM [/rosout_disable_topics_generation] by /performance_monitor
[rosmaster.master][INFO] 2026-08-30 08:46:12,021: +CACHEDPARAM [/rosout_disable_topics_generation] by /performance_monitor
[rosmaster.master][INFO] 2026-08-30 08:46:12,120: +CACHEDPARAM [/rosout_disable_topics_generation] by /performance_monitor
[rosmaster.master][INFO] 2026-08-30 08:46:12,223: +CACHEDPARAM [/rosout_disable_topics_generation] by /performance_monitor
[rosmaster.master][INFO] 2026-08-30 08:46:12,327: +CACHEDPARAM [/rosout_disable_topics_generation] by /performance_monitor
[rosmaster.master][INFO] 2026-08-30 08:46:12,425: +CACHEDPARAM [/rosout_disable_topics_generation] by /performance_monitor
[rosmaster.master][INFO] 2026-08-30 08:46:12,527: +CACHEDPARAM [/rosout_disable_topics_generation] by /performance_monitor
[rosmaster.master][INFO] 2026-08-30 08:46:12,627: +CACHEDPARAM [/rosout_disable_topics_generation] by /performance_monitor
[rosmaster.master][INFO] 2026-08-30 08:46:12,727: +CACHEDPARAM [/rosout_disable_topics_generation] by /performance_monitor
[rosmaster.master][INFO] 2026-08-30 08:46:12,831: +CACHEDPARAM [/rosout_disable_topics_generation] by /performance_monitor
[rosmaster.master][INFO] 2026-08-30 08:46:12,924: +CACHEDPARAM [/rosout_disable_topics_generation] by /performance_monitor
[rosmaster.master][INFO] 2026-08-30 08:46:13,028: +CACHEDPARAM [/rosout_disable_topics_generation] by /performance_monitor
[rosmaster.master][INFO] 2026-08-30 08:46:13,130: +CACHEDPARAM [/rosout_disable_topics_generation] by /performance_monitor
[rosmaster.master][INFO] 2026-08-30 08:46:13,230: +CACHEDPARAM [/rosout_disable_topics_generation] by /performance_monitor
[rosmaster.master][INFO] 2026-08-30 08:46:13,324: +CACHEDPARAM [/rosout_disable_topics_generation] by /performance_monitor
[rosmaster.master][INFO] 2026-08-30 08:46:13,421: +CACHEDPARAM [/rosout_disable_topics_generation] by /performance_monitor
[rosmaster.master][INFO] 2026-08-30 08:46:13,484: +CACHEDPARAM [/rosout_disable_topics_generation] by /performance_monitor
[rosmaster.master][INFO] 2026-08-30 08:46:13,688: +CACHEDPARAM [/rosout_disable_topics_generation] by /performance_monitor
[rosmaster.master][INFO] 2026-08-30 08:46:13,901: +CACHEDPARAM [/rosout_disable_topics_generation] by /performance_monitor
[rosmaster.master][INFO] 2026-08-30 08:46:13,982: +CACHEDPARAM [/rosout_disable_topics_generation] by /performance_monitor
[rosmaster.master][INFO] 2026-08-30 08:46:14,245: +CACHEDPARAM [/rosout_disable_topics_generation] by /performance_monitor
[rosmaster.master][INFO] 2026-08-30 08:46:14,526: +CACHEDPARAM [/rosout_disable_topics_generation] by /performance_monitor
[rosmaster.master][INFO] 2026-08-30 08:46:14,731: +CACHEDPARAM [/rosout_disable_topics_generation] by /performance_monitor
[rosmaster.master][INFO] 2026-08-30 08:46:14,743: +CACHEDPARAM [/rosout_disable_topics_generation] by /performance_monitor
[rosmaster.master][INFO] 2026-08-30 08:46:15,144: +CACHEDPARAM [/rosout_disable_topics_generation] by /performance_monitor
[rosmaster.master][INFO] 2026-08-30 08:46:15,422: +CACHEDPARAM [/rosout_disable_topics_generation] by /performance_monitor
[rosmaster.master][INFO] 2026-08-30 08:46:15,424: +CACHEDPARAM [/rosout_disable_topics_generation] by /performance_monitor
[rosmaster.master][INFO] 2026-08-30 08:46:15,432: +CACHEDPARAM [/rosout_disable_topics_generation] by /performance_monitor
[rosmaster.master][INFO] 2026-08-30 08:46:15,467: +CACHEDPARAM [/rosout_disable_topics_generation] by /performance_monitor
[rosmaster.master][INFO] 2026-08-30 08:46:15,566: +CACHEDPARAM [/rosout_disable_topics_generation] by /performance_monitor
[rosmaster.master][INFO] 2026-08-30 08:46:15,671: +CACHEDPARAM [/rosout_disable_topics_generation] by /performance_monitor
[rosmaster.master][INFO] 2026-08-30 08:46:15,765: +CACHEDPARAM [/rosout_disable_topics_generation] by /performance_monitor
[rosmaster.master][INFO] 2026-08-30 08:46:15,867: +CACHEDPARAM [/rosout_disable_topics_generation] by /performance_monitor
[rosmaster.master][INFO] 2026-08-30 08:46:15,964: +CACHEDPARAM [/rosout_disable_topics_generation] by /performance_monitor
[rosmaster.master][INFO] 2026-08-30 08:46:16,070: +CACHEDPARAM [/rosout_disable_topics_generation] by /performance_monitor
[rosmaster.master][INFO] 2026-08-30 08:46:16,172: +CACHEDPARAM [/rosout_disable_topics_generation] by /performance_monitor
[rosmaster.master][INFO] 2026-08-30 08:46:16,275: +CACHEDPARAM [/rosout_disable_topics_generation] by /performance_monitor
[rosmaster.master][INFO] 2026-08-30 08:46:16,372: +CACHEDPARAM [/rosout_disable_topics_generation] by /performance_monitor
[rosmaster.master][INFO] 2026-08-30 08:46:16,472: +CACHEDPARAM [/rosout_disable_topics_generation] by /performance_monitor
[rosmaster.master][INFO] 2026-08-30 08:46:16,575: +CACHEDPARAM [/rosout_disable_topics_generation] by /performance_monitor
[rosmaster.master][INFO] 2026-08-30 08:46:16,632: +CACHEDPARAM [/rosout_disable_topics_generation] by /performance_monitor
[rosmaster.master][INFO] 2026-08-30 08:46:16,702: +CACHEDPARAM [/rosout_disable_topics_generation] by /performance_monitor
[rosmaster.master][INFO] 2026-08-30 08:46:16,703: +CACHEDPARAM [/rosout_disable_topics_generation] by /performance_monitor
[rosmaster.master][INFO] 2026-08-30 08:46:16,705: +CACHEDPARAM [/rosout_disable_topics_generation] by /performance_monitor
[rosmaster.master][INFO] 2026-08-30 08:46:16,768: +CACHEDPARAM [/rosout_disable_topics_generation] by /performance_monitor
[rosmaster.master][INFO] 2026-08-30 08:46:16,865: +CACHEDPARAM [/rosout_disable_topics_generation] by /performance_monitor
[rosmaster.master][INFO] 2026-08-30 08:46:16,970: +CACHEDPARAM [/rosout_disable_topics_generation] by /performance_monitor
[rosmaster.master][INFO] 2026-08-30 08:46:17,071: +CACHEDPARAM [/rosout_disable_topics_generation] by /performance_monitor
[rosmaster.master][INFO] 2026-08-30 08:46:17,171: +CACHEDPARAM [/rosout_disable_topics_generation] by /performance_monitor
[rosmaster.master][INFO] 2026-08-30 08:46:17,268: +CACHEDPARAM [/rosout_disable_topics_generation] by /performance_monitor
[rosmaster.master][INFO] 2026-08-30 08:46:17,376: +CACHEDPARAM [/rosout_disable_topics_generation] by /performance_monitor
[rosmaster.master][INFO] 2026-08-30 08:46:17,472: +CACHEDPARAM [/rosout_disable_topics_generation] by /performance_monitor
[rosmaster.master][INFO] 2026-08-30 08:46:17,572: +CACHEDPARAM [/rosout_disable_topics_generation] by /performance_monitor
[rosmaster.master][INFO] 2026-08-30 08:46:17,669: +CACHEDPARAM [/rosout_disable_topics_generation] by /performance_monitor
[rosmaster.master][INFO] 2026-08-30 08:46:17,764: +CACHEDPARAM [/rosout_disable_topics_generation] by /performance_monitor
[rosmaster.master][INFO] 2026-08-30 08:46:17,919: +CACHEDPARAM [/rosout_disable_topics_generation] by /performance_monitor
[rosmaster.master][INFO] 2026-08-30 08:46:17,966: +CACHEDPARAM [/rosout_disable_topics_generation] by /performance_monitor
[rosmaster.master][INFO] 2026-08-30 08:46:18,066: +CACHEDPARAM [/rosout_disable_topics_generation] by /performance_monitor
[rosmaster.master][INFO] 2026-08-30 08:46:18,166: +CACHEDPARAM [/rosout_disable_topics_generation] by /performance_monitor
[rosmaster.master][INFO] 2026-08-30 08:46:18,266: +CACHEDPARAM [/rosout_disable_topics_generation] by /performance_monitor
[rosmaster.master][INFO] 2026-08-30 08:46:18,372: +CACHEDPARAM [/rosout_disable_topics_generation] by /performance_monitor
[rosmaster.master][INFO] 2026-08-30 08:46:18,468: +CACHEDPARAM [/rosout_disable_topics_generation] by /performance_monitor
[rosmaster.master][INFO] 2026-08-30 08:46:18,566: +CACHEDPARAM [/rosout_disable_topics_generation] by /performance_monitor
[rosmaster.master][INFO] 2026-08-30 08:46:18,669: +CACHEDPARAM [/rosout_disable_topics_generation] by /performance_monitor
[rosmaster.master][INFO] 2026-08-30 08:46:18,774: +CACHEDPARAM [/rosout_disable_topics_generation] by /performance_monitor
[rosmaster.master][INFO] 2026-08-30 08:46:18,873: +CACHEDPARAM [/rosout_disable_topics_generation] by /performance_monitor
[rosmaster.master][INFO] 2026-08-30 08:46:18,968: +CACHEDPARAM [/rosout_disable_topics_generation] by /performance_monitor
[rosmaster.master][INFO] 2026-08-30 08:46:19,068: +CACHEDPARAM [/rosout_disable_topics_generation] by /performance_monitor
[rosmaster.master][INFO] 2026-08-30 08:46:19,169: +CACHEDPARAM [/rosout_disable_topics_generation] by /performance_monitor
[rosmaster.master][INFO] 2026-08-30 08:46:19,273: +CACHEDPARAM [/rosout_disable_topics_generation] by /performance_monitor
[rosmaster.master][INFO] 2026-08-30 08:46:19,370: +CACHEDPARAM [/rosout_disable_topics_generation] by /performance_monitor
[rosmaster.master][INFO] 2026-08-30 08:46:19,471: +CACHEDPARAM [/rosout_disable_topics_generation] by /performance_monitor
[rosmaster.master][INFO] 2026-08-30 08:46:19,570: +CACHEDPARAM [/rosout_disable_topics_generation] by /performance_monitor
[rosmaster.master][INFO] 2026-08-30 08:46:19,672: +CACHEDPARAM [/rosout_disable_topics_generation] by /performance_monitor
[rosmaster.master][INFO] 2026-08-30 08:46:19,766: +CACHEDPARAM [/rosout_disable_topics_generation] by /performance_monitor
[rosmaster.master][INFO] 2026-08-30 08:46:19,865: +CACHEDPARAM [/rosout_disable_topics_generation] by /performance_monitor
[rosmaster.master][INFO] 2026-08-30 08:46:19,965: +CACHEDPARAM [/rosout_disable_topics_generation] by /performance_monitor
[rosmaster.master][INFO] 2026-08-30 08:46:20,065: +CACHEDPARAM [/rosout_disable_topics_generation] by /performance_monitor
[rosmaster.master][INFO] 2026-08-30 08:46:20,167: +CACHEDPARAM [/rosout_disable_topics_generation] by /performance_monitor
[rosmaster.master][INFO] 2026-08-30 08:46:20,267: +CACHEDPARAM [/rosout_disable_topics_generation] by /performance_monitor
[rosmaster.master][INFO] 2026-08-30 08:46:20,371: +CACHEDPARAM [/rosout_disable_topics_generation] by /performance_monitor
[rosmaster.master][INFO] 2026-08-30 08:46:20,472: +CACHEDPARAM [/rosout_disable_topics_generation] by /performance_monitor
[rosmaster.master][INFO] 2026-08-30 08:46:20,567: +CACHEDPARAM [/rosout_disable_topics_generation] by /performance_monitor
[rosmaster.master][INFO] 2026-08-30 08:46:20,668: +CACHEDPARAM [/rosout_disable_topics_generation] by /performance_monitor
[rosmaster.master][INFO] 2026-08-30 08:46:20,770: +CACHEDPARAM [/rosout_disable_topics_generation] by /performance_monitor
[rosmaster.master][INFO] 2026-08-30 08:46:20,874: +CACHEDPARAM [/rosout_disable_topics_generation] by /performance_monitor
[rosmaster.master][INFO] 2026-08-30 08:46:20,971: +CACHEDPARAM [/rosout_disable_topics_generation] by /performance_monitor
[rosmaster.master][INFO] 2026-08-30 08:46:21,074: +CACHEDPARAM [/rosout_disable_topics_generation] by /performance_monitor
[rosmaster.master][INFO] 2026-08-30 08:46:21,170: +CACHEDPARAM [/rosout_disable_topics_generation] by /performance_monitor
[rosmaster.master][INFO] 2026-08-30 08:46:21,267: +CACHEDPARAM [/rosout_disable_topics_generation] by /performance_monitor
[rosmaster.master][INFO] 2026-08-30 08:46:21,369: +CACHEDPARAM [/rosout_disable_topics_generation] by /performance_monitor
[rosmaster.master][INFO] 2026-08-30 08:46:21,468: +CACHEDPARAM [/rosout_disable_topics_generation] by /performance_monitor
[rosmaster.master][INFO] 2026-08-30 08:46:21,568: +CACHEDPARAM [/rosout_disable_topics_generation] by /performance_monitor
[rosmaster.master][INFO] 2026-08-30 08:46:21,673: +CACHEDPARAM [/rosout_disable_topics_generation] by /performance_monitor
[rosmaster.master][INFO] 2026-08-30 08:46:21,708: +CACHEDPARAM [/rosout_disable_topics_generation] by /performance_monitor
[rosmaster.master][INFO] 2026-08-30 08:46:21,830: +CACHEDPARAM [/rosout_disable_topics_generation] by /performance_monitor
[rosmaster.master][INFO] 2026-08-30 08:46:21,931: +CACHEDPARAM [/rosout_disable_topics_generation] by /performance_monitor
[rosmaster.master][INFO] 2026-08-30 08:46:22,160: +CACHEDPARAM [/rosout_disable_topics_generation] by /performance_monitor
[rosmaster.master][INFO] 2026-08-30 08:46:22,410: +CACHEDPARAM [/rosout_disable_topics_generation] by /performance_monitor
[rosmaster.master][INFO] 2026-08-30 08:46:22,625: +CACHEDPARAM [/rosout_disable_topics_generation] by /performance_monitor
[rosmaster.master][INFO] 2026-08-30 08:46:22,867: +CACHEDPARAM [/rosout_disable_topics_generation] by /performance_monitor
[rosmaster.master][INFO] 2026-08-30 08:46:22,980: +CACHEDPARAM [/rosout_disable_topics_generation] by /performance_monitor
[rosmaster.master][INFO] 2026-08-30 08:46:23,006: +CACHEDPARAM [/rosout_disable_topics_generation] by /performance_monitor
[rosmaster.master][INFO] 2026-08-30 08:46:23,374: +CACHEDPARAM [/rosout_disable_topics_generation] by /performance_monitor
[rosmaster.master][INFO] 2026-08-30 08:46:23,669: +CACHEDPARAM [/rosout_disable_topics_generation] by /performance_monitor
[rosmaster.master][INFO] 2026-08-30 08:46:23,672: +CACHEDPARAM [/rosout_disable_topics_generation] by /performance_monitor
[rosmaster.master][INFO] 2026-08-30 08:46:23,677: +CACHEDPARAM [/rosout_disable_topics_generation] by /performance_monitor
[rosmaster.master][INFO] 2026-08-30 08:46:23,684: +CACHEDPARAM [/rosout_disable_topics_generation] by /performance_monitor
[rosmaster.master][INFO] 2026-08-30 08:46:23,779: +CACHEDPARAM [/rosout_disable_topics_generation] by /performance_monitor
[rosmaster.master][INFO] 2026-08-30 08:46:23,880: +CACHEDPARAM [/rosout_disable_topics_generation] by /performance_monitor
[rosmaster.master][INFO] 2026-08-30 08:46:23,983: +CACHEDPARAM [/rosout_disable_topics_generation] by /performance_monitor
[rosmaster.master][INFO] 2026-08-30 08:46:24,080: +CACHEDPARAM [/rosout_disable_topics_generation] by /performance_monitor
[rosmaster.master][INFO] 2026-08-30 08:46:24,181: +CACHEDPARAM [/rosout_disable_topics_generation] by /performance_monitor
[rosmaster.master][INFO] 2026-08-30 08:46:24,283: +CACHEDPARAM [/rosout_disable_topics_generation] by /performance_monitor
[rosmaster.master][INFO] 2026-08-30 08:46:24,384: +CACHEDPARAM [/rosout_disable_topics_generation] by /performance_monitor
[rosmaster.master][INFO] 2026-08-30 08:46:24,484: +CACHEDPARAM [/rosout_disable_topics_generation] by /performance_monitor
[rosmaster.master][INFO] 2026-08-30 08:46:24,586: +CACHEDPARAM [/rosout_disable_topics_generation] by /performance_monitor
[rosmaster.master][INFO] 2026-08-30 08:46:24,686: +CACHEDPARAM [/rosout_disable_topics_generation] by /performance_monitor
[rosmaster.master][INFO] 2026-08-30 08:46:24,786: +CACHEDPARAM [/rosout_disable_topics_generation] by /performance_monitor
[rosmaster.master][INFO] 2026-08-30 08:46:24,883: +CACHEDPARAM [/rosout_disable_topics_generation] by /performance_monitor
[rosmaster.master][INFO] 2026-08-30 08:46:24,888: +CACHEDPARAM [/rosout_disable_topics_generation] by /performance_monitor
[rosmaster.master][INFO] 2026-08-30 08:46:24,954: +CACHEDPARAM [/rosout_disable_topics_generation] by /performance_monitor
[rosmaster.master][INFO] 2026-08-30 08:46:24,956: +CACHEDPARAM [/rosout_disable_topics_generation] by /performance_monitor
[rosmaster.master][INFO] 2026-08-30 08:46:24,981: +CACHEDPARAM [/rosout_disable_topics_generation] by /performance_monitor
[rosmaster.master][INFO] 2026-08-30 08:46:25,078: +CACHEDPARAM [/rosout_disable_topics_generation] by /performance_monitor
[rosmaster.master][INFO] 2026-08-30 08:46:25,184: +CACHEDPARAM [/rosout_disable_topics_generation] by /performance_monitor
[rosmaster.master][INFO] 2026-08-30 08:46:25,284: +CACHEDPARAM [/rosout_disable_topics_generation] by /performance_monitor
[rosmaster.master][INFO] 2026-08-30 08:46:25,383: +CACHEDPARAM [/rosout_disable_topics_generation] by /performance_monitor
[rosmaster.master][INFO] 2026-08-30 08:46:25,484: +CACHEDPARAM [/rosout_disable_topics_generation] by /performance_monitor
[rosmaster.master][INFO] 2026-08-30 08:46:25,587: +CACHEDPARAM [/rosout_disable_topics_generation] by /performance_monitor
[rosmaster.master][INFO] 2026-08-30 08:46:25,683: +CACHEDPARAM [/rosout_disable_topics_generation] by /performance_monitor
[rosmaster.master][INFO] 2026-08-30 08:46:25,779: +CACHEDPARAM [/rosout_disable_topics_generation] by /performance_monitor
[rosmaster.master][INFO] 2026-08-30 08:46:25,878: +CACHEDPARAM [/rosout_disable_topics_generation] by /performance_monitor
[rosmaster.master][INFO] 2026-08-30 08:46:25,978: +CACHEDPARAM [/rosout_disable_topics_generation] by /performance_monitor
[rosmaster.master][INFO] 2026-08-30 08:46:26,079: +CACHEDPARAM [/rosout_disable_topics_generation] by /performance_monitor
[rosmaster.master][INFO] 2026-08-30 08:46:26,181: +CACHEDPARAM [/rosout_disable_topics_generation] by /performance_monitor
[rosmaster.master][INFO] 2026-08-30 08:46:26,282: +CACHEDPARAM [/rosout_disable_topics_generation] by /performance_monitor
[rosmaster.master][INFO] 2026-08-30 08:46:26,384: +CACHEDPARAM [/rosout_disable_topics_generation] by /performance_monitor
[rosmaster.master][INFO] 2026-08-30 08:46:26,482: +CACHEDPARAM [/rosout_disable_topics_generation] by /performance_monitor
[rosmaster.master][INFO] 2026-08-30 08:46:26,585: +CACHEDPARAM [/rosout_disable_topics_generation] by /performance_monitor
[rosmaster.master][INFO] 2026-08-30 08:46:26,687: +CACHEDPARAM [/rosout_disable_topics_generation] by /performance_monitor
[rosmaster.master][INFO] 2026-08-30 08:46:26,782: +CACHEDPARAM [/rosout_disable_topics_generation] by /performance_monitor
[rosmaster.master][INFO] 2026-08-30 08:46:26,888: +CACHEDPARAM [/rosout_disable_topics_generation] by /performance_monitor
[rosmaster.master][INFO] 2026-08-30 08:46:26,983: +CACHEDPARAM [/rosout_disable_topics_generation] by /performance_monitor
[rosmaster.master][INFO] 2026-08-30 08:46:27,081: +CACHEDPARAM [/rosout_disable_topics_generation] by /performance_monitor
[rosmaster.master][INFO] 2026-08-30 08:46:27,182: +CACHEDPARAM [/rosout_disable_topics_generation] by /performance_monitor
[rosmaster.master][INFO] 2026-08-30 08:46:27,287: +CACHEDPARAM [/rosout_disable_topics_generation] by /performance_monitor
[rosmaster.master][INFO] 2026-08-30 08:46:27,383: +CACHEDPARAM [/rosout_disable_topics_generation] by /performance_monitor
[rosmaster.master][INFO] 2026-08-30 08:46:27,483: +CACHEDPARAM [/rosout_disable_topics_generation] by /performance_monitor
[rosmaster.master][INFO] 2026-08-30 08:46:27,583: +CACHEDPARAM [/rosout_disable_topics_generation] by /performance_monitor
[rosmaster.master][INFO] 2026-08-30 08:46:27,688: +CACHEDPARAM [/rosout_disable_topics_generation] by /performance_monitor
[rosmaster.master][INFO] 2026-08-30 08:46:27,783: +CACHEDPARAM [/rosout_disable_topics_generation] by /performance_monitor
[rosmaster.master][INFO] 2026-08-30 08:46:27,883: +CACHEDPARAM [/rosout_disable_topics_generation] by /performance_monitor
[rosmaster.master][INFO] 2026-08-30 08:46:27,979: +CACHEDPARAM [/rosout_disable_topics_generation] by /performance_monitor
[rosmaster.master][INFO] 2026-08-30 08:46:28,083: +CACHEDPARAM [/rosout_disable_topics_generation] by /performance_monitor
[rosmaster.master][INFO] 2026-08-30 08:46:28,180: +CACHEDPARAM [/rosout_disable_topics_generation] by /performance_monitor
[rosmaster.master][INFO] 2026-08-30 08:46:28,282: +CACHEDPARAM [/rosout_disable_topics_generation] by /performance_monitor
[rosmaster.master][INFO] 2026-08-30 08:46:28,386: +CACHEDPARAM [/rosout_disable_topics_generation] by /performance_monitor
[rosmaster.master][INFO] 2026-08-30 08:46:28,483: +CACHEDPARAM [/rosout_disable_topics_generation] by /performance_monitor
[rosmaster.master][INFO] 2026-08-30 08:46:28,585: +CACHEDPARAM [/rosout_disable_topics_generation] by /performance_monitor
[rosmaster.master][INFO] 2026-08-30 08:46:28,682: +CACHEDPARAM [/rosout_disable_topics_generation] by /performance_monitor
[rosmaster.master][INFO] 2026-08-30 08:46:28,784: +CACHEDPARAM [/rosout_disable_topics_generation] by /performance_monitor
[rosmaster.master][INFO] 2026-08-30 08:46:28,883: +CACHEDPARAM [/rosout_disable_topics_generation] by /performance_monitor
[rosmaster.master][INFO] 2026-08-30 08:46:28,984: +CACHEDPARAM [/rosout_disable_topics_generation] by /performance_monitor
[rosmaster.master][INFO] 2026-08-30 08:46:29,084: +CACHEDPARAM [/rosout_disable_topics_generation] by /performance_monitor
[rosmaster.master][INFO] 2026-08-30 08:46:29,186: +CACHEDPARAM [/rosout_disable_topics_generation] by /performance_monitor
[rosmaster.master][INFO] 2026-08-30 08:46:29,282: +CACHEDPARAM [/rosout_disable_topics_generation] by /performance_monitor
[rosmaster.master][INFO] 2026-08-30 08:46:29,386: +CACHEDPARAM [/rosout_disable_topics_generation] by /performance_monitor
[rosmaster.master][INFO] 2026-08-30 08:46:29,483: +CACHEDPARAM [/rosout_disable_topics_generation] by /performance_monitor
[rosmaster.master][INFO] 2026-08-30 08:46:29,582: +CACHEDPARAM [/rosout_disable_topics_generation] by /performance_monitor
[rosmaster.master][INFO] 2026-08-30 08:46:29,685: +CACHEDPARAM [/rosout_disable_topics_generation] by /performance_monitor
[rosmaster.master][INFO] 2026-08-30 08:46:29,779: +CACHEDPARAM [/rosout_disable_topics_generation] by /performance_monitor
[rosmaster.master][INFO] 2026-08-30 08:46:29,879: +CACHEDPARAM [/rosout_disable_topics_generation] by /performance_monitor
[rosmaster.master][INFO] 2026-08-30 08:46:29,958: +CACHEDPARAM [/rosout_disable_topics_generation] by /performance_monitor
[rosmaster.master][INFO] 2026-08-30 08:46:30,123: +CACHEDPARAM [/rosout_disable_topics_generation] by /performance_monitor
[rosmaster.master][INFO] 2026-08-30 08:46:30,401: +CACHEDPARAM [/rosout_disable_topics_generation] by /performance_monitor
[rosmaster.master][INFO] 2026-08-30 08:46:30,590: +CACHEDPARAM [/rosout_disable_topics_generation] by /performance_monitor
[rosmaster.master][INFO] 2026-08-30 08:46:30,815: +CACHEDPARAM [/rosout_disable_topics_generation] by /performance_monitor
[rosmaster.master][INFO] 2026-08-30 08:46:31,051: +CACHEDPARAM [/rosout_disable_topics_generation] by /performance_monitor
[rosmaster.master][INFO] 2026-08-30 08:46:31,183: +CACHEDPARAM [/rosout_disable_topics_generation] by /performance_monitor
[rosmaster.master][INFO] 2026-08-30 08:46:31,204: +CACHEDPARAM [/rosout_disable_topics_generation] by /performance_monitor
[rosmaster.master][INFO] 2026-08-30 08:46:31,600: +CACHEDPARAM [/rosout_disable_topics_generation] by /performance_monitor
[rosmaster.master][INFO] 2026-08-30 08:46:31,876: +CACHEDPARAM [/rosout_disable_topics_generation] by /performance_monitor
[rosmaster.master][INFO] 2026-08-30 08:46:31,878: +CACHEDPARAM [/rosout_disable_topics_generation] by /performance_monitor
[rosmaster.master][INFO] 2026-08-30 08:46:31,885: +CACHEDPARAM [/rosout_disable_topics_generation] by /performance_monitor
[rosmaster.master][INFO] 2026-08-30 08:46:31,918: +CACHEDPARAM [/rosout_disable_topics_generation] by /performance_monitor
[rosmaster.master][INFO] 2026-08-30 08:46:32,020: +CACHEDPARAM [/rosout_disable_topics_generation] by /performance_monitor
[rosmaster.master][INFO] 2026-08-30 08:46:32,120: +CACHEDPARAM [/rosout_disable_topics_generation] by /performance_monitor
[rosmaster.master][INFO] 2026-08-30 08:46:32,228: +CACHEDPARAM [/rosout_disable_topics_generation] by /performance_monitor
[rosmaster.master][INFO] 2026-08-30 08:46:32,328: +CACHEDPARAM [/rosout_disable_topics_generation] by /performance_monitor
[rosmaster.master][INFO] 2026-08-30 08:46:32,428: +CACHEDPARAM [/rosout_disable_topics_generation] by /performance_monitor
[rosmaster.master][INFO] 2026-08-30 08:46:32,524: +CACHEDPARAM [/rosout_disable_topics_generation] by /performance_monitor
[rosmaster.master][INFO] 2026-08-30 08:46:32,622: +CACHEDPARAM [/rosout_disable_topics_generation] by /performance_monitor
[rosmaster.master][INFO] 2026-08-30 08:46:32,725: +CACHEDPARAM [/rosout_disable_topics_generation] by /performance_monitor
[rosmaster.master][INFO] 2026-08-30 08:46:32,826: +CACHEDPARAM [/rosout_disable_topics_generation] by /performance_monitor
[rosmaster.master][INFO] 2026-08-30 08:46:32,923: +CACHEDPARAM [/rosout_disable_topics_generation] by /performance_monitor
[rosmaster.master][INFO] 2026-08-30 08:46:33,026: +CACHEDPARAM [/rosout_disable_topics_generation] by /performance_monitor
[rosmaster.master][INFO] 2026-08-30 08:46:33,065: +CACHEDPARAM [/rosout_disable_topics_generation] by /performance_monitor
[rosmaster.master][INFO] 2026-08-30 08:46:33,139: +CACHEDPARAM [/rosout_disable_topics_generation] by /performance_monitor
[rosmaster.master][INFO] 2026-08-30 08:46:33,141: +CACHEDPARAM [/rosout_disable_topics_generation] by /performance_monitor
[rosmaster.master][INFO] 2026-08-30 08:46:33,143: +CACHEDPARAM [/rosout_disable_topics_generation] by /performance_monitor
[rosmaster.master][INFO] 2026-08-30 08:46:33,219: +CACHEDPARAM [/rosout_disable_topics_generation] by /performance_monitor
[rosmaster.master][INFO] 2026-08-30 08:46:33,319: +CACHEDPARAM [/rosout_disable_topics_generation] by /performance_monitor
[rosmaster.master][INFO] 2026-08-30 08:46:33,420: +CACHEDPARAM [/rosout_disable_topics_generation] by /performance_monitor
[rosmaster.master][INFO] 2026-08-30 08:46:33,524: +CACHEDPARAM [/rosout_disable_topics_generation] by /performance_monitor
[rosmaster.master][INFO] 2026-08-30 08:46:33,625: +CACHEDPARAM [/rosout_disable_topics_generation] by /performance_monitor
[rosmaster.master][INFO] 2026-08-30 08:46:33,720: +CACHEDPARAM [/rosout_disable_topics_generation] by /performance_monitor
[rosmaster.master][INFO] 2026-08-30 08:46:33,820: +CACHEDPARAM [/rosout_disable_topics_generation] by /performance_monitor
[rosmaster.master][INFO] 2026-08-30 08:46:33,921: +CACHEDPARAM [/rosout_disable_topics_generation] by /performance_monitor
[rosmaster.master][INFO] 2026-08-30 08:46:34,024: +CACHEDPARAM [/rosout_disable_topics_generation] by /performance_monitor
[rosmaster.master][INFO] 2026-08-30 08:46:34,120: +CACHEDPARAM [/rosout_disable_topics_generation] by /performance_monitor
[rosmaster.master][INFO] 2026-08-30 08:46:34,223: +CACHEDPARAM [/rosout_disable_topics_generation] by /performance_monitor
[rosmaster.master][INFO] 2026-08-30 08:46:34,328: +CACHEDPARAM [/rosout_disable_topics_generation] by /performance_monitor
[rosmaster.master][INFO] 2026-08-30 08:46:34,423: +CACHEDPARAM [/rosout_disable_topics_generation] by /performance_monitor
[rosmaster.master][INFO] 2026-08-30 08:46:34,523: +CACHEDPARAM [/rosout_disable_topics_generation] by /performance_monitor
[rosmaster.master][INFO] 2026-08-30 08:46:34,628: +CACHEDPARAM [/rosout_disable_topics_generation] by /performance_monitor
[rosmaster.master][INFO] 2026-08-30 08:46:34,724: +CACHEDPARAM [/rosout_disable_topics_generation] by /performance_monitor
[rosmaster.master][INFO] 2026-08-30 08:46:34,827: +CACHEDPARAM [/rosout_disable_topics_generation] by /performance_monitor
[rosmaster.master][INFO] 2026-08-30 08:46:34,928: +CACHEDPARAM [/rosout_disable_topics_generation] by /performance_monitor
[rosmaster.master][INFO] 2026-08-30 08:46:35,030: +CACHEDPARAM [/rosout_disable_topics_generation] by /performance_monitor
[rosmaster.master][INFO] 2026-08-30 08:46:35,122: +CACHEDPARAM [/rosout_disable_topics_generation] by /performance_monitor
[rosmaster.master][INFO] 2026-08-30 08:46:35,221: +CACHEDPARAM [/rosout_disable_topics_generation] by /performance_monitor
[rosmaster.master][INFO] 2026-08-30 08:46:35,324: +CACHEDPARAM [/rosout_disable_topics_generation] by /performance_monitor
[rosmaster.master][INFO] 2026-08-30 08:46:35,424: +CACHEDPARAM [/rosout_disable_topics_generation] by /performance_monitor
[rosmaster.master][INFO] 2026-08-30 08:46:35,523: +CACHEDPARAM [/rosout_disable_topics_generation] by /performance_monitor
[rosmaster.master][INFO] 2026-08-30 08:46:35,629: +CACHEDPARAM [/rosout_disable_topics_generation] by /performance_monitor
[rosmaster.master][INFO] 2026-08-30 08:46:35,721: +CACHEDPARAM [/rosout_disable_topics_generation] by /performance_monitor
[rosmaster.master][INFO] 2026-08-30 08:46:35,823: +CACHEDPARAM [/rosout_disable_topics_generation] by /performance_monitor
[rosmaster.master][INFO] 2026-08-30 08:46:35,919: +CACHEDPARAM [/rosout_disable_topics_generation] by /performance_monitor
[rosmaster.master][INFO] 2026-08-30 08:46:36,022: +CACHEDPARAM [/rosout_disable_topics_generation] by /performance_monitor
[rosmaster.master][INFO] 2026-08-30 08:46:36,119: +CACHEDPARAM [/rosout_disable_topics_generation] by /performance_monitor
[rosmaster.master][INFO] 2026-08-30 08:46:36,220: +CACHEDPARAM [/rosout_disable_topics_generation] by /performance_monitor
[rosmaster.master][INFO] 2026-08-30 08:46:36,322: +CACHEDPARAM [/rosout_disable_topics_generation] by /performance_monitor
[rosmaster.master][INFO] 2026-08-30 08:46:36,423: +CACHEDPARAM [/rosout_disable_topics_generation] by /performance_monitor
[rosmaster.master][INFO] 2026-08-30 08:46:36,527: +CACHEDPARAM [/rosout_disable_topics_generation] by /performance_monitor
[rosmaster.master][INFO] 2026-08-30 08:46:36,624: +CACHEDPARAM [/rosout_disable_topics_generation] by /performance_monitor
[rosmaster.master][INFO] 2026-08-30 08:46:36,726: +CACHEDPARAM [/rosout_disable_topics_generation] by /performance_monitor
[rosmaster.master][INFO] 2026-08-30 08:46:36,829: +CACHEDPARAM [/rosout_disable_topics_generation] by /performance_monitor
[rosmaster.master][INFO] 2026-08-30 08:46:36,922: +CACHEDPARAM [/rosout_disable_topics_generation] by /performance_monitor
[rosmaster.master][INFO] 2026-08-30 08:46:37,024: +CACHEDPARAM [/rosout_disable_topics_generation] by /performance_monitor
[rosmaster.master][INFO] 2026-08-30 08:46:37,124: +CACHEDPARAM [/rosout_disable_topics_generation] by /performance_monitor
[rosmaster.master][INFO] 2026-08-30 08:46:37,223: +CACHEDPARAM [/rosout_disable_topics_generation] by /performance_monitor
[rosmaster.master][INFO] 2026-08-30 08:46:37,322: +CACHEDPARAM [/rosout_disable_topics_generation] by /performance_monitor
[rosmaster.master][INFO] 2026-08-30 08:46:37,428: +CACHEDPARAM [/rosout_disable_topics_generation] by /performance_monitor
[rosmaster.master][INFO] 2026-08-30 08:46:37,522: +CACHEDPARAM [/rosout_disable_topics_generation] by /performance_monitor
[rosmaster.master][INFO] 2026-08-30 08:46:37,623: +CACHEDPARAM [/rosout_disable_topics_generation] by /performance_monitor
[rosmaster.master][INFO] 2026-08-30 08:46:37,722: +CACHEDPARAM [/rosout_disable_topics_generation] by /performance_monitor
[rosmaster.master][INFO] 2026-08-30 08:46:37,819: +CACHEDPARAM [/rosout_disable_topics_generation] by /performance_monitor
[rosmaster.master][INFO] 2026-08-30 08:46:37,919: +CACHEDPARAM [/rosout_disable_topics_generation] by /performance_monitor
[rosmaster.master][INFO] 2026-08-30 08:46:38,019: +CACHEDPARAM [/rosout_disable_topics_generation] by /performance_monitor
[rosmaster.master][INFO] 2026-08-30 08:46:38,120: +CACHEDPARAM [/rosout_disable_topics_generation] by /performance_monitor
[rosmaster.master][INFO] 2026-08-30 08:46:38,147: +CACHEDPARAM [/rosout_disable_topics_generation] by /performance_monitor
[rosmaster.master][INFO] 2026-08-30 08:46:38,393: +CACHEDPARAM [/rosout_disable_topics_generation] by /performance_monitor
[rosmaster.master][INFO] 2026-08-30 08:46:38,526: +CACHEDPARAM [/rosout_disable_topics_generation] by /performance_monitor
[rosmaster.master][INFO] 2026-08-30 08:46:38,724: +CACHEDPARAM [/rosout_disable_topics_generation] by /performance_monitor
[rosmaster.master][INFO] 2026-08-30 08:46:38,938: +CACHEDPARAM [/rosout_disable_topics_generation] by /performance_monitor
[rosmaster.master][INFO] 2026-08-30 08:46:39,042: +CACHEDPARAM [/rosout_disable_topics_generation] by /performance_monitor
[rosmaster.master][INFO] 2026-08-30 08:46:39,283: +CACHEDPARAM [/rosout_disable_topics_generation] by /performance_monitor
[rosmaster.master][INFO] 2026-08-30 08:46:39,371: +CACHEDPARAM [/rosout_disable_topics_generation] by /performance_monitor
[rosmaster.master][INFO] 2026-08-30 08:46:39,383: +CACHEDPARAM [/rosout_disable_topics_generation] by /performance_monitor
[rosmaster.master][INFO] 2026-08-30 08:46:39,744: +CACHEDPARAM [/rosout_disable_topics_generation] by /performance_monitor
[rosmaster.master][INFO] 2026-08-30 08:46:40,033: +CACHEDPARAM [/rosout_disable_topics_generation] by /performance_monitor
[rosmaster.master][INFO] 2026-08-30 08:46:40,063: +CACHEDPARAM [/rosout_disable_topics_generation] by /performance_monitor
[rosmaster.master][INFO] 2026-08-30 08:46:40,070: +CACHEDPARAM [/rosout_disable_topics_generation] by /performance_monitor
[rosmaster.master][INFO] 2026-08-30 08:46:40,078: +CACHEDPARAM [/rosout_disable_topics_generation] by /performance_monitor
[rosmaster.master][INFO] 2026-08-30 08:46:40,170: +CACHEDPARAM [/rosout_disable_topics_generation] by /performance_monitor
[rosmaster.master][INFO] 2026-08-30 08:46:40,271: +CACHEDPARAM [/rosout_disable_topics_generation] by /performance_monitor
[rosmaster.master][INFO] 2026-08-30 08:46:40,374: +CACHEDPARAM [/rosout_disable_topics_generation] by /performance_monitor
[rosmaster.master][INFO] 2026-08-30 08:46:40,481: +CACHEDPARAM [/rosout_disable_topics_generation] by /performance_monitor
[rosmaster.master][INFO] 2026-08-30 08:46:40,575: +CACHEDPARAM [/rosout_disable_topics_generation] by /performance_monitor
[rosmaster.master][INFO] 2026-08-30 08:46:40,677: +CACHEDPARAM [/rosout_disable_topics_generation] by /performance_monitor
[rosmaster.master][INFO] 2026-08-30 08:46:40,776: +CACHEDPARAM [/rosout_disable_topics_generation] by /performance_monitor
[rosmaster.master][INFO] 2026-08-30 08:46:40,878: +CACHEDPARAM [/rosout_disable_topics_generation] by /performance_monitor
[rosmaster.master][INFO] 2026-08-30 08:46:40,975: +CACHEDPARAM [/rosout_disable_topics_generation] by /performance_monitor
[rosmaster.master][INFO] 2026-08-30 08:46:41,077: +CACHEDPARAM [/rosout_disable_topics_generation] by /performance_monitor
[rosmaster.master][INFO] 2026-08-30 08:46:41,176: +CACHEDPARAM [/rosout_disable_topics_generation] by /performance_monitor
[rosmaster.master][INFO] 2026-08-30 08:46:41,274: +CACHEDPARAM [/rosout_disable_topics_generation] by /performance_monitor
[rosmaster.master][INFO] 2026-08-30 08:46:41,286: +CACHEDPARAM [/rosout_disable_topics_generation] by /performance_monitor
[rosmaster.master][INFO] 2026-08-30 08:46:41,346: +CACHEDPARAM [/rosout_disable_topics_generation] by /performance_monitor
[rosmaster.master][INFO] 2026-08-30 08:46:41,348: +CACHEDPARAM [/rosout_disable_topics_generation] by /performance_monitor
[rosmaster.master][INFO] 2026-08-30 08:46:41,370: +CACHEDPARAM [/rosout_disable_topics_generation] by /performance_monitor
[rosmaster.master][INFO] 2026-08-30 08:46:41,471: +CACHEDPARAM [/rosout_disable_topics_generation] by /performance_monitor
[rosmaster.master][INFO] 2026-08-30 08:46:41,571: +CACHEDPARAM [/rosout_disable_topics_generation] by /performance_monitor
[rosmaster.master][INFO] 2026-08-30 08:46:41,671: +CACHEDPARAM [/rosout_disable_topics_generation] by /performance_monitor
[rosmaster.master][INFO] 2026-08-30 08:46:41,770: +CACHEDPARAM [/rosout_disable_topics_generation] by /performance_monitor
[rosmaster.master][INFO] 2026-08-30 08:46:41,874: +CACHEDPARAM [/rosout_disable_topics_generation] by /performance_monitor
[rosmaster.master][INFO] 2026-08-30 08:46:41,971: +CACHEDPARAM [/rosout_disable_topics_generation] by /performance_monitor
[rosmaster.master][INFO] 2026-08-30 08:46:42,071: +CACHEDPARAM [/rosout_disable_topics_generation] by /performance_monitor
[rosmaster.master][INFO] 2026-08-30 08:46:42,175: +CACHEDPARAM [/rosout_disable_topics_generation] by /performance_monitor
[rosmaster.master][INFO] 2026-08-30 08:46:42,277: +CACHEDPARAM [/rosout_disable_topics_generation] by /performance_monitor
[rosmaster.master][INFO] 2026-08-30 08:46:42,377: +CACHEDPARAM [/rosout_disable_topics_generation] by /performance_monitor
[rosmaster.master][INFO] 2026-08-30 08:46:42,474: +CACHEDPARAM [/rosout_disable_topics_generation] by /performance_monitor
[rosmaster.master][INFO] 2026-08-30 08:46:42,576: +CACHEDPARAM [/rosout_disable_topics_generation] by /performance_monitor
[rosmaster.master][INFO] 2026-08-30 08:46:42,675: +CACHEDPARAM [/rosout_disable_topics_generation] by /performance_monitor
[rosmaster.master][INFO] 2026-08-30 08:46:42,775: +CACHEDPARAM [/rosout_disable_topics_generation] by /performance_monitor
[rosmaster.master][INFO] 2026-08-30 08:46:42,880: +CACHEDPARAM [/rosout_disable_topics_generation] by /performance_monitor
[rosmaster.master][INFO] 2026-08-30 08:46:42,975: +CACHEDPARAM [/rosout_disable_topics_generation] by /performance_monitor
[rosmaster.master][INFO] 2026-08-30 08:46:43,074: +CACHEDPARAM [/rosout_disable_topics_generation] by /performance_monitor
[rosmaster.master][INFO] 2026-08-30 08:46:43,173: +CACHEDPARAM [/rosout_disable_topics_generation] by /performance_monitor
[rosmaster.master][INFO] 2026-08-30 08:46:43,275: +CACHEDPARAM [/rosout_disable_topics_generation] by /performance_monitor
[rosmaster.master][INFO] 2026-08-30 08:46:43,375: +CACHEDPARAM [/rosout_disable_topics_generation] by /performance_monitor
[rosmaster.master][INFO] 2026-08-30 08:46:43,474: +CACHEDPARAM [/rosout_disable_topics_generation] by /performance_monitor
[rosmaster.master][INFO] 2026-08-30 08:46:43,571: +CACHEDPARAM [/rosout_disable_topics_generation] by /performance_monitor
[rosmaster.master][INFO] 2026-08-30 08:46:43,674: +CACHEDPARAM [/rosout_disable_topics_generation] by /performance_monitor
[rosmaster.master][INFO] 2026-08-30 08:46:43,770: +CACHEDPARAM [/rosout_disable_topics_generation] by /performance_monitor
[rosmaster.master][INFO] 2026-08-30 08:46:43,871: +CACHEDPARAM [/rosout_disable_topics_generation] by /performance_monitor
[rosmaster.master][INFO] 2026-08-30 08:46:43,971: +CACHEDPARAM [/rosout_disable_topics_generation] by /performance_monitor
[rosmaster.master][INFO] 2026-08-30 08:46:44,071: +CACHEDPARAM [/rosout_disable_topics_generation] by /performance_monitor
[rosmaster.master][INFO] 2026-08-30 08:46:44,171: +CACHEDPARAM [/rosout_disable_topics_generation] by /performance_monitor
[rosmaster.master][INFO] 2026-08-30 08:46:44,272: +CACHEDPARAM [/rosout_disable_topics_generation] by /performance_monitor
[rosmaster.master][INFO] 2026-08-30 08:46:44,373: +CACHEDPARAM [/rosout_disable_topics_generation] by /performance_monitor
[rosmaster.master][INFO] 2026-08-30 08:46:44,479: +CACHEDPARAM [/rosout_disable_topics_generation] by /performance_monitor
[rosmaster.master][INFO] 2026-08-30 08:46:44,580: +CACHEDPARAM [/rosout_disable_topics_generation] by /performance_monitor
[rosmaster.master][INFO] 2026-08-30 08:46:44,674: +CACHEDPARAM [/rosout_disable_topics_generation] by /performance_monitor
[rosmaster.master][INFO] 2026-08-30 08:46:44,779: +CACHEDPARAM [/rosout_disable_topics_generation] by /performance_monitor
[rosmaster.master][INFO] 2026-08-30 08:46:44,879: +CACHEDPARAM [/rosout_disable_topics_generation] by /performance_monitor
[rosmaster.master][INFO] 2026-08-30 08:46:44,976: +CACHEDPARAM [/rosout_disable_topics_generation] by /performance_monitor
[rosmaster.master][INFO] 2026-08-30 08:46:45,076: +CACHEDPARAM [/rosout_disable_topics_generation] by /performance_monitor
[rosmaster.master][INFO] 2026-08-30 08:46:45,174: +CACHEDPARAM [/rosout_disable_topics_generation] by /performance_monitor
[rosmaster.master][INFO] 2026-08-30 08:46:45,278: +CACHEDPARAM [/rosout_disable_topics_generation] by /performance_monitor
[rosmaster.master][INFO] 2026-08-30 08:46:45,381: +CACHEDPARAM [/rosout_disable_topics_generation] by /performance_monitor
[rosmaster.master][INFO] 2026-08-30 08:46:45,479: +CACHEDPARAM [/rosout_disable_topics_generation] by /performance_monitor
[rosmaster.master][INFO] 2026-08-30 08:46:45,574: +CACHEDPARAM [/rosout_disable_topics_generation] by /performance_monitor
[rosmaster.master][INFO] 2026-08-30 08:46:45,674: +CACHEDPARAM [/rosout_disable_topics_generation] by /performance_monitor
[rosmaster.master][INFO] 2026-08-30 08:46:45,770: +CACHEDPARAM [/rosout_disable_topics_generation] by /performance_monitor
[rosmaster.master][INFO] 2026-08-30 08:46:45,870: +CACHEDPARAM [/rosout_disable_topics_generation] by /performance_monitor
[rosmaster.master][INFO] 2026-08-30 08:46:45,970: +CACHEDPARAM [/rosout_disable_topics_generation] by /performance_monitor
[rosmaster.master][INFO] 2026-08-30 08:46:46,071: +CACHEDPARAM [/rosout_disable_topics_generation] by /performance_monitor
[rosmaster.master][INFO] 2026-08-30 08:46:46,173: +CACHEDPARAM [/rosout_disable_topics_generation] by /performance_monitor
[rosmaster.master][INFO] 2026-08-30 08:46:46,278: +CACHEDPARAM [/rosout_disable_topics_generation] by /performance_monitor
[rosmaster.master][INFO] 2026-08-30 08:46:46,352: +CACHEDPARAM [/rosout_disable_topics_generation] by /performance_monitor
[rosmaster.master][INFO] 2026-08-30 08:46:46,541: +CACHEDPARAM [/rosout_disable_topics_generation] by /performance_monitor
[rosmaster.master][INFO] 2026-08-30 08:46:46,751: +CACHEDPARAM [/rosout_disable_topics_generation] by /performance_monitor
[rosmaster.master][INFO] 2026-08-30 08:46:46,824: +CACHEDPARAM [/rosout_disable_topics_generation] by /performance_monitor
[rosmaster.master][INFO] 2026-08-30 08:46:46,945: +CACHEDPARAM [/rosout_disable_topics_generation] by /performance_monitor
[rosmaster.master][INFO] 2026-08-30 08:46:47,170: +CACHEDPARAM [/rosout_disable_topics_generation] by /performance_monitor
[rosmaster.master][INFO] 2026-08-30 08:46:47,396: +CACHEDPARAM [/rosout_disable_topics_generation] by /performance_monitor
[rosmaster.master][INFO] 2026-08-30 08:46:47,598: +CACHEDPARAM [/rosout_disable_topics_generation] by /performance_monitor
[rosmaster.master][INFO] 2026-08-30 08:46:47,600: +CACHEDPARAM [/rosout_disable_topics_generation] by /performance_monitor
[rosmaster.master][INFO] 2026-08-30 08:46:47,909: +CACHEDPARAM [/rosout_disable_topics_generation] by /performance_monitor
[rosmaster.master][INFO] 2026-08-30 08:46:48,093: +CACHEDPARAM [/rosout_disable_topics_generation] by /performance_monitor
[rosmaster.master][INFO] 2026-08-30 08:46:48,298: +CACHEDPARAM [/rosout_disable_topics_generation] by /performance_monitor
[rosmaster.master][INFO] 2026-08-30 08:46:48,299: +CACHEDPARAM [/rosout_disable_topics_generation] by /performance_monitor
[rosmaster.master][INFO] 2026-08-30 08:46:48,307: +CACHEDPARAM [/rosout_disable_topics_generation] by /performance_monitor
[rosmaster.master][INFO] 2026-08-30 08:46:48,326: +CACHEDPARAM [/rosout_disable_topics_generation] by /performance_monitor
[rosmaster.master][INFO] 2026-08-30 08:46:48,426: +CACHEDPARAM [/rosout_disable_topics_generation] by /performance_monitor
[rosmaster.master][INFO] 2026-08-30 08:46:48,530: +CACHEDPARAM [/rosout_disable_topics_generation] by /performance_monitor
[rosmaster.master][INFO] 2026-08-30 08:46:48,634: +CACHEDPARAM [/rosout_disable_topics_generation] by /performance_monitor
[rosmaster.master][INFO] 2026-08-30 08:46:48,731: +CACHEDPARAM [/rosout_disable_topics_generation] by /performance_monitor
[rosmaster.master][INFO] 2026-08-30 08:46:48,830: +CACHEDPARAM [/rosout_disable_topics_generation] by /performance_monitor
[rosmaster.master][INFO] 2026-08-30 08:46:48,930: +CACHEDPARAM [/rosout_disable_topics_generation] by /performance_monitor
[rosmaster.master][INFO] 2026-08-30 08:46:49,033: +CACHEDPARAM [/rosout_disable_topics_generation] by /performance_monitor
[rosmaster.master][INFO] 2026-08-30 08:46:49,130: +CACHEDPARAM [/rosout_disable_topics_generation] by /performance_monitor
[rosmaster.master][INFO] 2026-08-30 08:46:49,234: +CACHEDPARAM [/rosout_disable_topics_generation] by /performance_monitor
[rosmaster.master][INFO] 2026-08-30 08:46:49,330: +CACHEDPARAM [/rosout_disable_topics_generation] by /performance_monitor
[rosmaster.master][INFO] 2026-08-30 08:46:49,430: +CACHEDPARAM [/rosout_disable_topics_generation] by /performance_monitor
[rosmaster.master][INFO] 2026-08-30 08:46:49,506: +CACHEDPARAM [/rosout_disable_topics_generation] by /performance_monitor
[rosmaster.master][INFO] 2026-08-30 08:46:49,572: +CACHEDPARAM [/rosout_disable_topics_generation] by /performance_monitor
[rosmaster.master][INFO] 2026-08-30 08:46:49,574: +CACHEDPARAM [/rosout_disable_topics_generation] by /performance_monitor
[rosmaster.master][INFO] 2026-08-30 08:46:49,575: +CACHEDPARAM [/rosout_disable_topics_generation] by /performance_monitor
[rosmaster.master][INFO] 2026-08-30 08:46:49,625: +CACHEDPARAM [/rosout_disable_topics_generation] by /performance_monitor
[rosmaster.master][INFO] 2026-08-30 08:46:49,725: +CACHEDPARAM [/rosout_disable_topics_generation] by /performance_monitor
[rosmaster.master][INFO] 2026-08-30 08:46:49,825: +CACHEDPARAM [/rosout_disable_topics_generation] by /performance_monitor
[rosmaster.master][INFO] 2026-08-30 08:46:49,924: +CACHEDPARAM [/rosout_disable_topics_generation] by /performance_monitor
[rosmaster.master][INFO] 2026-08-30 08:46:50,025: +CACHEDPARAM [/rosout_disable_topics_generation] by /performance_monitor
[rosmaster.master][INFO] 2026-08-30 08:46:50,125: +CACHEDPARAM [/rosout_disable_topics_generation] by /performance_monitor
[rosmaster.master][INFO] 2026-08-30 08:46:50,226: +CACHEDPARAM [/rosout_disable_topics_generation] by /performance_monitor
[rosmaster.master][INFO] 2026-08-30 08:46:50,328: +CACHEDPARAM [/rosout_disable_topics_generation] by /performance_monitor
[rosmaster.master][INFO] 2026-08-30 08:46:50,432: +CACHEDPARAM [/rosout_disable_topics_generation] by /performance_monitor
[rosmaster.master][INFO] 2026-08-30 08:46:50,530: +CACHEDPARAM [/rosout_disable_topics_generation] by /performance_monitor
[rosmaster.master][INFO] 2026-08-30 08:46:50,629: +CACHEDPARAM [/rosout_disable_topics_generation] by /performance_monitor
[rosmaster.master][INFO] 2026-08-30 08:46:50,731: +CACHEDPARAM [/rosout_disable_topics_generation] by /performance_monitor
[rosmaster.master][INFO] 2026-08-30 08:46:50,826: +CACHEDPARAM [/rosout_disable_topics_generation] by /performance_monitor
[rosmaster.master][INFO] 2026-08-30 08:46:50,934: +CACHEDPARAM [/rosout_disable_topics_generation] by /performance_monitor
[rosmaster.master][INFO] 2026-08-30 08:46:51,030: +CACHEDPARAM [/rosout_disable_topics_generation] by /performance_monitor
[rosmaster.master][INFO] 2026-08-30 08:46:51,128: +CACHEDPARAM [/rosout_disable_topics_generation] by /performance_monitor
[rosmaster.master][INFO] 2026-08-30 08:46:51,231: +CACHEDPARAM [/rosout_disable_topics_generation] by /performance_monitor
[rosmaster.master][INFO] 2026-08-30 08:46:51,331: +CACHEDPARAM [/rosout_disable_topics_generation] by /performance_monitor
[rosmaster.master][INFO] 2026-08-30 08:46:51,430: +CACHEDPARAM [/rosout_disable_topics_generation] by /performance_monitor
[rosmaster.master][INFO] 2026-08-30 08:46:51,533: +CACHEDPARAM [/rosout_disable_topics_generation] by /performance_monitor
[rosmaster.master][INFO] 2026-08-30 08:46:51,631: +CACHEDPARAM [/rosout_disable_topics_generation] by /performance_monitor
[rosmaster.master][INFO] 2026-08-30 08:46:51,731: +CACHEDPARAM [/rosout_disable_topics_generation] by /performance_monitor
[rosmaster.master][INFO] 2026-08-30 08:46:51,825: +CACHEDPARAM [/rosout_disable_topics_generation] by /performance_monitor
[rosmaster.master][INFO] 2026-08-30 08:46:51,925: +CACHEDPARAM [/rosout_disable_topics_generation] by /performance_monitor
[rosmaster.master][INFO] 2026-08-30 08:46:52,025: +CACHEDPARAM [/rosout_disable_topics_generation] by /performance_monitor
[rosmaster.master][INFO] 2026-08-30 08:46:52,126: +CACHEDPARAM [/rosout_disable_topics_generation] by /performance_monitor
[rosmaster.master][INFO] 2026-08-30 08:46:52,227: +CACHEDPARAM [/rosout_disable_topics_generation] by /performance_monitor
[rosmaster.master][INFO] 2026-08-30 08:46:52,333: +CACHEDPARAM [/rosout_disable_topics_generation] by /performance_monitor
[rosmaster.master][INFO] 2026-08-30 08:46:52,432: +CACHEDPARAM [/rosout_disable_topics_generation] by /performance_monitor
[rosmaster.master][INFO] 2026-08-30 08:46:52,529: +CACHEDPARAM [/rosout_disable_topics_generation] by /performance_monitor
[rosmaster.master][INFO] 2026-08-30 08:46:52,628: +CACHEDPARAM [/rosout_disable_topics_generation] by /performance_monitor
[rosmaster.master][INFO] 2026-08-30 08:46:52,729: +CACHEDPARAM [/rosout_disable_topics_generation] by /performance_monitor
[rosmaster.master][INFO] 2026-08-30 08:46:52,830: +CACHEDPARAM [/rosout_disable_topics_generation] by /performance_monitor
[rosmaster.master][INFO] 2026-08-30 08:46:52,930: +CACHEDPARAM [/rosout_disable_topics_generation] by /performance_monitor
[rosmaster.master][INFO] 2026-08-30 08:46:53,030: +CACHEDPARAM [/rosout_disable_topics_generation] by /performance_monitor
[rosmaster.master][INFO] 2026-08-30 08:46:53,128: +CACHEDPARAM [/rosout_disable_topics_generation] by /performance_monitor
[rosmaster.master][INFO] 2026-08-30 08:46:53,234: +CACHEDPARAM [/rosout_disable_topics_generation] by /performance_monitor
[rosmaster.master][INFO] 2026-08-30 08:46:53,333: +CACHEDPARAM [/rosout_disable_topics_generation] by /performance_monitor
[rosmaster.master][INFO] 2026-08-30 08:46:53,433: +CACHEDPARAM [/rosout_disable_topics_generation] by /performance_monitor
[rosmaster.master][INFO] 2026-08-30 08:46:53,534: +CACHEDPARAM [/rosout_disable_topics_generation] by /performance_monitor
[rosmaster.master][INFO] 2026-08-30 08:46:53,631: +CACHEDPARAM [/rosout_disable_topics_generation] by /performance_monitor
[rosmaster.master][INFO] 2026-08-30 08:46:53,730: +CACHEDPARAM [/rosout_disable_topics_generation] by /performance_monitor
[rosmaster.master][INFO] 2026-08-30 08:46:53,824: +CACHEDPARAM [/rosout_disable_topics_generation] by /performance_monitor
[rosmaster.master][INFO] 2026-08-30 08:46:53,925: +CACHEDPARAM [/rosout_disable_topics_generation] by /performance_monitor
[rosmaster.master][INFO] 2026-08-30 08:46:54,025: +CACHEDPARAM [/rosout_disable_topics_generation] by /performance_monitor
[rosmaster.master][INFO] 2026-08-30 08:46:54,130: +CACHEDPARAM [/rosout_disable_topics_generation] by /performance_monitor
[rosmaster.master][INFO] 2026-08-30 08:46:54,231: +CACHEDPARAM [/rosout_disable_topics_generation] by /performance_monitor
[rosmaster.master][INFO] 2026-08-30 08:46:54,330: +CACHEDPARAM [/rosout_disable_topics_generation] by /performance_monitor
[rosmaster.master][INFO] 2026-08-30 08:46:54,434: +CACHEDPARAM [/rosout_disable_topics_generation] by /performance_monitor
[rosmaster.master][INFO] 2026-08-30 08:46:54,531: +CACHEDPARAM [/rosout_disable_topics_generation] by /performance_monitor
[rosmaster.master][INFO] 2026-08-30 08:46:54,580: +CACHEDPARAM [/rosout_disable_topics_generation] by /performance_monitor
[rosmaster.master][INFO] 2026-08-30 08:46:54,641: +CACHEDPARAM [/rosout_disable_topics_generation] by /performance_monitor
[rosmaster.master][INFO] 2026-08-30 08:46:54,863: +CACHEDPARAM [/rosout_disable_topics_generation] by /performance_monitor
[rosmaster.master][INFO] 2026-08-30 08:46:55,093: +CACHEDPARAM [/rosout_disable_topics_generation] by /performance_monitor
[rosmaster.master][INFO] 2026-08-30 08:46:55,259: +CACHEDPARAM [/rosout_disable_topics_generation] by /performance_monitor
[rosmaster.master][INFO] 2026-08-30 08:46:55,479: +CACHEDPARAM [/rosout_disable_topics_generation] by /performance_monitor
[rosmaster.master][INFO] 2026-08-30 08:46:55,704: +CACHEDPARAM [/rosout_disable_topics_generation] by /performance_monitor
[rosmaster.master][INFO] 2026-08-30 08:46:55,808: +CACHEDPARAM [/rosout_disable_topics_generation] by /performance_monitor
[rosmaster.master][INFO] 2026-08-30 08:46:55,810: +CACHEDPARAM [/rosout_disable_topics_generation] by /performance_monitor
[rosmaster.master][INFO] 2026-08-30 08:46:56,137: +CACHEDPARAM [/rosout_disable_topics_generation] by /performance_monitor
[rosmaster.master][INFO] 2026-08-30 08:46:56,459: +CACHEDPARAM [/rosout_disable_topics_generation] by /performance_monitor
[rosmaster.master][INFO] 2026-08-30 08:46:56,499: +CACHEDPARAM [/rosout_disable_topics_generation] by /performance_monitor
[rosmaster.master][INFO] 2026-08-30 08:46:56,504: +CACHEDPARAM [/rosout_disable_topics_generation] by /performance_monitor
[rosmaster.master][INFO] 2026-08-30 08:46:56,512: +CACHEDPARAM [/rosout_disable_topics_generation] by /performance_monitor
[rosmaster.master][INFO] 2026-08-30 08:46:56,550: +CACHEDPARAM [/rosout_disable_topics_generation] by /performance_monitor
[rosmaster.master][INFO] 2026-08-30 08:46:56,652: +CACHEDPARAM [/rosout_disable_topics_generation] by /performance_monitor
[rosmaster.master][INFO] 2026-08-30 08:46:56,751: +CACHEDPARAM [/rosout_disable_topics_generation] by /performance_monitor
[rosmaster.master][INFO] 2026-08-30 08:46:56,860: +CACHEDPARAM [/rosout_disable_topics_generation] by /performance_monitor
[rosmaster.master][INFO] 2026-08-30 08:46:56,956: +CACHEDPARAM [/rosout_disable_topics_generation] by /performance_monitor
[rosmaster.master][INFO] 2026-08-30 08:46:57,056: +CACHEDPARAM [/rosout_disable_topics_generation] by /performance_monitor
[rosmaster.master][INFO] 2026-08-30 08:46:57,157: +CACHEDPARAM [/rosout_disable_topics_generation] by /performance_monitor
[rosmaster.master][INFO] 2026-08-30 08:46:57,261: +CACHEDPARAM [/rosout_disable_topics_generation] by /performance_monitor
[rosmaster.master][INFO] 2026-08-30 08:46:57,357: +CACHEDPARAM [/rosout_disable_topics_generation] by /performance_monitor
[rosmaster.master][INFO] 2026-08-30 08:46:57,460: +CACHEDPARAM [/rosout_disable_topics_generation] by /performance_monitor
[rosmaster.master][INFO] 2026-08-30 08:46:57,558: +CACHEDPARAM [/rosout_disable_topics_generation] by /performance_monitor
[rosmaster.master][INFO] 2026-08-30 08:46:57,658: +CACHEDPARAM [/rosout_disable_topics_generation] by /performance_monitor
[rosmaster.master][INFO] 2026-08-30 08:46:57,682: +CACHEDPARAM [/rosout_disable_topics_generation] by /performance_monitor
[rosmaster.master][INFO] 2026-08-30 08:46:57,738: +CACHEDPARAM [/rosout_disable_topics_generation] by /performance_monitor
[rosmaster.master][INFO] 2026-08-30 08:46:57,740: +CACHEDPARAM [/rosout_disable_topics_generation] by /performance_monitor
[rosmaster.master][INFO] 2026-08-30 08:46:57,751: +CACHEDPARAM [/rosout_disable_topics_generation] by /performance_monitor
[rosmaster.master][INFO] 2026-08-30 08:46:57,855: +CACHEDPARAM [/rosout_disable_topics_generation] by /performance_monitor
[rosmaster.master][INFO] 2026-08-30 08:46:57,951: +CACHEDPARAM [/rosout_disable_topics_generation] by /performance_monitor
[rosmaster.master][INFO] 2026-08-30 08:46:58,051: +CACHEDPARAM [/rosout_disable_topics_generation] by /performance_monitor
[rosmaster.master][INFO] 2026-08-30 08:46:58,151: +CACHEDPARAM [/rosout_disable_topics_generation] by /performance_monitor
[rosmaster.master][INFO] 2026-08-30 08:46:58,252: +CACHEDPARAM [/rosout_disable_topics_generation] by /performance_monitor
[rosmaster.master][INFO] 2026-08-30 08:46:58,356: +CACHEDPARAM [/rosout_disable_topics_generation] by /performance_monitor
[rosmaster.master][INFO] 2026-08-30 08:46:58,458: +CACHEDPARAM [/rosout_disable_topics_generation] by /performance_monitor
[rosmaster.master][INFO] 2026-08-30 08:46:58,559: +CACHEDPARAM [/rosout_disable_topics_generation] by /performance_monitor
[rosmaster.master][INFO] 2026-08-30 08:46:58,655: +CACHEDPARAM [/rosout_disable_topics_generation] by /performance_monitor
[rosmaster.master][INFO] 2026-08-30 08:46:58,759: +CACHEDPARAM [/rosout_disable_topics_generation] by /performance_monitor
[rosmaster.master][INFO] 2026-08-30 08:46:58,855: +CACHEDPARAM [/rosout_disable_topics_generation] by /performance_monitor
[rosmaster.master][INFO] 2026-08-30 08:46:58,959: +CACHEDPARAM [/rosout_disable_topics_generation] by /performance_monitor
[rosmaster.master][INFO] 2026-08-30 08:46:59,060: +CACHEDPARAM [/rosout_disable_topics_generation] by /performance_monitor
[rosmaster.master][INFO] 2026-08-30 08:46:59,160: +CACHEDPARAM [/rosout_disable_topics_generation] by /performance_monitor
[rosmaster.master][INFO] 2026-08-30 08:46:59,255: +CACHEDPARAM [/rosout_disable_topics_generation] by /performance_monitor
[rosmaster.master][INFO] 2026-08-30 08:46:59,360: +CACHEDPARAM [/rosout_disable_topics_generation] by /performance_monitor
[rosmaster.master][INFO] 2026-08-30 08:46:59,454: +CACHEDPARAM [/rosout_disable_topics_generation] by /performance_monitor
[rosmaster.master][INFO] 2026-08-30 08:46:59,556: +CACHEDPARAM [/rosout_disable_topics_generation] by /performance_monitor
[rosmaster.master][INFO] 2026-08-30 08:46:59,654: +CACHEDPARAM [/rosout_disable_topics_generation] by /performance_monitor
[rosmaster.master][INFO] 2026-08-30 08:46:59,752: +CACHEDPARAM [/rosout_disable_topics_generation] by /performance_monitor
[rosmaster.master][INFO] 2026-08-30 08:46:59,855: +CACHEDPARAM [/rosout_disable_topics_generation] by /performance_monitor
[rosmaster.master][INFO] 2026-08-30 08:46:59,955: +CACHEDPARAM [/rosout_disable_topics_generation] by /performance_monitor
[rosmaster.master][INFO] 2026-08-30 08:47:00,050: +CACHEDPARAM [/rosout_disable_topics_generation] by /performance_monitor
[rosmaster.master][INFO] 2026-08-30 08:47:00,152: +CACHEDPARAM [/rosout_disable_topics_generation] by /performance_monitor
[rosmaster.master][INFO] 2026-08-30 08:47:00,258: +CACHEDPARAM [/rosout_disable_topics_generation] by /performance_monitor
[rosmaster.master][INFO] 2026-08-30 08:47:00,359: +CACHEDPARAM [/rosout_disable_topics_generation] by /performance_monitor
[rosmaster.master][INFO] 2026-08-30 08:47:00,460: +CACHEDPARAM [/rosout_disable_topics_generation] by /performance_monitor
[rosmaster.master][INFO] 2026-08-30 08:47:00,557: +CACHEDPARAM [/rosout_disable_topics_generation] by /performance_monitor
[rosmaster.master][INFO] 2026-08-30 08:47:00,655: +CACHEDPARAM [/rosout_disable_topics_generation] by /performance_monitor
[rosmaster.master][INFO] 2026-08-30 08:47:00,755: +CACHEDPARAM [/rosout_disable_topics_generation] by /performance_monitor
[rosmaster.master][INFO] 2026-08-30 08:47:00,857: +CACHEDPARAM [/rosout_disable_topics_generation] by /performance_monitor
[rosmaster.master][INFO] 2026-08-30 08:47:00,958: +CACHEDPARAM [/rosout_disable_topics_generation] by /performance_monitor
[rosmaster.master][INFO] 2026-08-30 08:47:01,053: +CACHEDPARAM [/rosout_disable_topics_generation] by /performance_monitor
[rosmaster.master][INFO] 2026-08-30 08:47:01,156: +CACHEDPARAM [/rosout_disable_topics_generation] by /performance_monitor
[rosmaster.master][INFO] 2026-08-30 08:47:01,260: +CACHEDPARAM [/rosout_disable_topics_generation] by /performance_monitor
[rosmaster.master][INFO] 2026-08-30 08:47:01,360: +CACHEDPARAM [/rosout_disable_topics_generation] by /performance_monitor
[rosmaster.master][INFO] 2026-08-30 08:47:01,454: +CACHEDPARAM [/rosout_disable_topics_generation] by /performance_monitor
[rosmaster.master][INFO] 2026-08-30 08:47:01,557: +CACHEDPARAM [/rosout_disable_topics_generation] by /performance_monitor
[rosmaster.master][INFO] 2026-08-30 08:47:01,654: +CACHEDPARAM [/rosout_disable_topics_generation] by /performance_monitor
[rosmaster.master][INFO] 2026-08-30 08:47:01,754: +CACHEDPARAM [/rosout_disable_topics_generation] by /performance_monitor
[rosmaster.master][INFO] 2026-08-30 08:47:01,851: +CACHEDPARAM [/rosout_disable_topics_generation] by /performance_monitor
[rosmaster.master][INFO] 2026-08-30 08:47:01,955: +CACHEDPARAM [/rosout_disable_topics_generation] by /performance_monitor
[rosmaster.master][INFO] 2026-08-30 08:47:02,055: +CACHEDPARAM [/rosout_disable_topics_generation] by /performance_monitor
[rosmaster.master][INFO] 2026-08-30 08:47:02,152: +CACHEDPARAM [/rosout_disable_topics_generation] by /performance_monitor
[rosmaster.master][INFO] 2026-08-30 08:47:02,253: +CACHEDPARAM [/rosout_disable_topics_generation] by /performance_monitor
[rosmaster.master][INFO] 2026-08-30 08:47:02,359: +CACHEDPARAM [/rosout_disable_topics_generation] by /performance_monitor
[rosmaster.master][INFO] 2026-08-30 08:47:02,459: +CACHEDPARAM [/rosout_disable_topics_generation] by /performance_monitor
[rosmaster.master][INFO] 2026-08-30 08:47:02,556: +CACHEDPARAM [/rosout_disable_topics_generation] by /performance_monitor
[rosmaster.master][INFO] 2026-08-30 08:47:02,654: +CACHEDPARAM [/rosout_disable_topics_generation] by /performance_monitor
[rosmaster.master][INFO] 2026-08-30 08:47:02,746: +CACHEDPARAM [/rosout_disable_topics_generation] by /performance_monitor
[rosmaster.master][INFO] 2026-08-30 08:47:02,914: +CACHEDPARAM [/rosout_disable_topics_generation] by /performance_monitor
[rosmaster.master][INFO] 2026-08-30 08:47:03,146: +CACHEDPARAM [/rosout_disable_topics_generation] by /performance_monitor
[rosmaster.master][INFO] 2026-08-30 08:47:03,331: +CACHEDPARAM [/rosout_disable_topics_generation] by /performance_monitor
[rosmaster.master][INFO] 2026-08-30 08:47:03,435: +CACHEDPARAM [/rosout_disable_topics_generation] by /performance_monitor
[rosmaster.master][INFO] 2026-08-30 08:47:03,646: +CACHEDPARAM [/rosout_disable_topics_generation] by /performance_monitor
[rosmaster.master][INFO] 2026-08-30 08:47:03,837: +CACHEDPARAM [/rosout_disable_topics_generation] by /performance_monitor
[rosmaster.master][INFO] 2026-08-30 08:47:03,985: +CACHEDPARAM [/rosout_disable_topics_generation] by /performance_monitor
[rosmaster.master][INFO] 2026-08-30 08:47:04,005: +CACHEDPARAM [/rosout_disable_topics_generation] by /performance_monitor
[rosmaster.master][INFO] 2026-08-30 08:47:04,365: +CACHEDPARAM [/rosout_disable_topics_generation] by /performance_monitor
[rosmaster.master][INFO] 2026-08-30 08:47:04,660: +CACHEDPARAM [/rosout_disable_topics_generation] by /performance_monitor
[rosmaster.master][INFO] 2026-08-30 08:47:04,683: +CACHEDPARAM [/rosout_disable_topics_generation] by /performance_monitor
[rosmaster.master][INFO] 2026-08-30 08:47:04,691: +CACHEDPARAM [/rosout_disable_topics_generation] by /performance_monitor
[rosmaster.master][INFO] 2026-08-30 08:47:04,698: +CACHEDPARAM [/rosout_disable_topics_generation] by /performance_monitor
[rosmaster.master][INFO] 2026-08-30 08:47:04,787: +CACHEDPARAM [/rosout_disable_topics_generation] by /performance_monitor
[rosmaster.master][INFO] 2026-08-30 08:47:04,890: +CACHEDPARAM [/rosout_disable_topics_generation] by /performance_monitor
[rosmaster.master][INFO] 2026-08-30 08:47:04,990: +CACHEDPARAM [/rosout_disable_topics_generation] by /performance_monitor
[rosmaster.master][INFO] 2026-08-30 08:47:05,091: +CACHEDPARAM [/rosout_disable_topics_generation] by /performance_monitor
[rosmaster.master][INFO] 2026-08-30 08:47:05,188: +CACHEDPARAM [/rosout_disable_topics_generation] by /performance_monitor
[rosmaster.master][INFO] 2026-08-30 08:47:05,292: +CACHEDPARAM [/rosout_disable_topics_generation] by /performance_monitor
[rosmaster.master][INFO] 2026-08-30 08:47:05,394: +CACHEDPARAM [/rosout_disable_topics_generation] by /performance_monitor
[rosmaster.master][INFO] 2026-08-30 08:47:05,495: +CACHEDPARAM [/rosout_disable_topics_generation] by /performance_monitor
[rosmaster.master][INFO] 2026-08-30 08:47:05,593: +CACHEDPARAM [/rosout_disable_topics_generation] by /performance_monitor
[rosmaster.master][INFO] 2026-08-30 08:47:05,693: +CACHEDPARAM [/rosout_disable_topics_generation] by /performance_monitor
[rosmaster.master][INFO] 2026-08-30 08:47:05,788: +CACHEDPARAM [/rosout_disable_topics_generation] by /performance_monitor
[rosmaster.master][INFO] 2026-08-30 08:47:05,880: +CACHEDPARAM [/rosout_disable_topics_generation] by /performance_monitor
[rosmaster.master][INFO] 2026-08-30 08:47:05,889: +CACHEDPARAM [/rosout_disable_topics_generation] by /performance_monitor
[rosmaster.master][INFO] 2026-08-30 08:47:05,936: +CACHEDPARAM [/rosout_disable_topics_generation] by /performance_monitor
[rosmaster.master][INFO] 2026-08-30 08:47:05,938: +CACHEDPARAM [/rosout_disable_topics_generation] by /performance_monitor
[rosmaster.master][INFO] 2026-08-30 08:47:05,987: +CACHEDPARAM [/rosout_disable_topics_generation] by /performance_monitor
[rosmaster.master][INFO] 2026-08-30 08:47:06,089: +CACHEDPARAM [/rosout_disable_topics_generation] by /performance_monitor
[rosmaster.master][INFO] 2026-08-30 08:47:06,189: +CACHEDPARAM [/rosout_disable_topics_generation] by /performance_monitor
[rosmaster.master][INFO] 2026-08-30 08:47:06,289: +CACHEDPARAM [/rosout_disable_topics_generation] by /performance_monitor
[rosmaster.master][INFO] 2026-08-30 08:47:06,393: +CACHEDPARAM [/rosout_disable_topics_generation] by /performance_monitor
[rosmaster.master][INFO] 2026-08-30 08:47:06,490: +CACHEDPARAM [/rosout_disable_topics_generation] by /performance_monitor
[rosmaster.master][INFO] 2026-08-30 08:47:06,593: +CACHEDPARAM [/rosout_disable_topics_generation] by /performance_monitor
[rosmaster.master][INFO] 2026-08-30 08:47:06,698: +CACHEDPARAM [/rosout_disable_topics_generation] by /performance_monitor
[rosmaster.master][INFO] 2026-08-30 08:47:06,792: +CACHEDPARAM [/rosout_disable_topics_generation] by /performance_monitor
[rosmaster.master][INFO] 2026-08-30 08:47:06,892: +CACHEDPARAM [/rosout_disable_topics_generation] by /performance_monitor
[rosmaster.master][INFO] 2026-08-30 08:47:06,991: +CACHEDPARAM [/rosout_disable_topics_generation] by /performance_monitor
[rosmaster.master][INFO] 2026-08-30 08:47:07,091: +CACHEDPARAM [/rosout_disable_topics_generation] by /performance_monitor
[rosmaster.master][INFO] 2026-08-30 08:47:07,192: +CACHEDPARAM [/rosout_disable_topics_generation] by /performance_monitor
[rosmaster.master][INFO] 2026-08-30 08:47:07,293: +CACHEDPARAM [/rosout_disable_topics_generation] by /performance_monitor
[rosmaster.master][INFO] 2026-08-30 08:47:07,392: +CACHEDPARAM [/rosout_disable_topics_generation] by /performance_monitor
[rosmaster.master][INFO] 2026-08-30 08:47:07,493: +CACHEDPARAM [/rosout_disable_topics_generation] by /performance_monitor
[rosmaster.master][INFO] 2026-08-30 08:47:07,590: +CACHEDPARAM [/rosout_disable_topics_generation] by /performance_monitor
[rosmaster.master][INFO] 2026-08-30 08:47:07,691: +CACHEDPARAM [/rosout_disable_topics_generation] by /performance_monitor
[rosmaster.master][INFO] 2026-08-30 08:47:07,788: +CACHEDPARAM [/rosout_disable_topics_generation] by /performance_monitor
[rosmaster.master][INFO] 2026-08-30 08:47:07,887: +CACHEDPARAM [/rosout_disable_topics_generation] by /performance_monitor
[rosmaster.master][INFO] 2026-08-30 08:47:07,987: +CACHEDPARAM [/rosout_disable_topics_generation] by /performance_monitor
[rosmaster.master][INFO] 2026-08-30 08:47:08,088: +CACHEDPARAM [/rosout_disable_topics_generation] by /performance_monitor
[rosmaster.master][INFO] 2026-08-30 08:47:08,188: +CACHEDPARAM [/rosout_disable_topics_generation] by /performance_monitor
[rosmaster.master][INFO] 2026-08-30 08:47:08,290: +CACHEDPARAM [/rosout_disable_topics_generation] by /performance_monitor
[rosmaster.master][INFO] 2026-08-30 08:47:08,393: +CACHEDPARAM [/rosout_disable_topics_generation] by /performance_monitor
[rosmaster.master][INFO] 2026-08-30 08:47:08,494: +CACHEDPARAM [/rosout_disable_topics_generation] by /performance_monitor
[rosmaster.master][INFO] 2026-08-30 08:47:08,596: +CACHEDPARAM [/rosout_disable_topics_generation] by /performance_monitor
[rosmaster.master][INFO] 2026-08-30 08:47:08,689: +CACHEDPARAM [/rosout_disable_topics_generation] by /performance_monitor
[rosmaster.master][INFO] 2026-08-30 08:47:08,793: +CACHEDPARAM [/rosout_disable_topics_generation] by /performance_monitor
[rosmaster.master][INFO] 2026-08-30 08:47:08,893: +CACHEDPARAM [/rosout_disable_topics_generation] by /performance_monitor
[rosmaster.master][INFO] 2026-08-30 08:47:08,992: +CACHEDPARAM [/rosout_disable_topics_generation] by /performance_monitor
[rosmaster.master][INFO] 2026-08-30 08:47:09,089: +CACHEDPARAM [/rosout_disable_topics_generation] by /performance_monitor
[rosmaster.master][INFO] 2026-08-30 08:47:09,190: +CACHEDPARAM [/rosout_disable_topics_generation] by /performance_monitor
[rosmaster.master][INFO] 2026-08-30 08:47:09,292: +CACHEDPARAM [/rosout_disable_topics_generation] by /performance_monitor
[rosmaster.master][INFO] 2026-08-30 08:47:09,393: +CACHEDPARAM [/rosout_disable_topics_generation] by /performance_monitor
[rosmaster.master][INFO] 2026-08-30 08:47:09,492: +CACHEDPARAM [/rosout_disable_topics_generation] by /performance_monitor
[rosmaster.master][INFO] 2026-08-30 08:47:09,594: +CACHEDPARAM [/rosout_disable_topics_generation] by /performance_monitor
[rosmaster.master][INFO] 2026-08-30 08:47:09,695: +CACHEDPARAM [/rosout_disable_topics_generation] by /performance_monitor
[rosmaster.master][INFO] 2026-08-30 08:47:09,790: +CACHEDPARAM [/rosout_disable_topics_generation] by /performance_monitor
[rosmaster.master][INFO] 2026-08-30 08:47:09,887: +CACHEDPARAM [/rosout_disable_topics_generation] by /performance_monitor
[rosmaster.master][INFO] 2026-08-30 08:47:09,987: +CACHEDPARAM [/rosout_disable_topics_generation] by /performance_monitor
[rosmaster.master][INFO] 2026-08-30 08:47:10,088: +CACHEDPARAM [/rosout_disable_topics_generation] by /performance_monitor
[rosmaster.master][INFO] 2026-08-30 08:47:10,189: +CACHEDPARAM [/rosout_disable_topics_generation] by /performance_monitor
[rosmaster.master][INFO] 2026-08-30 08:47:10,291: +CACHEDPARAM [/rosout_disable_topics_generation] by /performance_monitor
[rosmaster.master][INFO] 2026-08-30 08:47:10,391: +CACHEDPARAM [/rosout_disable_topics_generation] by /performance_monitor
[rosmaster.master][INFO] 2026-08-30 08:47:10,492: +CACHEDPARAM [/rosout_disable_topics_generation] by /performance_monitor
[rosmaster.master][INFO] 2026-08-30 08:47:10,596: +CACHEDPARAM [/rosout_disable_topics_generation] by /performance_monitor
[rosmaster.master][INFO] 2026-08-30 08:47:10,695: +CACHEDPARAM [/rosout_disable_topics_generation] by /performance_monitor
[rosmaster.master][INFO] 2026-08-30 08:47:10,790: +CACHEDPARAM [/rosout_disable_topics_generation] by /performance_monitor
[rosmaster.master][INFO] 2026-08-30 08:47:10,892: +CACHEDPARAM [/rosout_disable_topics_generation] by /performance_monitor
[rosmaster.master][INFO] 2026-08-30 08:47:10,941: +CACHEDPARAM [/rosout_disable_topics_generation] by /performance_monitor
[rosmaster.master][INFO] 2026-08-30 08:47:11,142: +CACHEDPARAM [/rosout_disable_topics_generation] by /performance_monitor
[rosmaster.master][INFO] 2026-08-30 08:47:11,405: +CACHEDPARAM [/rosout_disable_topics_generation] by /performance_monitor
[rosmaster.master][INFO] 2026-08-30 08:47:11,626: +CACHEDPARAM [/rosout_disable_topics_generation] by /performance_monitor
[rosmaster.master][INFO] 2026-08-30 08:47:11,820: +CACHEDPARAM [/rosout_disable_topics_generation] by /performance_monitor
[rosmaster.master][INFO] 2026-08-30 08:47:12,021: +CACHEDPARAM [/rosout_disable_topics_generation] by /performance_monitor
[rosmaster.master][INFO] 2026-08-30 08:47:12,207: +CACHEDPARAM [/rosout_disable_topics_generation] by /performance_monitor
[rosmaster.master][INFO] 2026-08-30 08:47:12,219: +CACHEDPARAM [/rosout_disable_topics_generation] by /performance_monitor
[rosmaster.master][INFO] 2026-08-30 08:47:12,388: +CACHEDPARAM [/rosout_disable_topics_generation] by /performance_monitor
[rosmaster.master][INFO] 2026-08-30 08:47:12,663: +CACHEDPARAM [/rosout_disable_topics_generation] by /performance_monitor
[rosmaster.master][INFO] 2026-08-30 08:47:12,935: +CACHEDPARAM [/rosout_disable_topics_generation] by /performance_monitor
[rosmaster.master][INFO] 2026-08-30 08:47:12,936: +CACHEDPARAM [/rosout_disable_topics_generation] by /performance_monitor
[rosmaster.master][INFO] 2026-08-30 08:47:12,944: +CACHEDPARAM [/rosout_disable_topics_generation] by /performance_monitor
[rosmaster.master][INFO] 2026-08-30 08:47:12,979: +CACHEDPARAM [/rosout_disable_topics_generation] by /performance_monitor
[rosmaster.master][INFO] 2026-08-30 08:47:13,078: +CACHEDPARAM [/rosout_disable_topics_generation] by /performance_monitor
[rosmaster.master][INFO] 2026-08-30 08:47:13,179: +CACHEDPARAM [/rosout_disable_topics_generation] by /performance_monitor
[rosmaster.master][INFO] 2026-08-30 08:47:13,282: +CACHEDPARAM [/rosout_disable_topics_generation] by /performance_monitor
[rosmaster.master][INFO] 2026-08-30 08:47:13,385: +CACHEDPARAM [/rosout_disable_topics_generation] by /performance_monitor
[rosmaster.master][INFO] 2026-08-30 08:47:13,478: +CACHEDPARAM [/rosout_disable_topics_generation] by /performance_monitor
[rosmaster.master][INFO] 2026-08-30 08:47:13,580: +CACHEDPARAM [/rosout_disable_topics_generation] by /performance_monitor
[rosmaster.master][INFO] 2026-08-30 08:47:13,685: +CACHEDPARAM [/rosout_disable_topics_generation] by /performance_monitor
[rosmaster.master][INFO] 2026-08-30 08:47:13,777: +CACHEDPARAM [/rosout_disable_topics_generation] by /performance_monitor
[rosmaster.master][INFO] 2026-08-30 08:47:13,878: +CACHEDPARAM [/rosout_disable_topics_generation] by /performance_monitor
[rosmaster.master][INFO] 2026-08-30 08:47:13,979: +CACHEDPARAM [/rosout_disable_topics_generation] by /performance_monitor
[rosmaster.master][INFO] 2026-08-30 08:47:14,078: +CACHEDPARAM [/rosout_disable_topics_generation] by /performance_monitor
[rosmaster.master][INFO] 2026-08-30 08:47:14,119: +CACHEDPARAM [/rosout_disable_topics_generation] by /performance_monitor
[rosmaster.master][INFO] 2026-08-30 08:47:14,177: +CACHEDPARAM [/rosout_disable_topics_generation] by /performance_monitor
[rosmaster.master][INFO] 2026-08-30 08:47:14,179: +CACHEDPARAM [/rosout_disable_topics_generation] by /performance_monitor
[rosmaster.master][INFO] 2026-08-30 08:47:14,180: +CACHEDPARAM [/rosout_disable_topics_generation] by /performance_monitor
[rosmaster.master][INFO] 2026-08-30 08:47:14,278: +CACHEDPARAM [/rosout_disable_topics_generation] by /performance_monitor
[rosmaster.master][INFO] 2026-08-30 08:47:14,379: +CACHEDPARAM [/rosout_disable_topics_generation] by /performance_monitor
[rosmaster.master][INFO] 2026-08-30 08:47:14,481: +CACHEDPARAM [/rosout_disable_topics_generation] by /performance_monitor
[rosmaster.master][INFO] 2026-08-30 08:47:14,582: +CACHEDPARAM [/rosout_disable_topics_generation] by /performance_monitor
[rosmaster.master][INFO] 2026-08-30 08:47:14,684: +CACHEDPARAM [/rosout_disable_topics_generation] by /performance_monitor
[rosmaster.master][INFO] 2026-08-30 08:47:14,784: +CACHEDPARAM [/rosout_disable_topics_generation] by /performance_monitor
[rosmaster.master][INFO] 2026-08-30 08:47:14,883: +CACHEDPARAM [/rosout_disable_topics_generation] by /performance_monitor
[rosmaster.master][INFO] 2026-08-30 08:47:14,982: +CACHEDPARAM [/rosout_disable_topics_generation] by /performance_monitor
[rosmaster.master][INFO] 2026-08-30 08:47:15,085: +CACHEDPARAM [/rosout_disable_topics_generation] by /performance_monitor
[rosmaster.master][INFO] 2026-08-30 08:47:15,187: +CACHEDPARAM [/rosout_disable_topics_generation] by /performance_monitor
[rosmaster.master][INFO] 2026-08-30 08:47:15,287: +CACHEDPARAM [/rosout_disable_topics_generation] by /performance_monitor
[rosmaster.master][INFO] 2026-08-30 08:47:15,384: +CACHEDPARAM [/rosout_disable_topics_generation] by /performance_monitor
[rosmaster.master][INFO] 2026-08-30 08:47:15,484: +CACHEDPARAM [/rosout_disable_topics_generation] by /performance_monitor
[rosmaster.master][INFO] 2026-08-30 08:47:15,584: +CACHEDPARAM [/rosout_disable_topics_generation] by /performance_monitor
[rosmaster.master][INFO] 2026-08-30 08:47:15,682: +CACHEDPARAM [/rosout_disable_topics_generation] by /performance_monitor
[rosmaster.master][INFO] 2026-08-30 08:47:15,780: +CACHEDPARAM [/rosout_disable_topics_generation] by /performance_monitor
[rosmaster.master][INFO] 2026-08-30 08:47:15,880: +CACHEDPARAM [/rosout_disable_topics_generation] by /performance_monitor
[rosmaster.master][INFO] 2026-08-30 08:47:15,978: +CACHEDPARAM [/rosout_disable_topics_generation] by /performance_monitor
[rosmaster.master][INFO] 2026-08-30 08:47:16,078: +CACHEDPARAM [/rosout_disable_topics_generation] by /performance_monitor
[rosmaster.master][INFO] 2026-08-30 08:47:16,184: +CACHEDPARAM [/rosout_disable_topics_generation] by /performance_monitor
[rosmaster.master][INFO] 2026-08-30 08:47:16,285: +CACHEDPARAM [/rosout_disable_topics_generation] by /performance_monitor
[rosmaster.master][INFO] 2026-08-30 08:47:16,383: +CACHEDPARAM [/rosout_disable_topics_generation] by /performance_monitor
[rosmaster.master][INFO] 2026-08-30 08:47:16,483: +CACHEDPARAM [/rosout_disable_topics_generation] by /performance_monitor
[rosmaster.master][INFO] 2026-08-30 08:47:16,581: +CACHEDPARAM [/rosout_disable_topics_generation] by /performance_monitor
[rosmaster.master][INFO] 2026-08-30 08:47:16,683: +CACHEDPARAM [/rosout_disable_topics_generation] by /performance_monitor
[rosmaster.master][INFO] 2026-08-30 08:47:16,783: +CACHEDPARAM [/rosout_disable_topics_generation] by /performance_monitor
[rosmaster.master][INFO] 2026-08-30 08:47:16,884: +CACHEDPARAM [/rosout_disable_topics_generation] by /performance_monitor
[rosmaster.master][INFO] 2026-08-30 08:47:16,981: +CACHEDPARAM [/rosout_disable_topics_generation] by /performance_monitor
[rosmaster.master][INFO] 2026-08-30 08:47:17,085: +CACHEDPARAM [/rosout_disable_topics_generation] by /performance_monitor
[rosmaster.master][INFO] 2026-08-30 08:47:17,183: +CACHEDPARAM [/rosout_disable_topics_generation] by /performance_monitor
[rosmaster.master][INFO] 2026-08-30 08:47:17,288: +CACHEDPARAM [/rosout_disable_topics_generation] by /performance_monitor
[rosmaster.master][INFO] 2026-08-30 08:47:17,384: +CACHEDPARAM [/rosout_disable_topics_generation] by /performance_monitor
[rosmaster.master][INFO] 2026-08-30 08:47:17,482: +CACHEDPARAM [/rosout_disable_topics_generation] by /performance_monitor
[rosmaster.master][INFO] 2026-08-30 08:47:17,586: +CACHEDPARAM [/rosout_disable_topics_generation] by /performance_monitor
[rosmaster.master][INFO] 2026-08-30 08:47:17,687: +CACHEDPARAM [/rosout_disable_topics_generation] by /performance_monitor
[rosmaster.master][INFO] 2026-08-30 08:47:17,778: +CACHEDPARAM [/rosout_disable_topics_generation] by /performance_monitor
[rosmaster.master][INFO] 2026-08-30 08:47:17,878: +CACHEDPARAM [/rosout_disable_topics_generation] by /performance_monitor
[rosmaster.master][INFO] 2026-08-30 08:47:17,978: +CACHEDPARAM [/rosout_disable_topics_generation] by /performance_monitor
[rosmaster.master][INFO] 2026-08-30 08:47:18,078: +CACHEDPARAM [/rosout_disable_topics_generation] by /performance_monitor
[rosmaster.master][INFO] 2026-08-30 08:47:18,180: +CACHEDPARAM [/rosout_disable_topics_generation] by /performance_monitor
[rosmaster.master][INFO] 2026-08-30 08:47:18,285: +CACHEDPARAM [/rosout_disable_topics_generation] by /performance_monitor
[rosmaster.master][INFO] 2026-08-30 08:47:18,385: +CACHEDPARAM [/rosout_disable_topics_generation] by /performance_monitor
[rosmaster.master][INFO] 2026-08-30 08:47:18,483: +CACHEDPARAM [/rosout_disable_topics_generation] by /performance_monitor
[rosmaster.master][INFO] 2026-08-30 08:47:18,585: +CACHEDPARAM [/rosout_disable_topics_generation] by /performance_monitor
[rosmaster.master][INFO] 2026-08-30 08:47:18,685: +CACHEDPARAM [/rosout_disable_topics_generation] by /performance_monitor
[rosmaster.master][INFO] 2026-08-30 08:47:18,786: +CACHEDPARAM [/rosout_disable_topics_generation] by /performance_monitor
[rosmaster.master][INFO] 2026-08-30 08:47:18,882: +CACHEDPARAM [/rosout_disable_topics_generation] by /performance_monitor
[rosmaster.master][INFO] 2026-08-30 08:47:18,983: +CACHEDPARAM [/rosout_disable_topics_generation] by /performance_monitor
[rosmaster.master][INFO] 2026-08-30 08:47:19,084: +CACHEDPARAM [/rosout_disable_topics_generation] by /performance_monitor
[rosmaster.master][INFO] 2026-08-30 08:47:19,182: +CACHEDPARAM [/rosout_disable_topics_generation] by /performance_monitor
[rosmaster.master][INFO] 2026-08-30 08:47:19,187: +CACHEDPARAM [/rosout_disable_topics_generation] by /performance_monitor
[rosmaster.master][INFO] 2026-08-30 08:47:19,402: +CACHEDPARAM [/rosout_disable_topics_generation] by /performance_monitor
[rosmaster.master][INFO] 2026-08-30 08:47:19,649: +CACHEDPARAM [/rosout_disable_topics_generation] by /performance_monitor
[rosmaster.master][INFO] 2026-08-30 08:47:19,878: +CACHEDPARAM [/rosout_disable_topics_generation] by /performance_monitor
[rosmaster.master][INFO] 2026-08-30 08:47:20,094: +CACHEDPARAM [/rosout_disable_topics_generation] by /performance_monitor
[rosmaster.master][INFO] 2026-08-30 08:47:20,345: +CACHEDPARAM [/rosout_disable_topics_generation] by /performance_monitor
[rosmaster.master][INFO] 2026-08-30 08:47:20,428: +CACHEDPARAM [/rosout_disable_topics_generation] by /performance_monitor
[rosmaster.master][INFO] 2026-08-30 08:47:20,439: +CACHEDPARAM [/rosout_disable_topics_generation] by /performance_monitor
[rosmaster.master][INFO] 2026-08-30 08:47:20,809: +CACHEDPARAM [/rosout_disable_topics_generation] by /performance_monitor
[rosmaster.master][INFO] 2026-08-30 08:47:21,112: +CACHEDPARAM [/rosout_disable_topics_generation] by /performance_monitor
[rosmaster.master][INFO] 2026-08-30 08:47:21,120: +CACHEDPARAM [/rosout_disable_topics_generation] by /performance_monitor
[rosmaster.master][INFO] 2026-08-30 08:47:21,127: +CACHEDPARAM [/rosout_disable_topics_generation] by /performance_monitor
[rosmaster.master][INFO] 2026-08-30 08:47:21,135: +CACHEDPARAM [/rosout_disable_topics_generation] by /performance_monitor
[rosmaster.master][INFO] 2026-08-30 08:47:21,230: +CACHEDPARAM [/rosout_disable_topics_generation] by /performance_monitor
[rosmaster.master][INFO] 2026-08-30 08:47:21,329: +CACHEDPARAM [/rosout_disable_topics_generation] by /performance_monitor
[rosmaster.master][INFO] 2026-08-30 08:47:21,433: +CACHEDPARAM [/rosout_disable_topics_generation] by /performance_monitor
[rosmaster.master][INFO] 2026-08-30 08:47:21,535: +CACHEDPARAM [/rosout_disable_topics_generation] by /performance_monitor
[rosmaster.master][INFO] 2026-08-30 08:47:21,631: +CACHEDPARAM [/rosout_disable_topics_generation] by /performance_monitor
[rosmaster.master][INFO] 2026-08-30 08:47:21,729: +CACHEDPARAM [/rosout_disable_topics_generation] by /performance_monitor
[rosmaster.master][INFO] 2026-08-30 08:47:21,826: +CACHEDPARAM [/rosout_disable_topics_generation] by /performance_monitor
[rosmaster.master][INFO] 2026-08-30 08:47:21,927: +CACHEDPARAM [/rosout_disable_topics_generation] by /performance_monitor
[rosmaster.master][INFO] 2026-08-30 08:47:22,030: +CACHEDPARAM [/rosout_disable_topics_generation] by /performance_monitor
[rosmaster.master][INFO] 2026-08-30 08:47:22,131: +CACHEDPARAM [/rosout_disable_topics_generation] by /performance_monitor
[rosmaster.master][INFO] 2026-08-30 08:47:22,238: +CACHEDPARAM [/rosout_disable_topics_generation] by /performance_monitor
[rosmaster.master][INFO] 2026-08-30 08:47:22,299: +CACHEDPARAM [/rosout_disable_topics_generation] by /performance_monitor
[rosmaster.master][INFO] 2026-08-30 08:47:22,368: +CACHEDPARAM [/rosout_disable_topics_generation] by /performance_monitor
[rosmaster.master][INFO] 2026-08-30 08:47:22,370: +CACHEDPARAM [/rosout_disable_topics_generation] by /performance_monitor
[rosmaster.master][INFO] 2026-08-30 08:47:22,371: +CACHEDPARAM [/rosout_disable_topics_generation] by /performance_monitor
[rosmaster.master][INFO] 2026-08-30 08:47:22,426: +CACHEDPARAM [/rosout_disable_topics_generation] by /performance_monitor
[rosmaster.master][INFO] 2026-08-30 08:47:22,526: +CACHEDPARAM [/rosout_disable_topics_generation] by /performance_monitor
[rosmaster.master][INFO] 2026-08-30 08:47:22,632: +CACHEDPARAM [/rosout_disable_topics_generation] by /performance_monitor
[rosmaster.master][INFO] 2026-08-30 08:47:22,729: +CACHEDPARAM [/rosout_disable_topics_generation] by /performance_monitor
[rosmaster.master][INFO] 2026-08-30 08:47:22,831: +CACHEDPARAM [/rosout_disable_topics_generation] by /performance_monitor
[rosmaster.master][INFO] 2026-08-30 08:47:22,930: +CACHEDPARAM [/rosout_disable_topics_generation] by /performance_monitor
[rosmaster.master][INFO] 2026-08-30 08:47:23,034: +CACHEDPARAM [/rosout_disable_topics_generation] by /performance_monitor
[rosmaster.master][INFO] 2026-08-30 08:47:23,132: +CACHEDPARAM [/rosout_disable_topics_generation] by /performance_monitor
[rosmaster.master][INFO] 2026-08-30 08:47:23,231: +CACHEDPARAM [/rosout_disable_topics_generation] by /performance_monitor
[rosmaster.master][INFO] 2026-08-30 08:47:23,338: +CACHEDPARAM [/rosout_disable_topics_generation] by /performance_monitor
[rosmaster.master][INFO] 2026-08-30 08:47:23,432: +CACHEDPARAM [/rosout_disable_topics_generation] by /performance_monitor
[rosmaster.master][INFO] 2026-08-30 08:47:23,535: +CACHEDPARAM [/rosout_disable_topics_generation] by /performance_monitor
[rosmaster.master][INFO] 2026-08-30 08:47:23,635: +CACHEDPARAM [/rosout_disable_topics_generation] by /performance_monitor
[rosmaster.master][INFO] 2026-08-30 08:47:23,727: +CACHEDPARAM [/rosout_disable_topics_generation] by /performance_monitor
[rosmaster.master][INFO] 2026-08-30 08:47:23,827: +CACHEDPARAM [/rosout_disable_topics_generation] by /performance_monitor
[rosmaster.master][INFO] 2026-08-30 08:47:23,926: +CACHEDPARAM [/rosout_disable_topics_generation] by /performance_monitor
[rosmaster.master][INFO] 2026-08-30 08:47:24,028: +CACHEDPARAM [/rosout_disable_topics_generation] by /performance_monitor
[rosmaster.master][INFO] 2026-08-30 08:47:24,126: +CACHEDPARAM [/rosout_disable_topics_generation] by /performance_monitor
[rosmaster.master][INFO] 2026-08-30 08:47:24,228: +CACHEDPARAM [/rosout_disable_topics_generation] by /performance_monitor
[rosmaster.master][INFO] 2026-08-30 08:47:24,332: +CACHEDPARAM [/rosout_disable_topics_generation] by /performance_monitor
[rosmaster.master][INFO] 2026-08-30 08:47:24,432: +CACHEDPARAM [/rosout_disable_topics_generation] by /performance_monitor
[rosmaster.master][INFO] 2026-08-30 08:47:24,536: +CACHEDPARAM [/rosout_disable_topics_generation] by /performance_monitor
[rosmaster.master][INFO] 2026-08-30 08:47:24,637: +CACHEDPARAM [/rosout_disable_topics_generation] by /performance_monitor
[rosmaster.master][INFO] 2026-08-30 08:47:24,736: +CACHEDPARAM [/rosout_disable_topics_generation] by /performance_monitor
[rosmaster.master][INFO] 2026-08-30 08:47:24,834: +CACHEDPARAM [/rosout_disable_topics_generation] by /performance_monitor
[rosmaster.master][INFO] 2026-08-30 08:47:24,933: +CACHEDPARAM [/rosout_disable_topics_generation] by /performance_monitor
[rosmaster.master][INFO] 2026-08-30 08:47:25,032: +CACHEDPARAM [/rosout_disable_topics_generation] by /performance_monitor
[rosmaster.master][INFO] 2026-08-30 08:47:25,132: +CACHEDPARAM [/rosout_disable_topics_generation] by /performance_monitor
[rosmaster.master][INFO] 2026-08-30 08:47:25,239: +CACHEDPARAM [/rosout_disable_topics_generation] by /performance_monitor
[rosmaster.master][INFO] 2026-08-30 08:47:25,336: +CACHEDPARAM [/rosout_disable_topics_generation] by /performance_monitor
[rosmaster.master][INFO] 2026-08-30 08:47:25,438: +CACHEDPARAM [/rosout_disable_topics_generation] by /performance_monitor
[rosmaster.master][INFO] 2026-08-30 08:47:25,538: +CACHEDPARAM [/rosout_disable_topics_generation] by /performance_monitor
[rosmaster.master][INFO] 2026-08-30 08:47:25,631: +CACHEDPARAM [/rosout_disable_topics_generation] by /performance_monitor
[rosmaster.master][INFO] 2026-08-30 08:47:25,727: +CACHEDPARAM [/rosout_disable_topics_generation] by /performance_monitor
[rosmaster.master][INFO] 2026-08-30 08:47:25,827: +CACHEDPARAM [/rosout_disable_topics_generation] by /performance_monitor
[rosmaster.master][INFO] 2026-08-30 08:47:25,925: +CACHEDPARAM [/rosout_disable_topics_generation] by /performance_monitor
[rosmaster.master][INFO] 2026-08-30 08:47:26,030: +CACHEDPARAM [/rosout_disable_topics_generation] by /performance_monitor
[rosmaster.master][INFO] 2026-08-30 08:47:26,126: +CACHEDPARAM [/rosout_disable_topics_generation] by /performance_monitor
[rosmaster.master][INFO] 2026-08-30 08:47:26,231: +CACHEDPARAM [/rosout_disable_topics_generation] by /performance_monitor
[rosmaster.master][INFO] 2026-08-30 08:47:26,333: +CACHEDPARAM [/rosout_disable_topics_generation] by /performance_monitor
[rosmaster.master][INFO] 2026-08-30 08:47:26,432: +CACHEDPARAM [/rosout_disable_topics_generation] by /performance_monitor
[rosmaster.master][INFO] 2026-08-30 08:47:26,532: +CACHEDPARAM [/rosout_disable_topics_generation] by /performance_monitor
[rosmaster.master][INFO] 2026-08-30 08:47:26,632: +CACHEDPARAM [/rosout_disable_topics_generation] by /performance_monitor
[rosmaster.master][INFO] 2026-08-30 08:47:26,733: +CACHEDPARAM [/rosout_disable_topics_generation] by /performance_monitor
[rosmaster.master][INFO] 2026-08-30 08:47:26,832: +CACHEDPARAM [/rosout_disable_topics_generation] by /performance_monitor
[rosmaster.master][INFO] 2026-08-30 08:47:26,933: +CACHEDPARAM [/rosout_disable_topics_generation] by /performance_monitor
[rosmaster.master][INFO] 2026-08-30 08:47:27,031: +CACHEDPARAM [/rosout_disable_topics_generation] by /performance_monitor
[rosmaster.master][INFO] 2026-08-30 08:47:27,131: +CACHEDPARAM [/rosout_disable_topics_generation] by /performance_monitor
[rosmaster.master][INFO] 2026-08-30 08:47:27,236: +CACHEDPARAM [/rosout_disable_topics_generation] by /performance_monitor
[rosmaster.master][INFO] 2026-08-30 08:47:27,334: +CACHEDPARAM [/rosout_disable_topics_generation] by /performance_monitor
[rosmaster.master][INFO] 2026-08-30 08:47:27,374: +CACHEDPARAM [/rosout_disable_topics_generation] by /performance_monitor
[rosmaster.master][INFO] 2026-08-30 08:47:27,442: +CACHEDPARAM [/rosout_disable_topics_generation] by /performance_monitor
[rosmaster.master][INFO] 2026-08-30 08:47:27,666: +CACHEDPARAM [/rosout_disable_topics_generation] by /performance_monitor
[rosmaster.master][INFO] 2026-08-30 08:47:27,872: +CACHEDPARAM [/rosout_disable_topics_generation] by /performance_monitor
[rosmaster.master][INFO] 2026-08-30 08:47:28,038: +CACHEDPARAM [/rosout_disable_topics_generation] by /performance_monitor
[rosmaster.master][INFO] 2026-08-30 08:47:28,307: +CACHEDPARAM [/rosout_disable_topics_generation] by /performance_monitor
[rosmaster.master][INFO] 2026-08-30 08:47:28,502: +CACHEDPARAM [/rosout_disable_topics_generation] by /performance_monitor
[rosmaster.master][INFO] 2026-08-30 08:47:28,610: +CACHEDPARAM [/rosout_disable_topics_generation] by /performance_monitor
[rosmaster.master][INFO] 2026-08-30 08:47:28,740: +CACHEDPARAM [/rosout_disable_topics_generation] by /performance_monitor
[rosmaster.master][INFO] 2026-08-30 08:47:29,031: +CACHEDPARAM [/rosout_disable_topics_generation] by /performance_monitor
[rosmaster.master][INFO] 2026-08-30 08:47:29,300: +CACHEDPARAM [/rosout_disable_topics_generation] by /performance_monitor
[rosmaster.master][INFO] 2026-08-30 08:47:29,301: +CACHEDPARAM [/rosout_disable_topics_generation] by /performance_monitor
[rosmaster.master][INFO] 2026-08-30 08:47:29,309: +CACHEDPARAM [/rosout_disable_topics_generation] by /performance_monitor
[rosmaster.master][INFO] 2026-08-30 08:47:29,347: +CACHEDPARAM [/rosout_disable_topics_generation] by /performance_monitor
[rosmaster.master][INFO] 2026-08-30 08:47:29,448: +CACHEDPARAM [/rosout_disable_topics_generation] by /performance_monitor
[rosmaster.master][INFO] 2026-08-30 08:47:29,555: +CACHEDPARAM [/rosout_disable_topics_generation] by /performance_monitor
[rosmaster.master][INFO] 2026-08-30 08:47:29,654: +CACHEDPARAM [/rosout_disable_topics_generation] by /performance_monitor
[rosmaster.master][INFO] 2026-08-30 08:47:29,748: +CACHEDPARAM [/rosout_disable_topics_generation] by /performance_monitor
[rosmaster.master][INFO] 2026-08-30 08:47:29,847: +CACHEDPARAM [/rosout_disable_topics_generation] by /performance_monitor
[rosmaster.master][INFO] 2026-08-30 08:47:29,951: +CACHEDPARAM [/rosout_disable_topics_generation] by /performance_monitor
[rosmaster.master][INFO] 2026-08-30 08:47:30,049: +CACHEDPARAM [/rosout_disable_topics_generation] by /performance_monitor
[rosmaster.master][INFO] 2026-08-30 08:47:30,150: +CACHEDPARAM [/rosout_disable_topics_generation] by /performance_monitor
[rosmaster.master][INFO] 2026-08-30 08:47:30,256: +CACHEDPARAM [/rosout_disable_topics_generation] by /performance_monitor
[rosmaster.master][INFO] 2026-08-30 08:47:30,354: +CACHEDPARAM [/rosout_disable_topics_generation] by /performance_monitor
[rosmaster.master][INFO] 2026-08-30 08:47:30,455: +CACHEDPARAM [/rosout_disable_topics_generation] by /performance_monitor
[rosmaster.master][INFO] 2026-08-30 08:47:30,503: +CACHEDPARAM [/rosout_disable_topics_generation] by /performance_monitor
[rosmaster.master][INFO] 2026-08-30 08:47:30,561: +CACHEDPARAM [/rosout_disable_topics_generation] by /performance_monitor
[rosmaster.master][INFO] 2026-08-30 08:47:30,563: +CACHEDPARAM [/rosout_disable_topics_generation] by /performance_monitor
[rosmaster.master][INFO] 2026-08-30 08:47:30,565: +CACHEDPARAM [/rosout_disable_topics_generation] by /performance_monitor
[rosmaster.master][INFO] 2026-08-30 08:47:30,647: +CACHEDPARAM [/rosout_disable_topics_generation] by /performance_monitor
[rosmaster.master][INFO] 2026-08-30 08:47:30,751: +CACHEDPARAM [/rosout_disable_topics_generation] by /performance_monitor
[rosmaster.master][INFO] 2026-08-30 08:47:30,857: +CACHEDPARAM [/rosout_disable_topics_generation] by /performance_monitor
[rosmaster.master][INFO] 2026-08-30 08:47:30,955: +CACHEDPARAM [/rosout_disable_topics_generation] by /performance_monitor
[rosmaster.master][INFO] 2026-08-30 08:47:31,059: +CACHEDPARAM [/rosout_disable_topics_generation] by /performance_monitor
[rosmaster.master][INFO] 2026-08-30 08:47:31,156: +CACHEDPARAM [/rosout_disable_topics_generation] by /performance_monitor
[rosmaster.master][INFO] 2026-08-30 08:47:31,254: +CACHEDPARAM [/rosout_disable_topics_generation] by /performance_monitor
[rosmaster.master][INFO] 2026-08-30 08:47:31,352: +CACHEDPARAM [/rosout_disable_topics_generation] by /performance_monitor
[rosmaster.master][INFO] 2026-08-30 08:47:31,456: +CACHEDPARAM [/rosout_disable_topics_generation] by /performance_monitor
[rosmaster.master][INFO] 2026-08-30 08:47:31,559: +CACHEDPARAM [/rosout_disable_topics_generation] by /performance_monitor
[rosmaster.master][INFO] 2026-08-30 08:47:31,651: +CACHEDPARAM [/rosout_disable_topics_generation] by /performance_monitor
[rosmaster.master][INFO] 2026-08-30 08:47:31,749: +CACHEDPARAM [/rosout_disable_topics_generation] by /performance_monitor
[rosmaster.master][INFO] 2026-08-30 08:47:31,847: +CACHEDPARAM [/rosout_disable_topics_generation] by /performance_monitor
[rosmaster.master][INFO] 2026-08-30 08:47:31,947: +CACHEDPARAM [/rosout_disable_topics_generation] by /performance_monitor
[rosmaster.master][INFO] 2026-08-30 08:47:32,049: +CACHEDPARAM [/rosout_disable_topics_generation] by /performance_monitor
[rosmaster.master][INFO] 2026-08-30 08:47:32,148: +CACHEDPARAM [/rosout_disable_topics_generation] by /performance_monitor
[rosmaster.master][INFO] 2026-08-30 08:47:32,252: +CACHEDPARAM [/rosout_disable_topics_generation] by /performance_monitor
[rosmaster.master][INFO] 2026-08-30 08:47:32,352: +CACHEDPARAM [/rosout_disable_topics_generation] by /performance_monitor
[rosmaster.master][INFO] 2026-08-30 08:47:32,454: +CACHEDPARAM [/rosout_disable_topics_generation] by /performance_monitor
[rosmaster.master][INFO] 2026-08-30 08:47:32,554: +CACHEDPARAM [/rosout_disable_topics_generation] by /performance_monitor
[rosmaster.master][INFO] 2026-08-30 08:47:32,655: +CACHEDPARAM [/rosout_disable_topics_generation] by /performance_monitor
[rosmaster.master][INFO] 2026-08-30 08:47:32,752: +CACHEDPARAM [/rosout_disable_topics_generation] by /performance_monitor
[rosmaster.master][INFO] 2026-08-30 08:47:32,851: +CACHEDPARAM [/rosout_disable_topics_generation] by /performance_monitor
[rosmaster.master][INFO] 2026-08-30 08:47:32,950: +CACHEDPARAM [/rosout_disable_topics_generation] by /performance_monitor
[rosmaster.master][INFO] 2026-08-30 08:47:33,050: +CACHEDPARAM [/rosout_disable_topics_generation] by /performance_monitor
[rosmaster.master][INFO] 2026-08-30 08:47:33,151: +CACHEDPARAM [/rosout_disable_topics_generation] by /performance_monitor
[rosmaster.master][INFO] 2026-08-30 08:47:33,251: +CACHEDPARAM [/rosout_disable_topics_generation] by /performance_monitor
[rosmaster.master][INFO] 2026-08-30 08:47:33,351: +CACHEDPARAM [/rosout_disable_topics_generation] by /performance_monitor
[rosmaster.master][INFO] 2026-08-30 08:47:33,457: +CACHEDPARAM [/rosout_disable_topics_generation] by /performance_monitor
[rosmaster.master][INFO] 2026-08-30 08:47:33,556: +CACHEDPARAM [/rosout_disable_topics_generation] by /performance_monitor
[rosmaster.master][INFO] 2026-08-30 08:47:33,649: +CACHEDPARAM [/rosout_disable_topics_generation] by /performance_monitor
[rosmaster.master][INFO] 2026-08-30 08:47:33,749: +CACHEDPARAM [/rosout_disable_topics_generation] by /performance_monitor
[rosmaster.master][INFO] 2026-08-30 08:47:33,849: +CACHEDPARAM [/rosout_disable_topics_generation] by /performance_monitor
[rosmaster.master][INFO] 2026-08-30 08:47:33,952: +CACHEDPARAM [/rosout_disable_topics_generation] by /performance_monitor
[rosmaster.master][INFO] 2026-08-30 08:47:34,052: +CACHEDPARAM [/rosout_disable_topics_generation] by /performance_monitor
[rosmaster.master][INFO] 2026-08-30 08:47:34,154: +CACHEDPARAM [/rosout_disable_topics_generation] by /performance_monitor
[rosmaster.master][INFO] 2026-08-30 08:47:34,256: +CACHEDPARAM [/rosout_disable_topics_generation] by /performance_monitor
[rosmaster.master][INFO] 2026-08-30 08:47:34,354: +CACHEDPARAM [/rosout_disable_topics_generation] by /performance_monitor
[rosmaster.master][INFO] 2026-08-30 08:47:34,454: +CACHEDPARAM [/rosout_disable_topics_generation] by /performance_monitor
[rosmaster.master][INFO] 2026-08-30 08:47:34,552: +CACHEDPARAM [/rosout_disable_topics_generation] by /performance_monitor
[rosmaster.master][INFO] 2026-08-30 08:47:34,654: +CACHEDPARAM [/rosout_disable_topics_generation] by /performance_monitor
[rosmaster.master][INFO] 2026-08-30 08:47:34,759: +CACHEDPARAM [/rosout_disable_topics_generation] by /performance_monitor
[rosmaster.master][INFO] 2026-08-30 08:47:34,855: +CACHEDPARAM [/rosout_disable_topics_generation] by /performance_monitor
[rosmaster.master][INFO] 2026-08-30 08:47:34,952: +CACHEDPARAM [/rosout_disable_topics_generation] by /performance_monitor
[rosmaster.master][INFO] 2026-08-30 08:47:35,058: +CACHEDPARAM [/rosout_disable_topics_generation] by /performance_monitor
[rosmaster.master][INFO] 2026-08-30 08:47:35,148: +CACHEDPARAM [/rosout_disable_topics_generation] by /performance_monitor
[rosmaster.master][INFO] 2026-08-30 08:47:35,253: +CACHEDPARAM [/rosout_disable_topics_generation] by /performance_monitor
[rosmaster.master][INFO] 2026-08-30 08:47:35,356: +CACHEDPARAM [/rosout_disable_topics_generation] by /performance_monitor
[rosmaster.master][INFO] 2026-08-30 08:47:35,460: +CACHEDPARAM [/rosout_disable_topics_generation] by /performance_monitor
[rosmaster.master][INFO] 2026-08-30 08:47:35,558: +CACHEDPARAM [/rosout_disable_topics_generation] by /performance_monitor
[rosmaster.master][INFO] 2026-08-30 08:47:35,569: +CACHEDPARAM [/rosout_disable_topics_generation] by /performance_monitor
[rosmaster.master][INFO] 2026-08-30 08:47:35,797: +CACHEDPARAM [/rosout_disable_topics_generation] by /performance_monitor
[rosmaster.master][INFO] 2026-08-30 08:47:36,004: +CACHEDPARAM [/rosout_disable_topics_generation] by /performance_monitor
[rosmaster.master][INFO] 2026-08-30 08:47:36,258: +CACHEDPARAM [/rosout_disable_topics_generation] by /performance_monitor
[rosmaster.master][INFO] 2026-08-30 08:47:36,477: +CACHEDPARAM [/rosout_disable_topics_generation] by /performance_monitor
[rosmaster.master][INFO] 2026-08-30 08:47:36,707: +CACHEDPARAM [/rosout_disable_topics_generation] by /performance_monitor
[rosmaster.master][INFO] 2026-08-30 08:47:36,817: +CACHEDPARAM [/rosout_disable_topics_generation] by /performance_monitor
[rosmaster.master][INFO] 2026-08-30 08:47:36,828: +CACHEDPARAM [/rosout_disable_topics_generation] by /performance_monitor
[rosmaster.master][INFO] 2026-08-30 08:47:37,325: +CACHEDPARAM [/rosout_disable_topics_generation] by /performance_monitor
[rosmaster.master][INFO] 2026-08-30 08:47:37,595: +CACHEDPARAM [/rosout_disable_topics_generation] by /performance_monitor
[rosmaster.master][INFO] 2026-08-30 08:47:37,596: +CACHEDPARAM [/rosout_disable_topics_generation] by /performance_monitor
[rosmaster.master][INFO] 2026-08-30 08:47:37,604: +CACHEDPARAM [/rosout_disable_topics_generation] by /performance_monitor
[rosmaster.master][INFO] 2026-08-30 08:47:37,654: +CACHEDPARAM [/rosout_disable_topics_generation] by /performance_monitor
[rosmaster.master][INFO] 2026-08-30 08:47:37,754: +CACHEDPARAM [/rosout_disable_topics_generation] by /performance_monitor
[rosmaster.master][INFO] 2026-08-30 08:47:37,853: +CACHEDPARAM [/rosout_disable_topics_generation] by /performance_monitor
[rosmaster.master][INFO] 2026-08-30 08:47:37,953: +CACHEDPARAM [/rosout_disable_topics_generation] by /performance_monitor
[rosmaster.master][INFO] 2026-08-30 08:47:38,055: +CACHEDPARAM [/rosout_disable_topics_generation] by /performance_monitor
[rosmaster.master][INFO] 2026-08-30 08:47:38,156: +CACHEDPARAM [/rosout_disable_topics_generation] by /performance_monitor
[rosmaster.master][INFO] 2026-08-30 08:47:38,260: +CACHEDPARAM [/rosout_disable_topics_generation] by /performance_monitor
[rosmaster.master][INFO] 2026-08-30 08:47:38,361: +CACHEDPARAM [/rosout_disable_topics_generation] by /performance_monitor
[rosmaster.master][INFO] 2026-08-30 08:47:38,457: +CACHEDPARAM [/rosout_disable_topics_generation] by /performance_monitor
[rosmaster.master][INFO] 2026-08-30 08:47:38,559: +CACHEDPARAM [/rosout_disable_topics_generation] by /performance_monitor
[rosmaster.master][INFO] 2026-08-30 08:47:38,658: +CACHEDPARAM [/rosout_disable_topics_generation] by /performance_monitor
[rosmaster.master][INFO] 2026-08-30 08:47:38,759: +CACHEDPARAM [/rosout_disable_topics_generation] by /performance_monitor
[rosmaster.master][INFO] 2026-08-30 08:47:38,821: +CACHEDPARAM [/rosout_disable_topics_generation] by /performance_monitor
[rosmaster.master][INFO] 2026-08-30 08:47:38,896: +CACHEDPARAM [/rosout_disable_topics_generation] by /performance_monitor
[rosmaster.master][INFO] 2026-08-30 08:47:38,898: +CACHEDPARAM [/rosout_disable_topics_generation] by /performance_monitor
[rosmaster.master][INFO] 2026-08-30 08:47:38,900: +CACHEDPARAM [/rosout_disable_topics_generation] by /performance_monitor
[rosmaster.master][INFO] 2026-08-30 08:47:38,954: +CACHEDPARAM [/rosout_disable_topics_generation] by /performance_monitor
[rosmaster.master][INFO] 2026-08-30 08:47:39,054: +CACHEDPARAM [/rosout_disable_topics_generation] by /performance_monitor
[rosmaster.master][INFO] 2026-08-30 08:47:39,154: +CACHEDPARAM [/rosout_disable_topics_generation] by /performance_monitor
[rosmaster.master][INFO] 2026-08-30 08:47:39,257: +CACHEDPARAM [/rosout_disable_topics_generation] by /performance_monitor
[rosmaster.master][INFO] 2026-08-30 08:47:39,358: +CACHEDPARAM [/rosout_disable_topics_generation] by /performance_monitor
[rosmaster.master][INFO] 2026-08-30 08:47:39,458: +CACHEDPARAM [/rosout_disable_topics_generation] by /performance_monitor
[rosmaster.master][INFO] 2026-08-30 08:47:39,565: +CACHEDPARAM [/rosout_disable_topics_generation] by /performance_monitor
[rosmaster.master][INFO] 2026-08-30 08:47:39,661: +CACHEDPARAM [/rosout_disable_topics_generation] by /performance_monitor
[rosmaster.master][INFO] 2026-08-30 08:47:39,754: +CACHEDPARAM [/rosout_disable_topics_generation] by /performance_monitor
[rosmaster.master][INFO] 2026-08-30 08:47:39,853: +CACHEDPARAM [/rosout_disable_topics_generation] by /performance_monitor
[rosmaster.master][INFO] 2026-08-30 08:47:39,955: +CACHEDPARAM [/rosout_disable_topics_generation] by /performance_monitor
[rosmaster.master][INFO] 2026-08-30 08:47:40,054: +CACHEDPARAM [/rosout_disable_topics_generation] by /performance_monitor
[rosmaster.master][INFO] 2026-08-30 08:47:40,159: +CACHEDPARAM [/rosout_disable_topics_generation] by /performance_monitor
[rosmaster.master][INFO] 2026-08-30 08:47:40,257: +CACHEDPARAM [/rosout_disable_topics_generation] by /performance_monitor
[rosmaster.master][INFO] 2026-08-30 08:47:40,359: +CACHEDPARAM [/rosout_disable_topics_generation] by /performance_monitor
[rosmaster.master][INFO] 2026-08-30 08:47:40,464: +CACHEDPARAM [/rosout_disable_topics_generation] by /performance_monitor
[rosmaster.master][INFO] 2026-08-30 08:47:40,565: +CACHEDPARAM [/rosout_disable_topics_generation] by /performance_monitor
[rosmaster.master][INFO] 2026-08-30 08:47:40,665: +CACHEDPARAM [/rosout_disable_topics_generation] by /performance_monitor
[rosmaster.master][INFO] 2026-08-30 08:47:40,757: +CACHEDPARAM [/rosout_disable_topics_generation] by /performance_monitor
[rosmaster.master][INFO] 2026-08-30 08:47:40,861: +CACHEDPARAM [/rosout_disable_topics_generation] by /performance_monitor
[rosmaster.master][INFO] 2026-08-30 08:47:40,962: +CACHEDPARAM [/rosout_disable_topics_generation] by /performance_monitor
[rosmaster.master][INFO] 2026-08-30 08:47:41,059: +CACHEDPARAM [/rosout_disable_topics_generation] by /performance_monitor
[rosmaster.master][INFO] 2026-08-30 08:47:41,157: +CACHEDPARAM [/rosout_disable_topics_generation] by /performance_monitor
[rosmaster.master][INFO] 2026-08-30 08:47:41,260: +CACHEDPARAM [/rosout_disable_topics_generation] by /performance_monitor
[rosmaster.master][INFO] 2026-08-30 08:47:41,361: +CACHEDPARAM [/rosout_disable_topics_generation] by /performance_monitor
[rosmaster.master][INFO] 2026-08-30 08:47:41,457: +CACHEDPARAM [/rosout_disable_topics_generation] by /performance_monitor
[rosmaster.master][INFO] 2026-08-30 08:47:41,559: +CACHEDPARAM [/rosout_disable_topics_generation] by /performance_monitor
[rosmaster.master][INFO] 2026-08-30 08:47:41,657: +CACHEDPARAM [/rosout_disable_topics_generation] by /performance_monitor
[rosmaster.master][INFO] 2026-08-30 08:47:41,758: +CACHEDPARAM [/rosout_disable_topics_generation] by /performance_monitor
[rosmaster.master][INFO] 2026-08-30 08:47:41,858: +CACHEDPARAM [/rosout_disable_topics_generation] by /performance_monitor
[rosmaster.master][INFO] 2026-08-30 08:47:41,957: +CACHEDPARAM [/rosout_disable_topics_generation] by /performance_monitor
[rosmaster.master][INFO] 2026-08-30 08:47:42,058: +CACHEDPARAM [/rosout_disable_topics_generation] by /performance_monitor
[rosmaster.master][INFO] 2026-08-30 08:47:42,159: +CACHEDPARAM [/rosout_disable_topics_generation] by /performance_monitor
[rosmaster.master][INFO] 2026-08-30 08:47:42,257: +CACHEDPARAM [/rosout_disable_topics_generation] by /performance_monitor
[rosmaster.master][INFO] 2026-08-30 08:47:42,358: +CACHEDPARAM [/rosout_disable_topics_generation] by /performance_monitor
[rosmaster.master][INFO] 2026-08-30 08:47:42,463: +CACHEDPARAM [/rosout_disable_topics_generation] by /performance_monitor
[rosmaster.master][INFO] 2026-08-30 08:47:42,562: +CACHEDPARAM [/rosout_disable_topics_generation] by /performance_monitor
[rosmaster.master][INFO] 2026-08-30 08:47:42,658: +CACHEDPARAM [/rosout_disable_topics_generation] by /performance_monitor
[rosmaster.master][INFO] 2026-08-30 08:47:42,756: +CACHEDPARAM [/rosout_disable_topics_generation] by /performance_monitor
[rosmaster.master][INFO] 2026-08-30 08:47:42,861: +CACHEDPARAM [/rosout_disable_topics_generation] by /performance_monitor
[rosmaster.master][INFO] 2026-08-30 08:47:42,960: +CACHEDPARAM [/rosout_disable_topics_generation] by /performance_monitor
[rosmaster.master][INFO] 2026-08-30 08:47:43,059: +CACHEDPARAM [/rosout_disable_topics_generation] by /performance_monitor
[rosmaster.master][INFO] 2026-08-30 08:47:43,156: +CACHEDPARAM [/rosout_disable_topics_generation] by /performance_monitor
[rosmaster.master][INFO] 2026-08-30 08:47:43,259: +CACHEDPARAM [/rosout_disable_topics_generation] by /performance_monitor
[rosmaster.master][INFO] 2026-08-30 08:47:43,365: +CACHEDPARAM [/rosout_disable_topics_generation] by /performance_monitor
[rosmaster.master][INFO] 2026-08-30 08:47:43,458: +CACHEDPARAM [/rosout_disable_topics_generation] by /performance_monitor
[rosmaster.master][INFO] 2026-08-30 08:47:43,554: +CACHEDPARAM [/rosout_disable_topics_generation] by /performance_monitor
[rosmaster.master][INFO] 2026-08-30 08:47:43,657: +CACHEDPARAM [/rosout_disable_topics_generation] by /performance_monitor
[rosmaster.master][INFO] 2026-08-30 08:47:43,754: +CACHEDPARAM [/rosout_disable_topics_generation] by /performance_monitor
[rosmaster.master][INFO] 2026-08-30 08:47:43,853: +CACHEDPARAM [/rosout_disable_topics_generation] by /performance_monitor
[rosmaster.master][INFO] 2026-08-30 08:47:43,903: +CACHEDPARAM [/rosout_disable_topics_generation] by /performance_monitor
[rosmaster.master][INFO] 2026-08-30 08:47:43,982: +CACHEDPARAM [/rosout_disable_topics_generation] by /performance_monitor
[rosmaster.master][INFO] 2026-08-30 08:47:44,219: +CACHEDPARAM [/rosout_disable_topics_generation] by /performance_monitor
[rosmaster.master][INFO] 2026-08-30 08:47:44,479: +CACHEDPARAM [/rosout_disable_topics_generation] by /performance_monitor
[rosmaster.master][INFO] 2026-08-30 08:47:44,638: +CACHEDPARAM [/rosout_disable_topics_generation] by /performance_monitor
[rosmaster.master][INFO] 2026-08-30 08:47:44,857: +CACHEDPARAM [/rosout_disable_topics_generation] by /performance_monitor
[rosmaster.master][INFO] 2026-08-30 08:47:45,085: +CACHEDPARAM [/rosout_disable_topics_generation] by /performance_monitor
[rosmaster.master][INFO] 2026-08-30 08:47:45,156: +CACHEDPARAM [/rosout_disable_topics_generation] by /performance_monitor
[rosmaster.master][INFO] 2026-08-30 08:47:45,417: +CACHEDPARAM [/rosout_disable_topics_generation] by /performance_monitor
[rosmaster.master][INFO] 2026-08-30 08:47:45,748: +CACHEDPARAM [/rosout_disable_topics_generation] by /performance_monitor
[rosmaster.master][INFO] 2026-08-30 08:47:45,851: +CACHEDPARAM [/rosout_disable_topics_generation] by /performance_monitor
[rosmaster.master][INFO] 2026-08-30 08:47:45,852: +CACHEDPARAM [/rosout_disable_topics_generation] by /performance_monitor
[rosmaster.master][INFO] 2026-08-30 08:47:45,861: +CACHEDPARAM [/rosout_disable_topics_generation] by /performance_monitor
[rosmaster.master][INFO] 2026-08-30 08:47:45,869: +CACHEDPARAM [/rosout_disable_topics_generation] by /performance_monitor
[rosmaster.master][INFO] 2026-08-30 08:47:45,948: +CACHEDPARAM [/rosout_disable_topics_generation] by /performance_monitor
[rosmaster.master][INFO] 2026-08-30 08:47:46,048: +CACHEDPARAM [/rosout_disable_topics_generation] by /performance_monitor
[rosmaster.master][INFO] 2026-08-30 08:47:46,156: +CACHEDPARAM [/rosout_disable_topics_generation] by /performance_monitor
[rosmaster.master][INFO] 2026-08-30 08:47:46,258: +CACHEDPARAM [/rosout_disable_topics_generation] by /performance_monitor
[rosmaster.master][INFO] 2026-08-30 08:47:46,360: +CACHEDPARAM [/rosout_disable_topics_generation] by /performance_monitor
[rosmaster.master][INFO] 2026-08-30 08:47:46,457: +CACHEDPARAM [/rosout_disable_topics_generation] by /performance_monitor
[rosmaster.master][INFO] 2026-08-30 08:47:46,559: +CACHEDPARAM [/rosout_disable_topics_generation] by /performance_monitor
[rosmaster.master][INFO] 2026-08-30 08:47:46,654: +CACHEDPARAM [/rosout_disable_topics_generation] by /performance_monitor
[rosmaster.master][INFO] 2026-08-30 08:47:46,757: +CACHEDPARAM [/rosout_disable_topics_generation] by /performance_monitor
[rosmaster.master][INFO] 2026-08-30 08:47:46,857: +CACHEDPARAM [/rosout_disable_topics_generation] by /performance_monitor
[rosmaster.master][INFO] 2026-08-30 08:47:46,951: +CACHEDPARAM [/rosout_disable_topics_generation] by /performance_monitor
[rosmaster.master][INFO] 2026-08-30 08:47:47,056: +CACHEDPARAM [/rosout_disable_topics_generation] by /performance_monitor
[rosmaster.master][INFO] 2026-08-30 08:47:47,068: +CACHEDPARAM [/rosout_disable_topics_generation] by /performance_monitor
[rosmaster.master][INFO] 2026-08-30 08:47:47,134: +CACHEDPARAM [/rosout_disable_topics_generation] by /performance_monitor
[rosmaster.master][INFO] 2026-08-30 08:47:47,136: +CACHEDPARAM [/rosout_disable_topics_generation] by /performance_monitor
[rosmaster.master][INFO] 2026-08-30 08:47:47,149: +CACHEDPARAM [/rosout_disable_topics_generation] by /performance_monitor
[rosmaster.master][INFO] 2026-08-30 08:47:47,252: +CACHEDPARAM [/rosout_disable_topics_generation] by /performance_monitor
[rosmaster.master][INFO] 2026-08-30 08:47:47,353: +CACHEDPARAM [/rosout_disable_topics_generation] by /performance_monitor
[rosmaster.master][INFO] 2026-08-30 08:47:47,453: +CACHEDPARAM [/rosout_disable_topics_generation] by /performance_monitor
[rosmaster.master][INFO] 2026-08-30 08:47:47,556: +CACHEDPARAM [/rosout_disable_topics_generation] by /performance_monitor
[rosmaster.master][INFO] 2026-08-30 08:47:47,654: +CACHEDPARAM [/rosout_disable_topics_generation] by /performance_monitor
[rosmaster.master][INFO] 2026-08-30 08:47:47,752: +CACHEDPARAM [/rosout_disable_topics_generation] by /performance_monitor
[rosmaster.master][INFO] 2026-08-30 08:47:47,849: +CACHEDPARAM [/rosout_disable_topics_generation] by /performance_monitor
[rosmaster.master][INFO] 2026-08-30 08:47:47,948: +CACHEDPARAM [/rosout_disable_topics_generation] by /performance_monitor
[rosmaster.master][INFO] 2026-08-30 08:47:48,053: +CACHEDPARAM [/rosout_disable_topics_generation] by /performance_monitor
[rosmaster.master][INFO] 2026-08-30 08:47:48,149: +CACHEDPARAM [/rosout_disable_topics_generation] by /performance_monitor
[rosmaster.master][INFO] 2026-08-30 08:47:48,258: +CACHEDPARAM [/rosout_disable_topics_generation] by /performance_monitor
[rosmaster.master][INFO] 2026-08-30 08:47:48,359: +CACHEDPARAM [/rosout_disable_topics_generation] by /performance_monitor
[rosmaster.master][INFO] 2026-08-30 08:47:48,454: +CACHEDPARAM [/rosout_disable_topics_generation] by /performance_monitor
[rosmaster.master][INFO] 2026-08-30 08:47:48,551: +CACHEDPARAM [/rosout_disable_topics_generation] by /performance_monitor
[rosmaster.master][INFO] 2026-08-30 08:47:48,654: +CACHEDPARAM [/rosout_disable_topics_generation] by /performance_monitor
[rosmaster.master][INFO] 2026-08-30 08:47:48,750: +CACHEDPARAM [/rosout_disable_topics_generation] by /performance_monitor
[rosmaster.master][INFO] 2026-08-30 08:47:48,851: +CACHEDPARAM [/rosout_disable_topics_generation] by /performance_monitor
[rosmaster.master][INFO] 2026-08-30 08:47:48,950: +CACHEDPARAM [/rosout_disable_topics_generation] by /performance_monitor
[rosmaster.master][INFO] 2026-08-30 08:47:49,051: +CACHEDPARAM [/rosout_disable_topics_generation] by /performance_monitor
[rosmaster.master][INFO] 2026-08-30 08:47:49,153: +CACHEDPARAM [/rosout_disable_topics_generation] by /performance_monitor
[rosmaster.master][INFO] 2026-08-30 08:47:49,254: +CACHEDPARAM [/rosout_disable_topics_generation] by /performance_monitor
[rosmaster.master][INFO] 2026-08-30 08:47:49,356: +CACHEDPARAM [/rosout_disable_topics_generation] by /performance_monitor
[rosmaster.master][INFO] 2026-08-30 08:47:49,455: +CACHEDPARAM [/rosout_disable_topics_generation] by /performance_monitor
[rosmaster.master][INFO] 2026-08-30 08:47:49,559: +CACHEDPARAM [/rosout_disable_topics_generation] by /performance_monitor
[rosmaster.master][INFO] 2026-08-30 08:47:49,653: +CACHEDPARAM [/rosout_disable_topics_generation] by /performance_monitor
[rosmaster.master][INFO] 2026-08-30 08:47:49,748: +CACHEDPARAM [/rosout_disable_topics_generation] by /performance_monitor
[rosmaster.master][INFO] 2026-08-30 08:47:49,848: +CACHEDPARAM [/rosout_disable_topics_generation] by /performance_monitor
[rosmaster.master][INFO] 2026-08-30 08:47:49,948: +CACHEDPARAM [/rosout_disable_topics_generation] by /performance_monitor
[rosmaster.master][INFO] 2026-08-30 08:47:50,053: +CACHEDPARAM [/rosout_disable_topics_generation] by /performance_monitor
[rosmaster.master][INFO] 2026-08-30 08:47:50,148: +CACHEDPARAM [/rosout_disable_topics_generation] by /performance_monitor
[rosmaster.master][INFO] 2026-08-30 08:47:50,253: +CACHEDPARAM [/rosout_disable_topics_generation] by /performance_monitor
[rosmaster.master][INFO] 2026-08-30 08:47:50,350: +CACHEDPARAM [/rosout_disable_topics_generation] by /performance_monitor
[rosmaster.master][INFO] 2026-08-30 08:47:50,453: +CACHEDPARAM [/rosout_disable_topics_generation] by /performance_monitor
[rosmaster.master][INFO] 2026-08-30 08:47:50,553: +CACHEDPARAM [/rosout_disable_topics_generation] by /performance_monitor
[rosmaster.master][INFO] 2026-08-30 08:47:50,650: +CACHEDPARAM [/rosout_disable_topics_generation] by /performance_monitor
[rosmaster.master][INFO] 2026-08-30 08:47:50,751: +CACHEDPARAM [/rosout_disable_topics_generation] by /performance_monitor
[rosmaster.master][INFO] 2026-08-30 08:47:50,851: +CACHEDPARAM [/rosout_disable_topics_generation] by /performance_monitor
[rosmaster.master][INFO] 2026-08-30 08:47:50,949: +CACHEDPARAM [/rosout_disable_topics_generation] by /performance_monitor
[rosmaster.master][INFO] 2026-08-30 08:47:51,056: +CACHEDPARAM [/rosout_disable_topics_generation] by /performance_monitor
[rosmaster.master][INFO] 2026-08-30 08:47:51,154: +CACHEDPARAM [/rosout_disable_topics_generation] by /performance_monitor
[rosmaster.master][INFO] 2026-08-30 08:47:51,254: +CACHEDPARAM [/rosout_disable_topics_generation] by /performance_monitor
[rosmaster.master][INFO] 2026-08-30 08:47:51,357: +CACHEDPARAM [/rosout_disable_topics_generation] by /performance_monitor
[rosmaster.master][INFO] 2026-08-30 08:47:51,453: +CACHEDPARAM [/rosout_disable_topics_generation] by /performance_monitor
[rosmaster.master][INFO] 2026-08-30 08:47:51,553: +CACHEDPARAM [/rosout_disable_topics_generation] by /performance_monitor
[rosmaster.master][INFO] 2026-08-30 08:47:51,651: +CACHEDPARAM [/rosout_disable_topics_generation] by /performance_monitor
[rosmaster.master][INFO] 2026-08-30 08:47:51,749: +CACHEDPARAM [/rosout_disable_topics_generation] by /performance_monitor
[rosmaster.master][INFO] 2026-08-30 08:47:51,848: +CACHEDPARAM [/rosout_disable_topics_generation] by /performance_monitor
[rosmaster.master][INFO] 2026-08-30 08:47:51,949: +CACHEDPARAM [/rosout_disable_topics_generation] by /performance_monitor
[rosmaster.master][INFO] 2026-08-30 08:47:52,048: +CACHEDPARAM [/rosout_disable_topics_generation] by /performance_monitor
[rosmaster.master][INFO] 2026-08-30 08:47:52,139: +CACHEDPARAM [/rosout_disable_topics_generation] by /performance_monitor
[rosmaster.master][INFO] 2026-08-30 08:47:52,298: +CACHEDPARAM [/rosout_disable_topics_generation] by /performance_monitor
[rosmaster.master][INFO] 2026-08-30 08:47:52,535: +CACHEDPARAM [/rosout_disable_topics_generation] by /performance_monitor
[rosmaster.master][INFO] 2026-08-30 08:47:52,777: +CACHEDPARAM [/rosout_disable_topics_generation] by /performance_monitor
[rosmaster.master][INFO] 2026-08-30 08:47:53,010: +CACHEDPARAM [/rosout_disable_topics_generation] by /performance_monitor
[rosmaster.master][INFO] 2026-08-30 08:47:53,333: +CACHEDPARAM [/rosout_disable_topics_generation] by /performance_monitor
[rosmaster.master][INFO] 2026-08-30 08:47:53,545: +CACHEDPARAM [/rosout_disable_topics_generation] by /performance_monitor
[rosmaster.master][INFO] 2026-08-30 08:47:53,554: +CACHEDPARAM [/rosout_disable_topics_generation] by /performance_monitor
[rosmaster.master][INFO] 2026-08-30 08:47:53,824: +CACHEDPARAM [/rosout_disable_topics_generation] by /performance_monitor
[rosmaster.master][INFO] 2026-08-30 08:47:53,987: -SUB [/performance/command] /performance_monitor http://localhost:41937/
[rosmaster.master][INFO] 2026-08-30 08:47:53,988: -SUB [/performance/benchmark] /performance_monitor http://localhost:41937/
[rosmaster.master][INFO] 2026-08-30 08:47:53,988: -PUB [/rosout] /performance_monitor http://localhost:41937/
[rosmaster.master][INFO] 2026-08-30 08:47:53,988: -PUB [/performance/metrics] /performance_monitor http://localhost:41937/
[rosmaster.master][INFO] 2026-08-30 08:47:53,988: -PUB [/performance/benchmark_results] /performance_monitor http://localhost:41937/
[rosmaster.master][INFO] 2026-08-30 08:47:53,988: -PUB [/performance/alert] /performance_monitor http://localhost:41937/
[rosmaster.master][INFO] 2026-08-30 08:47:53,988: -PUB [/diagnostic_status] /performance_monitor http://localhost:41937/
[rosmaster.master][INFO] 2026-08-30 08:47:53,988: -SERVICE [/performance_monitor/get_loggers] /performance_monitor rosrpc://localhost:45405
[rosmaster.master][INFO] 2026-08-30 08:47:53,989: -SERVICE [/performance_monitor/set_logger_level] /performance_monitor rosrpc://localhost:45405
[rosmaster.master][INFO] 2026-08-30 08:47:54,020: publisherUpdate[/rosout] -> http://localhost:38019/ ['http://localhost:37929/', 'http://localhost:35409/', 'http://localhost:41931/', 'http://localhost:38051/', 'http://localhost:37577/', 'http://localhost:34779/', 'http://localhost:35691/', 'http://localhost:41887/', 'http://localhost:34309/', 'http://localhost:35073/', 'http://localhost:36135/']
[rosmaster.master][INFO] 2026-08-30 08:47:54,023: publisherUpdate[/rosout] -> http://localhost:38019/ ['http://localhost:37929/', 'http://localhost:35409/', 'http://localhost:41931/', 'http://localhost:38051/', 'http://localhost:37577/', 'http://localhost:34779/', 'http://localhost:35691/', 'http://localhost:41887/', 'http://localhost:34309/', 'http://localhost:35073/', 'http://localhost:36135/']: sec=0.00, result=[1, '', 0]
[rosmaster.master][INFO] 2026-08-30 08:47:54,099: +CACHEDPARAM [/rosout_disable_topics_generation] by /performance_monitor
[rosmaster.master][INFO] 2026-08-30 08:47:54,472: +CACHEDPARAM [/rosout_disable_topics_generation] by /performance_monitor
[rosmaster.master][INFO] 2026-08-30 08:47:57,420: +PUB [/rosout] /performance_monitor http://localhost:40985/
[rosmaster.master][INFO] 2026-08-30 08:47:57,426: +SERVICE [/performance_monitor/get_loggers] /performance_monitor http://localhost:40985/
[rosmaster.master][INFO] 2026-08-30 08:47:57,426: publisherUpdate[/rosout] -> http://localhost:38019/ ['http://localhost:37929/', 'http://localhost:35409/', 'http://localhost:41931/', 'http://localhost:38051/', 'http://localhost:37577/', 'http://localhost:34779/', 'http://localhost:35691/', 'http://localhost:41887/', 'http://localhost:34309/', 'http://localhost:35073/', 'http://localhost:36135/', 'http://localhost:40985/']
[rosmaster.master][INFO] 2026-08-30 08:47:57,427: +SERVICE [/performance_monitor/set_logger_level] /performance_monitor http://localhost:40985/
[rosmaster.master][INFO] 2026-08-30 08:47:57,428: publisherUpdate[/rosout] -> http://localhost:38019/ ['http://localhost:37929/', 'http://localhost:35409/', 'http://localhost:41931/', 'http://localhost:38051/', 'http://localhost:37577/', 'http://localhost:34779/', 'http://localhost:35691/', 'http://localhost:41887/', 'http://localhost:34309/', 'http://localhost:35073/', 'http://localhost:36135/', 'http://localhost:40985/']: sec=0.00, result=[1, '', 0]
[rosmaster.master][INFO] 2026-08-30 08:47:57,434: +SUB [/performance/command] /performance_monitor http://localhost:40985/
[rosmaster.master][INFO] 2026-08-30 08:47:57,435: +SUB [/performance/benchmark] /performance_monitor http://localhost:40985/
[rosmaster.master][INFO] 2026-08-30 08:47:57,436: +PUB [/performance/metrics] /performance_monitor http://localhost:40985/
[rosmaster.master][INFO] 2026-08-30 08:47:57,437: +PUB [/performance/benchmark_results] /performance_monitor http://localhost:40985/
[rosmaster.master][INFO] 2026-08-30 08:47:57,438: +PUB [/performance/alert] /performance_monitor http://localhost:40985/
[rosmaster.master][INFO] 2026-08-30 08:47:57,439: +PUB [/diagnostic_status] /performance_monitor http://localhost:40985/
[rosmaster.master][INFO] 2026-08-30 08:47:57,440: +CACHEDPARAM [/rosout_disable_topics_generation] by /performance_monitor
[rosmaster.master][INFO] 2026-08-30 08:47:59,448: +CACHEDPARAM [/rosout_disable_topics_generation] by /performance_monitor
[rosmaster.master][INFO] 2026-08-30 08:48:04,454: +CACHEDPARAM [/rosout_disable_topics_generation] by /performance_monitor
[rosmaster.master][INFO] 2026-08-30 08:48:09,464: +CACHEDPARAM [/rosout_disable_topics_generation] by /performance_monitor
[rosmaster.master][INFO] 2026-08-30 08:48:10,706: +CACHEDPARAM [/rosout_disable_topics_generation] by /performance_monitor
[rosmaster.master][INFO] 2026-08-30 08:48:11,450: +CACHEDPARAM [/rosout_disable_topics_generation] by /performance_monitor
[rosmaster.master][INFO] 2026-08-30 08:48:12,651: +CACHEDPARAM [/rosout_disable_topics_generation] by /performance_monitor
[rosmaster.master][INFO] 2026-08-30 08:48:12,712: +CACHEDPARAM [/rosout_disable_topics_generation] by /performance_monitor
[rosmaster.master][INFO] 2026-08-30 08:48:12,724: +CACHEDPARAM [/rosout_disable_topics_generation] by /performance_monitor
[rosmaster.master][INFO] 2026-08-30 08:48:17,729: +CACHEDPARAM [/rosout_disable_topics_generation] by /performance_monitor
[rosmaster.master][INFO] 2026-08-30 08:48:18,960: +CACHEDPARAM [/rosout_disable_topics_generation] by /performance_monitor
[rosmaster.master][INFO] 2026-08-30 08:48:19,672: +CACHEDPARAM [/rosout_disable_topics_generation] by /performance_monitor
[rosmaster.master][INFO] 2026-08-30 08:48:20,866: +CACHEDPARAM [/rosout_disable_topics_generation] by /performance_monitor
[rosmaster.master][INFO] 2026-08-30 08:48:20,930: +CACHEDPARAM [/rosout_disable_topics_generation] by /performance_monitor
[rosmaster.master][INFO] 2026-08-30 08:48:20,932: +CACHEDPARAM [/rosout_disable_topics_generation] by /performance_monitor
[rosmaster.master][INFO] 2026-08-30 08:48:25,934: +CACHEDPARAM [/rosout_disable_topics_generation] by /performance_monitor
[rosmaster.master][INFO] 2026-08-30 08:48:27,149: +CACHEDPARAM [/rosout_disable_topics_generation] by /performance_monitor
[rosmaster.master][INFO] 2026-08-30 08:48:27,863: +CACHEDPARAM [/rosout_disable_topics_generation] by /performance_monitor
[rosmaster.master][INFO] 2026-08-30 08:48:29,082: +CACHEDPARAM [/rosout_disable_topics_generation] by /performance_monitor
[rosmaster.master][INFO] 2026-08-30 08:48:29,136: +CACHEDPARAM [/rosout_disable_topics_generation] by /performance_monitor
[rosmaster.master][INFO] 2026-08-30 08:48:29,137: +CACHEDPARAM [/rosout_disable_topics_generation] by /performance_monitor
[rosmaster.master][INFO] 2026-08-30 08:48:34,141: +CACHEDPARAM [/rosout_disable_topics_generation] by /performance_monitor
[rosmaster.master][INFO] 2026-08-30 08:48:35,371: +CACHEDPARAM [/rosout_disable_topics_generation] by /performance_monitor
[rosmaster.master][INFO] 2026-08-30 08:48:36,074: +CACHEDPARAM [/rosout_disable_topics_generation] by /performance_monitor
[rosmaster.master][INFO] 2026-08-30 08:48:37,282: +CACHEDPARAM [/rosout_disable_topics_generation] by /performance_monitor
[rosmaster.master][INFO] 2026-08-30 08:48:37,339: +CACHEDPARAM [/rosout_disable_topics_generation] by /performance_monitor
[rosmaster.master][INFO] 2026-08-30 08:48:37,341: +CACHEDPARAM [/rosout_disable_topics_generation] by /performance_monitor
[rosmaster.master][INFO] 2026-08-30 08:48:42,345: +CACHEDPARAM [/rosout_disable_topics_generation] by /performance_monitor
[rosmaster.master][INFO] 2026-08-30 08:48:43,586: +CACHEDPARAM [/rosout_disable_topics_generation] by /performance_monitor
[rosmaster.master][INFO] 2026-08-30 08:48:44,282: +CACHEDPARAM [/rosout_disable_topics_generation] by /performance_monitor
[rosmaster.master][INFO] 2026-08-30 08:48:45,472: +CACHEDPARAM [/rosout_disable_topics_generation] by /performance_monitor
[rosmaster.master][INFO] 2026-08-30 08:48:45,537: +CACHEDPARAM [/rosout_disable_topics_generation] by /performance_monitor
[rosmaster.master][INFO] 2026-08-30 08:48:45,539: +CACHEDPARAM [/rosout_disable_topics_generation] by /performance_monitor
[rosmaster.master][INFO] 2026-08-30 08:48:50,541: +CACHEDPARAM [/rosout_disable_topics_generation] by /performance_monitor
[rosmaster.master][INFO] 2026-08-30 08:48:51,784: +CACHEDPARAM [/rosout_disable_topics_generation] by /performance_monitor
[rosmaster.master][INFO] 2026-08-30 08:48:52,477: +CACHEDPARAM [/rosout_disable_topics_generation] by /performance_monitor
[rosmaster.master][INFO] 2026-08-30 08:48:53,678: +CACHEDPARAM [/rosout_disable_topics_generation] by /performance_monitor
[rosmaster.master][INFO] 2026-08-30 08:48:53,733: +CACHEDPARAM [/rosout_disable_topics_generation] by /performance_monitor
[rosmaster.master][INFO] 2026-08-30 08:48:53,734: +CACHEDPARAM [/rosout_disable_topics_generation] by /performance_monitor
[rosmaster.master][INFO] 2026-08-30 08:48:58,737: +CACHEDPARAM [/rosout_disable_topics_generation] by /performance_monitor
[rosmaster.master][INFO] 2026-08-30 08:48:59,975: +CACHEDPARAM [/rosout_disable_topics_generation] by /performance_monitor
[rosmaster.master][INFO] 2026-08-30 08:49:00,675: +CACHEDPARAM [/rosout_disable_topics_generation] by /performance_monitor
[rosmaster.master][INFO] 2026-08-30 08:49:01,875: +CACHEDPARAM [/rosout_disable_topics_generation] by /performance_monitor
[rosmaster.master][INFO] 2026-08-30 08:49:01,929: +CACHEDPARAM [/rosout_disable_topics_generation] by /performance_monitor
[rosmaster.master][INFO] 2026-08-30 08:49:01,931: +CACHEDPARAM [/rosout_disable_topics_generation] by /performance_monitor
[rosmaster.master][INFO] 2026-08-30 08:49:06,936: +CACHEDPARAM [/rosout_disable_topics_generation] by /performance_monitor
[rosmaster.master][INFO] 2026-08-30 08:49:08,165: +CACHEDPARAM [/rosout_disable_topics_generation] by /performance_monitor
[rosmaster.master][INFO] 2026-08-30 08:49:08,867: +CACHEDPARAM [/rosout_disable_topics_generation] by /performance_monitor
[rosmaster.master][INFO] 2026-08-30 08:49:10,060: +CACHEDPARAM [/rosout_disable_topics_generation] by /performance_monitor
[rosmaster.master][INFO] 2026-08-30 08:49:10,110: +CACHEDPARAM [/rosout_disable_topics_generation] by /performance_monitor
[rosmaster.master][INFO] 2026-08-30 08:49:10,112: +CACHEDPARAM [/rosout_disable_topics_generation] by /performance_monitor
[rosmaster.master][INFO] 2026-08-30 08:49:15,115: +CACHEDPARAM [/rosout_disable_topics_generation] by /performance_monitor
[rosmaster.master][INFO] 2026-08-30 08:49:16,372: +CACHEDPARAM [/rosout_disable_topics_generation] by /performance_monitor
[rosmaster.master][INFO] 2026-08-30 08:49:17,077: +CACHEDPARAM [/rosout_disable_topics_generation] by /performance_monitor
[rosmaster.master][INFO] 2026-08-30 08:49:18,278: +CACHEDPARAM [/rosout_disable_topics_generation] by /performance_monitor
[rosmaster.master][INFO] 2026-08-30 08:49:18,334: +CACHEDPARAM [/rosout_disable_topics_generation] by /performance_monitor
[rosmaster.master][INFO] 2026-08-30 08:49:18,336: +CACHEDPARAM [/rosout_disable_topics_generation] by /performance_monitor
[rosmaster.master][INFO] 2026-08-30 08:49:23,339: +CACHEDPARAM [/rosout_disable_topics_generation] by /performance_monitor
[rosmaster.master][INFO] 2026-08-30 08:49:24,566: +CACHEDPARAM [/rosout_disable_topics_generation] by /performance_monitor
[rosmaster.master][INFO] 2026-08-30 08:49:25,254: +CACHEDPARAM [/rosout_disable_topics_generation] by /performance_monitor
[rosmaster.master][INFO] 2026-08-30 08:49:26,469: +CACHEDPARAM [/rosout_disable_topics_generation] by /performance_monitor
[rosmaster.master][INFO] 2026-08-30 08:49:26,538: +CACHEDPARAM [/rosout_disable_topics_generation] by /performance_monitor
[rosmaster.master][INFO] 2026-08-30 08:49:26,540: +CACHEDPARAM [/rosout_disable_topics_generation] by /performance_monitor
[rosmaster.master][INFO] 2026-08-30 08:49:31,547: +CACHEDPARAM [/rosout_disable_topics_generation] by /performance_monitor
[rosmaster.master][INFO] 2026-08-30 08:49:32,791: +CACHEDPARAM [/rosout_disable_topics_generation] by /performance_monitor
[rosmaster.master][INFO] 2026-08-30 08:49:33,497: +CACHEDPARAM [/rosout_disable_topics_generation] by /performance_monitor
[rosmaster.master][INFO] 2026-08-30 08:49:34,678: +CACHEDPARAM [/rosout_disable_topics_generation] by /performance_monitor
[rosmaster.master][INFO] 2026-08-30 08:49:34,748: +CACHEDPARAM [/rosout_disable_topics_generation] by /performance_monitor
[rosmaster.master][INFO] 2026-08-30 08:49:34,754: +CACHEDPARAM [/rosout_disable_topics_generation] by /performance_monitor
[rosmaster.master][INFO] 2026-08-30 08:49:39,756: +CACHEDPARAM [/rosout_disable_topics_generation] by /performance_monitor
[rosmaster.master][INFO] 2026-08-30 08:49:41,021: +CACHEDPARAM [/rosout_disable_topics_generation] by /performance_monitor
[rosmaster.master][INFO] 2026-08-30 08:49:41,717: +CACHEDPARAM [/rosout_disable_topics_generation] by /performance_monitor
[rosmaster.master][INFO] 2026-08-30 08:49:42,895: +CACHEDPARAM [/rosout_disable_topics_generation] by /performance_monitor
[rosmaster.master][INFO] 2026-08-30 08:49:42,962: +CACHEDPARAM [/rosout_disable_topics_generation] by /performance_monitor
[rosmaster.master][INFO] 2026-08-30 08:49:42,964: +CACHEDPARAM [/rosout_disable_topics_generation] by /performance_monitor
[rosmaster.master][INFO] 2026-08-30 08:49:47,966: +CACHEDPARAM [/rosout_disable_topics_generation] by /performance_monitor
[rosmaster.master][INFO] 2026-08-30 08:49:49,224: +CACHEDPARAM [/rosout_disable_topics_generation] by /performance_monitor
[rosmaster.master][INFO] 2026-08-30 08:49:49,923: +CACHEDPARAM [/rosout_disable_topics_generation] by /performance_monitor
[rosmaster.master][INFO] 2026-08-30 08:49:51,133: +CACHEDPARAM [/rosout_disable_topics_generation] by /performance_monitor
[rosmaster.master][INFO] 2026-08-30 08:49:51,199: +CACHEDPARAM [/rosout_disable_topics_generation] by /performance_monitor
[rosmaster.master][INFO] 2026-08-30 08:49:51,201: +CACHEDPARAM [/rosout_disable_topics_generation] by /performance_monitor
[rosmaster.master][INFO] 2026-08-30 08:49:56,204: +CACHEDPARAM [/rosout_disable_topics_generation] by /performance_monitor
[rosmaster.master][INFO] 2026-08-30 08:49:57,441: +CACHEDPARAM [/rosout_disable_topics_generation] by /performance_monitor
[rosmaster.master][INFO] 2026-08-30 08:49:58,156: +CACHEDPARAM [/rosout_disable_topics_generation] by /performance_monitor
[rosmaster.master][INFO] 2026-08-30 08:49:59,328: +CACHEDPARAM [/rosout_disable_topics_generation] by /performance_monitor
[rosmaster.master][INFO] 2026-08-30 08:49:59,397: +CACHEDPARAM [/rosout_disable_topics_generation] by /performance_monitor
[rosmaster.master][INFO] 2026-08-30 08:49:59,398: +CACHEDPARAM [/rosout_disable_topics_generation] by /performance_monitor
[rosmaster.master][INFO] 2026-08-30 08:50:04,402: +CACHEDPARAM [/rosout_disable_topics_generation] by /performance_monitor
[rosmaster.master][INFO] 2026-08-30 08:50:05,650: +CACHEDPARAM [/rosout_disable_topics_generation] by /performance_monitor
[rosmaster.master][INFO] 2026-08-30 08:50:06,348: +CACHEDPARAM [/rosout_disable_topics_generation] by /performance_monitor
[rosmaster.master][INFO] 2026-08-30 08:50:07,562: +CACHEDPARAM [/rosout_disable_topics_generation] by /performance_monitor
[rosmaster.master][INFO] 2026-08-30 08:50:07,621: +CACHEDPARAM [/rosout_disable_topics_generation] by /performance_monitor
[rosmaster.master][INFO] 2026-08-30 08:50:07,623: +CACHEDPARAM [/rosout_disable_topics_generation] by /performance_monitor
[rosmaster.master][INFO] 2026-08-30 08:50:12,627: +CACHEDPARAM [/rosout_disable_topics_generation] by /performance_monitor
[rosmaster.master][INFO] 2026-08-30 08:50:13,878: +CACHEDPARAM [/rosout_disable_topics_generation] by /performance_monitor
[rosmaster.master][INFO] 2026-08-30 08:50:14,579: +CACHEDPARAM [/rosout_disable_topics_generation] by /performance_monitor
[rosmaster.master][INFO] 2026-08-30 08:50:15,793: +CACHEDPARAM [/rosout_disable_topics_generation] by /performance_monitor
[rosmaster.master][INFO] 2026-08-30 08:50:15,841: +CACHEDPARAM [/rosout_disable_topics_generation] by /performance_monitor
[rosmaster.master][INFO] 2026-08-30 08:50:15,842: +CACHEDPARAM [/rosout_disable_topics_generation] by /performance_monitor
[rosmaster.master][INFO] 2026-08-30 08:50:20,846: +CACHEDPARAM [/rosout_disable_topics_generation] by /performance_monitor
[rosmaster.master][INFO] 2026-08-30 08:50:22,235: +CACHEDPARAM [/rosout_disable_topics_generation] by /performance_monitor
[rosmaster.master][INFO] 2026-08-30 08:50:22,934: +CACHEDPARAM [/rosout_disable_topics_generation] by /performance_monitor
[rosmaster.master][INFO] 2026-08-30 08:50:24,074: +CACHEDPARAM [/rosout_disable_topics_generation] by /performance_monitor
[rosmaster.master][INFO] 2026-08-30 08:50:24,125: +CACHEDPARAM [/rosout_disable_topics_generation] by /performance_monitor
[rosmaster.master][INFO] 2026-08-30 08:50:24,127: +CACHEDPARAM [/rosout_disable_topics_generation] by /performance_monitor
[rosmaster.master][INFO] 2026-08-30 08:50:29,131: +CACHEDPARAM [/rosout_disable_topics_generation] by /performance_monitor
[rosmaster.master][INFO] 2026-08-30 08:50:30,367: +CACHEDPARAM [/rosout_disable_topics_generation] by /performance_monitor
[rosmaster.master][INFO] 2026-08-30 08:50:31,071: +CACHEDPARAM [/rosout_disable_topics_generation] by /performance_monitor
[rosmaster.master][INFO] 2026-08-30 08:50:32,269: +CACHEDPARAM [/rosout_disable_topics_generation] by /performance_monitor
[rosmaster.master][INFO] 2026-08-30 08:50:32,316: +CACHEDPARAM [/rosout_disable_topics_generation] by /performance_monitor
[rosmaster.master][INFO] 2026-08-30 08:50:32,318: +CACHEDPARAM [/rosout_disable_topics_generation] by /performance_monitor
[rosmaster.master][INFO] 2026-08-30 08:50:37,320: +CACHEDPARAM [/rosout_disable_topics_generation] by /performance_monitor
[rosmaster.master][INFO] 2026-08-30 08:50:38,565: +CACHEDPARAM [/rosout_disable_topics_generation] by /performance_monitor
[rosmaster.master][INFO] 2026-08-30 08:50:39,268: +CACHEDPARAM [/rosout_disable_topics_generation] by /performance_monitor
[rosmaster.master][INFO] 2026-08-30 08:50:40,470: +CACHEDPARAM [/rosout_disable_topics_generation] by /performance_monitor
[rosmaster.master][INFO] 2026-08-30 08:50:40,518: +CACHEDPARAM [/rosout_disable_topics_generation] by /performance_monitor
[rosmaster.master][INFO] 2026-08-30 08:50:40,520: +CACHEDPARAM [/rosout_disable_topics_generation] by /performance_monitor
[rosmaster.master][INFO] 2026-08-30 08:50:43,631: +PUB [/rosout] /trajectory_planner http://localhost:37519/
[rosmaster.master][INFO] 2026-08-30 08:50:43,636: +SERVICE [/trajectory_planner/get_loggers] /trajectory_planner http://localhost:37519/
[rosmaster.master][INFO] 2026-08-30 08:50:43,637: +SERVICE [/trajectory_planner/set_logger_level] /trajectory_planner http://localhost:37519/
[rosmaster.master][INFO] 2026-08-30 08:50:43,642: +SUB [/mavros/local_position/odom] /trajectory_planner http://localhost:37519/
[rosmaster.master][INFO] 2026-08-30 08:50:43,644: +SUB [/tracked_targets] /trajectory_planner http://localhost:37519/
[rosmaster.master][INFO] 2026-08-30 08:50:43,646: +SUB [/mission_status] /trajectory_planner http://localhost:37519/
[rosmaster.master][INFO] 2026-08-30 08:50:43,647: +PUB [/planned_trajectory] /trajectory_planner http://localhost:37519/
[rosmaster.master][INFO] 2026-08-30 08:50:43,649: +PUB [/waypoints] /trajectory_planner http://localhost:37519/
[rosmaster.master][INFO] 2026-08-30 08:50:43,650: +PUB [/path] /trajectory_planner http://localhost:37519/
[rosmaster.master][INFO] 2026-08-30 08:50:43,651: +PUB [/planner_status] /trajectory_planner http://localhost:37519/
[rosmaster.master][INFO] 2026-08-30 08:50:43,662: +CACHEDPARAM [/rosout_disable_topics_generation] by /trajectory_planner
[rosmaster.master][INFO] 2026-08-30 08:50:43,669: publisherUpdate[/rosout] -> http://localhost:38019/ ['http://localhost:37929/', 'http://localhost:35409/', 'http://localhost:41931/', 'http://localhost:38051/', 'http://localhost:37577/', 'http://localhost:34779/', 'http://localhost:35691/', 'http://localhost:41887/', 'http://localhost:34309/', 'http://localhost:35073/', 'http://localhost:36135/', 'http://localhost:40985/', 'http://localhost:37519/']
[rosmaster.master][INFO] 2026-08-30 08:50:43,670: +CACHEDPARAM [/rosout_disable_topics_generation] by /mission_manager
[rosmaster.master][INFO] 2026-08-30 08:50:43,672: publisherUpdate[/rosout] -> http://localhost:38019/ ['http://localhost:37929/', 'http://localhost:35409/', 'http://localhost:41931/', 'http://localhost:38051/', 'http://localhost:37577/', 'http://localhost:34779/', 'http://localhost:35691/', 'http://localhost:41887/', 'http://localhost:34309/', 'http://localhost:35073/', 'http://localhost:36135/', 'http://localhost:40985/', 'http://localhost:37519/']: sec=0.00, result=[1, '', 0]
[rosmaster.master][INFO] 2026-08-30 08:50:45,521: +CACHEDPARAM [/rosout_disable_topics_generation] by /performance_monitor
[rosmaster.master][INFO] 2026-08-30 08:50:46,755: +CACHEDPARAM [/rosout_disable_topics_generation] by /performance_monitor
[rosmaster.master][INFO] 2026-08-30 08:50:47,460: +CACHEDPARAM [/rosout_disable_topics_generation] by /performance_monitor
[rosmaster.master][INFO] 2026-08-30 08:50:48,643: +CACHEDPARAM [/rosout_disable_topics_generation] by /performance_monitor
[rosmaster.master][INFO] 2026-08-30 08:50:48,697: +CACHEDPARAM [/rosout_disable_topics_generation] by /performance_monitor
[rosmaster.master][INFO] 2026-08-30 08:50:48,699: +CACHEDPARAM [/rosout_disable_topics_generation] by /performance_monitor
[rosmaster.master][INFO] 2026-08-30 08:50:53,704: +CACHEDPARAM [/rosout_disable_topics_generation] by /performance_monitor
[rosmaster.master][INFO] 2026-08-30 08:50:54,944: +CACHEDPARAM [/rosout_disable_topics_generation] by /performance_monitor
[rosmaster.master][INFO] 2026-08-30 08:50:55,652: +CACHEDPARAM [/rosout_disable_topics_generation] by /performance_monitor
[rosmaster.master][INFO] 2026-08-30 08:50:56,858: +CACHEDPARAM [/rosout_disable_topics_generation] by /performance_monitor
[rosmaster.master][INFO] 2026-08-30 08:50:56,906: +CACHEDPARAM [/rosout_disable_topics_generation] by /performance_monitor
[rosmaster.master][INFO] 2026-08-30 08:50:56,907: +CACHEDPARAM [/rosout_disable_topics_generation] by /performance_monitor
[rosmaster.master][INFO] 2026-08-30 08:51:01,909: +CACHEDPARAM [/rosout_disable_topics_generation] by /performance_monitor
[rosmaster.master][INFO] 2026-08-30 08:51:03,399: +CACHEDPARAM [/rosout_disable_topics_generation] by /performance_monitor
[rosmaster.master][INFO] 2026-08-30 08:51:04,134: +CACHEDPARAM [/rosout_disable_topics_generation] by /performance_monitor
[rosmaster.master][INFO] 2026-08-30 08:51:05,324: +CACHEDPARAM [/rosout_disable_topics_generation] by /performance_monitor
[rosmaster.master][INFO] 2026-08-30 08:51:05,383: +CACHEDPARAM [/rosout_disable_topics_generation] by /performance_monitor
[rosmaster.master][INFO] 2026-08-30 08:51:05,385: +CACHEDPARAM [/rosout_disable_topics_generation] by /performance_monitor
[rosmaster.master][INFO] 2026-08-30 08:51:10,386: +CACHEDPARAM [/rosout_disable_topics_generation] by /performance_monitor
[rosmaster.master][INFO] 2026-08-30 08:51:11,618: +CACHEDPARAM [/rosout_disable_topics_generation] by /performance_monitor
[rosmaster.master][INFO] 2026-08-30 08:51:12,326: +CACHEDPARAM [/rosout_disable_topics_generation] by /performance_monitor
[rosmaster.master][INFO] 2026-08-30 08:51:13,497: +CACHEDPARAM [/rosout_disable_topics_generation] by /performance_monitor
[rosmaster.master][INFO] 2026-08-30 08:51:13,544: +CACHEDPARAM [/rosout_disable_topics_generation] by /performance_monitor
[rosmaster.master][INFO] 2026-08-30 08:51:13,545: +CACHEDPARAM [/rosout_disable_topics_generation] by /performance_monitor
[rosmaster.master][INFO] 2026-08-30 08:51:18,548: +CACHEDPARAM [/rosout_disable_topics_generation] by /performance_monitor
[rosmaster.master][INFO] 2026-08-30 08:51:19,795: +CACHEDPARAM [/rosout_disable_topics_generation] by /performance_monitor
[rosmaster.master][INFO] 2026-08-30 08:51:20,492: +CACHEDPARAM [/rosout_disable_topics_generation] by /performance_monitor
[rosmaster.master][INFO] 2026-08-30 08:51:21,664: +CACHEDPARAM [/rosout_disable_topics_generation] by /performance_monitor
[rosmaster.master][INFO] 2026-08-30 08:51:21,723: +CACHEDPARAM [/rosout_disable_topics_generation] by /performance_monitor
[rosmaster.master][INFO] 2026-08-30 08:51:21,725: +CACHEDPARAM [/rosout_disable_topics_generation] by /performance_monitor
[rosmaster.master][INFO] 2026-08-30 08:51:26,727: +CACHEDPARAM [/rosout_disable_topics_generation] by /performance_monitor
[rosmaster.master][INFO] 2026-08-30 08:51:27,956: +CACHEDPARAM [/rosout_disable_topics_generation] by /performance_monitor
[rosmaster.master][INFO] 2026-08-30 08:51:28,670: +CACHEDPARAM [/rosout_disable_topics_generation] by /performance_monitor
[rosmaster.master][INFO] 2026-08-30 08:51:29,866: +CACHEDPARAM [/rosout_disable_topics_generation] by /performance_monitor
[rosmaster.master][INFO] 2026-08-30 08:51:29,916: +CACHEDPARAM [/rosout_disable_topics_generation] by /performance_monitor
[rosmaster.master][INFO] 2026-08-30 08:51:29,918: +CACHEDPARAM [/rosout_disable_topics_generation] by /performance_monitor
[rosmaster.master][INFO] 2026-08-30 08:51:34,922: +CACHEDPARAM [/rosout_disable_topics_generation] by /performance_monitor
[rosmaster.master][INFO] 2026-08-30 08:51:36,181: +CACHEDPARAM [/rosout_disable_topics_generation] by /performance_monitor
[rosmaster.master][INFO] 2026-08-30 08:51:36,890: +CACHEDPARAM [/rosout_disable_topics_generation] by /performance_monitor
[rosmaster.master][INFO] 2026-08-30 08:51:38,015: +CACHEDPARAM [/rosout_disable_topics_generation] by /performance_monitor
[rosmaster.master][INFO] 2026-08-30 08:51:38,068: +CACHEDPARAM [/rosout_disable_topics_generation] by /performance_monitor
[rosmaster.master][INFO] 2026-08-30 08:51:38,070: +CACHEDPARAM [/rosout_disable_topics_generation] by /performance_monitor
[rosmaster.master][INFO] 2026-08-30 08:51:43,073: +CACHEDPARAM [/rosout_disable_topics_generation] by /performance_monitor
[rosmaster.master][INFO] 2026-08-30 08:51:44,397: +CACHEDPARAM [/rosout_disable_topics_generation] by /performance_monitor
[rosmaster.master][INFO] 2026-08-30 08:51:45,102: +CACHEDPARAM [/rosout_disable_topics_generation] by /performance_monitor
[rosmaster.master][INFO] 2026-08-30 08:51:46,278: +CACHEDPARAM [/rosout_disable_topics_generation] by /performance_monitor
[rosmaster.master][INFO] 2026-08-30 08:51:46,333: +CACHEDPARAM [/rosout_disable_topics_generation] by /performance_monitor
[rosmaster.master][INFO] 2026-08-30 08:51:46,334: +CACHEDPARAM [/rosout_disable_topics_generation] by /performance_monitor
[rosmaster.master][INFO] 2026-08-30 08:51:51,335: +CACHEDPARAM [/rosout_disable_topics_generation] by /performance_monitor
[rosmaster.master][INFO] 2026-08-30 08:51:52,611: +CACHEDPARAM [/rosout_disable_topics_generation] by /performance_monitor
[rosmaster.master][INFO] 2026-08-30 08:51:53,312: +CACHEDPARAM [/rosout_disable_topics_generation] by /performance_monitor
[rosmaster.master][INFO] 2026-08-30 08:51:54,461: +CACHEDPARAM [/rosout_disable_topics_generation] by /performance_monitor
[rosmaster.master][INFO] 2026-08-30 08:51:54,516: +CACHEDPARAM [/rosout_disable_topics_generation] by /performance_monitor
[rosmaster.master][INFO] 2026-08-30 08:51:54,518: +CACHEDPARAM [/rosout_disable_topics_generation] by /performance_monitor
[rosmaster.master][INFO] 2026-08-30 08:51:59,522: +CACHEDPARAM [/rosout_disable_topics_generation] by /performance_monitor
[rosmaster.master][INFO] 2026-08-30 08:52:00,779: +CACHEDPARAM [/rosout_disable_topics_generation] by /performance_monitor
[rosmaster.master][INFO] 2026-08-30 08:52:01,484: +CACHEDPARAM [/rosout_disable_topics_generation] by /performance_monitor
[rosmaster.master][INFO] 2026-08-30 08:52:02,622: +CACHEDPARAM [/rosout_disable_topics_generation] by /performance_monitor
[rosmaster.master][INFO] 2026-08-30 08:52:02,676: +CACHEDPARAM [/rosout_disable_topics_generation] by /performance_monitor
[rosmaster.master][INFO] 2026-08-30 08:52:02,678: +CACHEDPARAM [/rosout_disable_topics_generation] by /performance_monitor
[rosmaster.master][INFO] 2026-08-30 08:52:07,681: +CACHEDPARAM [/rosout_disable_topics_generation] by /performance_monitor
[rosmaster.master][INFO] 2026-08-30 08:52:08,931: +CACHEDPARAM [/rosout_disable_topics_generation] by /performance_monitor
[rosmaster.master][INFO] 2026-08-30 08:52:09,623: +CACHEDPARAM [/rosout_disable_topics_generation] by /performance_monitor
[rosmaster.master][INFO] 2026-08-30 08:52:10,796: +CACHEDPARAM [/rosout_disable_topics_generation] by /performance_monitor
[rosmaster.master][INFO] 2026-08-30 08:52:10,844: +CACHEDPARAM [/rosout_disable_topics_generation] by /performance_monitor
[rosmaster.master][INFO] 2026-08-30 08:52:10,845: +CACHEDPARAM [/rosout_disable_topics_generation] by /performance_monitor
[rosmaster.master][INFO] 2026-08-30 08:52:15,848: +CACHEDPARAM [/rosout_disable_topics_generation] by /performance_monitor
[rosmaster.master][INFO] 2026-08-30 08:52:17,117: +CACHEDPARAM [/rosout_disable_topics_generation] by /performance_monitor
[rosmaster.master][INFO] 2026-08-30 08:52:17,832: +CACHEDPARAM [/rosout_disable_topics_generation] by /performance_monitor
[rosmaster.master][INFO] 2026-08-30 08:52:19,012: +CACHEDPARAM [/rosout_disable_topics_generation] by /performance_monitor
[rosmaster.master][INFO] 2026-08-30 08:52:19,060: +CACHEDPARAM [/rosout_disable_topics_generation] by /performance_monitor
[rosmaster.master][INFO] 2026-08-30 08:52:19,061: +CACHEDPARAM [/rosout_disable_topics_generation] by /performance_monitor
[rosmaster.master][INFO] 2026-08-30 08:52:24,064: +CACHEDPARAM [/rosout_disable_topics_generation] by /performance_monitor
[rosmaster.master][INFO] 2026-08-30 08:52:25,306: +CACHEDPARAM [/rosout_disable_topics_generation] by /performance_monitor
[rosmaster.master][INFO] 2026-08-30 08:52:26,002: +CACHEDPARAM [/rosout_disable_topics_generation] by /performance_monitor
[rosmaster.master][INFO] 2026-08-30 08:52:27,200: +CACHEDPARAM [/rosout_disable_topics_generation] by /performance_monitor
[rosmaster.master][INFO] 2026-08-30 08:52:27,254: +CACHEDPARAM [/rosout_disable_topics_generation] by /performance_monitor
[rosmaster.master][INFO] 2026-08-30 08:52:27,255: +CACHEDPARAM [/rosout_disable_topics_generation] by /performance_monitor
[rosmaster.master][INFO] 2026-08-30 08:52:32,258: +CACHEDPARAM [/rosout_disable_topics_generation] by /performance_monitor
[rosmaster.master][INFO] 2026-08-30 08:52:33,504: +CACHEDPARAM [/rosout_disable_topics_generation] by /performance_monitor
[rosmaster.master][INFO] 2026-08-30 08:52:34,217: +CACHEDPARAM [/rosout_disable_topics_generation] by /performance_monitor
[rosmaster.master][INFO] 2026-08-30 08:52:35,391: +CACHEDPARAM [/rosout_disable_topics_generation] by /performance_monitor
[rosmaster.master][INFO] 2026-08-30 08:52:35,439: +CACHEDPARAM [/rosout_disable_topics_generation] by /performance_monitor
[rosmaster.master][INFO] 2026-08-30 08:52:35,440: +CACHEDPARAM [/rosout_disable_topics_generation] by /performance_monitor
[rosmaster.master][INFO] 2026-08-30 08:52:40,442: +CACHEDPARAM [/rosout_disable_topics_generation] by /performance_monitor
[rosmaster.master][INFO] 2026-08-30 08:52:41,660: +CACHEDPARAM [/rosout_disable_topics_generation] by /performance_monitor
[rosmaster.master][INFO] 2026-08-30 08:52:42,358: +CACHEDPARAM [/rosout_disable_topics_generation] by /performance_monitor
[rosmaster.master][INFO] 2026-08-30 08:52:43,556: +CACHEDPARAM [/rosout_disable_topics_generation] by /performance_monitor
[rosmaster.master][INFO] 2026-08-30 08:52:43,605: +CACHEDPARAM [/rosout_disable_topics_generation] by /performance_monitor
[rosmaster.master][INFO] 2026-08-30 08:52:43,607: +CACHEDPARAM [/rosout_disable_topics_generation] by /performance_monitor
[rosmaster.master][INFO] 2026-08-30 08:52:48,610: +CACHEDPARAM [/rosout_disable_topics_generation] by /performance_monitor
[rosmaster.master][INFO] 2026-08-30 08:52:49,870: +CACHEDPARAM [/rosout_disable_topics_generation] by /performance_monitor
[rosmaster.master][INFO] 2026-08-30 08:52:50,577: +CACHEDPARAM [/rosout_disable_topics_generation] by /performance_monitor
[rosmaster.master][INFO] 2026-08-30 08:52:51,771: +CACHEDPARAM [/rosout_disable_topics_generation] by /performance_monitor
[rosmaster.master][INFO] 2026-08-30 08:52:51,820: +CACHEDPARAM [/rosout_disable_topics_generation] by /performance_monitor
[rosmaster.master][INFO] 2026-08-30 08:52:51,821: +CACHEDPARAM [/rosout_disable_topics_generation] by /performance_monitor
[rosmaster.master][INFO] 2026-08-30 08:52:56,824: +CACHEDPARAM [/rosout_disable_topics_generation] by /performance_monitor
[rosmaster.master][INFO] 2026-08-30 08:52:58,050: +CACHEDPARAM [/rosout_disable_topics_generation] by /performance_monitor
[rosmaster.master][INFO] 2026-08-30 08:52:58,754: +CACHEDPARAM [/rosout_disable_topics_generation] by /performance_monitor
[rosmaster.master][INFO] 2026-08-30 08:52:59,897: +CACHEDPARAM [/rosout_disable_topics_generation] by /performance_monitor
[rosmaster.master][INFO] 2026-08-30 08:52:59,947: +CACHEDPARAM [/rosout_disable_topics_generation] by /performance_monitor
[rosmaster.master][INFO] 2026-08-30 08:52:59,948: +CACHEDPARAM [/rosout_disable_topics_generation] by /performance_monitor
[rosmaster.master][INFO] 2026-08-30 08:53:04,950: +CACHEDPARAM [/rosout_disable_topics_generation] by /performance_monitor
[rosmaster.master][INFO] 2026-08-30 08:53:06,250: +CACHEDPARAM [/rosout_disable_topics_generation] by /performance_monitor
[rosmaster.master][INFO] 2026-08-30 08:53:06,953: +CACHEDPARAM [/rosout_disable_topics_generation] by /performance_monitor
[rosmaster.master][INFO] 2026-08-30 08:53:08,127: +CACHEDPARAM [/rosout_disable_topics_generation] by /performance_monitor
[rosmaster.master][INFO] 2026-08-30 08:53:08,181: +CACHEDPARAM [/rosout_disable_topics_generation] by /performance_monitor
[rosmaster.master][INFO] 2026-08-30 08:53:08,183: +CACHEDPARAM [/rosout_disable_topics_generation] by /performance_monitor
[rosmaster.master][INFO] 2026-08-30 08:53:13,185: +CACHEDPARAM [/rosout_disable_topics_generation] by /performance_monitor
[rosmaster.master][INFO] 2026-08-30 08:53:14,435: +CACHEDPARAM [/rosout_disable_topics_generation] by /performance_monitor
[rosmaster.master][INFO] 2026-08-30 08:53:15,132: +CACHEDPARAM [/rosout_disable_topics_generation] by /performance_monitor
[rosmaster.master][INFO] 2026-08-30 08:53:16,317: +CACHEDPARAM [/rosout_disable_topics_generation] by /performance_monitor
[rosmaster.master][INFO] 2026-08-30 08:53:16,370: +CACHEDPARAM [/rosout_disable_topics_generation] by /performance_monitor
[rosmaster.master][INFO] 2026-08-30 08:53:16,372: +CACHEDPARAM [/rosout_disable_topics_generation] by /performance_monitor
[rosmaster.master][INFO] 2026-08-30 08:53:21,376: +CACHEDPARAM [/rosout_disable_topics_generation] by /performance_monitor
[rosmaster.master][INFO] 2026-08-30 08:53:22,627: +CACHEDPARAM [/rosout_disable_topics_generation] by /performance_monitor
[rosmaster.master][INFO] 2026-08-30 08:53:23,331: +CACHEDPARAM [/rosout_disable_topics_generation] by /performance_monitor
[rosmaster.master][INFO] 2026-08-30 08:53:24,541: +CACHEDPARAM [/rosout_disable_topics_generation] by /performance_monitor
[rosmaster.master][INFO] 2026-08-30 08:53:24,587: +CACHEDPARAM [/rosout_disable_topics_generation] by /performance_monitor
[rosmaster.master][INFO] 2026-08-30 08:53:24,589: +CACHEDPARAM [/rosout_disable_topics_generation] by /performance_monitor
[rosmaster.master][INFO] 2026-08-30 08:53:29,591: +CACHEDPARAM [/rosout_disable_topics_generation] by /performance_monitor
[rosmaster.master][INFO] 2026-08-30 08:53:30,844: +CACHEDPARAM [/rosout_disable_topics_generation] by /performance_monitor
[rosmaster.master][INFO] 2026-08-30 08:53:31,539: +CACHEDPARAM [/rosout_disable_topics_generation] by /performance_monitor
[rosmaster.master][INFO] 2026-08-30 08:53:32,718: +CACHEDPARAM [/rosout_disable_topics_generation] by /performance_monitor
[rosmaster.master][INFO] 2026-08-30 08:53:32,766: +CACHEDPARAM [/rosout_disable_topics_generation] by /performance_monitor
[rosmaster.master][INFO] 2026-08-30 08:53:32,767: +CACHEDPARAM [/rosout_disable_topics_generation] by /performance_monitor
[rosmaster.master][INFO] 2026-08-30 08:53:37,770: +CACHEDPARAM [/rosout_disable_topics_generation] by /performance_monitor
[rosmaster.master][INFO] 2026-08-30 08:53:39,023: +CACHEDPARAM [/rosout_disable_topics_generation] by /performance_monitor
[rosmaster.master][INFO] 2026-08-30 08:53:39,727: +CACHEDPARAM [/rosout_disable_topics_generation] by /performance_monitor
[rosmaster.master][INFO] 2026-08-30 08:53:40,902: +CACHEDPARAM [/rosout_disable_topics_generation] by /performance_monitor
[rosmaster.master][INFO] 2026-08-30 08:53:40,956: +CACHEDPARAM [/rosout_disable_topics_generation] by /performance_monitor
[rosmaster.master][INFO] 2026-08-30 08:53:40,958: +CACHEDPARAM [/rosout_disable_topics_generation] by /performance_monitor
[rosmaster.master][INFO] 2026-08-30 08:53:45,960: +CACHEDPARAM [/rosout_disable_topics_generation] by /performance_monitor
[rosmaster.master][INFO] 2026-08-30 08:53:47,212: +CACHEDPARAM [/rosout_disable_topics_generation] by /performance_monitor
[rosmaster.master][INFO] 2026-08-30 08:53:47,915: +CACHEDPARAM [/rosout_disable_topics_generation] by /performance_monitor
[rosmaster.master][INFO] 2026-08-30 08:53:49,112: +CACHEDPARAM [/rosout_disable_topics_generation] by /performance_monitor
[rosmaster.master][INFO] 2026-08-30 08:53:49,165: +CACHEDPARAM [/rosout_disable_topics_generation] by /performance_monitor
[rosmaster.master][INFO] 2026-08-30 08:53:49,166: +CACHEDPARAM [/rosout_disable_topics_generation] by /performance_monitor
[rosmaster.master][INFO] 2026-08-30 08:53:54,168: +CACHEDPARAM [/rosout_disable_topics_generation] by /performance_monitor
[rosmaster.master][INFO] 2026-08-30 08:53:55,416: +CACHEDPARAM [/rosout_disable_topics_generation] by /performance_monitor
[rosmaster.master][INFO] 2026-08-30 08:53:56,127: +CACHEDPARAM [/rosout_disable_topics_generation] by /performance_monitor
[rosmaster.master][INFO] 2026-08-30 08:53:57,299: +CACHEDPARAM [/rosout_disable_topics_generation] by /performance_monitor
[rosmaster.master][INFO] 2026-08-30 08:53:57,353: +CACHEDPARAM [/rosout_disable_topics_generation] by /performance_monitor
[rosmaster.master][INFO] 2026-08-30 08:53:57,354: +CACHEDPARAM [/rosout_disable_topics_generation] by /performance_monitor
[rosmaster.master][INFO] 2026-08-30 08:54:02,357: +CACHEDPARAM [/rosout_disable_topics_generation] by /performance_monitor
[rosmaster.master][INFO] 2026-08-30 08:54:03,613: +CACHEDPARAM [/rosout_disable_topics_generation] by /performance_monitor
[rosmaster.master][INFO] 2026-08-30 08:54:04,319: +CACHEDPARAM [/rosout_disable_topics_generation] by /performance_monitor
[rosmaster.master][INFO] 2026-08-30 08:54:05,470: +CACHEDPARAM [/rosout_disable_topics_generation] by /performance_monitor
[rosmaster.master][INFO] 2026-08-30 08:54:05,518: +CACHEDPARAM [/rosout_disable_topics_generation] by /performance_monitor
[rosmaster.master][INFO] 2026-08-30 08:54:05,519: +CACHEDPARAM [/rosout_disable_topics_generation] by /performance_monitor
[rosmaster.master][INFO] 2026-08-30 08:54:10,521: +CACHEDPARAM [/rosout_disable_topics_generation] by /performance_monitor
[rosmaster.master][INFO] 2026-08-30 08:54:11,795: +CACHEDPARAM [/rosout_disable_topics_generation] by /performance_monitor
[rosmaster.master][INFO] 2026-08-30 08:54:12,501: +CACHEDPARAM [/rosout_disable_topics_generation] by /performance_monitor
[rosmaster.master][INFO] 2026-08-30 08:54:13,703: +CACHEDPARAM [/rosout_disable_topics_generation] by /performance_monitor
[rosmaster.master][INFO] 2026-08-30 08:54:13,755: +CACHEDPARAM [/rosout_disable_topics_generation] by /performance_monitor
[rosmaster.master][INFO] 2026-08-30 08:54:13,756: +CACHEDPARAM [/rosout_disable_topics_generation] by /performance_monitor
[rosmaster.master][INFO] 2026-08-30 08:54:18,759: +CACHEDPARAM [/rosout_disable_topics_generation] by /performance_monitor
[rosmaster.master][INFO] 2026-08-30 08:54:20,011: +CACHEDPARAM [/rosout_disable_topics_generation] by /performance_monitor
[rosmaster.master][INFO] 2026-08-30 08:54:20,709: +CACHEDPARAM [/rosout_disable_topics_generation] by /performance_monitor
[rosmaster.master][INFO] 2026-08-30 08:54:21,906: +CACHEDPARAM [/rosout_disable_topics_generation] by /performance_monitor
[rosmaster.master][INFO] 2026-08-30 08:54:21,956: +CACHEDPARAM [/rosout_disable_topics_generation] by /performance_monitor
[rosmaster.master][INFO] 2026-08-30 08:54:21,958: +CACHEDPARAM [/rosout_disable_topics_generation] by /performance_monitor
[rosmaster.master][INFO] 2026-08-30 08:54:26,960: +CACHEDPARAM [/rosout_disable_topics_generation] by /performance_monitor
[rosmaster.master][INFO] 2026-08-30 08:54:28,231: +CACHEDPARAM [/rosout_disable_topics_generation] by /performance_monitor
[rosmaster.master][INFO] 2026-08-30 08:54:28,934: +CACHEDPARAM [/rosout_disable_topics_generation] by /performance_monitor
[rosmaster.master][INFO] 2026-08-30 08:54:30,059: +CACHEDPARAM [/rosout_disable_topics_generation] by /performance_monitor
[rosmaster.master][INFO] 2026-08-30 08:54:30,114: +CACHEDPARAM [/rosout_disable_topics_generation] by /performance_monitor
[rosmaster.master][INFO] 2026-08-30 08:54:30,116: +CACHEDPARAM [/rosout_disable_topics_generation] by /performance_monitor
[rosmaster.master][INFO] 2026-08-30 08:54:35,119: +CACHEDPARAM [/rosout_disable_topics_generation] by /performance_monitor
[rosmaster.master][INFO] 2026-08-30 08:54:36,364: +CACHEDPARAM [/rosout_disable_topics_generation] by /performance_monitor
[rosmaster.master][INFO] 2026-08-30 08:54:37,065: +CACHEDPARAM [/rosout_disable_topics_generation] by /performance_monitor
[rosmaster.master][INFO] 2026-08-30 08:54:38,194: +CACHEDPARAM [/rosout_disable_topics_generation] by /performance_monitor
[rosmaster.master][INFO] 2026-08-30 08:54:38,245: +CACHEDPARAM [/rosout_disable_topics_generation] by /performance_monitor
[rosmaster.master][INFO] 2026-08-30 08:54:38,247: +CACHEDPARAM [/rosout_disable_topics_generation] by /performance_monitor
[rosmaster.master][INFO] 2026-08-30 08:54:43,251: +CACHEDPARAM [/rosout_disable_topics_generation] by /performance_monitor
[rosmaster.master][INFO] 2026-08-30 08:54:44,556: +CACHEDPARAM [/rosout_disable_topics_generation] by /performance_monitor
[rosmaster.master][INFO] 2026-08-30 08:54:45,263: +CACHEDPARAM [/rosout_disable_topics_generation] by /performance_monitor
[rosmaster.master][INFO] 2026-08-30 08:54:46,437: +CACHEDPARAM [/rosout_disable_topics_generation] by /performance_monitor
[rosmaster.master][INFO] 2026-08-30 08:54:46,493: +CACHEDPARAM [/rosout_disable_topics_generation] by /performance_monitor
[rosmaster.master][INFO] 2026-08-30 08:54:46,494: +CACHEDPARAM [/rosout_disable_topics_generation] by /performance_monitor
[rosmaster.master][INFO] 2026-08-30 08:54:51,552: +CACHEDPARAM [/rosout_disable_topics_generation] by /performance_monitor
[rosmaster.master][INFO] 2026-08-30 08:54:54,617: +CACHEDPARAM [/rosout_disable_topics_generation] by /performance_monitor
[rosmaster.master][INFO] 2026-08-30 08:54:55,593: +CACHEDPARAM [/rosout_disable_topics_generation] by /performance_monitor
[rosmaster.master][INFO] 2026-08-30 08:54:56,729: +CACHEDPARAM [/rosout_disable_topics_generation] by /performance_monitor
[rosmaster.master][INFO] 2026-08-30 08:54:56,785: +CACHEDPARAM [/rosout_disable_topics_generation] by /performance_monitor
[rosmaster.master][INFO] 2026-08-30 08:54:56,787: +CACHEDPARAM [/rosout_disable_topics_generation] by /performance_monitor
[rosmaster.master][INFO] 2026-08-30 08:55:01,789: +CACHEDPARAM [/rosout_disable_topics_generation] by /performance_monitor
[rosmaster.master][INFO] 2026-08-30 08:55:03,072: +CACHEDPARAM [/rosout_disable_topics_generation] by /performance_monitor
[rosmaster.master][INFO] 2026-08-30 08:55:03,778: +CACHEDPARAM [/rosout_disable_topics_generation] by /performance_monitor
[rosmaster.master][INFO] 2026-08-30 08:55:04,997: +CACHEDPARAM [/rosout_disable_topics_generation] by /performance_monitor
[rosmaster.master][INFO] 2026-08-30 08:55:05,049: +CACHEDPARAM [/rosout_disable_topics_generation] by /performance_monitor
[rosmaster.master][INFO] 2026-08-30 08:55:05,051: +CACHEDPARAM [/rosout_disable_topics_generation] by /performance_monitor
[rosmaster.master][INFO] 2026-08-30 08:55:10,054: +CACHEDPARAM [/rosout_disable_topics_generation] by /performance_monitor
[rosmaster.master][INFO] 2026-08-30 08:55:11,332: +CACHEDPARAM [/rosout_disable_topics_generation] by /performance_monitor
[rosmaster.master][INFO] 2026-08-30 08:55:12,052: +CACHEDPARAM [/rosout_disable_topics_generation] by /performance_monitor
[rosmaster.master][INFO] 2026-08-30 08:55:13,222: +CACHEDPARAM [/rosout_disable_topics_generation] by /performance_monitor
[rosmaster.master][INFO] 2026-08-30 08:55:13,273: +CACHEDPARAM [/rosout_disable_topics_generation] by /performance_monitor
[rosmaster.master][INFO] 2026-08-30 08:55:13,275: +CACHEDPARAM [/rosout_disable_topics_generation] by /performance_monitor
[rosmaster.master][INFO] 2026-08-30 08:55:18,278: +CACHEDPARAM [/rosout_disable_topics_generation] by /performance_monitor
[rosmaster.master][INFO] 2026-08-30 08:55:19,513: +CACHEDPARAM [/rosout_disable_topics_generation] by /performance_monitor
[rosmaster.master][INFO] 2026-08-30 08:55:20,226: +CACHEDPARAM [/rosout_disable_topics_generation] by /performance_monitor
[rosmaster.master][INFO] 2026-08-30 08:55:21,354: +CACHEDPARAM [/rosout_disable_topics_generation] by /performance_monitor
[rosmaster.master][INFO] 2026-08-30 08:55:21,410: +CACHEDPARAM [/rosout_disable_topics_generation] by /performance_monitor
[rosmaster.master][INFO] 2026-08-30 08:55:21,411: +CACHEDPARAM [/rosout_disable_topics_generation] by /performance_monitor
[rosmaster.master][INFO] 2026-08-30 08:55:26,414: +CACHEDPARAM [/rosout_disable_topics_generation] by /performance_monitor
[rosmaster.master][INFO] 2026-08-30 08:55:27,660: +CACHEDPARAM [/rosout_disable_topics_generation] by /performance_monitor
[rosmaster.master][INFO] 2026-08-30 08:55:28,369: +CACHEDPARAM [/rosout_disable_topics_generation] by /performance_monitor
[rosmaster.master][INFO] 2026-08-30 08:55:29,548: +CACHEDPARAM [/rosout_disable_topics_generation] by /performance_monitor
[rosmaster.master][INFO] 2026-08-30 08:55:29,602: +CACHEDPARAM [/rosout_disable_topics_generation] by /performance_monitor
[rosmaster.master][INFO] 2026-08-30 08:55:29,604: +CACHEDPARAM [/rosout_disable_topics_generation] by /performance_monitor
[rosmaster.master][INFO] 2026-08-30 08:55:34,606: +CACHEDPARAM [/rosout_disable_topics_generation] by /performance_monitor
[rosmaster.master][INFO] 2026-08-30 08:55:35,875: +CACHEDPARAM [/rosout_disable_topics_generation] by /performance_monitor
[rosmaster.master][INFO] 2026-08-30 08:55:36,579: +CACHEDPARAM [/rosout_disable_topics_generation] by /performance_monitor
[rosmaster.master][INFO] 2026-08-30 08:55:37,782: +CACHEDPARAM [/rosout_disable_topics_generation] by /performance_monitor
[rosmaster.master][INFO] 2026-08-30 08:55:37,830: +CACHEDPARAM [/rosout_disable_topics_generation] by /performance_monitor
[rosmaster.master][INFO] 2026-08-30 08:55:37,832: +CACHEDPARAM [/rosout_disable_topics_generation] by /performance_monitor
[rosmaster.master][INFO] 2026-08-30 08:55:42,834: +CACHEDPARAM [/rosout_disable_topics_generation] by /performance_monitor
[rosmaster.master][INFO] 2026-08-30 08:55:44,106: +CACHEDPARAM [/rosout_disable_topics_generation] by /performance_monitor
[rosmaster.master][INFO] 2026-08-30 08:55:44,802: +CACHEDPARAM [/rosout_disable_topics_generation] by /performance_monitor
[rosmaster.master][INFO] 2026-08-30 08:55:45,998: +CACHEDPARAM [/rosout_disable_topics_generation] by /performance_monitor
[rosmaster.master][INFO] 2026-08-30 08:55:46,047: +CACHEDPARAM [/rosout_disable_topics_generation] by /performance_monitor
[rosmaster.master][INFO] 2026-08-30 08:55:46,048: +CACHEDPARAM [/rosout_disable_topics_generation] by /performance_monitor
[rosmaster.master][INFO] 2026-08-30 08:55:51,051: +CACHEDPARAM [/rosout_disable_topics_generation] by /performance_monitor
[rosmaster.master][INFO] 2026-08-30 08:55:52,322: +CACHEDPARAM [/rosout_disable_topics_generation] by /performance_monitor
[rosmaster.master][INFO] 2026-08-30 08:55:53,030: +CACHEDPARAM [/rosout_disable_topics_generation] by /performance_monitor
[rosmaster.master][INFO] 2026-08-30 08:55:54,224: +CACHEDPARAM [/rosout_disable_topics_generation] by /performance_monitor
[rosmaster.master][INFO] 2026-08-30 08:55:54,275: +CACHEDPARAM [/rosout_disable_topics_generation] by /performance_monitor
[rosmaster.master][INFO] 2026-08-30 08:55:54,276: +CACHEDPARAM [/rosout_disable_topics_generation] by /performance_monitor
[rosmaster.master][INFO] 2026-08-30 08:55:59,279: +CACHEDPARAM [/rosout_disable_topics_generation] by /performance_monitor
[rosmaster.master][INFO] 2026-08-30 08:56:00,540: +CACHEDPARAM [/rosout_disable_topics_generation] by /performance_monitor
[rosmaster.master][INFO] 2026-08-30 08:56:01,241: +CACHEDPARAM [/rosout_disable_topics_generation] by /performance_monitor
[rosmaster.master][INFO] 2026-08-30 08:56:02,434: +CACHEDPARAM [/rosout_disable_topics_generation] by /performance_monitor
[rosmaster.master][INFO] 2026-08-30 08:56:02,489: +CACHEDPARAM [/rosout_disable_topics_generation] by /performance_monitor
[rosmaster.master][INFO] 2026-08-30 08:56:02,492: +CACHEDPARAM [/rosout_disable_topics_generation] by /performance_monitor
[rosmaster.master][INFO] 2026-08-30 08:56:07,495: +CACHEDPARAM [/rosout_disable_topics_generation] by /performance_monitor
[rosmaster.master][INFO] 2026-08-30 08:56:08,746: +CACHEDPARAM [/rosout_disable_topics_generation] by /performance_monitor
[rosmaster.master][INFO] 2026-08-30 08:56:09,454: +CACHEDPARAM [/rosout_disable_topics_generation] by /performance_monitor
[rosmaster.master][INFO] 2026-08-30 08:56:10,639: +CACHEDPARAM [/rosout_disable_topics_generation] by /performance_monitor
[rosmaster.master][INFO] 2026-08-30 08:56:10,701: +CACHEDPARAM [/rosout_disable_topics_generation] by /performance_monitor
[rosmaster.master][INFO] 2026-08-30 08:56:10,703: +CACHEDPARAM [/rosout_disable_topics_generation] by /performance_monitor
[rosmaster.master][INFO] 2026-08-30 08:56:15,705: +CACHEDPARAM [/rosout_disable_topics_generation] by /performance_monitor
[rosmaster.master][INFO] 2026-08-30 08:56:16,962: +CACHEDPARAM [/rosout_disable_topics_generation] by /performance_monitor
[rosmaster.master][INFO] 2026-08-30 08:56:17,662: +CACHEDPARAM [/rosout_disable_topics_generation] by /performance_monitor
[rosmaster.master][INFO] 2026-08-30 08:56:18,813: +CACHEDPARAM [/rosout_disable_topics_generation] by /performance_monitor
[rosmaster.master][INFO] 2026-08-30 08:56:18,862: +CACHEDPARAM [/rosout_disable_topics_generation] by /performance_monitor
[rosmaster.master][INFO] 2026-08-30 08:56:18,863: +CACHEDPARAM [/rosout_disable_topics_generation] by /performance_monitor
[rosmaster.master][INFO] 2026-08-30 08:56:23,866: +CACHEDPARAM [/rosout_disable_topics_generation] by /performance_monitor
[rosmaster.master][INFO] 2026-08-30 08:56:25,132: +CACHEDPARAM [/rosout_disable_topics_generation] by /performance_monitor
[rosmaster.master][INFO] 2026-08-30 08:56:25,838: +CACHEDPARAM [/rosout_disable_topics_generation] by /performance_monitor
[rosmaster.master][INFO] 2026-08-30 08:56:27,045: +CACHEDPARAM [/rosout_disable_topics_generation] by /performance_monitor
[rosmaster.master][INFO] 2026-08-30 08:56:27,102: +CACHEDPARAM [/rosout_disable_topics_generation] by /performance_monitor
[rosmaster.master][INFO] 2026-08-30 08:56:27,104: +CACHEDPARAM [/rosout_disable_topics_generation] by /performance_monitor
[rosmaster.master][INFO] 2026-08-30 08:56:32,107: +CACHEDPARAM [/rosout_disable_topics_generation] by /performance_monitor
[rosmaster.master][INFO] 2026-08-30 08:56:33,349: +CACHEDPARAM [/rosout_disable_topics_generation] by /performance_monitor
[rosmaster.master][INFO] 2026-08-30 08:56:34,049: +CACHEDPARAM [/rosout_disable_topics_generation] by /performance_monitor
[rosmaster.master][INFO] 2026-08-30 08:56:35,260: +CACHEDPARAM [/rosout_disable_topics_generation] by /performance_monitor
[rosmaster.master][INFO] 2026-08-30 08:56:35,311: +CACHEDPARAM [/rosout_disable_topics_generation] by /performance_monitor
[rosmaster.master][INFO] 2026-08-30 08:56:35,313: +CACHEDPARAM [/rosout_disable_topics_generation] by /performance_monitor
[rosmaster.master][INFO] 2026-08-30 08:56:40,316: +CACHEDPARAM [/rosout_disable_topics_generation] by /performance_monitor
[rosmaster.master][INFO] 2026-08-30 08:56:41,564: +CACHEDPARAM [/rosout_disable_topics_generation] by /performance_monitor
[rosmaster.master][INFO] 2026-08-30 08:56:42,269: +CACHEDPARAM [/rosout_disable_topics_generation] by /performance_monitor
[rosmaster.master][INFO] 2026-08-30 08:56:43,472: +CACHEDPARAM [/rosout_disable_topics_generation] by /performance_monitor
[rosmaster.master][INFO] 2026-08-30 08:56:43,525: +CACHEDPARAM [/rosout_disable_topics_generation] by /performance_monitor
[rosmaster.master][INFO] 2026-08-30 08:56:43,527: +CACHEDPARAM [/rosout_disable_topics_generation] by /performance_monitor
[rosmaster.master][INFO] 2026-08-30 08:56:48,531: +CACHEDPARAM [/rosout_disable_topics_generation] by /performance_monitor
[rosmaster.master][INFO] 2026-08-30 08:56:49,909: +CACHEDPARAM [/rosout_disable_topics_generation] by /performance_monitor
[rosmaster.master][INFO] 2026-08-30 08:56:50,681: +CACHEDPARAM [/rosout_disable_topics_generation] by /performance_monitor
[rosmaster.master][INFO] 2026-08-30 08:56:51,880: +CACHEDPARAM [/rosout_disable_topics_generation] by /performance_monitor
[rosmaster.master][INFO] 2026-08-30 08:56:51,930: +CACHEDPARAM [/rosout_disable_topics_generation] by /performance_monitor
[rosmaster.master][INFO] 2026-08-30 08:56:51,931: +CACHEDPARAM [/rosout_disable_topics_generation] by /performance_monitor
[rosmaster.master][INFO] 2026-08-30 08:56:56,935: +CACHEDPARAM [/rosout_disable_topics_generation] by /performance_monitor
[rosmaster.master][INFO] 2026-08-30 08:56:58,198: +CACHEDPARAM [/rosout_disable_topics_generation] by /performance_monitor
[rosmaster.master][INFO] 2026-08-30 08:56:58,906: +CACHEDPARAM [/rosout_disable_topics_generation] by /performance_monitor
[rosmaster.master][INFO] 2026-08-30 08:57:00,058: +CACHEDPARAM [/rosout_disable_topics_generation] by /performance_monitor
[rosmaster.master][INFO] 2026-08-30 08:57:00,113: +CACHEDPARAM [/rosout_disable_topics_generation] by /performance_monitor
[rosmaster.master][INFO] 2026-08-30 08:57:00,115: +CACHEDPARAM [/rosout_disable_topics_generation] by /performance_monitor
[rosmaster.master][INFO] 2026-08-30 08:57:05,118: +CACHEDPARAM [/rosout_disable_topics_generation] by /performance_monitor
[rosmaster.master][INFO] 2026-08-30 08:57:06,382: +CACHEDPARAM [/rosout_disable_topics_generation] by /performance_monitor
[rosmaster.master][INFO] 2026-08-30 08:57:07,084: +CACHEDPARAM [/rosout_disable_topics_generation] by /performance_monitor
[rosmaster.master][INFO] 2026-08-30 08:57:08,262: +CACHEDPARAM [/rosout_disable_topics_generation] by /performance_monitor
[rosmaster.master][INFO] 2026-08-30 08:57:08,310: +CACHEDPARAM [/rosout_disable_topics_generation] by /performance_monitor
[rosmaster.master][INFO] 2026-08-30 08:57:08,313: +CACHEDPARAM [/rosout_disable_topics_generation] by /performance_monitor
[rosmaster.master][INFO] 2026-08-30 08:57:13,316: +CACHEDPARAM [/rosout_disable_topics_generation] by /performance_monitor
[rosmaster.master][INFO] 2026-08-30 08:57:14,589: +CACHEDPARAM [/rosout_disable_topics_generation] by /performance_monitor
[rosmaster.master][INFO] 2026-08-30 08:57:15,294: +CACHEDPARAM [/rosout_disable_topics_generation] by /performance_monitor
[rosmaster.master][INFO] 2026-08-30 08:57:16,481: +CACHEDPARAM [/rosout_disable_topics_generation] by /performance_monitor
[rosmaster.master][INFO] 2026-08-30 08:57:16,530: +CACHEDPARAM [/rosout_disable_topics_generation] by /performance_monitor
[rosmaster.master][INFO] 2026-08-30 08:57:16,532: +CACHEDPARAM [/rosout_disable_topics_generation] by /performance_monitor
[rosmaster.master][INFO] 2026-08-30 08:57:21,533: +CACHEDPARAM [/rosout_disable_topics_generation] by /performance_monitor
[rosmaster.master][INFO] 2026-08-30 08:57:22,785: +CACHEDPARAM [/rosout_disable_topics_generation] by /performance_monitor
[rosmaster.master][INFO] 2026-08-30 08:57:23,482: +CACHEDPARAM [/rosout_disable_topics_generation] by /performance_monitor
[rosmaster.master][INFO] 2026-08-30 08:57:24,679: +CACHEDPARAM [/rosout_disable_topics_generation] by /performance_monitor
[rosmaster.master][INFO] 2026-08-30 08:57:24,735: +CACHEDPARAM [/rosout_disable_topics_generation] by /performance_monitor
[rosmaster.master][INFO] 2026-08-30 08:57:24,738: +CACHEDPARAM [/rosout_disable_topics_generation] by /performance_monitor
[rosmaster.master][INFO] 2026-08-30 08:57:29,742: +CACHEDPARAM [/rosout_disable_topics_generation] by /performance_monitor
[rosmaster.master][INFO] 2026-08-30 08:57:30,989: +CACHEDPARAM [/rosout_disable_topics_generation] by /performance_monitor
[rosmaster.master][INFO] 2026-08-30 08:57:31,694: +CACHEDPARAM [/rosout_disable_topics_generation] by /performance_monitor
[rosmaster.master][INFO] 2026-08-30 08:57:32,837: +CACHEDPARAM [/rosout_disable_topics_generation] by /performance_monitor
[rosmaster.master][INFO] 2026-08-30 08:57:32,886: +CACHEDPARAM [/rosout_disable_topics_generation] by /performance_monitor
[rosmaster.master][INFO] 2026-08-30 08:57:32,888: +CACHEDPARAM [/rosout_disable_topics_generation] by /performance_monitor
[rosmaster.master][INFO] 2026-08-30 08:57:37,890: +CACHEDPARAM [/rosout_disable_topics_generation] by /performance_monitor
[rosmaster.master][INFO] 2026-08-30 08:57:39,141: +CACHEDPARAM [/rosout_disable_topics_generation] by /performance_monitor
[rosmaster.master][INFO] 2026-08-30 08:57:39,846: +CACHEDPARAM [/rosout_disable_topics_generation] by /performance_monitor
[rosmaster.master][INFO] 2026-08-30 08:57:41,022: +CACHEDPARAM [/rosout_disable_topics_generation] by /performance_monitor
[rosmaster.master][INFO] 2026-08-30 08:57:41,072: +CACHEDPARAM [/rosout_disable_topics_generation] by /performance_monitor
[rosmaster.master][INFO] 2026-08-30 08:57:41,073: +CACHEDPARAM [/rosout_disable_topics_generation] by /performance_monitor
[rosmaster.master][INFO] 2026-08-30 08:57:46,076: +CACHEDPARAM [/rosout_disable_topics_generation] by /performance_monitor
[rosmaster.master][INFO] 2026-08-30 08:57:47,339: +CACHEDPARAM [/rosout_disable_topics_generation] by /performance_monitor
[rosmaster.master][INFO] 2026-08-30 08:57:48,039: +CACHEDPARAM [/rosout_disable_topics_generation] by /performance_monitor
[rosmaster.master][INFO] 2026-08-30 08:57:49,181: +CACHEDPARAM [/rosout_disable_topics_generation] by /performance_monitor
[rosmaster.master][INFO] 2026-08-30 08:57:49,251: +CACHEDPARAM [/rosout_disable_topics_generation] by /performance_monitor
[rosmaster.master][INFO] 2026-08-30 08:57:49,253: +CACHEDPARAM [/rosout_disable_topics_generation] by /performance_monitor
[rosmaster.master][INFO] 2026-08-30 08:57:54,256: +CACHEDPARAM [/rosout_disable_topics_generation] by /performance_monitor
[rosmaster.master][INFO] 2026-08-30 08:57:55,491: +CACHEDPARAM [/rosout_disable_topics_generation] by /performance_monitor
[rosmaster.master][INFO] 2026-08-30 08:57:56,199: +CACHEDPARAM [/rosout_disable_topics_generation] by /performance_monitor
[rosmaster.master][INFO] 2026-08-30 08:57:57,404: +CACHEDPARAM [/rosout_disable_topics_generation] by /performance_monitor
[rosmaster.master][INFO] 2026-08-30 08:57:57,458: +CACHEDPARAM [/rosout_disable_topics_generation] by /performance_monitor
[rosmaster.master][INFO] 2026-08-30 08:57:57,459: +CACHEDPARAM [/rosout_disable_topics_generation] by /performance_monitor
[rosmaster.master][INFO] 2026-08-30 08:58:02,462: +CACHEDPARAM [/rosout_disable_topics_generation] by /performance_monitor
[rosmaster.master][INFO] 2026-08-30 08:58:03,740: +CACHEDPARAM [/rosout_disable_topics_generation] by /performance_monitor
[rosmaster.master][INFO] 2026-08-30 08:58:04,443: +CACHEDPARAM [/rosout_disable_topics_generation] by /performance_monitor
[rosmaster.master][INFO] 2026-08-30 08:58:05,689: +CACHEDPARAM [/rosout_disable_topics_generation] by /performance_monitor
[rosmaster.master][INFO] 2026-08-30 08:58:06,083: +CACHEDPARAM [/rosout_disable_topics_generation] by /performance_monitor
[rosmaster.master][INFO] 2026-08-30 08:58:06,088: +CACHEDPARAM [/rosout_disable_topics_generation] by /performance_monitor
[rosmaster.master][INFO] 2026-08-30 08:58:11,091: +CACHEDPARAM [/rosout_disable_topics_generation] by /performance_monitor
[rosmaster.master][INFO] 2026-08-30 08:58:12,387: +CACHEDPARAM [/rosout_disable_topics_generation] by /performance_monitor
[rosmaster.master][INFO] 2026-08-30 08:58:13,087: +CACHEDPARAM [/rosout_disable_topics_generation] by /performance_monitor
[rosmaster.master][INFO] 2026-08-30 08:58:14,251: +CACHEDPARAM [/rosout_disable_topics_generation] by /performance_monitor
[rosmaster.master][INFO] 2026-08-30 08:58:14,303: +CACHEDPARAM [/rosout_disable_topics_generation] by /performance_monitor
[rosmaster.master][INFO] 2026-08-30 08:58:14,305: +CACHEDPARAM [/rosout_disable_topics_generation] by /performance_monitor
[rosmaster.master][INFO] 2026-08-30 08:58:19,308: +CACHEDPARAM [/rosout_disable_topics_generation] by /performance_monitor
[rosmaster.master][INFO] 2026-08-30 08:58:20,652: +CACHEDPARAM [/rosout_disable_topics_generation] by /performance_monitor
[rosmaster.master][INFO] 2026-08-30 08:58:21,382: +CACHEDPARAM [/rosout_disable_topics_generation] by /performance_monitor
[rosmaster.master][INFO] 2026-08-30 08:58:22,608: +CACHEDPARAM [/rosout_disable_topics_generation] by /performance_monitor
[rosmaster.master][INFO] 2026-08-30 08:58:22,665: +CACHEDPARAM [/rosout_disable_topics_generation] by /performance_monitor
[rosmaster.master][INFO] 2026-08-30 08:58:22,667: +CACHEDPARAM [/rosout_disable_topics_generation] by /performance_monitor
[rosmaster.master][INFO] 2026-08-30 08:58:27,674: +CACHEDPARAM [/rosout_disable_topics_generation] by /performance_monitor
[rosmaster.master][INFO] 2026-08-30 08:58:28,944: +CACHEDPARAM [/rosout_disable_topics_generation] by /performance_monitor
[rosmaster.master][INFO] 2026-08-30 08:58:29,641: +CACHEDPARAM [/rosout_disable_topics_generation] by /performance_monitor
[rosmaster.master][INFO] 2026-08-30 08:58:30,804: +CACHEDPARAM [/rosout_disable_topics_generation] by /performance_monitor
[rosmaster.master][INFO] 2026-08-30 08:58:30,854: +CACHEDPARAM [/rosout_disable_topics_generation] by /performance_monitor
[rosmaster.master][INFO] 2026-08-30 08:58:30,855: +CACHEDPARAM [/rosout_disable_topics_generation] by /performance_monitor
[rosmaster.master][INFO] 2026-08-30 08:58:35,858: +CACHEDPARAM [/rosout_disable_topics_generation] by /performance_monitor
[rosmaster.master][INFO] 2026-08-30 08:58:37,116: +CACHEDPARAM [/rosout_disable_topics_generation] by /performance_monitor
[rosmaster.master][INFO] 2026-08-30 08:58:37,825: +CACHEDPARAM [/rosout_disable_topics_generation] by /performance_monitor
[rosmaster.master][INFO] 2026-08-30 08:58:39,034: +CACHEDPARAM [/rosout_disable_topics_generation] by /performance_monitor
[rosmaster.master][INFO] 2026-08-30 08:58:39,092: +CACHEDPARAM [/rosout_disable_topics_generation] by /performance_monitor
[rosmaster.master][INFO] 2026-08-30 08:58:39,094: +CACHEDPARAM [/rosout_disable_topics_generation] by /performance_monitor
[rosmaster.master][INFO] 2026-08-30 08:58:44,096: +CACHEDPARAM [/rosout_disable_topics_generation] by /performance_monitor
[rosmaster.master][INFO] 2026-08-30 08:58:45,336: +CACHEDPARAM [/rosout_disable_topics_generation] by /performance_monitor
[rosmaster.master][INFO] 2026-08-30 08:58:46,058: +CACHEDPARAM [/rosout_disable_topics_generation] by /performance_monitor
[rosmaster.master][INFO] 2026-08-30 08:58:47,272: +CACHEDPARAM [/rosout_disable_topics_generation] by /performance_monitor
[rosmaster.master][INFO] 2026-08-30 08:58:47,321: +CACHEDPARAM [/rosout_disable_topics_generation] by /performance_monitor
[rosmaster.master][INFO] 2026-08-30 08:58:47,323: +CACHEDPARAM [/rosout_disable_topics_generation] by /performance_monitor
[rosmaster.master][INFO] 2026-08-30 08:58:52,326: +CACHEDPARAM [/rosout_disable_topics_generation] by /performance_monitor
[rosmaster.master][INFO] 2026-08-30 08:58:53,611: +CACHEDPARAM [/rosout_disable_topics_generation] by /performance_monitor
[rosmaster.master][INFO] 2026-08-30 08:58:54,317: +CACHEDPARAM [/rosout_disable_topics_generation] by /performance_monitor
[rosmaster.master][INFO] 2026-08-30 08:58:55,516: +CACHEDPARAM [/rosout_disable_topics_generation] by /performance_monitor
[rosmaster.master][INFO] 2026-08-30 08:58:55,573: +CACHEDPARAM [/rosout_disable_topics_generation] by /performance_monitor
[rosmaster.master][INFO] 2026-08-30 08:58:55,575: +CACHEDPARAM [/rosout_disable_topics_generation] by /performance_monitor
[rosmaster.master][INFO] 2026-08-30 08:59:00,577: +CACHEDPARAM [/rosout_disable_topics_generation] by /performance_monitor
[rosmaster.master][INFO] 2026-08-30 08:59:01,833: +CACHEDPARAM [/rosout_disable_topics_generation] by /performance_monitor
[rosmaster.master][INFO] 2026-08-30 08:59:02,547: +CACHEDPARAM [/rosout_disable_topics_generation] by /performance_monitor
[rosmaster.master][INFO] 2026-08-30 08:59:03,740: +CACHEDPARAM [/rosout_disable_topics_generation] by /performance_monitor
[rosmaster.master][INFO] 2026-08-30 08:59:03,789: +CACHEDPARAM [/rosout_disable_topics_generation] by /performance_monitor
[rosmaster.master][INFO] 2026-08-30 08:59:03,791: +CACHEDPARAM [/rosout_disable_topics_generation] by /performance_monitor
[rosmaster.master][INFO] 2026-08-30 08:59:08,794: +CACHEDPARAM [/rosout_disable_topics_generation] by /performance_monitor
[rosmaster.master][INFO] 2026-08-30 08:59:10,059: +CACHEDPARAM [/rosout_disable_topics_generation] by /performance_monitor
[rosmaster.master][INFO] 2026-08-30 08:59:10,768: +CACHEDPARAM [/rosout_disable_topics_generation] by /performance_monitor
[rosmaster.master][INFO] 2026-08-30 08:59:11,956: +CACHEDPARAM [/rosout_disable_topics_generation] by /performance_monitor
[rosmaster.master][INFO] 2026-08-30 08:59:12,003: +CACHEDPARAM [/rosout_disable_topics_generation] by /performance_monitor
[rosmaster.master][INFO] 2026-08-30 08:59:12,004: +CACHEDPARAM [/rosout_disable_topics_generation] by /performance_monitor
[rosmaster.master][INFO] 2026-08-30 08:59:17,007: +CACHEDPARAM [/rosout_disable_topics_generation] by /performance_monitor
[rosmaster.master][INFO] 2026-08-30 08:59:18,294: +CACHEDPARAM [/rosout_disable_topics_generation] by /performance_monitor
[rosmaster.master][INFO] 2026-08-30 08:59:18,995: +CACHEDPARAM [/rosout_disable_topics_generation] by /performance_monitor
[rosmaster.master][INFO] 2026-08-30 08:59:20,129: +CACHEDPARAM [/rosout_disable_topics_generation] by /performance_monitor
[rosmaster.master][INFO] 2026-08-30 08:59:20,185: +CACHEDPARAM [/rosout_disable_topics_generation] by /performance_monitor
[rosmaster.master][INFO] 2026-08-30 08:59:20,186: +CACHEDPARAM [/rosout_disable_topics_generation] by /performance_monitor
[rosmaster.master][INFO] 2026-08-30 08:59:25,188: +CACHEDPARAM [/rosout_disable_topics_generation] by /performance_monitor
[rosmaster.master][INFO] 2026-08-30 08:59:26,484: +CACHEDPARAM [/rosout_disable_topics_generation] by /performance_monitor
[rosmaster.master][INFO] 2026-08-30 08:59:27,192: +CACHEDPARAM [/rosout_disable_topics_generation] by /performance_monitor
[rosmaster.master][INFO] 2026-08-30 08:59:28,364: +CACHEDPARAM [/rosout_disable_topics_generation] by /performance_monitor
[rosmaster.master][INFO] 2026-08-30 08:59:28,414: +CACHEDPARAM [/rosout_disable_topics_generation] by /performance_monitor
[rosmaster.master][INFO] 2026-08-30 08:59:28,415: +CACHEDPARAM [/rosout_disable_topics_generation] by /performance_monitor
[rosmaster.master][INFO] 2026-08-30 08:59:33,417: +CACHEDPARAM [/rosout_disable_topics_generation] by /performance_monitor
[rosmaster.master][INFO] 2026-08-30 08:59:34,712: +CACHEDPARAM [/rosout_disable_topics_generation] by /performance_monitor
[rosmaster.master][INFO] 2026-08-30 08:59:35,418: +CACHEDPARAM [/rosout_disable_topics_generation] by /performance_monitor
[rosmaster.master][INFO] 2026-08-30 08:59:36,589: +CACHEDPARAM [/rosout_disable_topics_generation] by /performance_monitor
[rosmaster.master][INFO] 2026-08-30 08:59:36,643: +CACHEDPARAM [/rosout_disable_topics_generation] by /performance_monitor
[rosmaster.master][INFO] 2026-08-30 08:59:36,645: +CACHEDPARAM [/rosout_disable_topics_generation] by /performance_monitor
[rosmaster.master][INFO] 2026-08-30 08:59:41,648: +CACHEDPARAM [/rosout_disable_topics_generation] by /performance_monitor
[rosmaster.master][INFO] 2026-08-30 08:59:42,916: +CACHEDPARAM [/rosout_disable_topics_generation] by /performance_monitor
[rosmaster.master][INFO] 2026-08-30 08:59:43,621: +CACHEDPARAM [/rosout_disable_topics_generation] by /performance_monitor
[rosmaster.master][INFO] 2026-08-30 08:59:44,765: +CACHEDPARAM [/rosout_disable_topics_generation] by /performance_monitor
[rosmaster.master][INFO] 2026-08-30 08:59:44,820: +CACHEDPARAM [/rosout_disable_topics_generation] by /performance_monitor
[rosmaster.master][INFO] 2026-08-30 08:59:44,822: +CACHEDPARAM [/rosout_disable_topics_generation] by /performance_monitor
[rosmaster.master][INFO] 2026-08-30 08:59:49,825: +CACHEDPARAM [/rosout_disable_topics_generation] by /performance_monitor
[rosmaster.master][INFO] 2026-08-30 08:59:51,074: +CACHEDPARAM [/rosout_disable_topics_generation] by /performance_monitor
[rosmaster.master][INFO] 2026-08-30 08:59:51,807: +CACHEDPARAM [/rosout_disable_topics_generation] by /performance_monitor
[rosmaster.master][INFO] 2026-08-30 08:59:52,948: +CACHEDPARAM [/rosout_disable_topics_generation] by /performance_monitor
[rosmaster.master][INFO] 2026-08-30 08:59:53,002: +CACHEDPARAM [/rosout_disable_topics_generation] by /performance_monitor
[rosmaster.master][INFO] 2026-08-30 08:59:53,003: +CACHEDPARAM [/rosout_disable_topics_generation] by /performance_monitor
[rosmaster.master][INFO] 2026-08-30 08:59:58,006: +CACHEDPARAM [/rosout_disable_topics_generation] by /performance_monitor
[rosmaster.master][INFO] 2026-08-30 08:59:59,283: +CACHEDPARAM [/rosout_disable_topics_generation] by /performance_monitor
[rosmaster.master][INFO] 2026-08-30 08:59:59,991: +CACHEDPARAM [/rosout_disable_topics_generation] by /performance_monitor
[rosmaster.master][INFO] 2026-08-30 09:00:01,169: +CACHEDPARAM [/rosout_disable_topics_generation] by /performance_monitor
[rosmaster.master][INFO] 2026-08-30 09:00:01,224: +CACHEDPARAM [/rosout_disable_topics_generation] by /performance_monitor
[rosmaster.master][INFO] 2026-08-30 09:00:01,225: +CACHEDPARAM [/rosout_disable_topics_generation] by /performance_monitor
[rosmaster.master][INFO] 2026-08-30 09:00:06,227: +CACHEDPARAM [/rosout_disable_topics_generation] by /performance_monitor
[rosmaster.master][INFO] 2026-08-30 09:00:07,558: +CACHEDPARAM [/rosout_disable_topics_generation] by /performance_monitor
[rosmaster.master][INFO] 2026-08-30 09:00:08,273: +CACHEDPARAM [/rosout_disable_topics_generation] by /performance_monitor
[rosmaster.master][INFO] 2026-08-30 09:00:09,490: +CACHEDPARAM [/rosout_disable_topics_generation] by /performance_monitor
[rosmaster.master][INFO] 2026-08-30 09:00:09,545: +CACHEDPARAM [/rosout_disable_topics_generation] by /performance_monitor
[rosmaster.master][INFO] 2026-08-30 09:00:09,546: +CACHEDPARAM [/rosout_disable_topics_generation] by /performance_monitor
[rosmaster.master][INFO] 2026-08-30 09:00:14,549: +CACHEDPARAM [/rosout_disable_topics_generation] by /performance_monitor
[rosmaster.master][INFO] 2026-08-30 09:00:15,836: +CACHEDPARAM [/rosout_disable_topics_generation] by /performance_monitor
[rosmaster.master][INFO] 2026-08-30 09:00:16,537: +CACHEDPARAM [/rosout_disable_topics_generation] by /performance_monitor
[rosmaster.master][INFO] 2026-08-30 09:00:17,764: +CACHEDPARAM [/rosout_disable_topics_generation] by /performance_monitor
[rosmaster.master][INFO] 2026-08-30 09:00:17,816: +CACHEDPARAM [/rosout_disable_topics_generation] by /performance_monitor
[rosmaster.master][INFO] 2026-08-30 09:00:17,818: +CACHEDPARAM [/rosout_disable_topics_generation] by /performance_monitor
[rosmaster.master][INFO] 2026-08-30 09:00:22,821: +CACHEDPARAM [/rosout_disable_topics_generation] by /performance_monitor
[rosmaster.master][INFO] 2026-08-30 09:00:24,100: +CACHEDPARAM [/rosout_disable_topics_generation] by /performance_monitor
[rosmaster.master][INFO] 2026-08-30 09:00:24,804: +CACHEDPARAM [/rosout_disable_topics_generation] by /performance_monitor
[rosmaster.master][INFO] 2026-08-30 09:00:25,956: +CACHEDPARAM [/rosout_disable_topics_generation] by /performance_monitor
[rosmaster.master][INFO] 2026-08-30 09:00:26,007: +CACHEDPARAM [/rosout_disable_topics_generation] by /performance_monitor
[rosmaster.master][INFO] 2026-08-30 09:00:26,008: +CACHEDPARAM [/rosout_disable_topics_generation] by /performance_monitor
[rosmaster.master][INFO] 2026-08-30 09:00:31,011: +CACHEDPARAM [/rosout_disable_topics_generation] by /performance_monitor
[rosmaster.master][INFO] 2026-08-30 09:00:32,297: +CACHEDPARAM [/rosout_disable_topics_generation] by /performance_monitor
[rosmaster.master][INFO] 2026-08-30 09:00:32,996: +CACHEDPARAM [/rosout_disable_topics_generation] by /performance_monitor
[rosmaster.master][INFO] 2026-08-30 09:00:34,182: +CACHEDPARAM [/rosout_disable_topics_generation] by /performance_monitor
[rosmaster.master][INFO] 2026-08-30 09:00:34,237: +CACHEDPARAM [/rosout_disable_topics_generation] by /performance_monitor
[rosmaster.master][INFO] 2026-08-30 09:00:34,239: +CACHEDPARAM [/rosout_disable_topics_generation] by /performance_monitor
[rosmaster.master][INFO] 2026-08-30 09:00:39,242: +CACHEDPARAM [/rosout_disable_topics_generation] by /performance_monitor
[rosmaster.master][INFO] 2026-08-30 09:00:40,510: +CACHEDPARAM [/rosout_disable_topics_generation] by /performance_monitor
[rosmaster.master][INFO] 2026-08-30 09:00:41,210: +CACHEDPARAM [/rosout_disable_topics_generation] by /performance_monitor
[rosmaster.master][INFO] 2026-08-30 09:00:42,405: +CACHEDPARAM [/rosout_disable_topics_generation] by /performance_monitor
[rosmaster.master][INFO] 2026-08-30 09:00:42,459: +CACHEDPARAM [/rosout_disable_topics_generation] by /performance_monitor
[rosmaster.master][INFO] 2026-08-30 09:00:42,461: +CACHEDPARAM [/rosout_disable_topics_generation] by /performance_monitor
[rosmaster.master][INFO] 2026-08-30 09:00:47,463: +CACHEDPARAM [/rosout_disable_topics_generation] by /performance_monitor
[rosmaster.master][INFO] 2026-08-30 09:00:48,743: +CACHEDPARAM [/rosout_disable_topics_generation] by /performance_monitor
[rosmaster.master][INFO] 2026-08-30 09:00:49,448: +CACHEDPARAM [/rosout_disable_topics_generation] by /performance_monitor
[rosmaster.master][INFO] 2026-08-30 09:00:50,640: +CACHEDPARAM [/rosout_disable_topics_generation] by /performance_monitor
[rosmaster.master][INFO] 2026-08-30 09:00:50,696: +CACHEDPARAM [/rosout_disable_topics_generation] by /performance_monitor
[rosmaster.master][INFO] 2026-08-30 09:00:50,698: +CACHEDPARAM [/rosout_disable_topics_generation] by /performance_monitor
[rosmaster.master][INFO] 2026-08-30 09:00:55,700: +CACHEDPARAM [/rosout_disable_topics_generation] by /performance_monitor
[rosmaster.master][INFO] 2026-08-30 09:00:56,962: +CACHEDPARAM [/rosout_disable_topics_generation] by /performance_monitor
[rosmaster.master][INFO] 2026-08-30 09:00:57,673: +CACHEDPARAM [/rosout_disable_topics_generation] by /performance_monitor
[rosmaster.master][INFO] 2026-08-30 09:00:58,842: +CACHEDPARAM [/rosout_disable_topics_generation] by /performance_monitor
[rosmaster.master][INFO] 2026-08-30 09:00:58,891: +CACHEDPARAM [/rosout_disable_topics_generation] by /performance_monitor
[rosmaster.master][INFO] 2026-08-30 09:00:58,893: +CACHEDPARAM [/rosout_disable_topics_generation] by /performance_monitor
[rosmaster.master][INFO] 2026-08-30 09:01:03,895: +CACHEDPARAM [/rosout_disable_topics_generation] by /performance_monitor
[rosmaster.master][INFO] 2026-08-30 09:01:05,142: +CACHEDPARAM [/rosout_disable_topics_generation] by /performance_monitor
[rosmaster.master][INFO] 2026-08-30 09:01:05,846: +CACHEDPARAM [/rosout_disable_topics_generation] by /performance_monitor
[rosmaster.master][INFO] 2026-08-30 09:01:07,032: +CACHEDPARAM [/rosout_disable_topics_generation] by /performance_monitor
[rosmaster.master][INFO] 2026-08-30 09:01:07,089: +CACHEDPARAM [/rosout_disable_topics_generation] by /performance_monitor
[rosmaster.master][INFO] 2026-08-30 09:01:07,090: +CACHEDPARAM [/rosout_disable_topics_generation] by /performance_monitor
[rosmaster.master][INFO] 2026-08-30 09:01:12,093: +CACHEDPARAM [/rosout_disable_topics_generation] by /performance_monitor
[rosmaster.master][INFO] 2026-08-30 09:01:13,348: +CACHEDPARAM [/rosout_disable_topics_generation] by /performance_monitor
[rosmaster.master][INFO] 2026-08-30 09:01:14,043: +CACHEDPARAM [/rosout_disable_topics_generation] by /performance_monitor
[rosmaster.master][INFO] 2026-08-30 09:01:15,245: +CACHEDPARAM [/rosout_disable_topics_generation] by /performance_monitor
[rosmaster.master][INFO] 2026-08-30 09:01:15,304: +CACHEDPARAM [/rosout_disable_topics_generation] by /performance_monitor
[rosmaster.master][INFO] 2026-08-30 09:01:15,305: +CACHEDPARAM [/rosout_disable_topics_generation] by /performance_monitor
[rosmaster.master][INFO] 2026-08-30 09:01:20,309: +CACHEDPARAM [/rosout_disable_topics_generation] by /performance_monitor
[rosmaster.master][INFO] 2026-08-30 09:01:21,569: +CACHEDPARAM [/rosout_disable_topics_generation] by /performance_monitor
[rosmaster.master][INFO] 2026-08-30 09:01:22,291: +CACHEDPARAM [/rosout_disable_topics_generation] by /performance_monitor
[rosmaster.master][INFO] 2026-08-30 09:01:23,511: +CACHEDPARAM [/rosout_disable_topics_generation] by /performance_monitor
[rosmaster.master][INFO] 2026-08-30 09:01:23,560: +CACHEDPARAM [/rosout_disable_topics_generation] by /performance_monitor
[rosmaster.master][INFO] 2026-08-30 09:01:23,561: +CACHEDPARAM [/rosout_disable_topics_generation] by /performance_monitor
[rosmaster.master][INFO] 2026-08-30 09:01:28,564: +CACHEDPARAM [/rosout_disable_topics_generation] by /performance_monitor
[rosmaster.master][INFO] 2026-08-30 09:01:29,823: +CACHEDPARAM [/rosout_disable_topics_generation] by /performance_monitor
[rosmaster.master][INFO] 2026-08-30 09:01:30,530: +CACHEDPARAM [/rosout_disable_topics_generation] by /performance_monitor
[rosmaster.master][INFO] 2026-08-30 09:01:31,723: +CACHEDPARAM [/rosout_disable_topics_generation] by /performance_monitor
[rosmaster.master][INFO] 2026-08-30 09:01:31,776: +CACHEDPARAM [/rosout_disable_topics_generation] by /performance_monitor
[rosmaster.master][INFO] 2026-08-30 09:01:31,778: +CACHEDPARAM [/rosout_disable_topics_generation] by /performance_monitor
[rosmaster.master][INFO] 2026-08-30 09:01:36,782: +CACHEDPARAM [/rosout_disable_topics_generation] by /performance_monitor
[rosmaster.master][INFO] 2026-08-30 09:01:38,053: +CACHEDPARAM [/rosout_disable_topics_generation] by /performance_monitor
[rosmaster.master][INFO] 2026-08-30 09:01:38,766: +CACHEDPARAM [/rosout_disable_topics_generation] by /performance_monitor
[rosmaster.master][INFO] 2026-08-30 09:01:39,955: +CACHEDPARAM [/rosout_disable_topics_generation] by /performance_monitor
[rosmaster.master][INFO] 2026-08-30 09:01:40,009: +CACHEDPARAM [/rosout_disable_topics_generation] by /performance_monitor
[rosmaster.master][INFO] 2026-08-30 09:01:40,011: +CACHEDPARAM [/rosout_disable_topics_generation] by /performance_monitor
[rosmaster.master][INFO] 2026-08-30 09:01:45,017: +CACHEDPARAM [/rosout_disable_topics_generation] by /performance_monitor
[rosmaster.master][INFO] 2026-08-30 09:01:46,262: +CACHEDPARAM [/rosout_disable_topics_generation] by /performance_monitor
[rosmaster.master][INFO] 2026-08-30 09:01:46,973: +CACHEDPARAM [/rosout_disable_topics_generation] by /performance_monitor
[rosmaster.master][INFO] 2026-08-30 09:01:48,157: +CACHEDPARAM [/rosout_disable_topics_generation] by /performance_monitor
[rosmaster.master][INFO] 2026-08-30 09:01:48,207: +CACHEDPARAM [/rosout_disable_topics_generation] by /performance_monitor
[rosmaster.master][INFO] 2026-08-30 09:01:48,209: +CACHEDPARAM [/rosout_disable_topics_generation] by /performance_monitor
[rosmaster.master][INFO] 2026-08-30 09:01:53,212: +CACHEDPARAM [/rosout_disable_topics_generation] by /performance_monitor
[rosmaster.master][INFO] 2026-08-30 09:01:54,474: +CACHEDPARAM [/rosout_disable_topics_generation] by /performance_monitor
[rosmaster.master][INFO] 2026-08-30 09:01:55,184: +CACHEDPARAM [/rosout_disable_topics_generation] by /performance_monitor
[rosmaster.master][INFO] 2026-08-30 09:01:56,373: +CACHEDPARAM [/rosout_disable_topics_generation] by /performance_monitor
[rosmaster.master][INFO] 2026-08-30 09:01:56,425: +CACHEDPARAM [/rosout_disable_topics_generation] by /performance_monitor
[rosmaster.master][INFO] 2026-08-30 09:01:56,426: +CACHEDPARAM [/rosout_disable_topics_generation] by /performance_monitor
[rosmaster.master][INFO] 2026-08-30 09:02:01,429: +CACHEDPARAM [/rosout_disable_topics_generation] by /performance_monitor
[rosmaster.master][INFO] 2026-08-30 09:02:02,712: +CACHEDPARAM [/rosout_disable_topics_generation] by /performance_monitor
[rosmaster.master][INFO] 2026-08-30 09:02:03,414: +CACHEDPARAM [/rosout_disable_topics_generation] by /performance_monitor
[rosmaster.master][INFO] 2026-08-30 09:02:04,565: +CACHEDPARAM [/rosout_disable_topics_generation] by /performance_monitor
[rosmaster.master][INFO] 2026-08-30 09:02:04,619: +CACHEDPARAM [/rosout_disable_topics_generation] by /performance_monitor
[rosmaster.master][INFO] 2026-08-30 09:02:04,620: +CACHEDPARAM [/rosout_disable_topics_generation] by /performance_monitor
[rosmaster.master][INFO] 2026-08-30 09:02:09,622: +CACHEDPARAM [/rosout_disable_topics_generation] by /performance_monitor
[rosmaster.master][INFO] 2026-08-30 09:02:10,924: +CACHEDPARAM [/rosout_disable_topics_generation] by /performance_monitor
[rosmaster.master][INFO] 2026-08-30 09:02:11,646: +CACHEDPARAM [/rosout_disable_topics_generation] by /performance_monitor
[rosmaster.master][INFO] 2026-08-30 09:02:12,831: +CACHEDPARAM [/rosout_disable_topics_generation] by /performance_monitor
[rosmaster.master][INFO] 2026-08-30 09:02:12,885: +CACHEDPARAM [/rosout_disable_topics_generation] by /performance_monitor
[rosmaster.master][INFO] 2026-08-30 09:02:12,887: +CACHEDPARAM [/rosout_disable_topics_generation] by /performance_monitor
[rosmaster.master][INFO] 2026-08-30 09:02:17,889: +CACHEDPARAM [/rosout_disable_topics_generation] by /performance_monitor
[rosmaster.master][INFO] 2026-08-30 09:02:19,135: +CACHEDPARAM [/rosout_disable_topics_generation] by /performance_monitor
[rosmaster.master][INFO] 2026-08-30 09:02:19,839: +CACHEDPARAM [/rosout_disable_topics_generation] by /performance_monitor
[rosmaster.master][INFO] 2026-08-30 09:02:21,019: +CACHEDPARAM [/rosout_disable_topics_generation] by /performance_monitor
[rosmaster.master][INFO] 2026-08-30 09:02:21,076: +CACHEDPARAM [/rosout_disable_topics_generation] by /performance_monitor
[rosmaster.master][INFO] 2026-08-30 09:02:21,078: +CACHEDPARAM [/rosout_disable_topics_generation] by /performance_monitor
[rosmaster.master][INFO] 2026-08-30 09:02:26,082: +CACHEDPARAM [/rosout_disable_topics_generation] by /performance_monitor
[rosmaster.master][INFO] 2026-08-30 09:02:27,336: +CACHEDPARAM [/rosout_disable_topics_generation] by /performance_monitor
[rosmaster.master][INFO] 2026-08-30 09:02:28,053: +CACHEDPARAM [/rosout_disable_topics_generation] by /performance_monitor
[rosmaster.master][INFO] 2026-08-30 09:02:29,264: +CACHEDPARAM [/rosout_disable_topics_generation] by /performance_monitor
[rosmaster.master][INFO] 2026-08-30 09:02:29,314: +CACHEDPARAM [/rosout_disable_topics_generation] by /performance_monitor
[rosmaster.master][INFO] 2026-08-30 09:02:29,315: +CACHEDPARAM [/rosout_disable_topics_generation] by /performance_monitor
[rosmaster.master][INFO] 2026-08-30 09:02:34,318: +CACHEDPARAM [/rosout_disable_topics_generation] by /performance_monitor
[rosmaster.master][INFO] 2026-08-30 09:02:35,575: +CACHEDPARAM [/rosout_disable_topics_generation] by /performance_monitor
[rosmaster.master][INFO] 2026-08-30 09:02:36,290: +CACHEDPARAM [/rosout_disable_topics_generation] by /performance_monitor
[rosmaster.master][INFO] 2026-08-30 09:02:37,470: +CACHEDPARAM [/rosout_disable_topics_generation] by /performance_monitor
[rosmaster.master][INFO] 2026-08-30 09:02:37,529: +CACHEDPARAM [/rosout_disable_topics_generation] by /performance_monitor
[rosmaster.master][INFO] 2026-08-30 09:02:37,536: +CACHEDPARAM [/rosout_disable_topics_generation] by /performance_monitor
[rosmaster.master][INFO] 2026-08-30 09:02:42,538: +CACHEDPARAM [/rosout_disable_topics_generation] by /performance_monitor
[rosmaster.master][INFO] 2026-08-30 09:02:43,835: +CACHEDPARAM [/rosout_disable_topics_generation] by /performance_monitor
[rosmaster.master][INFO] 2026-08-30 09:02:44,543: +CACHEDPARAM [/rosout_disable_topics_generation] by /performance_monitor
[rosmaster.master][INFO] 2026-08-30 09:02:45,748: +CACHEDPARAM [/rosout_disable_topics_generation] by /performance_monitor
[rosmaster.master][INFO] 2026-08-30 09:02:45,798: +CACHEDPARAM [/rosout_disable_topics_generation] by /performance_monitor
[rosmaster.master][INFO] 2026-08-30 09:02:45,802: +CACHEDPARAM [/rosout_disable_topics_generation] by /performance_monitor
[rosmaster.master][INFO] 2026-08-30 09:02:50,807: +CACHEDPARAM [/rosout_disable_topics_generation] by /performance_monitor
[rosmaster.master][INFO] 2026-08-30 09:02:52,073: +CACHEDPARAM [/rosout_disable_topics_generation] by /performance_monitor
[rosmaster.master][INFO] 2026-08-30 09:02:52,792: +CACHEDPARAM [/rosout_disable_topics_generation] by /performance_monitor
[rosmaster.master][INFO] 2026-08-30 09:02:53,966: +CACHEDPARAM [/rosout_disable_topics_generation] by /performance_monitor
[rosmaster.master][INFO] 2026-08-30 09:02:54,021: +CACHEDPARAM [/rosout_disable_topics_generation] by /performance_monitor
[rosmaster.master][INFO] 2026-08-30 09:02:54,022: +CACHEDPARAM [/rosout_disable_topics_generation] by /performance_monitor
[rosmaster.master][INFO] 2026-08-30 09:02:59,024: +CACHEDPARAM [/rosout_disable_topics_generation] by /performance_monitor
[rosmaster.master][INFO] 2026-08-30 09:03:00,303: +CACHEDPARAM [/rosout_disable_topics_generation] by /performance_monitor
[rosmaster.master][INFO] 2026-08-30 09:03:01,000: +CACHEDPARAM [/rosout_disable_topics_generation] by /performance_monitor
[rosmaster.master][INFO] 2026-08-30 09:03:02,145: +CACHEDPARAM [/rosout_disable_topics_generation] by /performance_monitor
[rosmaster.master][INFO] 2026-08-30 09:03:02,194: +CACHEDPARAM [/rosout_disable_topics_generation] by /performance_monitor
[rosmaster.master][INFO] 2026-08-30 09:03:02,195: +CACHEDPARAM [/rosout_disable_topics_generation] by /performance_monitor
[rosmaster.master][INFO] 2026-08-30 09:03:07,197: +CACHEDPARAM [/rosout_disable_topics_generation] by /performance_monitor
[rosmaster.master][INFO] 2026-08-30 09:03:08,476: +CACHEDPARAM [/rosout_disable_topics_generation] by /performance_monitor
[rosmaster.master][INFO] 2026-08-30 09:03:09,185: +CACHEDPARAM [/rosout_disable_topics_generation] by /performance_monitor
[rosmaster.master][INFO] 2026-08-30 09:03:10,364: +CACHEDPARAM [/rosout_disable_topics_generation] by /performance_monitor
[rosmaster.master][INFO] 2026-08-30 09:03:10,421: +CACHEDPARAM [/rosout_disable_topics_generation] by /performance_monitor
[rosmaster.master][INFO] 2026-08-30 09:03:10,423: +CACHEDPARAM [/rosout_disable_topics_generation] by /performance_monitor
[rosmaster.master][INFO] 2026-08-30 09:03:15,425: +CACHEDPARAM [/rosout_disable_topics_generation] by /performance_monitor
[rosmaster.master][INFO] 2026-08-30 09:03:16,685: +CACHEDPARAM [/rosout_disable_topics_generation] by /performance_monitor
[rosmaster.master][INFO] 2026-08-30 09:03:17,386: +CACHEDPARAM [/rosout_disable_topics_generation] by /performance_monitor
[rosmaster.master][INFO] 2026-08-30 09:03:18,556: +CACHEDPARAM [/rosout_disable_topics_generation] by /performance_monitor
[rosmaster.master][INFO] 2026-08-30 09:03:18,609: +CACHEDPARAM [/rosout_disable_topics_generation] by /performance_monitor
[rosmaster.master][INFO] 2026-08-30 09:03:18,610: +CACHEDPARAM [/rosout_disable_topics_generation] by /performance_monitor
[rosmaster.master][INFO] 2026-08-30 09:03:23,613: +CACHEDPARAM [/rosout_disable_topics_generation] by /performance_monitor
[rosmaster.master][INFO] 2026-08-30 09:03:24,893: +CACHEDPARAM [/rosout_disable_topics_generation] by /performance_monitor
[rosmaster.master][INFO] 2026-08-30 09:03:25,593: +CACHEDPARAM [/rosout_disable_topics_generation] by /performance_monitor
[rosmaster.master][INFO] 2026-08-30 09:03:26,718: +CACHEDPARAM [/rosout_disable_topics_generation] by /performance_monitor
[rosmaster.master][INFO] 2026-08-30 09:03:26,770: +CACHEDPARAM [/rosout_disable_topics_generation] by /performance_monitor
[rosmaster.master][INFO] 2026-08-30 09:03:26,772: +CACHEDPARAM [/rosout_disable_topics_generation] by /performance_monitor
[rosmaster.master][INFO] 2026-08-30 09:03:31,776: +CACHEDPARAM [/rosout_disable_topics_generation] by /performance_monitor
[rosmaster.master][INFO] 2026-08-30 09:03:33,090: +CACHEDPARAM [/rosout_disable_topics_generation] by /performance_monitor
[rosmaster.master][INFO] 2026-08-30 09:03:33,802: +CACHEDPARAM [/rosout_disable_topics_generation] by /performance_monitor
[rosmaster.master][INFO] 2026-08-30 09:03:34,988: +CACHEDPARAM [/rosout_disable_topics_generation] by /performance_monitor
[rosmaster.master][INFO] 2026-08-30 09:03:35,039: +CACHEDPARAM [/rosout_disable_topics_generation] by /performance_monitor
[rosmaster.master][INFO] 2026-08-30 09:03:35,040: +CACHEDPARAM [/rosout_disable_topics_generation] by /performance_monitor
[rosmaster.master][INFO] 2026-08-30 09:03:40,043: +CACHEDPARAM [/rosout_disable_topics_generation] by /performance_monitor
[rosmaster.master][INFO] 2026-08-30 09:03:41,301: +CACHEDPARAM [/rosout_disable_topics_generation] by /performance_monitor
[rosmaster.master][INFO] 2026-08-30 09:03:42,016: +CACHEDPARAM [/rosout_disable_topics_generation] by /performance_monitor
[rosmaster.master][INFO] 2026-08-30 09:03:43,218: +CACHEDPARAM [/rosout_disable_topics_generation] by /performance_monitor
[rosmaster.master][INFO] 2026-08-30 09:03:43,274: +CACHEDPARAM [/rosout_disable_topics_generation] by /performance_monitor
[rosmaster.master][INFO] 2026-08-30 09:03:43,276: +CACHEDPARAM [/rosout_disable_topics_generation] by /performance_monitor
[rosmaster.master][INFO] 2026-08-30 09:03:48,277: +CACHEDPARAM [/rosout_disable_topics_generation] by /performance_monitor
[rosmaster.master][INFO] 2026-08-30 09:03:49,604: +CACHEDPARAM [/rosout_disable_topics_generation] by /performance_monitor
[rosmaster.master][INFO] 2026-08-30 09:03:50,307: +CACHEDPARAM [/rosout_disable_topics_generation] by /performance_monitor
[rosmaster.master][INFO] 2026-08-30 09:03:51,491: +CACHEDPARAM [/rosout_disable_topics_generation] by /performance_monitor
[rosmaster.master][INFO] 2026-08-30 09:03:51,539: +CACHEDPARAM [/rosout_disable_topics_generation] by /performance_monitor
[rosmaster.master][INFO] 2026-08-30 09:03:51,541: +CACHEDPARAM [/rosout_disable_topics_generation] by /performance_monitor
[rosmaster.master][INFO] 2026-08-30 09:03:56,543: +CACHEDPARAM [/rosout_disable_topics_generation] by /performance_monitor
[rosmaster.master][INFO] 2026-08-30 09:03:57,812: +CACHEDPARAM [/rosout_disable_topics_generation] by /performance_monitor
[rosmaster.master][INFO] 2026-08-30 09:03:58,512: +CACHEDPARAM [/rosout_disable_topics_generation] by /performance_monitor
[rosmaster.master][INFO] 2026-08-30 09:03:59,697: +CACHEDPARAM [/rosout_disable_topics_generation] by /performance_monitor
[rosmaster.master][INFO] 2026-08-30 09:03:59,745: +CACHEDPARAM [/rosout_disable_topics_generation] by /performance_monitor
[rosmaster.master][INFO] 2026-08-30 09:03:59,746: +CACHEDPARAM [/rosout_disable_topics_generation] by /performance_monitor
[rosmaster.master][INFO] 2026-08-30 09:04:04,748: +CACHEDPARAM [/rosout_disable_topics_generation] by /performance_monitor
[rosmaster.master][INFO] 2026-08-30 09:04:06,034: +CACHEDPARAM [/rosout_disable_topics_generation] by /performance_monitor
[rosmaster.master][INFO] 2026-08-30 09:04:06,748: +CACHEDPARAM [/rosout_disable_topics_generation] by /performance_monitor
[rosmaster.master][INFO] 2026-08-30 09:04:07,958: +CACHEDPARAM [/rosout_disable_topics_generation] by /performance_monitor
[rosmaster.master][INFO] 2026-08-30 09:04:08,064: +CACHEDPARAM [/rosout_disable_topics_generation] by /performance_monitor
[rosmaster.master][INFO] 2026-08-30 09:04:08,069: +CACHEDPARAM [/rosout_disable_topics_generation] by /performance_monitor
[rosmaster.master][INFO] 2026-08-30 09:04:13,080: +CACHEDPARAM [/rosout_disable_topics_generation] by /performance_monitor
[rosmaster.master][INFO] 2026-08-30 09:04:14,383: +CACHEDPARAM [/rosout_disable_topics_generation] by /performance_monitor
[rosmaster.master][INFO] 2026-08-30 09:04:15,291: +CACHEDPARAM [/rosout_disable_topics_generation] by /performance_monitor
[rosmaster.master][INFO] 2026-08-30 09:04:16,496: +CACHEDPARAM [/rosout_disable_topics_generation] by /performance_monitor
[rosmaster.master][INFO] 2026-08-30 09:04:16,551: +CACHEDPARAM [/rosout_disable_topics_generation] by /performance_monitor
[rosmaster.master][INFO] 2026-08-30 09:04:16,553: +CACHEDPARAM [/rosout_disable_topics_generation] by /performance_monitor
[rosmaster.master][INFO] 2026-08-30 09:04:21,556: +CACHEDPARAM [/rosout_disable_topics_generation] by /performance_monitor
[rosmaster.master][INFO] 2026-08-30 09:04:22,837: +CACHEDPARAM [/rosout_disable_topics_generation] by /performance_monitor
[rosmaster.master][INFO] 2026-08-30 09:04:23,557: +CACHEDPARAM [/rosout_disable_topics_generation] by /performance_monitor
[rosmaster.master][INFO] 2026-08-30 09:04:24,754: +CACHEDPARAM [/rosout_disable_topics_generation] by /performance_monitor
[rosmaster.master][INFO] 2026-08-30 09:04:24,808: +CACHEDPARAM [/rosout_disable_topics_generation] by /performance_monitor
[rosmaster.master][INFO] 2026-08-30 09:04:24,810: +CACHEDPARAM [/rosout_disable_topics_generation] by /performance_monitor
[rosmaster.master][INFO] 2026-08-30 09:04:29,812: +CACHEDPARAM [/rosout_disable_topics_generation] by /performance_monitor
[rosmaster.master][INFO] 2026-08-30 09:04:31,137: +CACHEDPARAM [/rosout_disable_topics_generation] by /performance_monitor
[rosmaster.master][INFO] 2026-08-30 09:04:31,860: +CACHEDPARAM [/rosout_disable_topics_generation] by /performance_monitor
[rosmaster.master][INFO] 2026-08-30 09:04:33,091: +CACHEDPARAM [/rosout_disable_topics_generation] by /performance_monitor
[rosmaster.master][INFO] 2026-08-30 09:04:33,148: +CACHEDPARAM [/rosout_disable_topics_generation] by /performance_monitor
[rosmaster.master][INFO] 2026-08-30 09:04:33,149: +CACHEDPARAM [/rosout_disable_topics_generation] by /performance_monitor
[rosmaster.master][INFO] 2026-08-30 09:04:38,152: +CACHEDPARAM [/rosout_disable_topics_generation] by /performance_monitor
[rosmaster.master][INFO] 2026-08-30 09:04:39,439: +CACHEDPARAM [/rosout_disable_topics_generation] by /performance_monitor
[rosmaster.master][INFO] 2026-08-30 09:04:40,195: +CACHEDPARAM [/rosout_disable_topics_generation] by /performance_monitor
[rosmaster.master][INFO] 2026-08-30 09:04:41,414: +CACHEDPARAM [/rosout_disable_topics_generation] by /performance_monitor
[rosmaster.master][INFO] 2026-08-30 09:04:41,470: +CACHEDPARAM [/rosout_disable_topics_generation] by /performance_monitor
[rosmaster.master][INFO] 2026-08-30 09:04:41,473: +CACHEDPARAM [/rosout_disable_topics_generation] by /performance_monitor
[rosmaster.master][INFO] 2026-08-30 09:04:46,475: +CACHEDPARAM [/rosout_disable_topics_generation] by /performance_monitor
[rosmaster.master][INFO] 2026-08-30 09:04:47,770: +CACHEDPARAM [/rosout_disable_topics_generation] by /performance_monitor
[rosmaster.master][INFO] 2026-08-30 09:04:48,472: +CACHEDPARAM [/rosout_disable_topics_generation] by /performance_monitor
[rosmaster.master][INFO] 2026-08-30 09:04:49,704: +CACHEDPARAM [/rosout_disable_topics_generation] by /performance_monitor
[rosmaster.master][INFO] 2026-08-30 09:04:49,752: +CACHEDPARAM [/rosout_disable_topics_generation] by /performance_monitor
[rosmaster.master][INFO] 2026-08-30 09:04:49,754: +CACHEDPARAM [/rosout_disable_topics_generation] by /performance_monitor
[rosmaster.master][INFO] 2026-08-30 09:04:54,756: +CACHEDPARAM [/rosout_disable_topics_generation] by /performance_monitor
[rosmaster.master][INFO] 2026-08-30 09:04:56,036: +CACHEDPARAM [/rosout_disable_topics_generation] by /performance_monitor
[rosmaster.master][INFO] 2026-08-30 09:04:56,738: +CACHEDPARAM [/rosout_disable_topics_generation] by /performance_monitor
[rosmaster.master][INFO] 2026-08-30 09:04:57,902: +CACHEDPARAM [/rosout_disable_topics_generation] by /performance_monitor
[rosmaster.master][INFO] 2026-08-30 09:04:57,949: +CACHEDPARAM [/rosout_disable_topics_generation] by /performance_monitor
[rosmaster.master][INFO] 2026-08-30 09:04:57,950: +CACHEDPARAM [/rosout_disable_topics_generation] by /performance_monitor
[rosmaster.master][INFO] 2026-08-30 09:05:02,953: +CACHEDPARAM [/rosout_disable_topics_generation] by /performance_monitor
[rosmaster.master][INFO] 2026-08-30 09:05:04,211: +CACHEDPARAM [/rosout_disable_topics_generation] by /performance_monitor
[rosmaster.master][INFO] 2026-08-30 09:05:04,911: +CACHEDPARAM [/rosout_disable_topics_generation] by /performance_monitor
[rosmaster.master][INFO] 2026-08-30 09:05:06,099: +CACHEDPARAM [/rosout_disable_topics_generation] by /performance_monitor
[rosmaster.master][INFO] 2026-08-30 09:05:06,154: +CACHEDPARAM [/rosout_disable_topics_generation] by /performance_monitor
[rosmaster.master][INFO] 2026-08-30 09:05:06,156: +CACHEDPARAM [/rosout_disable_topics_generation] by /performance_monitor
[rosmaster.master][INFO] 2026-08-30 09:05:11,159: +CACHEDPARAM [/rosout_disable_topics_generation] by /performance_monitor
[rosmaster.master][INFO] 2026-08-30 09:05:12,441: +CACHEDPARAM [/rosout_disable_topics_generation] by /performance_monitor
[rosmaster.master][INFO] 2026-08-30 09:05:13,143: +CACHEDPARAM [/rosout_disable_topics_generation] by /performance_monitor
[rosmaster.master][INFO] 2026-08-30 09:05:14,325: +CACHEDPARAM [/rosout_disable_topics_generation] by /performance_monitor
[rosmaster.master][INFO] 2026-08-30 09:05:14,381: +CACHEDPARAM [/rosout_disable_topics_generation] by /performance_monitor
[rosmaster.master][INFO] 2026-08-30 09:05:14,382: +CACHEDPARAM [/rosout_disable_topics_generation] by /performance_monitor
[rosmaster.master][INFO] 2026-08-30 09:05:19,385: +CACHEDPARAM [/rosout_disable_topics_generation] by /performance_monitor
[rosmaster.master][INFO] 2026-08-30 09:05:20,687: +CACHEDPARAM [/rosout_disable_topics_generation] by /performance_monitor
[rosmaster.master][INFO] 2026-08-30 09:05:21,387: +CACHEDPARAM [/rosout_disable_topics_generation] by /performance_monitor
[rosmaster.master][INFO] 2026-08-30 09:05:22,574: +CACHEDPARAM [/rosout_disable_topics_generation] by /performance_monitor
[rosmaster.master][INFO] 2026-08-30 09:05:22,629: +CACHEDPARAM [/rosout_disable_topics_generation] by /performance_monitor
[rosmaster.master][INFO] 2026-08-30 09:05:22,631: +CACHEDPARAM [/rosout_disable_topics_generation] by /performance_monitor
[rosmaster.master][INFO] 2026-08-30 09:05:27,634: +CACHEDPARAM [/rosout_disable_topics_generation] by /performance_monitor
[rosmaster.master][INFO] 2026-08-30 09:05:28,910: +CACHEDPARAM [/rosout_disable_topics_generation] by /performance_monitor
[rosmaster.master][INFO] 2026-08-30 09:05:29,621: +CACHEDPARAM [/rosout_disable_topics_generation] by /performance_monitor
[rosmaster.master][INFO] 2026-08-30 09:05:30,828: +CACHEDPARAM [/rosout_disable_topics_generation] by /performance_monitor
[rosmaster.master][INFO] 2026-08-30 09:05:30,879: +CACHEDPARAM [/rosout_disable_topics_generation] by /performance_monitor
[rosmaster.master][INFO] 2026-08-30 09:05:30,881: +CACHEDPARAM [/rosout_disable_topics_generation] by /performance_monitor
[rosmaster.master][INFO] 2026-08-30 09:05:35,882: +CACHEDPARAM [/rosout_disable_topics_generation] by /performance_monitor
[rosmaster.master][INFO] 2026-08-30 09:05:37,194: +CACHEDPARAM [/rosout_disable_topics_generation] by /performance_monitor
[rosmaster.master][INFO] 2026-08-30 09:05:37,910: +CACHEDPARAM [/rosout_disable_topics_generation] by /performance_monitor
[rosmaster.master][INFO] 2026-08-30 09:05:39,121: +CACHEDPARAM [/rosout_disable_topics_generation] by /performance_monitor
[rosmaster.master][INFO] 2026-08-30 09:05:39,179: +CACHEDPARAM [/rosout_disable_topics_generation] by /performance_monitor
[rosmaster.master][INFO] 2026-08-30 09:05:39,181: +CACHEDPARAM [/rosout_disable_topics_generation] by /performance_monitor
[rosmaster.master][INFO] 2026-08-30 09:05:44,184: +CACHEDPARAM [/rosout_disable_topics_generation] by /performance_monitor
[rosmaster.master][INFO] 2026-08-30 09:05:45,441: +CACHEDPARAM [/rosout_disable_topics_generation] by /performance_monitor
[rosmaster.master][INFO] 2026-08-30 09:05:46,149: +CACHEDPARAM [/rosout_disable_topics_generation] by /performance_monitor
[rosmaster.master][INFO] 2026-08-30 09:05:47,339: +CACHEDPARAM [/rosout_disable_topics_generation] by /performance_monitor
[rosmaster.master][INFO] 2026-08-30 09:05:47,399: +CACHEDPARAM [/rosout_disable_topics_generation] by /performance_monitor
[rosmaster.master][INFO] 2026-08-30 09:05:47,400: +CACHEDPARAM [/rosout_disable_topics_generation] by /performance_monitor
[rosmaster.master][INFO] 2026-08-30 09:05:52,403: +CACHEDPARAM [/rosout_disable_topics_generation] by /performance_monitor
[rosmaster.master][INFO] 2026-08-30 09:05:53,662: +CACHEDPARAM [/rosout_disable_topics_generation] by /performance_monitor
[rosmaster.master][INFO] 2026-08-30 09:05:54,361: +CACHEDPARAM [/rosout_disable_topics_generation] by /performance_monitor
[rosmaster.master][INFO] 2026-08-30 09:05:55,517: +CACHEDPARAM [/rosout_disable_topics_generation] by /performance_monitor
[rosmaster.master][INFO] 2026-08-30 09:05:55,566: +CACHEDPARAM [/rosout_disable_topics_generation] by /performance_monitor
[rosmaster.master][INFO] 2026-08-30 09:05:55,567: +CACHEDPARAM [/rosout_disable_topics_generation] by /performance_monitor
[rosmaster.master][INFO] 2026-08-30 09:06:00,571: +CACHEDPARAM [/rosout_disable_topics_generation] by /performance_monitor
[rosmaster.master][INFO] 2026-08-30 09:06:01,852: +CACHEDPARAM [/rosout_disable_topics_generation] by /performance_monitor
[rosmaster.master][INFO] 2026-08-30 09:06:02,564: +CACHEDPARAM [/rosout_disable_topics_generation] by /performance_monitor
[rosmaster.master][INFO] 2026-08-30 09:06:03,730: +CACHEDPARAM [/rosout_disable_topics_generation] by /performance_monitor
[rosmaster.master][INFO] 2026-08-30 09:06:03,779: +CACHEDPARAM [/rosout_disable_topics_generation] by /performance_monitor
[rosmaster.master][INFO] 2026-08-30 09:06:03,780: +CACHEDPARAM [/rosout_disable_topics_generation] by /performance_monitor
[rosmaster.master][INFO] 2026-08-30 09:06:08,783: +CACHEDPARAM [/rosout_disable_topics_generation] by /performance_monitor
[rosmaster.master][INFO] 2026-08-30 09:06:10,070: +CACHEDPARAM [/rosout_disable_topics_generation] by /performance_monitor
[rosmaster.master][INFO] 2026-08-30 09:06:10,778: +CACHEDPARAM [/rosout_disable_topics_generation] by /performance_monitor
[rosmaster.master][INFO] 2026-08-30 09:06:11,964: +CACHEDPARAM [/rosout_disable_topics_generation] by /performance_monitor
[rosmaster.master][INFO] 2026-08-30 09:06:12,020: +CACHEDPARAM [/rosout_disable_topics_generation] by /performance_monitor
[rosmaster.master][INFO] 2026-08-30 09:06:12,023: +CACHEDPARAM [/rosout_disable_topics_generation] by /performance_monitor
[rosmaster.master][INFO] 2026-08-30 09:06:17,026: +CACHEDPARAM [/rosout_disable_topics_generation] by /performance_monitor
[rosmaster.master][INFO] 2026-08-30 09:06:18,388: +CACHEDPARAM [/rosout_disable_topics_generation] by /performance_monitor
[rosmaster.master][INFO] 2026-08-30 09:06:19,121: +CACHEDPARAM [/rosout_disable_topics_generation] by /performance_monitor
[rosmaster.master][INFO] 2026-08-30 09:06:20,359: +CACHEDPARAM [/rosout_disable_topics_generation] by /performance_monitor
[rosmaster.master][INFO] 2026-08-30 09:06:20,410: +CACHEDPARAM [/rosout_disable_topics_generation] by /performance_monitor
[rosmaster.master][INFO] 2026-08-30 09:06:20,411: +CACHEDPARAM [/rosout_disable_topics_generation] by /performance_monitor
[rosmaster.master][INFO] 2026-08-30 09:06:25,414: +CACHEDPARAM [/rosout_disable_topics_generation] by /performance_monitor
[rosmaster.master][INFO] 2026-08-30 09:06:27,019: +CACHEDPARAM [/rosout_disable_topics_generation] by /performance_monitor
[rosmaster.master][INFO] 2026-08-30 09:06:27,714: +CACHEDPARAM [/rosout_disable_topics_generation] by /performance_monitor
[rosmaster.master][INFO] 2026-08-30 09:06:28,917: +CACHEDPARAM [/rosout_disable_topics_generation] by /performance_monitor
[rosmaster.master][INFO] 2026-08-30 09:06:28,972: +CACHEDPARAM [/rosout_disable_topics_generation] by /performance_monitor
[rosmaster.master][INFO] 2026-08-30 09:06:28,974: +CACHEDPARAM [/rosout_disable_topics_generation] by /performance_monitor
[rosmaster.master][INFO] 2026-08-30 09:06:33,977: +CACHEDPARAM [/rosout_disable_topics_generation] by /performance_monitor
[rosmaster.master][INFO] 2026-08-30 09:06:35,441: +CACHEDPARAM [/rosout_disable_topics_generation] by /performance_monitor
[rosmaster.master][INFO] 2026-08-30 09:06:36,148: +CACHEDPARAM [/rosout_disable_topics_generation] by /performance_monitor
[rosmaster.master][INFO] 2026-08-30 09:06:37,405: +CACHEDPARAM [/rosout_disable_topics_generation] by /performance_monitor
[rosmaster.master][INFO] 2026-08-30 09:06:37,473: +CACHEDPARAM [/rosout_disable_topics_generation] by /performance_monitor
[rosmaster.master][INFO] 2026-08-30 09:06:37,475: +CACHEDPARAM [/rosout_disable_topics_generation] by /performance_monitor
[rosmaster.master][INFO] 2026-08-30 09:06:42,477: +CACHEDPARAM [/rosout_disable_topics_generation] by /performance_monitor
[rosmaster.master][INFO] 2026-08-30 09:06:43,764: +CACHEDPARAM [/rosout_disable_topics_generation] by /performance_monitor
[rosmaster.master][INFO] 2026-08-30 09:06:44,461: +CACHEDPARAM [/rosout_disable_topics_generation] by /performance_monitor
[rosmaster.master][INFO] 2026-08-30 09:06:45,658: +CACHEDPARAM [/rosout_disable_topics_generation] by /performance_monitor
[rosmaster.master][INFO] 2026-08-30 09:06:45,710: +CACHEDPARAM [/rosout_disable_topics_generation] by /performance_monitor
[rosmaster.master][INFO] 2026-08-30 09:06:45,711: +CACHEDPARAM [/rosout_disable_topics_generation] by /performance_monitor
[rosmaster.master][INFO] 2026-08-30 09:06:50,715: +CACHEDPARAM [/rosout_disable_topics_generation] by /performance_monitor
[rosmaster.master][INFO] 2026-08-30 09:06:52,060: +CACHEDPARAM [/rosout_disable_topics_generation] by /performance_monitor
[rosmaster.master][INFO] 2026-08-30 09:06:52,758: +CACHEDPARAM [/rosout_disable_topics_generation] by /performance_monitor
[rosmaster.master][INFO] 2026-08-30 09:06:53,957: +CACHEDPARAM [/rosout_disable_topics_generation] by /performance_monitor
[rosmaster.master][INFO] 2026-08-30 09:06:54,012: +CACHEDPARAM [/rosout_disable_topics_generation] by /performance_monitor
[rosmaster.master][INFO] 2026-08-30 09:06:54,015: +CACHEDPARAM [/rosout_disable_topics_generation] by /performance_monitor
[rosmaster.master][INFO] 2026-08-30 09:06:59,019: +CACHEDPARAM [/rosout_disable_topics_generation] by /performance_monitor
[rosmaster.master][INFO] 2026-08-30 09:07:00,274: +CACHEDPARAM [/rosout_disable_topics_generation] by /performance_monitor
[rosmaster.master][INFO] 2026-08-30 09:07:00,979: +CACHEDPARAM [/rosout_disable_topics_generation] by /performance_monitor
[rosmaster.master][INFO] 2026-08-30 09:07:02,194: +CACHEDPARAM [/rosout_disable_topics_generation] by /performance_monitor
[rosmaster.master][INFO] 2026-08-30 09:07:02,247: +CACHEDPARAM [/rosout_disable_topics_generation] by /performance_monitor
[rosmaster.master][INFO] 2026-08-30 09:07:02,249: +CACHEDPARAM [/rosout_disable_topics_generation] by /performance_monitor
[rosmaster.master][INFO] 2026-08-30 09:07:07,251: +CACHEDPARAM [/rosout_disable_topics_generation] by /performance_monitor
[rosmaster.master][INFO] 2026-08-30 09:07:08,498: +CACHEDPARAM [/rosout_disable_topics_generation] by /performance_monitor
[rosmaster.master][INFO] 2026-08-30 09:07:09,215: +CACHEDPARAM [/rosout_disable_topics_generation] by /performance_monitor
[rosmaster.master][INFO] 2026-08-30 09:07:10,430: +CACHEDPARAM [/rosout_disable_topics_generation] by /performance_monitor
[rosmaster.master][INFO] 2026-08-30 09:07:10,487: +CACHEDPARAM [/rosout_disable_topics_generation] by /performance_monitor
[rosmaster.master][INFO] 2026-08-30 09:07:10,488: +CACHEDPARAM [/rosout_disable_topics_generation] by /performance_monitor
[rosmaster.master][INFO] 2026-08-30 09:07:15,492: +CACHEDPARAM [/rosout_disable_topics_generation] by /performance_monitor
[rosmaster.master][INFO] 2026-08-30 09:07:16,776: +CACHEDPARAM [/rosout_disable_topics_generation] by /performance_monitor
[rosmaster.master][INFO] 2026-08-30 09:07:17,479: +CACHEDPARAM [/rosout_disable_topics_generation] by /performance_monitor
[rosmaster.master][INFO] 2026-08-30 09:07:18,679: +CACHEDPARAM [/rosout_disable_topics_generation] by /performance_monitor
[rosmaster.master][INFO] 2026-08-30 09:07:18,740: +CACHEDPARAM [/rosout_disable_topics_generation] by /performance_monitor
[rosmaster.master][INFO] 2026-08-30 09:07:18,741: +CACHEDPARAM [/rosout_disable_topics_generation] by /performance_monitor
[rosmaster.master][INFO] 2026-08-30 09:07:23,743: +CACHEDPARAM [/rosout_disable_topics_generation] by /performance_monitor
[rosmaster.master][INFO] 2026-08-30 09:07:25,038: +CACHEDPARAM [/rosout_disable_topics_generation] by /performance_monitor
[rosmaster.master][INFO] 2026-08-30 09:07:25,764: +CACHEDPARAM [/rosout_disable_topics_generation] by /performance_monitor
[rosmaster.master][INFO] 2026-08-30 09:07:26,927: +CACHEDPARAM [/rosout_disable_topics_generation] by /performance_monitor
[rosmaster.master][INFO] 2026-08-30 09:07:26,984: +CACHEDPARAM [/rosout_disable_topics_generation] by /performance_monitor
[rosmaster.master][INFO] 2026-08-30 09:07:26,986: +CACHEDPARAM [/rosout_disable_topics_generation] by /performance_monitor
[rosmaster.master][INFO] 2026-08-30 09:07:31,989: +CACHEDPARAM [/rosout_disable_topics_generation] by /performance_monitor
[rosmaster.master][INFO] 2026-08-30 09:07:33,273: +CACHEDPARAM [/rosout_disable_topics_generation] by /performance_monitor
[rosmaster.master][INFO] 2026-08-30 09:07:33,999: +CACHEDPARAM [/rosout_disable_topics_generation] by /performance_monitor
[rosmaster.master][INFO] 2026-08-30 09:07:35,188: +CACHEDPARAM [/rosout_disable_topics_generation] by /performance_monitor
[rosmaster.master][INFO] 2026-08-30 09:07:35,237: +CACHEDPARAM [/rosout_disable_topics_generation] by /performance_monitor
[rosmaster.master][INFO] 2026-08-30 09:07:35,238: +CACHEDPARAM [/rosout_disable_topics_generation] by /performance_monitor
[rosmaster.master][INFO] 2026-08-30 09:07:40,239: +CACHEDPARAM [/rosout_disable_topics_generation] by /performance_monitor
[rosmaster.master][INFO] 2026-08-30 09:07:41,671: +CACHEDPARAM [/rosout_disable_topics_generation] by /performance_monitor
[rosmaster.master][INFO] 2026-08-30 09:07:42,382: +CACHEDPARAM [/rosout_disable_topics_generation] by /performance_monitor
[rosmaster.master][INFO] 2026-08-30 09:07:43,543: +CACHEDPARAM [/rosout_disable_topics_generation] by /performance_monitor
[rosmaster.master][INFO] 2026-08-30 09:07:43,593: +CACHEDPARAM [/rosout_disable_topics_generation] by /performance_monitor
[rosmaster.master][INFO] 2026-08-30 09:07:43,594: +CACHEDPARAM [/rosout_disable_topics_generation] by /performance_monitor
[rosmaster.master][INFO] 2026-08-30 09:07:48,597: +CACHEDPARAM [/rosout_disable_topics_generation] by /performance_monitor
[rosmaster.master][INFO] 2026-08-30 09:07:49,878: +CACHEDPARAM [/rosout_disable_topics_generation] by /performance_monitor
[rosmaster.master][INFO] 2026-08-30 09:07:50,623: +CACHEDPARAM [/rosout_disable_topics_generation] by /performance_monitor
[rosmaster.master][INFO] 2026-08-30 09:07:51,822: +CACHEDPARAM [/rosout_disable_topics_generation] by /performance_monitor
[rosmaster.master][INFO] 2026-08-30 09:07:51,877: +CACHEDPARAM [/rosout_disable_topics_generation] by /performance_monitor
[rosmaster.master][INFO] 2026-08-30 09:07:51,884: +CACHEDPARAM [/rosout_disable_topics_generation] by /performance_monitor
[rosmaster.master][INFO] 2026-08-30 09:07:56,886: +CACHEDPARAM [/rosout_disable_topics_generation] by /performance_monitor
[rosmaster.master][INFO] 2026-08-30 09:07:58,155: +CACHEDPARAM [/rosout_disable_topics_generation] by /performance_monitor
[rosmaster.master][INFO] 2026-08-30 09:07:58,870: +CACHEDPARAM [/rosout_disable_topics_generation] by /performance_monitor
[rosmaster.master][INFO] 2026-08-30 09:08:00,072: +CACHEDPARAM [/rosout_disable_topics_generation] by /performance_monitor
[rosmaster.master][INFO] 2026-08-30 09:08:00,121: +CACHEDPARAM [/rosout_disable_topics_generation] by /performance_monitor
[rosmaster.master][INFO] 2026-08-30 09:08:00,123: +CACHEDPARAM [/rosout_disable_topics_generation] by /performance_monitor
[rosmaster.master][INFO] 2026-08-30 09:08:05,129: +CACHEDPARAM [/rosout_disable_topics_generation] by /performance_monitor
[rosmaster.master][INFO] 2026-08-30 09:08:06,414: +CACHEDPARAM [/rosout_disable_topics_generation] by /performance_monitor
[rosmaster.master][INFO] 2026-08-30 09:08:07,123: +CACHEDPARAM [/rosout_disable_topics_generation] by /performance_monitor
[rosmaster.master][INFO] 2026-08-30 09:08:08,332: +CACHEDPARAM [/rosout_disable_topics_generation] by /performance_monitor
[rosmaster.master][INFO] 2026-08-30 09:08:08,389: +CACHEDPARAM [/rosout_disable_topics_generation] by /performance_monitor
[rosmaster.master][INFO] 2026-08-30 09:08:08,391: +CACHEDPARAM [/rosout_disable_topics_generation] by /performance_monitor
[rosmaster.master][INFO] 2026-08-30 09:08:13,394: +CACHEDPARAM [/rosout_disable_topics_generation] by /performance_monitor
[rosmaster.master][INFO] 2026-08-30 09:08:14,690: +CACHEDPARAM [/rosout_disable_topics_generation] by /performance_monitor
[rosmaster.master][INFO] 2026-08-30 09:08:15,397: +CACHEDPARAM [/rosout_disable_topics_generation] by /performance_monitor
[rosmaster.master][INFO] 2026-08-30 09:08:16,591: +CACHEDPARAM [/rosout_disable_topics_generation] by /performance_monitor
[rosmaster.master][INFO] 2026-08-30 09:08:16,644: +CACHEDPARAM [/rosout_disable_topics_generation] by /performance_monitor
[rosmaster.master][INFO] 2026-08-30 09:08:16,646: +CACHEDPARAM [/rosout_disable_topics_generation] by /performance_monitor
[rosmaster.master][INFO] 2026-08-30 09:08:21,651: +CACHEDPARAM [/rosout_disable_topics_generation] by /performance_monitor
[rosmaster.master][INFO] 2026-08-30 09:08:22,971: +CACHEDPARAM [/rosout_disable_topics_generation] by /performance_monitor
[rosmaster.master][INFO] 2026-08-30 09:08:23,691: +CACHEDPARAM [/rosout_disable_topics_generation] by /performance_monitor
[rosmaster.master][INFO] 2026-08-30 09:08:24,850: +CACHEDPARAM [/rosout_disable_topics_generation] by /performance_monitor
[rosmaster.master][INFO] 2026-08-30 09:08:24,907: +CACHEDPARAM [/rosout_disable_topics_generation] by /performance_monitor
[rosmaster.master][INFO] 2026-08-30 09:08:24,909: +CACHEDPARAM [/rosout_disable_topics_generation] by /performance_monitor
[rosmaster.master][INFO] 2026-08-30 09:08:29,913: +CACHEDPARAM [/rosout_disable_topics_generation] by /performance_monitor
[rosmaster.master][INFO] 2026-08-30 09:08:31,196: +CACHEDPARAM [/rosout_disable_topics_generation] by /performance_monitor
[rosmaster.master][INFO] 2026-08-30 09:08:31,907: +CACHEDPARAM [/rosout_disable_topics_generation] by /performance_monitor
[rosmaster.master][INFO] 2026-08-30 09:08:33,083: +CACHEDPARAM [/rosout_disable_topics_generation] by /performance_monitor
[rosmaster.master][INFO] 2026-08-30 09:08:33,139: +CACHEDPARAM [/rosout_disable_topics_generation] by /performance_monitor
[rosmaster.master][INFO] 2026-08-30 09:08:33,141: +CACHEDPARAM [/rosout_disable_topics_generation] by /performance_monitor
[rosmaster.master][INFO] 2026-08-30 09:08:38,143: +CACHEDPARAM [/rosout_disable_topics_generation] by /performance_monitor
[rosmaster.master][INFO] 2026-08-30 09:08:39,425: +CACHEDPARAM [/rosout_disable_topics_generation] by /performance_monitor
[rosmaster.master][INFO] 2026-08-30 09:08:40,169: +CACHEDPARAM [/rosout_disable_topics_generation] by /performance_monitor
[rosmaster.master][INFO] 2026-08-30 09:08:41,392: +CACHEDPARAM [/rosout_disable_topics_generation] by /performance_monitor
[rosmaster.master][INFO] 2026-08-30 09:08:41,442: +CACHEDPARAM [/rosout_disable_topics_generation] by /performance_monitor
[rosmaster.master][INFO] 2026-08-30 09:08:41,444: +CACHEDPARAM [/rosout_disable_topics_generation] by /performance_monitor
[rosmaster.master][INFO] 2026-08-30 09:08:46,447: +CACHEDPARAM [/rosout_disable_topics_generation] by /performance_monitor
[rosmaster.master][INFO] 2026-08-30 09:08:47,727: +CACHEDPARAM [/rosout_disable_topics_generation] by /performance_monitor
[rosmaster.master][INFO] 2026-08-30 09:08:48,437: +CACHEDPARAM [/rosout_disable_topics_generation] by /performance_monitor
[rosmaster.master][INFO] 2026-08-30 09:08:49,581: +CACHEDPARAM [/rosout_disable_topics_generation] by /performance_monitor
[rosmaster.master][INFO] 2026-08-30 09:08:49,637: +CACHEDPARAM [/rosout_disable_topics_generation] by /performance_monitor
[rosmaster.master][INFO] 2026-08-30 09:08:49,639: +CACHEDPARAM [/rosout_disable_topics_generation] by /performance_monitor
[rosmaster.master][INFO] 2026-08-30 09:08:54,599: -SUB [/mavros/local_position/odom] /trajectory_planner http://localhost:37519/
[rosmaster.master][INFO] 2026-08-30 09:08:54,599: -SUB [/tracked_targets] /trajectory_planner http://localhost:37519/
[rosmaster.master][INFO] 2026-08-30 09:08:54,600: -SUB [/mission_status] /trajectory_planner http://localhost:37519/
[rosmaster.master][INFO] 2026-08-30 09:08:54,600: -PUB [/rosout] /trajectory_planner http://localhost:37519/
[rosmaster.master][INFO] 2026-08-30 09:08:54,600: -PUB [/planned_trajectory] /trajectory_planner http://localhost:37519/
[rosmaster.master][INFO] 2026-08-30 09:08:54,600: -PUB [/waypoints] /trajectory_planner http://localhost:37519/
[rosmaster.master][INFO] 2026-08-30 09:08:54,600: -PUB [/path] /trajectory_planner http://localhost:37519/
[rosmaster.master][INFO] 2026-08-30 09:08:54,600: -PUB [/planner_status] /trajectory_planner http://localhost:37519/
[rosmaster.master][INFO] 2026-08-30 09:08:54,600: -SERVICE [/trajectory_planner/get_loggers] /trajectory_planner rosrpc://localhost:46231
[rosmaster.master][INFO] 2026-08-30 09:08:54,600: -SERVICE [/trajectory_planner/set_logger_level] /trajectory_planner rosrpc://localhost:46231
[rosmaster.master][INFO] 2026-08-30 09:08:54,613: publisherUpdate[/rosout] -> http://localhost:38019/ ['http://localhost:37929/', 'http://localhost:35409/', 'http://localhost:41931/', 'http://localhost:38051/', 'http://localhost:37577/', 'http://localhost:34779/', 'http://localhost:35691/', 'http://localhost:41887/', 'http://localhost:34309/', 'http://localhost:35073/', 'http://localhost:36135/', 'http://localhost:40985/']
[rosmaster.master][INFO] 2026-08-30 09:08:54,617: publisherUpdate[/rosout] -> http://localhost:38019/ ['http://localhost:37929/', 'http://localhost:35409/', 'http://localhost:41931/', 'http://localhost:38051/', 'http://localhost:37577/', 'http://localhost:34779/', 'http://localhost:35691/', 'http://localhost:41887/', 'http://localhost:34309/', 'http://localhost:35073/', 'http://localhost:36135/', 'http://localhost:40985/']: sec=0.00, result=[1, '', 0]
[rosmaster.master][INFO] 2026-08-30 09:08:54,643: +CACHEDPARAM [/rosout_disable_topics_generation] by /performance_monitor
[rosmaster.master][INFO] 2026-08-30 09:08:56,307: +CACHEDPARAM [/rosout_disable_topics_generation] by /performance_monitor
[rosmaster.master][INFO] 2026-08-30 09:08:57,260: +CACHEDPARAM [/rosout_disable_topics_generation] by /performance_monitor
[rosmaster.master][INFO] 2026-08-30 09:08:58,435: +CACHEDPARAM [/rosout_disable_topics_generation] by /performance_monitor
[rosmaster.master][INFO] 2026-08-30 09:08:58,507: +CACHEDPARAM [/rosout_disable_topics_generation] by /performance_monitor
[rosmaster.master][INFO] 2026-08-30 09:08:58,516: +CACHEDPARAM [/rosout_disable_topics_generation] by /performance_monitor
[rosmaster.master][INFO] 2026-08-30 09:08:58,589: +PUB [/rosout] /trajectory_planner http://localhost:43963/
[rosmaster.master][INFO] 2026-08-30 09:08:58,594: +SERVICE [/trajectory_planner/get_loggers] /trajectory_planner http://localhost:43963/
[rosmaster.master][INFO] 2026-08-30 09:08:58,595: +SERVICE [/trajectory_planner/set_logger_level] /trajectory_planner http://localhost:43963/
[rosmaster.master][INFO] 2026-08-30 09:08:58,601: +SUB [/mavros/local_position/odom] /trajectory_planner http://localhost:43963/
[rosmaster.master][INFO] 2026-08-30 09:08:58,603: +SUB [/tracked_targets] /trajectory_planner http://localhost:43963/
[rosmaster.master][INFO] 2026-08-30 09:08:58,606: +SUB [/mission_status] /trajectory_planner http://localhost:43963/
[rosmaster.master][INFO] 2026-08-30 09:08:58,608: +PUB [/planned_trajectory] /trajectory_planner http://localhost:43963/
[rosmaster.master][INFO] 2026-08-30 09:08:58,610: +PUB [/waypoints] /trajectory_planner http://localhost:43963/
[rosmaster.master][INFO] 2026-08-30 09:08:58,611: +PUB [/path] /trajectory_planner http://localhost:43963/
[rosmaster.master][INFO] 2026-08-30 09:08:58,613: +PUB [/planner_status] /trajectory_planner http://localhost:43963/
[rosmaster.master][INFO] 2026-08-30 09:08:58,619: publisherUpdate[/rosout] -> http://localhost:38019/ ['http://localhost:37929/', 'http://localhost:35409/', 'http://localhost:41931/', 'http://localhost:38051/', 'http://localhost:37577/', 'http://localhost:34779/', 'http://localhost:35691/', 'http://localhost:41887/', 'http://localhost:34309/', 'http://localhost:35073/', 'http://localhost:36135/', 'http://localhost:40985/', 'http://localhost:43963/']
[rosmaster.master][INFO] 2026-08-30 09:08:58,621: publisherUpdate[/rosout] -> http://localhost:38019/ ['http://localhost:37929/', 'http://localhost:35409/', 'http://localhost:41931/', 'http://localhost:38051/', 'http://localhost:37577/', 'http://localhost:34779/', 'http://localhost:35691/', 'http://localhost:41887/', 'http://localhost:34309/', 'http://localhost:35073/', 'http://localhost:36135/', 'http://localhost:40985/', 'http://localhost:43963/']: sec=0.00, result=[1, '', 0]
[rosmaster.master][INFO] 2026-08-30 09:08:58,623: +CACHEDPARAM [/rosout_disable_topics_generation] by /mission_manager
[rosmaster.master][INFO] 2026-08-30 09:08:58,625: +CACHEDPARAM [/rosout_disable_topics_generation] by /trajectory_planner
[rosmaster.master][INFO] 2026-08-30 09:09:03,520: +CACHEDPARAM [/rosout_disable_topics_generation] by /performance_monitor
[rosmaster.master][INFO] 2026-08-30 09:09:04,791: +CACHEDPARAM [/rosout_disable_topics_generation] by /performance_monitor
[rosmaster.master][INFO] 2026-08-30 09:09:05,491: +CACHEDPARAM [/rosout_disable_topics_generation] by /performance_monitor
[rosmaster.master][INFO] 2026-08-30 09:09:06,658: +CACHEDPARAM [/rosout_disable_topics_generation] by /performance_monitor
[rosmaster.master][INFO] 2026-08-30 09:09:06,715: +CACHEDPARAM [/rosout_disable_topics_generation] by /performance_monitor
[rosmaster.master][INFO] 2026-08-30 09:09:06,716: +CACHEDPARAM [/rosout_disable_topics_generation] by /performance_monitor
[rosmaster.master][INFO] 2026-08-30 09:09:11,718: +CACHEDPARAM [/rosout_disable_topics_generation] by /performance_monitor
[rosmaster.master][INFO] 2026-08-30 09:09:13,001: +CACHEDPARAM [/rosout_disable_topics_generation] by /performance_monitor
[rosmaster.master][INFO] 2026-08-30 09:09:13,704: +CACHEDPARAM [/rosout_disable_topics_generation] by /performance_monitor
[rosmaster.master][INFO] 2026-08-30 09:09:14,894: +CACHEDPARAM [/rosout_disable_topics_generation] by /performance_monitor
[rosmaster.master][INFO] 2026-08-30 09:09:14,950: +CACHEDPARAM [/rosout_disable_topics_generation] by /performance_monitor
[rosmaster.master][INFO] 2026-08-30 09:09:14,952: +CACHEDPARAM [/rosout_disable_topics_generation] by /performance_monitor
[rosmaster.master][INFO] 2026-08-30 09:09:19,955: +CACHEDPARAM [/rosout_disable_topics_generation] by /performance_monitor
[rosmaster.master][INFO] 2026-08-30 09:09:21,246: +CACHEDPARAM [/rosout_disable_topics_generation] by /performance_monitor
[rosmaster.master][INFO] 2026-08-30 09:09:21,952: +CACHEDPARAM [/rosout_disable_topics_generation] by /performance_monitor
[rosmaster.master][INFO] 2026-08-30 09:09:23,147: +CACHEDPARAM [/rosout_disable_topics_generation] by /performance_monitor
[rosmaster.master][INFO] 2026-08-30 09:09:23,197: +CACHEDPARAM [/rosout_disable_topics_generation] by /performance_monitor
[rosmaster.master][INFO] 2026-08-30 09:09:23,198: +CACHEDPARAM [/rosout_disable_topics_generation] by /performance_monitor
[rosmaster.master][INFO] 2026-08-30 09:09:28,202: +CACHEDPARAM [/rosout_disable_topics_generation] by /performance_monitor
[rosmaster.master][INFO] 2026-08-30 09:09:29,477: +CACHEDPARAM [/rosout_disable_topics_generation] by /performance_monitor
[rosmaster.master][INFO] 2026-08-30 09:09:30,181: +CACHEDPARAM [/rosout_disable_topics_generation] by /performance_monitor
[rosmaster.master][INFO] 2026-08-30 09:09:31,391: +CACHEDPARAM [/rosout_disable_topics_generation] by /performance_monitor
[rosmaster.master][INFO] 2026-08-30 09:09:31,446: +CACHEDPARAM [/rosout_disable_topics_generation] by /performance_monitor
[rosmaster.master][INFO] 2026-08-30 09:09:31,448: +CACHEDPARAM [/rosout_disable_topics_generation] by /performance_monitor
[rosmaster.master][INFO] 2026-08-30 09:09:36,452: +CACHEDPARAM [/rosout_disable_topics_generation] by /performance_monitor
[rosmaster.master][INFO] 2026-08-30 09:09:37,706: +CACHEDPARAM [/rosout_disable_topics_generation] by /performance_monitor
[rosmaster.master][INFO] 2026-08-30 09:09:38,416: +CACHEDPARAM [/rosout_disable_topics_generation] by /performance_monitor
[rosmaster.master][INFO] 2026-08-30 09:09:39,615: +CACHEDPARAM [/rosout_disable_topics_generation] by /performance_monitor
[rosmaster.master][INFO] 2026-08-30 09:09:39,676: +CACHEDPARAM [/rosout_disable_topics_generation] by /performance_monitor
[rosmaster.master][INFO] 2026-08-30 09:09:39,677: +CACHEDPARAM [/rosout_disable_topics_generation] by /performance_monitor
[rosmaster.master][INFO] 2026-08-30 09:09:44,680: +CACHEDPARAM [/rosout_disable_topics_generation] by /performance_monitor
[rosmaster.master][INFO] 2026-08-30 09:09:47,486: +CACHEDPARAM [/rosout_disable_topics_generation] by /performance_monitor
[rosmaster.master][INFO] 2026-08-30 09:09:48,713: +CACHEDPARAM [/rosout_disable_topics_generation] by /performance_monitor
[rosmaster.master][INFO] 2026-08-30 09:09:49,906: +CACHEDPARAM [/rosout_disable_topics_generation] by /performance_monitor
[rosmaster.master][INFO] 2026-08-30 09:09:49,963: +CACHEDPARAM [/rosout_disable_topics_generation] by /performance_monitor
[rosmaster.master][INFO] 2026-08-30 09:09:49,964: +CACHEDPARAM [/rosout_disable_topics_generation] by /performance_monitor
[rosmaster.master][INFO] 2026-08-30 09:09:54,966: +CACHEDPARAM [/rosout_disable_topics_generation] by /performance_monitor
[rosmaster.master][INFO] 2026-08-30 09:09:56,301: +CACHEDPARAM [/rosout_disable_topics_generation] by /performance_monitor
[rosmaster.master][INFO] 2026-08-30 09:09:57,019: +CACHEDPARAM [/rosout_disable_topics_generation] by /performance_monitor
[rosmaster.master][INFO] 2026-08-30 09:09:58,193: +CACHEDPARAM [/rosout_disable_topics_generation] by /performance_monitor
[rosmaster.master][INFO] 2026-08-30 09:09:58,248: +CACHEDPARAM [/rosout_disable_topics_generation] by /performance_monitor
[rosmaster.master][INFO] 2026-08-30 09:09:58,249: +CACHEDPARAM [/rosout_disable_topics_generation] by /performance_monitor
[rosmaster.master][INFO] 2026-08-30 09:10:03,252: +CACHEDPARAM [/rosout_disable_topics_generation] by /performance_monitor
[rosmaster.master][INFO] 2026-08-30 09:10:04,530: +CACHEDPARAM [/rosout_disable_topics_generation] by /performance_monitor
[rosmaster.master][INFO] 2026-08-30 09:10:05,235: +CACHEDPARAM [/rosout_disable_topics_generation] by /performance_monitor
[rosmaster.master][INFO] 2026-08-30 09:10:06,405: +CACHEDPARAM [/rosout_disable_topics_generation] by /performance_monitor
[rosmaster.master][INFO] 2026-08-30 09:10:06,459: +CACHEDPARAM [/rosout_disable_topics_generation] by /performance_monitor
[rosmaster.master][INFO] 2026-08-30 09:10:06,461: +CACHEDPARAM [/rosout_disable_topics_generation] by /performance_monitor
[rosmaster.master][INFO] 2026-08-30 09:10:11,463: +CACHEDPARAM [/rosout_disable_topics_generation] by /performance_monitor
[rosmaster.master][INFO] 2026-08-30 09:10:12,761: +CACHEDPARAM [/rosout_disable_topics_generation] by /performance_monitor
[rosmaster.master][INFO] 2026-08-30 09:10:13,474: +CACHEDPARAM [/rosout_disable_topics_generation] by /performance_monitor
[rosmaster.master][INFO] 2026-08-30 09:10:14,700: +CACHEDPARAM [/rosout_disable_topics_generation] by /performance_monitor
[rosmaster.master][INFO] 2026-08-30 09:10:14,759: +CACHEDPARAM [/rosout_disable_topics_generation] by /performance_monitor
[rosmaster.master][INFO] 2026-08-30 09:10:14,761: +CACHEDPARAM [/rosout_disable_topics_generation] by /performance_monitor
[rosmaster.master][INFO] 2026-08-30 09:10:19,763: +CACHEDPARAM [/rosout_disable_topics_generation] by /performance_monitor
[rosmaster.master][INFO] 2026-08-30 09:10:21,058: +CACHEDPARAM [/rosout_disable_topics_generation] by /performance_monitor
[rosmaster.master][INFO] 2026-08-30 09:10:21,770: +CACHEDPARAM [/rosout_disable_topics_generation] by /performance_monitor
[rosmaster.master][INFO] 2026-08-30 09:10:23,055: +CACHEDPARAM [/rosout_disable_topics_generation] by /performance_monitor
[rosmaster.master][INFO] 2026-08-30 09:10:23,115: +CACHEDPARAM [/rosout_disable_topics_generation] by /performance_monitor
[rosmaster.master][INFO] 2026-08-30 09:10:23,118: +CACHEDPARAM [/rosout_disable_topics_generation] by /performance_monitor
[rosmaster.master][INFO] 2026-08-30 09:10:28,123: +CACHEDPARAM [/rosout_disable_topics_generation] by /performance_monitor
[rosmaster.master][INFO] 2026-08-30 09:10:29,431: +CACHEDPARAM [/rosout_disable_topics_generation] by /performance_monitor
[rosmaster.master][INFO] 2026-08-30 09:10:30,304: +CACHEDPARAM [/rosout_disable_topics_generation] by /performance_monitor
[rosmaster.master][INFO] 2026-08-30 09:10:31,524: +CACHEDPARAM [/rosout_disable_topics_generation] by /performance_monitor
[rosmaster.master][INFO] 2026-08-30 09:10:31,572: +CACHEDPARAM [/rosout_disable_topics_generation] by /performance_monitor
[rosmaster.master][INFO] 2026-08-30 09:10:31,573: +CACHEDPARAM [/rosout_disable_topics_generation] by /performance_monitor
[rosmaster.master][INFO] 2026-08-30 09:10:36,575: +CACHEDPARAM [/rosout_disable_topics_generation] by /performance_monitor
[rosmaster.master][INFO] 2026-08-30 09:10:37,857: +CACHEDPARAM [/rosout_disable_topics_generation] by /performance_monitor
[rosmaster.master][INFO] 2026-08-30 09:10:38,568: +CACHEDPARAM [/rosout_disable_topics_generation] by /performance_monitor
[rosmaster.master][INFO] 2026-08-30 09:10:39,801: +CACHEDPARAM [/rosout_disable_topics_generation] by /performance_monitor
[rosmaster.master][INFO] 2026-08-30 09:10:39,852: +CACHEDPARAM [/rosout_disable_topics_generation] by /performance_monitor
[rosmaster.master][INFO] 2026-08-30 09:10:39,854: +CACHEDPARAM [/rosout_disable_topics_generation] by /performance_monitor
[rosmaster.master][INFO] 2026-08-30 09:10:44,860: +CACHEDPARAM [/rosout_disable_topics_generation] by /performance_monitor
[rosmaster.master][INFO] 2026-08-30 09:10:46,173: +CACHEDPARAM [/rosout_disable_topics_generation] by /performance_monitor
[rosmaster.master][INFO] 2026-08-30 09:10:46,877: +CACHEDPARAM [/rosout_disable_topics_generation] by /performance_monitor
[rosmaster.master][INFO] 2026-08-30 09:10:48,098: +CACHEDPARAM [/rosout_disable_topics_generation] by /performance_monitor
[rosmaster.master][INFO] 2026-08-30 09:10:48,157: +CACHEDPARAM [/rosout_disable_topics_generation] by /performance_monitor
[rosmaster.master][INFO] 2026-08-30 09:10:48,159: +CACHEDPARAM [/rosout_disable_topics_generation] by /performance_monitor
[rosmaster.master][INFO] 2026-08-30 09:10:53,161: +CACHEDPARAM [/rosout_disable_topics_generation] by /performance_monitor
[rosmaster.master][INFO] 2026-08-30 09:10:54,452: +CACHEDPARAM [/rosout_disable_topics_generation] by /performance_monitor
[rosmaster.master][INFO] 2026-08-30 09:10:55,167: +CACHEDPARAM [/rosout_disable_topics_generation] by /performance_monitor
[rosmaster.master][INFO] 2026-08-30 09:10:56,360: +CACHEDPARAM [/rosout_disable_topics_generation] by /performance_monitor
[rosmaster.master][INFO] 2026-08-30 09:10:56,417: +CACHEDPARAM [/rosout_disable_topics_generation] by /performance_monitor
[rosmaster.master][INFO] 2026-08-30 09:10:56,420: +CACHEDPARAM [/rosout_disable_topics_generation] by /performance_monitor
[rosmaster.master][INFO] 2026-08-30 09:11:01,421: +CACHEDPARAM [/rosout_disable_topics_generation] by /performance_monitor
[rosmaster.master][INFO] 2026-08-30 09:11:02,688: +CACHEDPARAM [/rosout_disable_topics_generation] by /performance_monitor
[rosmaster.master][INFO] 2026-08-30 09:11:03,394: +CACHEDPARAM [/rosout_disable_topics_generation] by /performance_monitor
[rosmaster.master][INFO] 2026-08-30 09:11:04,607: +CACHEDPARAM [/rosout_disable_topics_generation] by /performance_monitor
[rosmaster.master][INFO] 2026-08-30 09:11:04,665: +CACHEDPARAM [/rosout_disable_topics_generation] by /performance_monitor
[rosmaster.master][INFO] 2026-08-30 09:11:04,666: +CACHEDPARAM [/rosout_disable_topics_generation] by /performance_monitor
[rosmaster.master][INFO] 2026-08-30 09:11:09,669: +CACHEDPARAM [/rosout_disable_topics_generation] by /performance_monitor
[rosmaster.master][INFO] 2026-08-30 09:11:10,924: +CACHEDPARAM [/rosout_disable_topics_generation] by /performance_monitor
[rosmaster.master][INFO] 2026-08-30 09:11:11,624: +CACHEDPARAM [/rosout_disable_topics_generation] by /performance_monitor
[rosmaster.master][INFO] 2026-08-30 09:11:12,827: +CACHEDPARAM [/rosout_disable_topics_generation] by /performance_monitor
[rosmaster.master][INFO] 2026-08-30 09:11:12,875: +CACHEDPARAM [/rosout_disable_topics_generation] by /performance_monitor
[rosmaster.master][INFO] 2026-08-30 09:11:12,877: +CACHEDPARAM [/rosout_disable_topics_generation] by /performance_monitor
[rosmaster.master][INFO] 2026-08-30 09:11:17,880: +CACHEDPARAM [/rosout_disable_topics_generation] by /performance_monitor
[rosmaster.master][INFO] 2026-08-30 09:11:19,148: +CACHEDPARAM [/rosout_disable_topics_generation] by /performance_monitor
[rosmaster.master][INFO] 2026-08-30 09:11:19,863: +CACHEDPARAM [/rosout_disable_topics_generation] by /performance_monitor
[rosmaster.master][INFO] 2026-08-30 09:11:21,067: +CACHEDPARAM [/rosout_disable_topics_generation] by /performance_monitor
[rosmaster.master][INFO] 2026-08-30 09:11:21,117: +CACHEDPARAM [/rosout_disable_topics_generation] by /performance_monitor
[rosmaster.master][INFO] 2026-08-30 09:11:21,118: +CACHEDPARAM [/rosout_disable_topics_generation] by /performance_monitor
[rosmaster.master][INFO] 2026-08-30 09:11:26,121: +CACHEDPARAM [/rosout_disable_topics_generation] by /performance_monitor
[rosmaster.master][INFO] 2026-08-30 09:11:27,379: +CACHEDPARAM [/rosout_disable_topics_generation] by /performance_monitor
[rosmaster.master][INFO] 2026-08-30 09:11:28,087: +CACHEDPARAM [/rosout_disable_topics_generation] by /performance_monitor
[rosmaster.master][INFO] 2026-08-30 09:11:29,236: +CACHEDPARAM [/rosout_disable_topics_generation] by /performance_monitor
[rosmaster.master][INFO] 2026-08-30 09:11:29,290: +CACHEDPARAM [/rosout_disable_topics_generation] by /performance_monitor
[rosmaster.master][INFO] 2026-08-30 09:11:29,292: +CACHEDPARAM [/rosout_disable_topics_generation] by /performance_monitor
[rosmaster.master][INFO] 2026-08-30 09:11:34,295: +CACHEDPARAM [/rosout_disable_topics_generation] by /performance_monitor
[rosmaster.master][INFO] 2026-08-30 09:11:35,587: +CACHEDPARAM [/rosout_disable_topics_generation] by /performance_monitor
[rosmaster.master][INFO] 2026-08-30 09:11:36,290: +CACHEDPARAM [/rosout_disable_topics_generation] by /performance_monitor
[rosmaster.master][INFO] 2026-08-30 09:11:37,515: +CACHEDPARAM [/rosout_disable_topics_generation] by /performance_monitor
[rosmaster.master][INFO] 2026-08-30 09:11:37,564: +CACHEDPARAM [/rosout_disable_topics_generation] by /performance_monitor
[rosmaster.master][INFO] 2026-08-30 09:11:37,565: +CACHEDPARAM [/rosout_disable_topics_generation] by /performance_monitor
[rosmaster.master][INFO] 2026-08-30 09:11:42,568: +CACHEDPARAM [/rosout_disable_topics_generation] by /performance_monitor
[rosmaster.master][INFO] 2026-08-30 09:11:43,841: +CACHEDPARAM [/rosout_disable_topics_generation] by /performance_monitor
[rosmaster.master][INFO] 2026-08-30 09:11:44,553: +CACHEDPARAM [/rosout_disable_topics_generation] by /performance_monitor
[rosmaster.master][INFO] 2026-08-30 09:11:45,728: +CACHEDPARAM [/rosout_disable_topics_generation] by /performance_monitor
[rosmaster.master][INFO] 2026-08-30 09:11:45,777: +CACHEDPARAM [/rosout_disable_topics_generation] by /performance_monitor
[rosmaster.master][INFO] 2026-08-30 09:11:45,779: +CACHEDPARAM [/rosout_disable_topics_generation] by /performance_monitor
[rosmaster.master][INFO] 2026-08-30 09:11:50,782: +CACHEDPARAM [/rosout_disable_topics_generation] by /performance_monitor
[rosmaster.master][INFO] 2026-08-30 09:11:52,075: +CACHEDPARAM [/rosout_disable_topics_generation] by /performance_monitor
[rosmaster.master][INFO] 2026-08-30 09:11:52,779: +CACHEDPARAM [/rosout_disable_topics_generation] by /performance_monitor
[rosmaster.master][INFO] 2026-08-30 09:11:53,927: +CACHEDPARAM [/rosout_disable_topics_generation] by /performance_monitor
[rosmaster.master][INFO] 2026-08-30 09:11:53,976: +CACHEDPARAM [/rosout_disable_topics_generation] by /performance_monitor
[rosmaster.master][INFO] 2026-08-30 09:11:53,978: +CACHEDPARAM [/rosout_disable_topics_generation] by /performance_monitor
[rosmaster.master][INFO] 2026-08-30 09:11:58,979: +CACHEDPARAM [/rosout_disable_topics_generation] by /performance_monitor
[rosmaster.master][INFO] 2026-08-30 09:12:00,251: +CACHEDPARAM [/rosout_disable_topics_generation] by /performance_monitor
[rosmaster.master][INFO] 2026-08-30 09:12:00,958: +CACHEDPARAM [/rosout_disable_topics_generation] by /performance_monitor
[rosmaster.master][INFO] 2026-08-30 09:12:02,177: +CACHEDPARAM [/rosout_disable_topics_generation] by /performance_monitor
[rosmaster.master][INFO] 2026-08-30 09:12:02,225: +CACHEDPARAM [/rosout_disable_topics_generation] by /performance_monitor
[rosmaster.master][INFO] 2026-08-30 09:12:02,227: +CACHEDPARAM [/rosout_disable_topics_generation] by /performance_monitor
[rosmaster.master][INFO] 2026-08-30 09:12:06,979: -SUB [/mavros/local_position/odom] /trajectory_planner http://localhost:43963/
[rosmaster.master][INFO] 2026-08-30 09:12:06,979: -SUB [/tracked_targets] /trajectory_planner http://localhost:43963/
[rosmaster.master][INFO] 2026-08-30 09:12:06,979: -SUB [/mission_status] /trajectory_planner http://localhost:43963/
[rosmaster.master][INFO] 2026-08-30 09:12:06,979: -PUB [/rosout] /trajectory_planner http://localhost:43963/
[rosmaster.master][INFO] 2026-08-30 09:12:06,979: -PUB [/planned_trajectory] /trajectory_planner http://localhost:43963/
[rosmaster.master][INFO] 2026-08-30 09:12:06,979: -PUB [/waypoints] /trajectory_planner http://localhost:43963/
[rosmaster.master][INFO] 2026-08-30 09:12:06,979: -PUB [/path] /trajectory_planner http://localhost:43963/
[rosmaster.master][INFO] 2026-08-30 09:12:06,980: -PUB [/planner_status] /trajectory_planner http://localhost:43963/
[rosmaster.master][INFO] 2026-08-30 09:12:06,980: -SERVICE [/trajectory_planner/get_loggers] /trajectory_planner rosrpc://localhost:42955
[rosmaster.master][INFO] 2026-08-30 09:12:06,980: -SERVICE [/trajectory_planner/set_logger_level] /trajectory_planner rosrpc://localhost:42955
[rosmaster.master][INFO] 2026-08-30 09:12:07,045: publisherUpdate[/rosout] -> http://localhost:38019/ ['http://localhost:37929/', 'http://localhost:35409/', 'http://localhost:41931/', 'http://localhost:38051/', 'http://localhost:37577/', 'http://localhost:34779/', 'http://localhost:35691/', 'http://localhost:41887/', 'http://localhost:34309/', 'http://localhost:35073/', 'http://localhost:36135/', 'http://localhost:40985/']
[rosmaster.master][INFO] 2026-08-30 09:12:07,047: publisherUpdate[/rosout] -> http://localhost:38019/ ['http://localhost:37929/', 'http://localhost:35409/', 'http://localhost:41931/', 'http://localhost:38051/', 'http://localhost:37577/', 'http://localhost:34779/', 'http://localhost:35691/', 'http://localhost:41887/', 'http://localhost:34309/', 'http://localhost:35073/', 'http://localhost:36135/', 'http://localhost:40985/']: sec=0.00, result=[1, '', 0]
[rosmaster.master][INFO] 2026-08-30 09:12:07,230: +CACHEDPARAM [/rosout_disable_topics_generation] by /performance_monitor
[rosmaster.master][INFO] 2026-08-30 09:12:08,764: +CACHEDPARAM [/rosout_disable_topics_generation] by /performance_monitor
[rosmaster.master][INFO] 2026-08-30 09:12:09,494: +CACHEDPARAM [/rosout_disable_topics_generation] by /performance_monitor
[rosmaster.master][INFO] 2026-08-30 09:12:10,727: +CACHEDPARAM [/rosout_disable_topics_generation] by /performance_monitor
[rosmaster.master][INFO] 2026-08-30 09:12:10,779: +CACHEDPARAM [/rosout_disable_topics_generation] by /performance_monitor
[rosmaster.master][INFO] 2026-08-30 09:12:10,781: +CACHEDPARAM [/rosout_disable_topics_generation] by /performance_monitor
[rosmaster.master][INFO] 2026-08-30 09:12:10,789: +PUB [/rosout] /trajectory_planner http://localhost:37997/
[rosmaster.master][INFO] 2026-08-30 09:12:10,794: +SERVICE [/trajectory_planner/get_loggers] /trajectory_planner http://localhost:37997/
[rosmaster.master][INFO] 2026-08-30 09:12:10,795: +SERVICE [/trajectory_planner/set_logger_level] /trajectory_planner http://localhost:37997/
[rosmaster.master][INFO] 2026-08-30 09:12:10,801: +SUB [/mavros/local_position/odom] /trajectory_planner http://localhost:37997/
[rosmaster.master][INFO] 2026-08-30 09:12:10,803: +SUB [/tracked_targets] /trajectory_planner http://localhost:37997/
[rosmaster.master][INFO] 2026-08-30 09:12:10,805: +SUB [/mission_status] /trajectory_planner http://localhost:37997/
[rosmaster.master][INFO] 2026-08-30 09:12:10,806: +PUB [/planned_trajectory] /trajectory_planner http://localhost:37997/
[rosmaster.master][INFO] 2026-08-30 09:12:10,807: +PUB [/waypoints] /trajectory_planner http://localhost:37997/
[rosmaster.master][INFO] 2026-08-30 09:12:10,809: publisherUpdate[/rosout] -> http://localhost:38019/ ['http://localhost:37929/', 'http://localhost:35409/', 'http://localhost:41931/', 'http://localhost:38051/', 'http://localhost:37577/', 'http://localhost:34779/', 'http://localhost:35691/', 'http://localhost:41887/', 'http://localhost:34309/', 'http://localhost:35073/', 'http://localhost:36135/', 'http://localhost:40985/', 'http://localhost:37997/']
[rosmaster.master][INFO] 2026-08-30 09:12:10,810: publisherUpdate[/rosout] -> http://localhost:38019/ ['http://localhost:37929/', 'http://localhost:35409/', 'http://localhost:41931/', 'http://localhost:38051/', 'http://localhost:37577/', 'http://localhost:34779/', 'http://localhost:35691/', 'http://localhost:41887/', 'http://localhost:34309/', 'http://localhost:35073/', 'http://localhost:36135/', 'http://localhost:40985/', 'http://localhost:37997/']: sec=0.00, result=[1, '', 0]
[rosmaster.master][INFO] 2026-08-30 09:12:10,810: +PUB [/path] /trajectory_planner http://localhost:37997/
[rosmaster.master][INFO] 2026-08-30 09:12:10,812: +PUB [/planner_status] /trajectory_planner http://localhost:37997/
[rosmaster.master][INFO] 2026-08-30 09:12:10,824: +CACHEDPARAM [/rosout_disable_topics_generation] by /mission_manager
[rosmaster.master][INFO] 2026-08-30 09:12:10,825: +CACHEDPARAM [/rosout_disable_topics_generation] by /trajectory_planner
[rosmaster.master][INFO] 2026-08-30 09:12:15,785: +CACHEDPARAM [/rosout_disable_topics_generation] by /performance_monitor
[rosmaster.master][INFO] 2026-08-30 09:12:17,072: +CACHEDPARAM [/rosout_disable_topics_generation] by /performance_monitor
[rosmaster.master][INFO] 2026-08-30 09:12:17,777: +CACHEDPARAM [/rosout_disable_topics_generation] by /performance_monitor
[rosmaster.master][INFO] 2026-08-30 09:12:18,982: +CACHEDPARAM [/rosout_disable_topics_generation] by /performance_monitor
[rosmaster.master][INFO] 2026-08-30 09:12:19,031: +CACHEDPARAM [/rosout_disable_topics_generation] by /performance_monitor
[rosmaster.master][INFO] 2026-08-30 09:12:19,034: +CACHEDPARAM [/rosout_disable_topics_generation] by /performance_monitor
[rosmaster.master][INFO] 2026-08-30 09:12:24,036: +CACHEDPARAM [/rosout_disable_topics_generation] by /performance_monitor
[rosmaster.master][INFO] 2026-08-30 09:12:25,325: +CACHEDPARAM [/rosout_disable_topics_generation] by /performance_monitor
[rosmaster.master][INFO] 2026-08-30 09:12:26,027: +CACHEDPARAM [/rosout_disable_topics_generation] by /performance_monitor
[rosmaster.master][INFO] 2026-08-30 09:12:27,230: +CACHEDPARAM [/rosout_disable_topics_generation] by /performance_monitor
[rosmaster.master][INFO] 2026-08-30 09:12:27,277: +CACHEDPARAM [/rosout_disable_topics_generation] by /performance_monitor
[rosmaster.master][INFO] 2026-08-30 09:12:27,278: +CACHEDPARAM [/rosout_disable_topics_generation] by /performance_monitor
[rosmaster.master][INFO] 2026-08-30 09:12:32,281: +CACHEDPARAM [/rosout_disable_topics_generation] by /performance_monitor
[rosmaster.master][INFO] 2026-08-30 09:12:33,554: +CACHEDPARAM [/rosout_disable_topics_generation] by /performance_monitor
[rosmaster.master][INFO] 2026-08-30 09:12:34,254: +CACHEDPARAM [/rosout_disable_topics_generation] by /performance_monitor
[rosmaster.master][INFO] 2026-08-30 09:12:35,475: +CACHEDPARAM [/rosout_disable_topics_generation] by /performance_monitor
[rosmaster.master][INFO] 2026-08-30 09:12:35,530: +CACHEDPARAM [/rosout_disable_topics_generation] by /performance_monitor
[rosmaster.master][INFO] 2026-08-30 09:12:35,531: +CACHEDPARAM [/rosout_disable_topics_generation] by /performance_monitor
[rosmaster.master][INFO] 2026-08-30 09:12:40,535: +CACHEDPARAM [/rosout_disable_topics_generation] by /performance_monitor
[rosmaster.master][INFO] 2026-08-30 09:12:40,754: -SUB [/mavros/local_position/odom] /trajectory_planner http://localhost:37997/
[rosmaster.master][INFO] 2026-08-30 09:12:40,755: -SUB [/tracked_targets] /trajectory_planner http://localhost:37997/
[rosmaster.master][INFO] 2026-08-30 09:12:40,755: -SUB [/mission_status] /trajectory_planner http://localhost:37997/
[rosmaster.master][INFO] 2026-08-30 09:12:40,755: -PUB [/rosout] /trajectory_planner http://localhost:37997/
[rosmaster.master][INFO] 2026-08-30 09:12:40,755: -PUB [/planned_trajectory] /trajectory_planner http://localhost:37997/
[rosmaster.master][INFO] 2026-08-30 09:12:40,755: -PUB [/waypoints] /trajectory_planner http://localhost:37997/
[rosmaster.master][INFO] 2026-08-30 09:12:40,756: -PUB [/path] /trajectory_planner http://localhost:37997/
[rosmaster.master][INFO] 2026-08-30 09:12:40,756: -PUB [/planner_status] /trajectory_planner http://localhost:37997/
[rosmaster.master][INFO] 2026-08-30 09:12:40,756: -SERVICE [/trajectory_planner/get_loggers] /trajectory_planner rosrpc://localhost:35879
[rosmaster.master][INFO] 2026-08-30 09:12:40,756: -SERVICE [/trajectory_planner/set_logger_level] /trajectory_planner rosrpc://localhost:35879
[rosmaster.master][INFO] 2026-08-30 09:12:40,779: publisherUpdate[/rosout] -> http://localhost:38019/ ['http://localhost:37929/', 'http://localhost:35409/', 'http://localhost:41931/', 'http://localhost:38051/', 'http://localhost:37577/', 'http://localhost:34779/', 'http://localhost:35691/', 'http://localhost:41887/', 'http://localhost:34309/', 'http://localhost:35073/', 'http://localhost:36135/', 'http://localhost:40985/']
[rosmaster.master][INFO] 2026-08-30 09:12:40,780: publisherUpdate[/rosout] -> http://localhost:38019/ ['http://localhost:37929/', 'http://localhost:35409/', 'http://localhost:41931/', 'http://localhost:38051/', 'http://localhost:37577/', 'http://localhost:34779/', 'http://localhost:35691/', 'http://localhost:41887/', 'http://localhost:34309/', 'http://localhost:35073/', 'http://localhost:36135/', 'http://localhost:40985/']: sec=0.00, result=[1, '', 0]
[rosmaster.master][INFO] 2026-08-30 09:12:42,480: +CACHEDPARAM [/rosout_disable_topics_generation] by /performance_monitor
[rosmaster.master][INFO] 2026-08-30 09:12:43,793: +CACHEDPARAM [/rosout_disable_topics_generation] by /performance_monitor
[rosmaster.master][INFO] 2026-08-30 09:12:44,951: +CACHEDPARAM [/rosout_disable_topics_generation] by /performance_monitor
[rosmaster.master][INFO] 2026-08-30 09:12:45,017: +CACHEDPARAM [/rosout_disable_topics_generation] by /performance_monitor
[rosmaster.master][INFO] 2026-08-30 09:12:45,021: +CACHEDPARAM [/rosout_disable_topics_generation] by /performance_monitor
[rosmaster.master][INFO] 2026-08-30 09:12:50,028: +CACHEDPARAM [/rosout_disable_topics_generation] by /performance_monitor
[rosmaster.master][INFO] 2026-08-30 09:12:51,320: +CACHEDPARAM [/rosout_disable_topics_generation] by /performance_monitor
[rosmaster.master][INFO] 2026-08-30 09:12:52,087: +CACHEDPARAM [/rosout_disable_topics_generation] by /performance_monitor
[rosmaster.master][INFO] 2026-08-30 09:12:53,244: +CACHEDPARAM [/rosout_disable_topics_generation] by /performance_monitor
[rosmaster.master][INFO] 2026-08-30 09:12:53,294: +CACHEDPARAM [/rosout_disable_topics_generation] by /performance_monitor
[rosmaster.master][INFO] 2026-08-30 09:12:53,295: +CACHEDPARAM [/rosout_disable_topics_generation] by /performance_monitor
[rosmaster.master][INFO] 2026-08-30 09:12:58,297: +CACHEDPARAM [/rosout_disable_topics_generation] by /performance_monitor
[rosmaster.master][INFO] 2026-08-30 09:12:59,559: +CACHEDPARAM [/rosout_disable_topics_generation] by /performance_monitor
[rosmaster.master][INFO] 2026-08-30 09:13:00,652: +CACHEDPARAM [/rosout_disable_topics_generation] by /performance_monitor
[rosmaster.master][INFO] 2026-08-30 09:13:01,929: +CACHEDPARAM [/rosout_disable_topics_generation] by /performance_monitor
[rosmaster.master][INFO] 2026-08-30 09:13:02,133: +CACHEDPARAM [/rosout_disable_topics_generation] by /performance_monitor
[rosmaster.master][INFO] 2026-08-30 09:13:02,139: +CACHEDPARAM [/rosout_disable_topics_generation] by /performance_monitor
[rosmaster.master][INFO] 2026-08-30 09:13:07,147: +CACHEDPARAM [/rosout_disable_topics_generation] by /performance_monitor
[rosmaster.master][INFO] 2026-08-30 09:13:08,419: +CACHEDPARAM [/rosout_disable_topics_generation] by /performance_monitor
[rosmaster.master][INFO] 2026-08-30 09:13:09,258: +CACHEDPARAM [/rosout_disable_topics_generation] by /performance_monitor
[rosmaster.master][INFO] 2026-08-30 09:13:10,447: +CACHEDPARAM [/rosout_disable_topics_generation] by /performance_monitor
[rosmaster.master][INFO] 2026-08-30 09:13:10,504: +CACHEDPARAM [/rosout_disable_topics_generation] by /performance_monitor
[rosmaster.master][INFO] 2026-08-30 09:13:10,506: +CACHEDPARAM [/rosout_disable_topics_generation] by /performance_monitor
[rosmaster.master][INFO] 2026-08-30 09:13:15,508: +CACHEDPARAM [/rosout_disable_topics_generation] by /performance_monitor
[rosmaster.master][INFO] 2026-08-30 09:13:16,776: +CACHEDPARAM [/rosout_disable_topics_generation] by /performance_monitor
[rosmaster.master][INFO] 2026-08-30 09:13:17,492: +CACHEDPARAM [/rosout_disable_topics_generation] by /performance_monitor
[rosmaster.master][INFO] 2026-08-30 09:13:18,653: +CACHEDPARAM [/rosout_disable_topics_generation] by /performance_monitor
[rosmaster.master][INFO] 2026-08-30 09:13:18,703: +CACHEDPARAM [/rosout_disable_topics_generation] by /performance_monitor
[rosmaster.master][INFO] 2026-08-30 09:13:18,705: +CACHEDPARAM [/rosout_disable_topics_generation] by /performance_monitor
[rosmaster.master][INFO] 2026-08-30 09:13:20,433: +PUB [/rosout] /trajectory_planner http://localhost:37147/
[rosmaster.master][INFO] 2026-08-30 09:13:20,438: +SERVICE [/trajectory_planner/get_loggers] /trajectory_planner http://localhost:37147/
[rosmaster.master][INFO] 2026-08-30 09:13:20,439: +SERVICE [/trajectory_planner/set_logger_level] /trajectory_planner http://localhost:37147/
[rosmaster.master][INFO] 2026-08-30 09:13:20,444: +SUB [/mavros/local_position/odom] /trajectory_planner http://localhost:37147/
[rosmaster.master][INFO] 2026-08-30 09:13:20,446: +SUB [/tracked_targets] /trajectory_planner http://localhost:37147/
[rosmaster.master][INFO] 2026-08-30 09:13:20,447: +SUB [/mission_status] /trajectory_planner http://localhost:37147/
[rosmaster.master][INFO] 2026-08-30 09:13:20,449: +PUB [/planned_trajectory] /trajectory_planner http://localhost:37147/
[rosmaster.master][INFO] 2026-08-30 09:13:20,450: +PUB [/waypoints] /trajectory_planner http://localhost:37147/
[rosmaster.master][INFO] 2026-08-30 09:13:20,451: +PUB [/path] /trajectory_planner http://localhost:37147/
[rosmaster.master][INFO] 2026-08-30 09:13:20,453: +PUB [/planner_status] /trajectory_planner http://localhost:37147/
[rosmaster.master][INFO] 2026-08-30 09:13:20,457: publisherUpdate[/rosout] -> http://localhost:38019/ ['http://localhost:37929/', 'http://localhost:35409/', 'http://localhost:41931/', 'http://localhost:38051/', 'http://localhost:37577/', 'http://localhost:34779/', 'http://localhost:35691/', 'http://localhost:41887/', 'http://localhost:34309/', 'http://localhost:35073/', 'http://localhost:36135/', 'http://localhost:40985/', 'http://localhost:37147/']
[rosmaster.master][INFO] 2026-08-30 09:13:20,459: publisherUpdate[/rosout] -> http://localhost:38019/ ['http://localhost:37929/', 'http://localhost:35409/', 'http://localhost:41931/', 'http://localhost:38051/', 'http://localhost:37577/', 'http://localhost:34779/', 'http://localhost:35691/', 'http://localhost:41887/', 'http://localhost:34309/', 'http://localhost:35073/', 'http://localhost:36135/', 'http://localhost:40985/', 'http://localhost:37147/']: sec=0.00, result=[1, '', 0]
[rosmaster.master][INFO] 2026-08-30 09:13:20,470: +CACHEDPARAM [/rosout_disable_topics_generation] by /trajectory_planner
[rosmaster.master][INFO] 2026-08-30 09:13:23,709: +CACHEDPARAM [/rosout_disable_topics_generation] by /performance_monitor
[rosmaster.master][INFO] 2026-08-30 09:13:24,993: +CACHEDPARAM [/rosout_disable_topics_generation] by /performance_monitor
[rosmaster.master][INFO] 2026-08-30 09:13:25,701: +CACHEDPARAM [/rosout_disable_topics_generation] by /performance_monitor
[rosmaster.master][INFO] 2026-08-30 09:13:26,916: +CACHEDPARAM [/rosout_disable_topics_generation] by /performance_monitor
[rosmaster.master][INFO] 2026-08-30 09:13:26,973: +CACHEDPARAM [/rosout_disable_topics_generation] by /performance_monitor
[rosmaster.master][INFO] 2026-08-30 09:13:26,976: +CACHEDPARAM [/rosout_disable_topics_generation] by /performance_monitor
[rosmaster.master][INFO] 2026-08-30 09:13:31,978: +CACHEDPARAM [/rosout_disable_topics_generation] by /performance_monitor
[rosmaster.master][INFO] 2026-08-30 09:13:33,281: +CACHEDPARAM [/rosout_disable_topics_generation] by /performance_monitor
[rosmaster.master][INFO] 2026-08-30 09:13:33,984: +CACHEDPARAM [/rosout_disable_topics_generation] by /performance_monitor
[rosmaster.master][INFO] 2026-08-30 09:13:35,178: +CACHEDPARAM [/rosout_disable_topics_generation] by /performance_monitor
[rosmaster.master][INFO] 2026-08-30 09:13:35,235: +CACHEDPARAM [/rosout_disable_topics_generation] by /performance_monitor
[rosmaster.master][INFO] 2026-08-30 09:13:35,237: +CACHEDPARAM [/rosout_disable_topics_generation] by /performance_monitor
[rosmaster.master][INFO] 2026-08-30 09:13:35,930: -SUB [/mavros/local_position/odom] /trajectory_planner http://localhost:37147/
[rosmaster.master][INFO] 2026-08-30 09:13:35,930: -SUB [/tracked_targets] /trajectory_planner http://localhost:37147/
[rosmaster.master][INFO] 2026-08-30 09:13:35,930: -SUB [/mission_status] /trajectory_planner http://localhost:37147/
[rosmaster.master][INFO] 2026-08-30 09:13:35,931: -PUB [/rosout] /trajectory_planner http://localhost:37147/
[rosmaster.master][INFO] 2026-08-30 09:13:35,931: -PUB [/planned_trajectory] /trajectory_planner http://localhost:37147/
[rosmaster.master][INFO] 2026-08-30 09:13:35,931: -PUB [/waypoints] /trajectory_planner http://localhost:37147/
[rosmaster.master][INFO] 2026-08-30 09:13:35,931: -PUB [/path] /trajectory_planner http://localhost:37147/
[rosmaster.master][INFO] 2026-08-30 09:13:35,931: -PUB [/planner_status] /trajectory_planner http://localhost:37147/
[rosmaster.master][INFO] 2026-08-30 09:13:35,931: -SERVICE [/trajectory_planner/get_loggers] /trajectory_planner rosrpc://localhost:40259
[rosmaster.master][INFO] 2026-08-30 09:13:35,931: -SERVICE [/trajectory_planner/set_logger_level] /trajectory_planner rosrpc://localhost:40259
[rosmaster.master][INFO] 2026-08-30 09:13:36,009: publisherUpdate[/rosout] -> http://localhost:38019/ ['http://localhost:37929/', 'http://localhost:35409/', 'http://localhost:41931/', 'http://localhost:38051/', 'http://localhost:37577/', 'http://localhost:34779/', 'http://localhost:35691/', 'http://localhost:41887/', 'http://localhost:34309/', 'http://localhost:35073/', 'http://localhost:36135/', 'http://localhost:40985/']
[rosmaster.master][INFO] 2026-08-30 09:13:36,010: publisherUpdate[/rosout] -> http://localhost:38019/ ['http://localhost:37929/', 'http://localhost:35409/', 'http://localhost:41931/', 'http://localhost:38051/', 'http://localhost:37577/', 'http://localhost:34779/', 'http://localhost:35691/', 'http://localhost:41887/', 'http://localhost:34309/', 'http://localhost:35073/', 'http://localhost:36135/', 'http://localhost:40985/']: sec=0.00, result=[1, '', 0]
[rosmaster.master][INFO] 2026-08-30 09:13:40,239: +CACHEDPARAM [/rosout_disable_topics_generation] by /performance_monitor
[rosmaster.master][INFO] 2026-08-30 09:13:40,343: +PUB [/rosout] /trajectory_planner http://localhost:37441/
[rosmaster.master][INFO] 2026-08-30 09:13:40,348: publisherUpdate[/rosout] -> http://localhost:38019/ ['http://localhost:37929/', 'http://localhost:35409/', 'http://localhost:41931/', 'http://localhost:38051/', 'http://localhost:37577/', 'http://localhost:34779/', 'http://localhost:35691/', 'http://localhost:41887/', 'http://localhost:34309/', 'http://localhost:35073/', 'http://localhost:36135/', 'http://localhost:40985/', 'http://localhost:37441/']
[rosmaster.master][INFO] 2026-08-30 09:13:40,349: publisherUpdate[/rosout] -> http://localhost:38019/ ['http://localhost:37929/', 'http://localhost:35409/', 'http://localhost:41931/', 'http://localhost:38051/', 'http://localhost:37577/', 'http://localhost:34779/', 'http://localhost:35691/', 'http://localhost:41887/', 'http://localhost:34309/', 'http://localhost:35073/', 'http://localhost:36135/', 'http://localhost:40985/', 'http://localhost:37441/']: sec=0.00, result=[1, '', 0]
[rosmaster.master][INFO] 2026-08-30 09:13:40,350: +SERVICE [/trajectory_planner/get_loggers] /trajectory_planner http://localhost:37441/
[rosmaster.master][INFO] 2026-08-30 09:13:40,351: +SERVICE [/trajectory_planner/set_logger_level] /trajectory_planner http://localhost:37441/
[rosmaster.master][INFO] 2026-08-30 09:13:40,356: +SUB [/mavros/local_position/odom] /trajectory_planner http://localhost:37441/
[rosmaster.master][INFO] 2026-08-30 09:13:40,358: +SUB [/tracked_targets] /trajectory_planner http://localhost:37441/
[rosmaster.master][INFO] 2026-08-30 09:13:40,359: +SUB [/mission_status] /trajectory_planner http://localhost:37441/
[rosmaster.master][INFO] 2026-08-30 09:13:40,361: +PUB [/planned_trajectory] /trajectory_planner http://localhost:37441/
[rosmaster.master][INFO] 2026-08-30 09:13:40,363: +PUB [/waypoints] /trajectory_planner http://localhost:37441/
[rosmaster.master][INFO] 2026-08-30 09:13:40,364: +PUB [/path] /trajectory_planner http://localhost:37441/
[rosmaster.master][INFO] 2026-08-30 09:13:40,365: +PUB [/planner_status] /trajectory_planner http://localhost:37441/
[rosmaster.master][INFO] 2026-08-30 09:13:40,378: +CACHEDPARAM [/rosout_disable_topics_generation] by /trajectory_planner
[rosmaster.master][INFO] 2026-08-30 09:13:41,539: +CACHEDPARAM [/rosout_disable_topics_generation] by /performance_monitor
[rosmaster.master][INFO] 2026-08-30 09:13:42,240: +CACHEDPARAM [/rosout_disable_topics_generation] by /performance_monitor
[rosmaster.master][INFO] 2026-08-30 09:13:43,373: +CACHEDPARAM [/rosout_disable_topics_generation] by /performance_monitor
[rosmaster.master][INFO] 2026-08-30 09:13:43,426: +CACHEDPARAM [/rosout_disable_topics_generation] by /performance_monitor
[rosmaster.master][INFO] 2026-08-30 09:13:43,427: +CACHEDPARAM [/rosout_disable_topics_generation] by /performance_monitor
[rosmaster.master][INFO] 2026-08-30 09:13:48,431: +CACHEDPARAM [/rosout_disable_topics_generation] by /performance_monitor
[rosmaster.master][INFO] 2026-08-30 09:13:49,708: +CACHEDPARAM [/rosout_disable_topics_generation] by /performance_monitor
[rosmaster.master][INFO] 2026-08-30 09:13:50,412: +CACHEDPARAM [/rosout_disable_topics_generation] by /performance_monitor
[rosmaster.master][INFO] 2026-08-30 09:13:51,551: +CACHEDPARAM [/rosout_disable_topics_generation] by /performance_monitor
[rosmaster.master][INFO] 2026-08-30 09:13:51,601: +CACHEDPARAM [/rosout_disable_topics_generation] by /performance_monitor
[rosmaster.master][INFO] 2026-08-30 09:13:51,603: +CACHEDPARAM [/rosout_disable_topics_generation] by /performance_monitor
[rosmaster.master][INFO] 2026-08-30 09:13:56,606: +CACHEDPARAM [/rosout_disable_topics_generation] by /performance_monitor
[rosmaster.master][INFO] 2026-08-30 09:13:57,907: +CACHEDPARAM [/rosout_disable_topics_generation] by /performance_monitor
[rosmaster.master][INFO] 2026-08-30 09:13:58,601: +CACHEDPARAM [/rosout_disable_topics_generation] by /performance_monitor
[rosmaster.master][INFO] 2026-08-30 09:13:59,805: +CACHEDPARAM [/rosout_disable_topics_generation] by /performance_monitor
[rosmaster.master][INFO] 2026-08-30 09:13:59,862: +CACHEDPARAM [/rosout_disable_topics_generation] by /performance_monitor
[rosmaster.master][INFO] 2026-08-30 09:13:59,864: +CACHEDPARAM [/rosout_disable_topics_generation] by /performance_monitor
[rosmaster.master][INFO] 2026-08-30 09:14:04,873: +CACHEDPARAM [/rosout_disable_topics_generation] by /performance_monitor
[rosmaster.master][INFO] 2026-08-30 09:14:06,194: +CACHEDPARAM [/rosout_disable_topics_generation] by /performance_monitor
[rosmaster.master][INFO] 2026-08-30 09:14:06,895: +CACHEDPARAM [/rosout_disable_topics_generation] by /performance_monitor
[rosmaster.master][INFO] 2026-08-30 09:14:08,046: +CACHEDPARAM [/rosout_disable_topics_generation] by /performance_monitor
[rosmaster.master][INFO] 2026-08-30 09:14:08,094: +CACHEDPARAM [/rosout_disable_topics_generation] by /performance_monitor
[rosmaster.master][INFO] 2026-08-30 09:14:08,095: +CACHEDPARAM [/rosout_disable_topics_generation] by /performance_monitor
[rosmaster.master][INFO] 2026-08-30 09:14:13,097: +CACHEDPARAM [/rosout_disable_topics_generation] by /performance_monitor
[rosmaster.master][INFO] 2026-08-30 09:14:14,386: +CACHEDPARAM [/rosout_disable_topics_generation] by /performance_monitor
[rosmaster.master][INFO] 2026-08-30 09:14:15,087: +CACHEDPARAM [/rosout_disable_topics_generation] by /performance_monitor
[rosmaster.master][INFO] 2026-08-30 09:14:16,237: +CACHEDPARAM [/rosout_disable_topics_generation] by /performance_monitor
[rosmaster.master][INFO] 2026-08-30 09:14:16,293: +CACHEDPARAM [/rosout_disable_topics_generation] by /performance_monitor
[rosmaster.master][INFO] 2026-08-30 09:14:16,294: +CACHEDPARAM [/rosout_disable_topics_generation] by /performance_monitor
[rosmaster.master][INFO] 2026-08-30 09:14:21,298: +CACHEDPARAM [/rosout_disable_topics_generation] by /performance_monitor
[rosmaster.master][INFO] 2026-08-30 09:14:22,735: +CACHEDPARAM [/rosout_disable_topics_generation] by /performance_monitor
[rosmaster.master][INFO] 2026-08-30 09:14:23,612: +CACHEDPARAM [/rosout_disable_topics_generation] by /performance_monitor
[rosmaster.master][INFO] 2026-08-30 09:14:24,760: +CACHEDPARAM [/rosout_disable_topics_generation] by /performance_monitor
[rosmaster.master][INFO] 2026-08-30 09:14:24,809: +CACHEDPARAM [/rosout_disable_topics_generation] by /performance_monitor
[rosmaster.master][INFO] 2026-08-30 09:14:24,811: +CACHEDPARAM [/rosout_disable_topics_generation] by /performance_monitor
[rosmaster.master][INFO] 2026-08-30 09:14:29,813: +CACHEDPARAM [/rosout_disable_topics_generation] by /performance_monitor
[rosmaster.master][INFO] 2026-08-30 09:14:31,084: +CACHEDPARAM [/rosout_disable_topics_generation] by /performance_monitor
[rosmaster.master][INFO] 2026-08-30 09:14:31,791: +CACHEDPARAM [/rosout_disable_topics_generation] by /performance_monitor
[rosmaster.master][INFO] 2026-08-30 09:14:33,010: +CACHEDPARAM [/rosout_disable_topics_generation] by /performance_monitor
[rosmaster.master][INFO] 2026-08-30 09:14:33,057: +CACHEDPARAM [/rosout_disable_topics_generation] by /performance_monitor
[rosmaster.master][INFO] 2026-08-30 09:14:33,059: +CACHEDPARAM [/rosout_disable_topics_generation] by /performance_monitor
[rosmaster.master][INFO] 2026-08-30 09:14:38,062: +CACHEDPARAM [/rosout_disable_topics_generation] by /performance_monitor
[rosmaster.master][INFO] 2026-08-30 09:14:39,362: +CACHEDPARAM [/rosout_disable_topics_generation] by /performance_monitor
[rosmaster.master][INFO] 2026-08-30 09:14:40,064: +CACHEDPARAM [/rosout_disable_topics_generation] by /performance_monitor
[rosmaster.master][INFO] 2026-08-30 09:14:41,249: +CACHEDPARAM [/rosout_disable_topics_generation] by /performance_monitor
[rosmaster.master][INFO] 2026-08-30 09:14:41,299: +CACHEDPARAM [/rosout_disable_topics_generation] by /performance_monitor
[rosmaster.master][INFO] 2026-08-30 09:14:41,301: +CACHEDPARAM [/rosout_disable_topics_generation] by /performance_monitor
[rosmaster.master][INFO] 2026-08-30 09:14:46,302: +CACHEDPARAM [/rosout_disable_topics_generation] by /performance_monitor
[rosmaster.master][INFO] 2026-08-30 09:14:47,584: +CACHEDPARAM [/rosout_disable_topics_generation] by /performance_monitor
[rosmaster.master][INFO] 2026-08-30 09:14:48,286: +CACHEDPARAM [/rosout_disable_topics_generation] by /performance_monitor
[rosmaster.master][INFO] 2026-08-30 09:14:49,453: +CACHEDPARAM [/rosout_disable_topics_generation] by /performance_monitor
[rosmaster.master][INFO] 2026-08-30 09:14:49,502: +CACHEDPARAM [/rosout_disable_topics_generation] by /performance_monitor
[rosmaster.master][INFO] 2026-08-30 09:14:49,503: +CACHEDPARAM [/rosout_disable_topics_generation] by /performance_monitor
[rosmaster.master][INFO] 2026-08-30 09:14:54,507: +CACHEDPARAM [/rosout_disable_topics_generation] by /performance_monitor
[rosmaster.master][INFO] 2026-08-30 09:14:55,970: +CACHEDPARAM [/rosout_disable_topics_generation] by /performance_monitor
[rosmaster.master][INFO] 2026-08-30 09:14:56,881: +CACHEDPARAM [/rosout_disable_topics_generation] by /performance_monitor
[rosmaster.master][INFO] 2026-08-30 09:14:58,044: +CACHEDPARAM [/rosout_disable_topics_generation] by /performance_monitor
[rosmaster.master][INFO] 2026-08-30 09:14:58,112: +CACHEDPARAM [/rosout_disable_topics_generation] by /performance_monitor
[rosmaster.master][INFO] 2026-08-30 09:14:58,115: +CACHEDPARAM [/rosout_disable_topics_generation] by /performance_monitor
[rosmaster.master][INFO] 2026-08-30 09:15:03,120: +CACHEDPARAM [/rosout_disable_topics_generation] by /performance_monitor
[rosmaster.master][INFO] 2026-08-30 09:15:04,436: +CACHEDPARAM [/rosout_disable_topics_generation] by /performance_monitor
[rosmaster.master][INFO] 2026-08-30 09:15:05,152: +CACHEDPARAM [/rosout_disable_topics_generation] by /performance_monitor
[rosmaster.master][INFO] 2026-08-30 09:15:06,317: +CACHEDPARAM [/rosout_disable_topics_generation] by /performance_monitor
[rosmaster.master][INFO] 2026-08-30 09:15:06,367: +CACHEDPARAM [/rosout_disable_topics_generation] by /performance_monitor
[rosmaster.master][INFO] 2026-08-30 09:15:06,369: +CACHEDPARAM [/rosout_disable_topics_generation] by /performance_monitor
[rosmaster.master][INFO] 2026-08-30 09:15:11,370: +CACHEDPARAM [/rosout_disable_topics_generation] by /performance_monitor
[rosmaster.master][INFO] 2026-08-30 09:15:12,641: +CACHEDPARAM [/rosout_disable_topics_generation] by /performance_monitor
[rosmaster.master][INFO] 2026-08-30 09:15:13,355: +CACHEDPARAM [/rosout_disable_topics_generation] by /performance_monitor
[rosmaster.master][INFO] 2026-08-30 09:15:14,551: +CACHEDPARAM [/rosout_disable_topics_generation] by /performance_monitor
[rosmaster.master][INFO] 2026-08-30 09:15:14,603: +CACHEDPARAM [/rosout_disable_topics_generation] by /performance_monitor
[rosmaster.master][INFO] 2026-08-30 09:15:14,604: +CACHEDPARAM [/rosout_disable_topics_generation] by /performance_monitor
[rosmaster.master][INFO] 2026-08-30 09:15:19,606: +CACHEDPARAM [/rosout_disable_topics_generation] by /performance_monitor
[rosmaster.master][INFO] 2026-08-30 09:15:20,904: +CACHEDPARAM [/rosout_disable_topics_generation] by /performance_monitor
[rosmaster.master][INFO] 2026-08-30 09:15:21,610: +CACHEDPARAM [/rosout_disable_topics_generation] by /performance_monitor
[rosmaster.master][INFO] 2026-08-30 09:15:22,835: +CACHEDPARAM [/rosout_disable_topics_generation] by /performance_monitor
[rosmaster.master][INFO] 2026-08-30 09:15:22,892: +CACHEDPARAM [/rosout_disable_topics_generation] by /performance_monitor
[rosmaster.master][INFO] 2026-08-30 09:15:22,894: +CACHEDPARAM [/rosout_disable_topics_generation] by /performance_monitor
[rosmaster.master][INFO] 2026-08-30 09:15:27,897: +CACHEDPARAM [/rosout_disable_topics_generation] by /performance_monitor
[rosmaster.master][INFO] 2026-08-30 09:15:29,169: +CACHEDPARAM [/rosout_disable_topics_generation] by /performance_monitor
[rosmaster.master][INFO] 2026-08-30 09:15:29,883: +CACHEDPARAM [/rosout_disable_topics_generation] by /performance_monitor
[rosmaster.master][INFO] 2026-08-30 09:15:31,070: +CACHEDPARAM [/rosout_disable_topics_generation] by /performance_monitor
[rosmaster.master][INFO] 2026-08-30 09:15:31,119: +CACHEDPARAM [/rosout_disable_topics_generation] by /performance_monitor
[rosmaster.master][INFO] 2026-08-30 09:15:31,121: +CACHEDPARAM [/rosout_disable_topics_generation] by /performance_monitor
[rosmaster.master][INFO] 2026-08-30 09:15:36,123: +CACHEDPARAM [/rosout_disable_topics_generation] by /performance_monitor
[rosmaster.master][INFO] 2026-08-30 09:15:37,407: +CACHEDPARAM [/rosout_disable_topics_generation] by /performance_monitor
[rosmaster.master][INFO] 2026-08-30 09:15:38,113: +CACHEDPARAM [/rosout_disable_topics_generation] by /performance_monitor
[rosmaster.master][INFO] 2026-08-30 09:15:39,306: +CACHEDPARAM [/rosout_disable_topics_generation] by /performance_monitor
[rosmaster.master][INFO] 2026-08-30 09:15:39,356: +CACHEDPARAM [/rosout_disable_topics_generation] by /performance_monitor
[rosmaster.master][INFO] 2026-08-30 09:15:39,358: +CACHEDPARAM [/rosout_disable_topics_generation] by /performance_monitor
[rosmaster.master][INFO] 2026-08-30 09:15:44,359: +CACHEDPARAM [/rosout_disable_topics_generation] by /performance_monitor
[rosmaster.master][INFO] 2026-08-30 09:15:45,657: +CACHEDPARAM [/rosout_disable_topics_generation] by /performance_monitor
[rosmaster.master][INFO] 2026-08-30 09:15:46,365: +CACHEDPARAM [/rosout_disable_topics_generation] by /performance_monitor
[rosmaster.master][INFO] 2026-08-30 09:15:47,619: +CACHEDPARAM [/rosout_disable_topics_generation] by /performance_monitor
[rosmaster.master][INFO] 2026-08-30 09:15:47,670: +CACHEDPARAM [/rosout_disable_topics_generation] by /performance_monitor
[rosmaster.master][INFO] 2026-08-30 09:15:47,672: +CACHEDPARAM [/rosout_disable_topics_generation] by /performance_monitor
[rosmaster.master][INFO] 2026-08-30 09:15:52,674: +CACHEDPARAM [/rosout_disable_topics_generation] by /performance_monitor
[rosmaster.master][INFO] 2026-08-30 09:15:54,561: +CACHEDPARAM [/rosout_disable_topics_generation] by /performance_monitor
[rosmaster.master][INFO] 2026-08-30 09:15:55,264: +CACHEDPARAM [/rosout_disable_topics_generation] by /performance_monitor
[rosmaster.master][INFO] 2026-08-30 09:15:56,452: +CACHEDPARAM [/rosout_disable_topics_generation] by /performance_monitor
[rosmaster.master][INFO] 2026-08-30 09:15:56,507: +CACHEDPARAM [/rosout_disable_topics_generation] by /performance_monitor
[rosmaster.master][INFO] 2026-08-30 09:15:56,509: +CACHEDPARAM [/rosout_disable_topics_generation] by /performance_monitor
[rosmaster.master][INFO] 2026-08-30 09:16:01,511: +CACHEDPARAM [/rosout_disable_topics_generation] by /performance_monitor
[rosmaster.master][INFO] 2026-08-30 09:16:03,029: +CACHEDPARAM [/rosout_disable_topics_generation] by /performance_monitor
[rosmaster.master][INFO] 2026-08-30 09:16:03,734: +CACHEDPARAM [/rosout_disable_topics_generation] by /performance_monitor
[rosmaster.master][INFO] 2026-08-30 09:16:04,911: +CACHEDPARAM [/rosout_disable_topics_generation] by /performance_monitor
[rosmaster.master][INFO] 2026-08-30 09:16:04,959: +CACHEDPARAM [/rosout_disable_topics_generation] by /performance_monitor
[rosmaster.master][INFO] 2026-08-30 09:16:04,960: +CACHEDPARAM [/rosout_disable_topics_generation] by /performance_monitor
[rosmaster.master][INFO] 2026-08-30 09:16:09,963: +CACHEDPARAM [/rosout_disable_topics_generation] by /performance_monitor
[rosmaster.master][INFO] 2026-08-30 09:16:11,261: +CACHEDPARAM [/rosout_disable_topics_generation] by /performance_monitor
[rosmaster.master][INFO] 2026-08-30 09:16:11,973: +CACHEDPARAM [/rosout_disable_topics_generation] by /performance_monitor
[rosmaster.master][INFO] 2026-08-30 09:16:13,149: +CACHEDPARAM [/rosout_disable_topics_generation] by /performance_monitor
[rosmaster.master][INFO] 2026-08-30 09:16:13,200: +CACHEDPARAM [/rosout_disable_topics_generation] by /performance_monitor
[rosmaster.master][INFO] 2026-08-30 09:16:13,201: +CACHEDPARAM [/rosout_disable_topics_generation] by /performance_monitor
[rosmaster.master][INFO] 2026-08-30 09:16:18,205: +CACHEDPARAM [/rosout_disable_topics_generation] by /performance_monitor
[rosmaster.master][INFO] 2026-08-30 09:16:19,499: +CACHEDPARAM [/rosout_disable_topics_generation] by /performance_monitor
[rosmaster.master][INFO] 2026-08-30 09:16:20,216: +CACHEDPARAM [/rosout_disable_topics_generation] by /performance_monitor
[rosmaster.master][INFO] 2026-08-30 09:16:21,391: +CACHEDPARAM [/rosout_disable_topics_generation] by /performance_monitor
[rosmaster.master][INFO] 2026-08-30 09:16:21,439: +CACHEDPARAM [/rosout_disable_topics_generation] by /performance_monitor
[rosmaster.master][INFO] 2026-08-30 09:16:21,441: +CACHEDPARAM [/rosout_disable_topics_generation] by /performance_monitor
[rosmaster.master][INFO] 2026-08-30 09:16:26,442: +CACHEDPARAM [/rosout_disable_topics_generation] by /performance_monitor
[rosmaster.master][INFO] 2026-08-30 09:16:27,764: +CACHEDPARAM [/rosout_disable_topics_generation] by /performance_monitor
[rosmaster.master][INFO] 2026-08-30 09:16:28,460: +CACHEDPARAM [/rosout_disable_topics_generation] by /performance_monitor
[rosmaster.master][INFO] 2026-08-30 09:16:29,622: +CACHEDPARAM [/rosout_disable_topics_generation] by /performance_monitor
[rosmaster.master][INFO] 2026-08-30 09:16:29,672: +CACHEDPARAM [/rosout_disable_topics_generation] by /performance_monitor
[rosmaster.master][INFO] 2026-08-30 09:16:29,674: +CACHEDPARAM [/rosout_disable_topics_generation] by /performance_monitor
[rosmaster.master][INFO] 2026-08-30 09:16:34,677: +CACHEDPARAM [/rosout_disable_topics_generation] by /performance_monitor
[rosmaster.master][INFO] 2026-08-30 09:16:35,970: +CACHEDPARAM [/rosout_disable_topics_generation] by /performance_monitor
[rosmaster.master][INFO] 2026-08-30 09:16:36,673: +CACHEDPARAM [/rosout_disable_topics_generation] by /performance_monitor
[rosmaster.master][INFO] 2026-08-30 09:16:37,882: +CACHEDPARAM [/rosout_disable_topics_generation] by /performance_monitor
[rosmaster.master][INFO] 2026-08-30 09:16:37,934: +CACHEDPARAM [/rosout_disable_topics_generation] by /performance_monitor
[rosmaster.master][INFO] 2026-08-30 09:16:37,935: +CACHEDPARAM [/rosout_disable_topics_generation] by /performance_monitor
[rosmaster.master][INFO] 2026-08-30 09:16:42,938: +CACHEDPARAM [/rosout_disable_topics_generation] by /performance_monitor
[rosmaster.master][INFO] 2026-08-30 09:16:44,255: +CACHEDPARAM [/rosout_disable_topics_generation] by /performance_monitor
[rosmaster.master][INFO] 2026-08-30 09:16:44,957: +CACHEDPARAM [/rosout_disable_topics_generation] by /performance_monitor
[rosmaster.master][INFO] 2026-08-30 09:16:46,164: +CACHEDPARAM [/rosout_disable_topics_generation] by /performance_monitor
[rosmaster.master][INFO] 2026-08-30 09:16:46,226: +CACHEDPARAM [/rosout_disable_topics_generation] by /performance_monitor
[rosmaster.master][INFO] 2026-08-30 09:16:46,227: +CACHEDPARAM [/rosout_disable_topics_generation] by /performance_monitor
[rosmaster.master][INFO] 2026-08-30 09:16:51,230: +CACHEDPARAM [/rosout_disable_topics_generation] by /performance_monitor
[rosmaster.master][INFO] 2026-08-30 09:16:52,538: +CACHEDPARAM [/rosout_disable_topics_generation] by /performance_monitor
[rosmaster.master][INFO] 2026-08-30 09:16:53,244: +CACHEDPARAM [/rosout_disable_topics_generation] by /performance_monitor
[rosmaster.master][INFO] 2026-08-30 09:16:54,426: +CACHEDPARAM [/rosout_disable_topics_generation] by /performance_monitor
[rosmaster.master][INFO] 2026-08-30 09:16:54,478: +CACHEDPARAM [/rosout_disable_topics_generation] by /performance_monitor
[rosmaster.master][INFO] 2026-08-30 09:16:54,481: +CACHEDPARAM [/rosout_disable_topics_generation] by /performance_monitor
[rosmaster.master][INFO] 2026-08-30 09:16:59,483: +CACHEDPARAM [/rosout_disable_topics_generation] by /performance_monitor
[rosmaster.master][INFO] 2026-08-30 09:17:00,979: +CACHEDPARAM [/rosout_disable_topics_generation] by /performance_monitor
[rosmaster.master][INFO] 2026-08-30 09:17:01,693: +CACHEDPARAM [/rosout_disable_topics_generation] by /performance_monitor
[rosmaster.master][INFO] 2026-08-30 09:17:02,912: +CACHEDPARAM [/rosout_disable_topics_generation] by /performance_monitor
[rosmaster.master][INFO] 2026-08-30 09:17:02,961: +CACHEDPARAM [/rosout_disable_topics_generation] by /performance_monitor
[rosmaster.master][INFO] 2026-08-30 09:17:02,963: +CACHEDPARAM [/rosout_disable_topics_generation] by /performance_monitor
[rosmaster.master][INFO] 2026-08-30 09:17:07,967: +CACHEDPARAM [/rosout_disable_topics_generation] by /performance_monitor
[rosmaster.master][INFO] 2026-08-30 09:17:09,240: +CACHEDPARAM [/rosout_disable_topics_generation] by /performance_monitor
[rosmaster.master][INFO] 2026-08-30 09:17:10,000: +CACHEDPARAM [/rosout_disable_topics_generation] by /performance_monitor
[rosmaster.master][INFO] 2026-08-30 09:17:11,175: +CACHEDPARAM [/rosout_disable_topics_generation] by /performance_monitor
[rosmaster.master][INFO] 2026-08-30 09:17:11,231: +CACHEDPARAM [/rosout_disable_topics_generation] by /performance_monitor
[rosmaster.master][INFO] 2026-08-30 09:17:11,233: +CACHEDPARAM [/rosout_disable_topics_generation] by /performance_monitor
[rosmaster.master][INFO] 2026-08-30 09:17:16,234: +CACHEDPARAM [/rosout_disable_topics_generation] by /performance_monitor
[rosmaster.master][INFO] 2026-08-30 09:17:17,527: +CACHEDPARAM [/rosout_disable_topics_generation] by /performance_monitor
[rosmaster.master][INFO] 2026-08-30 09:17:18,256: +CACHEDPARAM [/rosout_disable_topics_generation] by /performance_monitor
[rosmaster.master][INFO] 2026-08-30 09:17:19,425: +CACHEDPARAM [/rosout_disable_topics_generation] by /performance_monitor
[rosmaster.master][INFO] 2026-08-30 09:17:19,480: +CACHEDPARAM [/rosout_disable_topics_generation] by /performance_monitor
[rosmaster.master][INFO] 2026-08-30 09:17:19,482: +CACHEDPARAM [/rosout_disable_topics_generation] by /performance_monitor
[rosmaster.master][INFO] 2026-08-30 09:17:24,485: +CACHEDPARAM [/rosout_disable_topics_generation] by /performance_monitor
[rosmaster.master][INFO] 2026-08-30 09:17:25,762: +CACHEDPARAM [/rosout_disable_topics_generation] by /performance_monitor
[rosmaster.master][INFO] 2026-08-30 09:17:26,467: +CACHEDPARAM [/rosout_disable_topics_generation] by /performance_monitor
[rosmaster.master][INFO] 2026-08-30 09:17:27,617: +CACHEDPARAM [/rosout_disable_topics_generation] by /performance_monitor
[rosmaster.master][INFO] 2026-08-30 09:17:27,668: +CACHEDPARAM [/rosout_disable_topics_generation] by /performance_monitor
[rosmaster.master][INFO] 2026-08-30 09:17:27,670: +CACHEDPARAM [/rosout_disable_topics_generation] by /performance_monitor
[rosmaster.master][INFO] 2026-08-30 09:17:32,673: +CACHEDPARAM [/rosout_disable_topics_generation] by /performance_monitor
[rosmaster.master][INFO] 2026-08-30 09:17:33,953: +CACHEDPARAM [/rosout_disable_topics_generation] by /performance_monitor
[rosmaster.master][INFO] 2026-08-30 09:17:34,654: +CACHEDPARAM [/rosout_disable_topics_generation] by /performance_monitor
[rosmaster.master][INFO] 2026-08-30 09:17:35,873: +CACHEDPARAM [/rosout_disable_topics_generation] by /performance_monitor
[rosmaster.master][INFO] 2026-08-30 09:17:35,933: +CACHEDPARAM [/rosout_disable_topics_generation] by /performance_monitor
[rosmaster.master][INFO] 2026-08-30 09:17:35,935: +CACHEDPARAM [/rosout_disable_topics_generation] by /performance_monitor
[rosmaster.master][INFO] 2026-08-30 09:17:40,936: +CACHEDPARAM [/rosout_disable_topics_generation] by /performance_monitor
[rosmaster.master][INFO] 2026-08-30 09:17:42,229: +CACHEDPARAM [/rosout_disable_topics_generation] by /performance_monitor
[rosmaster.master][INFO] 2026-08-30 09:17:42,937: +CACHEDPARAM [/rosout_disable_topics_generation] by /performance_monitor
[rosmaster.master][INFO] 2026-08-30 09:17:44,102: +CACHEDPARAM [/rosout_disable_topics_generation] by /performance_monitor
[rosmaster.master][INFO] 2026-08-30 09:17:44,151: +CACHEDPARAM [/rosout_disable_topics_generation] by /performance_monitor
[rosmaster.master][INFO] 2026-08-30 09:17:44,152: +CACHEDPARAM [/rosout_disable_topics_generation] by /performance_monitor
[rosmaster.master][INFO] 2026-08-30 09:17:49,155: +CACHEDPARAM [/rosout_disable_topics_generation] by /performance_monitor
[rosmaster.master][INFO] 2026-08-30 09:17:50,417: +CACHEDPARAM [/rosout_disable_topics_generation] by /performance_monitor
[rosmaster.master][INFO] 2026-08-30 09:17:51,125: +CACHEDPARAM [/rosout_disable_topics_generation] by /performance_monitor
[rosmaster.master][INFO] 2026-08-30 09:17:52,342: +CACHEDPARAM [/rosout_disable_topics_generation] by /performance_monitor
[rosmaster.master][INFO] 2026-08-30 09:17:52,400: +CACHEDPARAM [/rosout_disable_topics_generation] by /performance_monitor
[rosmaster.master][INFO] 2026-08-30 09:17:52,401: +CACHEDPARAM [/rosout_disable_topics_generation] by /performance_monitor
[rosmaster.master][INFO] 2026-08-30 09:17:57,403: +CACHEDPARAM [/rosout_disable_topics_generation] by /performance_monitor
[rosmaster.master][INFO] 2026-08-30 09:17:58,755: +CACHEDPARAM [/rosout_disable_topics_generation] by /performance_monitor
[rosmaster.master][INFO] 2026-08-30 09:17:59,462: +CACHEDPARAM [/rosout_disable_topics_generation] by /performance_monitor
[rosmaster.master][INFO] 2026-08-30 09:18:00,608: +CACHEDPARAM [/rosout_disable_topics_generation] by /performance_monitor
[rosmaster.master][INFO] 2026-08-30 09:18:00,661: +CACHEDPARAM [/rosout_disable_topics_generation] by /performance_monitor
[rosmaster.master][INFO] 2026-08-30 09:18:00,662: +CACHEDPARAM [/rosout_disable_topics_generation] by /performance_monitor
[rosmaster.master][INFO] 2026-08-30 09:18:05,665: +CACHEDPARAM [/rosout_disable_topics_generation] by /performance_monitor
[rosmaster.master][INFO] 2026-08-30 09:18:06,950: +CACHEDPARAM [/rosout_disable_topics_generation] by /performance_monitor
[rosmaster.master][INFO] 2026-08-30 09:18:07,655: +CACHEDPARAM [/rosout_disable_topics_generation] by /performance_monitor
[rosmaster.master][INFO] 2026-08-30 09:18:08,877: +CACHEDPARAM [/rosout_disable_topics_generation] by /performance_monitor
[rosmaster.master][INFO] 2026-08-30 09:18:08,930: +CACHEDPARAM [/rosout_disable_topics_generation] by /performance_monitor
[rosmaster.master][INFO] 2026-08-30 09:18:08,932: +CACHEDPARAM [/rosout_disable_topics_generation] by /performance_monitor
[rosmaster.master][INFO] 2026-08-30 09:18:13,934: +CACHEDPARAM [/rosout_disable_topics_generation] by /performance_monitor
[rosmaster.master][INFO] 2026-08-30 09:18:15,224: +CACHEDPARAM [/rosout_disable_topics_generation] by /performance_monitor
[rosmaster.master][INFO] 2026-08-30 09:18:15,930: +CACHEDPARAM [/rosout_disable_topics_generation] by /performance_monitor
[rosmaster.master][INFO] 2026-08-30 09:18:17,118: +CACHEDPARAM [/rosout_disable_topics_generation] by /performance_monitor
[rosmaster.master][INFO] 2026-08-30 09:18:17,167: +CACHEDPARAM [/rosout_disable_topics_generation] by /performance_monitor
[rosmaster.master][INFO] 2026-08-30 09:18:17,169: +CACHEDPARAM [/rosout_disable_topics_generation] by /performance_monitor
[rosmaster.master][INFO] 2026-08-30 09:18:22,170: +CACHEDPARAM [/rosout_disable_topics_generation] by /performance_monitor
[rosmaster.master][INFO] 2026-08-30 09:18:23,427: +CACHEDPARAM [/rosout_disable_topics_generation] by /performance_monitor
[rosmaster.master][INFO] 2026-08-30 09:18:24,121: +CACHEDPARAM [/rosout_disable_topics_generation] by /performance_monitor
[rosmaster.master][INFO] 2026-08-30 09:18:25,302: +CACHEDPARAM [/rosout_disable_topics_generation] by /performance_monitor
[rosmaster.master][INFO] 2026-08-30 09:18:25,353: +CACHEDPARAM [/rosout_disable_topics_generation] by /performance_monitor
[rosmaster.master][INFO] 2026-08-30 09:18:25,355: +CACHEDPARAM [/rosout_disable_topics_generation] by /performance_monitor
[rosmaster.master][INFO] 2026-08-30 09:18:30,358: +CACHEDPARAM [/rosout_disable_topics_generation] by /performance_monitor
[rosmaster.master][INFO] 2026-08-30 09:18:31,661: +CACHEDPARAM [/rosout_disable_topics_generation] by /performance_monitor
[rosmaster.master][INFO] 2026-08-30 09:18:32,368: +CACHEDPARAM [/rosout_disable_topics_generation] by /performance_monitor
[rosmaster.master][INFO] 2026-08-30 09:18:33,579: +CACHEDPARAM [/rosout_disable_topics_generation] by /performance_monitor
[rosmaster.master][INFO] 2026-08-30 09:18:33,630: +CACHEDPARAM [/rosout_disable_topics_generation] by /performance_monitor
[rosmaster.master][INFO] 2026-08-30 09:18:33,632: +CACHEDPARAM [/rosout_disable_topics_generation] by /performance_monitor
[rosmaster.master][INFO] 2026-08-30 09:18:38,636: +CACHEDPARAM [/rosout_disable_topics_generation] by /performance_monitor
[rosmaster.master][INFO] 2026-08-30 09:18:39,911: +CACHEDPARAM [/rosout_disable_topics_generation] by /performance_monitor
[rosmaster.master][INFO] 2026-08-30 09:18:40,610: +CACHEDPARAM [/rosout_disable_topics_generation] by /performance_monitor
[rosmaster.master][INFO] 2026-08-30 09:18:41,814: +CACHEDPARAM [/rosout_disable_topics_generation] by /performance_monitor
[rosmaster.master][INFO] 2026-08-30 09:18:41,864: +CACHEDPARAM [/rosout_disable_topics_generation] by /performance_monitor
[rosmaster.master][INFO] 2026-08-30 09:18:41,866: +CACHEDPARAM [/rosout_disable_topics_generation] by /performance_monitor
[rosmaster.master][INFO] 2026-08-30 09:18:46,870: +CACHEDPARAM [/rosout_disable_topics_generation] by /performance_monitor
[rosmaster.master][INFO] 2026-08-30 09:18:48,156: +CACHEDPARAM [/rosout_disable_topics_generation] by /performance_monitor
[rosmaster.master][INFO] 2026-08-30 09:18:48,865: +CACHEDPARAM [/rosout_disable_topics_generation] by /performance_monitor
[rosmaster.master][INFO] 2026-08-30 09:18:50,068: +CACHEDPARAM [/rosout_disable_topics_generation] by /performance_monitor
[rosmaster.master][INFO] 2026-08-30 09:18:50,123: +CACHEDPARAM [/rosout_disable_topics_generation] by /performance_monitor
[rosmaster.master][INFO] 2026-08-30 09:18:50,124: +CACHEDPARAM [/rosout_disable_topics_generation] by /performance_monitor
[rosmaster.master][INFO] 2026-08-30 09:18:55,127: +CACHEDPARAM [/rosout_disable_topics_generation] by /performance_monitor
[rosmaster.master][INFO] 2026-08-30 09:18:56,407: +CACHEDPARAM [/rosout_disable_topics_generation] by /performance_monitor
[rosmaster.master][INFO] 2026-08-30 09:18:57,113: +CACHEDPARAM [/rosout_disable_topics_generation] by /performance_monitor
[rosmaster.master][INFO] 2026-08-30 09:18:58,303: +CACHEDPARAM [/rosout_disable_topics_generation] by /performance_monitor
[rosmaster.master][INFO] 2026-08-30 09:18:58,354: +CACHEDPARAM [/rosout_disable_topics_generation] by /performance_monitor
[rosmaster.master][INFO] 2026-08-30 09:18:58,355: +CACHEDPARAM [/rosout_disable_topics_generation] by /performance_monitor
[rosmaster.master][INFO] 2026-08-30 09:19:03,358: +CACHEDPARAM [/rosout_disable_topics_generation] by /performance_monitor
[rosmaster.master][INFO] 2026-08-30 09:19:04,657: +CACHEDPARAM [/rosout_disable_topics_generation] by /performance_monitor
[rosmaster.master][INFO] 2026-08-30 09:19:05,361: +CACHEDPARAM [/rosout_disable_topics_generation] by /performance_monitor
[rosmaster.master][INFO] 2026-08-30 09:19:06,552: +CACHEDPARAM [/rosout_disable_topics_generation] by /performance_monitor
[rosmaster.master][INFO] 2026-08-30 09:19:06,609: +CACHEDPARAM [/rosout_disable_topics_generation] by /performance_monitor
[rosmaster.master][INFO] 2026-08-30 09:19:06,611: +CACHEDPARAM [/rosout_disable_topics_generation] by /performance_monitor
[rosmaster.master][INFO] 2026-08-30 09:19:11,615: +CACHEDPARAM [/rosout_disable_topics_generation] by /performance_monitor
[rosmaster.master][INFO] 2026-08-30 09:19:12,910: +CACHEDPARAM [/rosout_disable_topics_generation] by /performance_monitor
[rosmaster.master][INFO] 2026-08-30 09:19:13,616: +CACHEDPARAM [/rosout_disable_topics_generation] by /performance_monitor
[rosmaster.master][INFO] 2026-08-30 09:19:14,869: +CACHEDPARAM [/rosout_disable_topics_generation] by /performance_monitor
[rosmaster.master][INFO] 2026-08-30 09:19:14,922: +CACHEDPARAM [/rosout_disable_topics_generation] by /performance_monitor
[rosmaster.master][INFO] 2026-08-30 09:19:14,924: +CACHEDPARAM [/rosout_disable_topics_generation] by /performance_monitor
[rosmaster.master][INFO] 2026-08-30 09:19:19,925: +CACHEDPARAM [/rosout_disable_topics_generation] by /performance_monitor
[rosmaster.master][INFO] 2026-08-30 09:19:21,194: +CACHEDPARAM [/rosout_disable_topics_generation] by /performance_monitor
[rosmaster.master][INFO] 2026-08-30 09:19:21,907: +CACHEDPARAM [/rosout_disable_topics_generation] by /performance_monitor
[rosmaster.master][INFO] 2026-08-30 09:19:23,041: +CACHEDPARAM [/rosout_disable_topics_generation] by /performance_monitor
[rosmaster.master][INFO] 2026-08-30 09:19:23,092: +CACHEDPARAM [/rosout_disable_topics_generation] by /performance_monitor
[rosmaster.master][INFO] 2026-08-30 09:19:23,093: +CACHEDPARAM [/rosout_disable_topics_generation] by /performance_monitor
[rosmaster.master][INFO] 2026-08-30 09:19:28,096: +CACHEDPARAM [/rosout_disable_topics_generation] by /performance_monitor
[rosmaster.master][INFO] 2026-08-30 09:19:29,365: +CACHEDPARAM [/rosout_disable_topics_generation] by /performance_monitor
[rosmaster.master][INFO] 2026-08-30 09:19:30,070: +CACHEDPARAM [/rosout_disable_topics_generation] by /performance_monitor
[rosmaster.master][INFO] 2026-08-30 09:19:31,280: +CACHEDPARAM [/rosout_disable_topics_generation] by /performance_monitor
[rosmaster.master][INFO] 2026-08-30 09:19:31,331: +CACHEDPARAM [/rosout_disable_topics_generation] by /performance_monitor
[rosmaster.master][INFO] 2026-08-30 09:19:31,334: +CACHEDPARAM [/rosout_disable_topics_generation] by /performance_monitor
[rosmaster.master][INFO] 2026-08-30 09:19:36,336: +CACHEDPARAM [/rosout_disable_topics_generation] by /performance_monitor
[rosmaster.master][INFO] 2026-08-30 09:19:37,630: +CACHEDPARAM [/rosout_disable_topics_generation] by /performance_monitor
[rosmaster.master][INFO] 2026-08-30 09:19:38,341: +CACHEDPARAM [/rosout_disable_topics_generation] by /performance_monitor
[rosmaster.master][INFO] 2026-08-30 09:19:39,481: +CACHEDPARAM [/rosout_disable_topics_generation] by /performance_monitor
[rosmaster.master][INFO] 2026-08-30 09:19:39,532: +CACHEDPARAM [/rosout_disable_topics_generation] by /performance_monitor
[rosmaster.master][INFO] 2026-08-30 09:19:39,535: +CACHEDPARAM [/rosout_disable_topics_generation] by /performance_monitor
[rosmaster.master][INFO] 2026-08-30 09:19:44,541: +CACHEDPARAM [/rosout_disable_topics_generation] by /performance_monitor
[rosmaster.master][INFO] 2026-08-30 09:19:45,830: +CACHEDPARAM [/rosout_disable_topics_generation] by /performance_monitor
[rosmaster.master][INFO] 2026-08-30 09:19:46,534: +CACHEDPARAM [/rosout_disable_topics_generation] by /performance_monitor
[rosmaster.master][INFO] 2026-08-30 09:19:47,730: +CACHEDPARAM [/rosout_disable_topics_generation] by /performance_monitor
[rosmaster.master][INFO] 2026-08-30 09:19:47,779: +CACHEDPARAM [/rosout_disable_topics_generation] by /performance_monitor
[rosmaster.master][INFO] 2026-08-30 09:19:47,781: +CACHEDPARAM [/rosout_disable_topics_generation] by /performance_monitor
[rosmaster.master][INFO] 2026-08-30 09:19:52,782: +CACHEDPARAM [/rosout_disable_topics_generation] by /performance_monitor
[rosmaster.master][INFO] 2026-08-30 09:19:54,043: +CACHEDPARAM [/rosout_disable_topics_generation] by /performance_monitor
[rosmaster.master][INFO] 2026-08-30 09:19:54,762: +CACHEDPARAM [/rosout_disable_topics_generation] by /performance_monitor
[rosmaster.master][INFO] 2026-08-30 09:19:55,967: +CACHEDPARAM [/rosout_disable_topics_generation] by /performance_monitor
[rosmaster.master][INFO] 2026-08-30 09:19:56,022: +CACHEDPARAM [/rosout_disable_topics_generation] by /performance_monitor
[rosmaster.master][INFO] 2026-08-30 09:19:56,024: +CACHEDPARAM [/rosout_disable_topics_generation] by /performance_monitor
[rosmaster.master][INFO] 2026-08-30 09:20:01,030: +CACHEDPARAM [/rosout_disable_topics_generation] by /performance_monitor
[rosmaster.master][INFO] 2026-08-30 09:20:02,314: +CACHEDPARAM [/rosout_disable_topics_generation] by /performance_monitor
[rosmaster.master][INFO] 2026-08-30 09:20:03,019: +CACHEDPARAM [/rosout_disable_topics_generation] by /performance_monitor
[rosmaster.master][INFO] 2026-08-30 09:20:04,188: +CACHEDPARAM [/rosout_disable_topics_generation] by /performance_monitor
[rosmaster.master][INFO] 2026-08-30 09:20:04,237: +CACHEDPARAM [/rosout_disable_topics_generation] by /performance_monitor
[rosmaster.master][INFO] 2026-08-30 09:20:04,238: +CACHEDPARAM [/rosout_disable_topics_generation] by /performance_monitor
[rosmaster.master][INFO] 2026-08-30 09:20:09,241: +CACHEDPARAM [/rosout_disable_topics_generation] by /performance_monitor
[rosmaster.master][INFO] 2026-08-30 09:20:10,528: +CACHEDPARAM [/rosout_disable_topics_generation] by /performance_monitor
[rosmaster.master][INFO] 2026-08-30 09:20:11,242: +CACHEDPARAM [/rosout_disable_topics_generation] by /performance_monitor
[rosmaster.master][INFO] 2026-08-30 09:20:12,454: +CACHEDPARAM [/rosout_disable_topics_generation] by /performance_monitor
[rosmaster.master][INFO] 2026-08-30 09:20:12,505: +CACHEDPARAM [/rosout_disable_topics_generation] by /performance_monitor
[rosmaster.master][INFO] 2026-08-30 09:20:12,507: +CACHEDPARAM [/rosout_disable_topics_generation] by /performance_monitor
[rosmaster.master][INFO] 2026-08-30 09:20:17,513: +CACHEDPARAM [/rosout_disable_topics_generation] by /performance_monitor
[rosmaster.master][INFO] 2026-08-30 09:20:18,812: +CACHEDPARAM [/rosout_disable_topics_generation] by /performance_monitor
[rosmaster.master][INFO] 2026-08-30 09:20:19,520: +CACHEDPARAM [/rosout_disable_topics_generation] by /performance_monitor
[rosmaster.master][INFO] 2026-08-30 09:20:20,720: +CACHEDPARAM [/rosout_disable_topics_generation] by /performance_monitor
[rosmaster.master][INFO] 2026-08-30 09:20:20,780: +CACHEDPARAM [/rosout_disable_topics_generation] by /performance_monitor
[rosmaster.master][INFO] 2026-08-30 09:20:20,781: +CACHEDPARAM [/rosout_disable_topics_generation] by /performance_monitor
[rosmaster.master][INFO] 2026-08-30 09:20:25,784: +CACHEDPARAM [/rosout_disable_topics_generation] by /performance_monitor
[rosmaster.master][INFO] 2026-08-30 09:20:27,067: +CACHEDPARAM [/rosout_disable_topics_generation] by /performance_monitor
[rosmaster.master][INFO] 2026-08-30 09:20:27,771: +CACHEDPARAM [/rosout_disable_topics_generation] by /performance_monitor
[rosmaster.master][INFO] 2026-08-30 09:20:28,929: +CACHEDPARAM [/rosout_disable_topics_generation] by /performance_monitor
[rosmaster.master][INFO] 2026-08-30 09:20:28,985: +CACHEDPARAM [/rosout_disable_topics_generation] by /performance_monitor
[rosmaster.master][INFO] 2026-08-30 09:20:28,987: +CACHEDPARAM [/rosout_disable_topics_generation] by /performance_monitor
[rosmaster.master][INFO] 2026-08-30 09:20:33,990: +CACHEDPARAM [/rosout_disable_topics_generation] by /performance_monitor
[rosmaster.master][INFO] 2026-08-30 09:20:35,276: +CACHEDPARAM [/rosout_disable_topics_generation] by /performance_monitor
[rosmaster.master][INFO] 2026-08-30 09:20:35,978: +CACHEDPARAM [/rosout_disable_topics_generation] by /performance_monitor
[rosmaster.master][INFO] 2026-08-30 09:20:37,195: +CACHEDPARAM [/rosout_disable_topics_generation] by /performance_monitor
[rosmaster.master][INFO] 2026-08-30 09:20:37,251: +CACHEDPARAM [/rosout_disable_topics_generation] by /performance_monitor
[rosmaster.master][INFO] 2026-08-30 09:20:37,252: +CACHEDPARAM [/rosout_disable_topics_generation] by /performance_monitor
[rosmaster.master][INFO] 2026-08-30 09:20:42,256: +CACHEDPARAM [/rosout_disable_topics_generation] by /performance_monitor
[rosmaster.master][INFO] 2026-08-30 09:20:43,561: +CACHEDPARAM [/rosout_disable_topics_generation] by /performance_monitor
[rosmaster.master][INFO] 2026-08-30 09:20:44,283: +CACHEDPARAM [/rosout_disable_topics_generation] by /performance_monitor
[rosmaster.master][INFO] 2026-08-30 09:20:45,475: +CACHEDPARAM [/rosout_disable_topics_generation] by /performance_monitor
[rosmaster.master][INFO] 2026-08-30 09:20:45,531: +CACHEDPARAM [/rosout_disable_topics_generation] by /performance_monitor
[rosmaster.master][INFO] 2026-08-30 09:20:45,533: +CACHEDPARAM [/rosout_disable_topics_generation] by /performance_monitor
[rosmaster.master][INFO] 2026-08-30 09:20:50,536: +CACHEDPARAM [/rosout_disable_topics_generation] by /performance_monitor
[rosmaster.master][INFO] 2026-08-30 09:20:51,835: +CACHEDPARAM [/rosout_disable_topics_generation] by /performance_monitor
[rosmaster.master][INFO] 2026-08-30 09:20:52,556: +CACHEDPARAM [/rosout_disable_topics_generation] by /performance_monitor
[rosmaster.master][INFO] 2026-08-30 09:20:53,760: +CACHEDPARAM [/rosout_disable_topics_generation] by /performance_monitor
[rosmaster.master][INFO] 2026-08-30 09:20:53,819: +CACHEDPARAM [/rosout_disable_topics_generation] by /performance_monitor
[rosmaster.master][INFO] 2026-08-30 09:20:53,822: +CACHEDPARAM [/rosout_disable_topics_generation] by /performance_monitor
[rosmaster.master][INFO] 2026-08-30 09:20:58,825: +CACHEDPARAM [/rosout_disable_topics_generation] by /performance_monitor
[rosmaster.master][INFO] 2026-08-30 09:21:00,102: +CACHEDPARAM [/rosout_disable_topics_generation] by /performance_monitor
[rosmaster.master][INFO] 2026-08-30 09:21:00,808: +CACHEDPARAM [/rosout_disable_topics_generation] by /performance_monitor
[rosmaster.master][INFO] 2026-08-30 09:21:01,935: +CACHEDPARAM [/rosout_disable_topics_generation] by /performance_monitor
[rosmaster.master][INFO] 2026-08-30 09:21:01,992: +CACHEDPARAM [/rosout_disable_topics_generation] by /performance_monitor
[rosmaster.master][INFO] 2026-08-30 09:21:01,994: +CACHEDPARAM [/rosout_disable_topics_generation] by /performance_monitor
[rosmaster.master][INFO] 2026-08-30 09:21:06,996: +CACHEDPARAM [/rosout_disable_topics_generation] by /performance_monitor
[rosmaster.master][INFO] 2026-08-30 09:21:08,284: +CACHEDPARAM [/rosout_disable_topics_generation] by /performance_monitor
[rosmaster.master][INFO] 2026-08-30 09:21:08,990: +CACHEDPARAM [/rosout_disable_topics_generation] by /performance_monitor
[rosmaster.master][INFO] 2026-08-30 09:21:10,214: +CACHEDPARAM [/rosout_disable_topics_generation] by /performance_monitor
[rosmaster.master][INFO] 2026-08-30 09:21:10,270: +CACHEDPARAM [/rosout_disable_topics_generation] by /performance_monitor
[rosmaster.master][INFO] 2026-08-30 09:21:10,272: +CACHEDPARAM [/rosout_disable_topics_generation] by /performance_monitor
[rosmaster.master][INFO] 2026-08-30 09:21:15,275: +CACHEDPARAM [/rosout_disable_topics_generation] by /performance_monitor
[rosmaster.master][INFO] 2026-08-30 09:21:16,541: +CACHEDPARAM [/rosout_disable_topics_generation] by /performance_monitor
[rosmaster.master][INFO] 2026-08-30 09:21:17,252: +CACHEDPARAM [/rosout_disable_topics_generation] by /performance_monitor
[rosmaster.master][INFO] 2026-08-30 09:21:18,435: +CACHEDPARAM [/rosout_disable_topics_generation] by /performance_monitor
[rosmaster.master][INFO] 2026-08-30 09:21:18,484: +CACHEDPARAM [/rosout_disable_topics_generation] by /performance_monitor
[rosmaster.master][INFO] 2026-08-30 09:21:18,485: +CACHEDPARAM [/rosout_disable_topics_generation] by /performance_monitor
[rosmaster.master][INFO] 2026-08-30 09:21:23,489: +CACHEDPARAM [/rosout_disable_topics_generation] by /performance_monitor
[rosmaster.master][INFO] 2026-08-30 09:21:24,768: +CACHEDPARAM [/rosout_disable_topics_generation] by /performance_monitor
[rosmaster.master][INFO] 2026-08-30 09:21:25,484: +CACHEDPARAM [/rosout_disable_topics_generation] by /performance_monitor
[rosmaster.master][INFO] 2026-08-30 09:21:26,688: +CACHEDPARAM [/rosout_disable_topics_generation] by /performance_monitor
[rosmaster.master][INFO] 2026-08-30 09:21:26,743: +CACHEDPARAM [/rosout_disable_topics_generation] by /performance_monitor
[rosmaster.master][INFO] 2026-08-30 09:21:26,744: +CACHEDPARAM [/rosout_disable_topics_generation] by /performance_monitor
[rosmaster.master][INFO] 2026-08-30 09:21:31,748: +CACHEDPARAM [/rosout_disable_topics_generation] by /performance_monitor
[rosmaster.master][INFO] 2026-08-30 09:21:33,059: +CACHEDPARAM [/rosout_disable_topics_generation] by /performance_monitor
[rosmaster.master][INFO] 2026-08-30 09:21:33,759: +CACHEDPARAM [/rosout_disable_topics_generation] by /performance_monitor
[rosmaster.master][INFO] 2026-08-30 09:21:34,954: +CACHEDPARAM [/rosout_disable_topics_generation] by /performance_monitor
[rosmaster.master][INFO] 2026-08-30 09:21:35,004: +CACHEDPARAM [/rosout_disable_topics_generation] by /performance_monitor
[rosmaster.master][INFO] 2026-08-30 09:21:35,006: +CACHEDPARAM [/rosout_disable_topics_generation] by /performance_monitor
[rosmaster.master][INFO] 2026-08-30 09:21:40,010: +CACHEDPARAM [/rosout_disable_topics_generation] by /performance_monitor
[rosmaster.master][INFO] 2026-08-30 09:21:41,293: +CACHEDPARAM [/rosout_disable_topics_generation] by /performance_monitor
[rosmaster.master][INFO] 2026-08-30 09:21:42,073: +CACHEDPARAM [/rosout_disable_topics_generation] by /performance_monitor
[rosmaster.master][INFO] 2026-08-30 09:21:43,257: +CACHEDPARAM [/rosout_disable_topics_generation] by /performance_monitor
[rosmaster.master][INFO] 2026-08-30 09:21:43,314: +CACHEDPARAM [/rosout_disable_topics_generation] by /performance_monitor
[rosmaster.master][INFO] 2026-08-30 09:21:43,316: +CACHEDPARAM [/rosout_disable_topics_generation] by /performance_monitor
[rosmaster.master][INFO] 2026-08-30 09:21:48,318: +CACHEDPARAM [/rosout_disable_topics_generation] by /performance_monitor
[rosmaster.master][INFO] 2026-08-30 09:21:49,647: +CACHEDPARAM [/rosout_disable_topics_generation] by /performance_monitor
[rosmaster.master][INFO] 2026-08-30 09:21:50,370: +CACHEDPARAM [/rosout_disable_topics_generation] by /performance_monitor
[rosmaster.master][INFO] 2026-08-30 09:21:51,518: +CACHEDPARAM [/rosout_disable_topics_generation] by /performance_monitor
[rosmaster.master][INFO] 2026-08-30 09:21:51,575: +CACHEDPARAM [/rosout_disable_topics_generation] by /performance_monitor
[rosmaster.master][INFO] 2026-08-30 09:21:51,578: +CACHEDPARAM [/rosout_disable_topics_generation] by /performance_monitor
[rosmaster.master][INFO] 2026-08-30 09:21:56,581: +CACHEDPARAM [/rosout_disable_topics_generation] by /performance_monitor
[rosmaster.master][INFO] 2026-08-30 09:21:57,864: +CACHEDPARAM [/rosout_disable_topics_generation] by /performance_monitor
[rosmaster.master][INFO] 2026-08-30 09:21:58,563: +CACHEDPARAM [/rosout_disable_topics_generation] by /performance_monitor
[rosmaster.master][INFO] 2026-08-30 09:21:59,721: +CACHEDPARAM [/rosout_disable_topics_generation] by /performance_monitor
[rosmaster.master][INFO] 2026-08-30 09:21:59,770: +CACHEDPARAM [/rosout_disable_topics_generation] by /performance_monitor
[rosmaster.master][INFO] 2026-08-30 09:21:59,772: +CACHEDPARAM [/rosout_disable_topics_generation] by /performance_monitor
[rosmaster.master][INFO] 2026-08-30 09:22:04,774: +CACHEDPARAM [/rosout_disable_topics_generation] by /performance_monitor
[rosmaster.master][INFO] 2026-08-30 09:22:06,077: +CACHEDPARAM [/rosout_disable_topics_generation] by /performance_monitor
[rosmaster.master][INFO] 2026-08-30 09:22:06,799: +CACHEDPARAM [/rosout_disable_topics_generation] by /performance_monitor
[rosmaster.master][INFO] 2026-08-30 09:22:07,939: +CACHEDPARAM [/rosout_disable_topics_generation] by /performance_monitor
[rosmaster.master][INFO] 2026-08-30 09:22:07,998: +CACHEDPARAM [/rosout_disable_topics_generation] by /performance_monitor
[rosmaster.master][INFO] 2026-08-30 09:22:08,000: +CACHEDPARAM [/rosout_disable_topics_generation] by /performance_monitor
[rosmaster.master][INFO] 2026-08-30 09:22:13,002: +CACHEDPARAM [/rosout_disable_topics_generation] by /performance_monitor
[rosmaster.master][INFO] 2026-08-30 09:22:14,271: +CACHEDPARAM [/rosout_disable_topics_generation] by /performance_monitor
[rosmaster.master][INFO] 2026-08-30 09:22:14,974: +CACHEDPARAM [/rosout_disable_topics_generation] by /performance_monitor
[rosmaster.master][INFO] 2026-08-30 09:22:16,176: +CACHEDPARAM [/rosout_disable_topics_generation] by /performance_monitor
[rosmaster.master][INFO] 2026-08-30 09:22:16,224: +CACHEDPARAM [/rosout_disable_topics_generation] by /performance_monitor
[rosmaster.master][INFO] 2026-08-30 09:22:16,225: +CACHEDPARAM [/rosout_disable_topics_generation] by /performance_monitor
[rosmaster.master][INFO] 2026-08-30 09:22:21,227: +CACHEDPARAM [/rosout_disable_topics_generation] by /performance_monitor
[rosmaster.master][INFO] 2026-08-30 09:22:22,540: +CACHEDPARAM [/rosout_disable_topics_generation] by /performance_monitor
[rosmaster.master][INFO] 2026-08-30 09:22:23,246: +CACHEDPARAM [/rosout_disable_topics_generation] by /performance_monitor
[rosmaster.master][INFO] 2026-08-30 09:22:24,434: +CACHEDPARAM [/rosout_disable_topics_generation] by /performance_monitor
[rosmaster.master][INFO] 2026-08-30 09:22:24,484: +CACHEDPARAM [/rosout_disable_topics_generation] by /performance_monitor
[rosmaster.master][INFO] 2026-08-30 09:22:24,486: +CACHEDPARAM [/rosout_disable_topics_generation] by /performance_monitor
[rosmaster.master][INFO] 2026-08-30 09:22:29,488: +CACHEDPARAM [/rosout_disable_topics_generation] by /performance_monitor
[rosmaster.master][INFO] 2026-08-30 09:22:30,828: +CACHEDPARAM [/rosout_disable_topics_generation] by /performance_monitor
[rosmaster.master][INFO] 2026-08-30 09:22:31,532: +CACHEDPARAM [/rosout_disable_topics_generation] by /performance_monitor
[rosmaster.master][INFO] 2026-08-30 09:22:32,713: +CACHEDPARAM [/rosout_disable_topics_generation] by /performance_monitor
[rosmaster.master][INFO] 2026-08-30 09:22:32,770: +CACHEDPARAM [/rosout_disable_topics_generation] by /performance_monitor
[rosmaster.master][INFO] 2026-08-30 09:22:32,772: +CACHEDPARAM [/rosout_disable_topics_generation] by /performance_monitor
[rosmaster.master][INFO] 2026-08-30 09:22:37,774: +CACHEDPARAM [/rosout_disable_topics_generation] by /performance_monitor
[rosmaster.master][INFO] 2026-08-30 09:22:39,076: +CACHEDPARAM [/rosout_disable_topics_generation] by /performance_monitor
[rosmaster.master][INFO] 2026-08-30 09:22:39,787: +CACHEDPARAM [/rosout_disable_topics_generation] by /performance_monitor
[rosmaster.master][INFO] 2026-08-30 09:22:40,967: +CACHEDPARAM [/rosout_disable_topics_generation] by /performance_monitor
[rosmaster.master][INFO] 2026-08-30 09:22:41,025: +CACHEDPARAM [/rosout_disable_topics_generation] by /performance_monitor
[rosmaster.master][INFO] 2026-08-30 09:22:41,027: +CACHEDPARAM [/rosout_disable_topics_generation] by /performance_monitor
[rosmaster.master][INFO] 2026-08-30 09:22:46,030: +CACHEDPARAM [/rosout_disable_topics_generation] by /performance_monitor
[rosmaster.master][INFO] 2026-08-30 09:22:47,289: +CACHEDPARAM [/rosout_disable_topics_generation] by /performance_monitor
[rosmaster.master][INFO] 2026-08-30 09:22:47,989: +CACHEDPARAM [/rosout_disable_topics_generation] by /performance_monitor
[rosmaster.master][INFO] 2026-08-30 09:22:49,120: +CACHEDPARAM [/rosout_disable_topics_generation] by /performance_monitor
[rosmaster.master][INFO] 2026-08-30 09:22:49,177: +CACHEDPARAM [/rosout_disable_topics_generation] by /performance_monitor
[rosmaster.master][INFO] 2026-08-30 09:22:49,178: +CACHEDPARAM [/rosout_disable_topics_generation] by /performance_monitor
[rosmaster.master][INFO] 2026-08-30 09:22:54,180: +CACHEDPARAM [/rosout_disable_topics_generation] by /performance_monitor
[rosmaster.master][INFO] 2026-08-30 09:22:55,459: +CACHEDPARAM [/rosout_disable_topics_generation] by /performance_monitor
[rosmaster.master][INFO] 2026-08-30 09:22:56,170: +CACHEDPARAM [/rosout_disable_topics_generation] by /performance_monitor
[rosmaster.master][INFO] 2026-08-30 09:22:57,375: +CACHEDPARAM [/rosout_disable_topics_generation] by /performance_monitor
[rosmaster.master][INFO] 2026-08-30 09:22:57,425: +CACHEDPARAM [/rosout_disable_topics_generation] by /performance_monitor
[rosmaster.master][INFO] 2026-08-30 09:22:57,426: +CACHEDPARAM [/rosout_disable_topics_generation] by /performance_monitor
[rosmaster.master][INFO] 2026-08-30 09:23:02,429: +CACHEDPARAM [/rosout_disable_topics_generation] by /performance_monitor
[rosmaster.master][INFO] 2026-08-30 09:23:03,729: +CACHEDPARAM [/rosout_disable_topics_generation] by /performance_monitor
[rosmaster.master][INFO] 2026-08-30 09:23:04,434: +CACHEDPARAM [/rosout_disable_topics_generation] by /performance_monitor
[rosmaster.master][INFO] 2026-08-30 09:23:05,645: +CACHEDPARAM [/rosout_disable_topics_generation] by /performance_monitor
[rosmaster.master][INFO] 2026-08-30 09:23:05,703: +CACHEDPARAM [/rosout_disable_topics_generation] by /performance_monitor
[rosmaster.master][INFO] 2026-08-30 09:23:05,704: +CACHEDPARAM [/rosout_disable_topics_generation] by /performance_monitor
[rosmaster.master][INFO] 2026-08-30 09:23:10,706: +CACHEDPARAM [/rosout_disable_topics_generation] by /performance_monitor
[rosmaster.master][INFO] 2026-08-30 09:23:11,992: +CACHEDPARAM [/rosout_disable_topics_generation] by /performance_monitor
[rosmaster.master][INFO] 2026-08-30 09:23:12,701: +CACHEDPARAM [/rosout_disable_topics_generation] by /performance_monitor
[rosmaster.master][INFO] 2026-08-30 09:23:13,873: +CACHEDPARAM [/rosout_disable_topics_generation] by /performance_monitor
[rosmaster.master][INFO] 2026-08-30 09:23:13,923: +CACHEDPARAM [/rosout_disable_topics_generation] by /performance_monitor
[rosmaster.master][INFO] 2026-08-30 09:23:13,924: +CACHEDPARAM [/rosout_disable_topics_generation] by /performance_monitor
[rosmaster.master][INFO] 2026-08-30 09:23:18,928: +CACHEDPARAM [/rosout_disable_topics_generation] by /performance_monitor
[rosmaster.master][INFO] 2026-08-30 09:23:20,211: +CACHEDPARAM [/rosout_disable_topics_generation] by /performance_monitor
[rosmaster.master][INFO] 2026-08-30 09:23:20,907: +CACHEDPARAM [/rosout_disable_topics_generation] by /performance_monitor
[rosmaster.master][INFO] 2026-08-30 09:23:22,041: +CACHEDPARAM [/rosout_disable_topics_generation] by /performance_monitor
[rosmaster.master][INFO] 2026-08-30 09:23:22,091: +CACHEDPARAM [/rosout_disable_topics_generation] by /performance_monitor
[rosmaster.master][INFO] 2026-08-30 09:23:22,093: +CACHEDPARAM [/rosout_disable_topics_generation] by /performance_monitor
[rosmaster.master][INFO] 2026-08-30 09:23:27,097: +CACHEDPARAM [/rosout_disable_topics_generation] by /performance_monitor
[rosmaster.master][INFO] 2026-08-30 09:23:28,387: +CACHEDPARAM [/rosout_disable_topics_generation] by /performance_monitor
[rosmaster.master][INFO] 2026-08-30 09:23:29,094: +CACHEDPARAM [/rosout_disable_topics_generation] by /performance_monitor
[rosmaster.master][INFO] 2026-08-30 09:23:30,234: +CACHEDPARAM [/rosout_disable_topics_generation] by /performance_monitor
[rosmaster.master][INFO] 2026-08-30 09:23:30,281: +CACHEDPARAM [/rosout_disable_topics_generation] by /performance_monitor
[rosmaster.master][INFO] 2026-08-30 09:23:30,282: +CACHEDPARAM [/rosout_disable_topics_generation] by /performance_monitor
[rosmaster.master][INFO] 2026-08-30 09:23:35,285: +CACHEDPARAM [/rosout_disable_topics_generation] by /performance_monitor
[rosmaster.master][INFO] 2026-08-30 09:23:36,562: +CACHEDPARAM [/rosout_disable_topics_generation] by /performance_monitor
[rosmaster.master][INFO] 2026-08-30 09:23:37,267: +CACHEDPARAM [/rosout_disable_topics_generation] by /performance_monitor
[rosmaster.master][INFO] 2026-08-30 09:23:38,456: +CACHEDPARAM [/rosout_disable_topics_generation] by /performance_monitor
[rosmaster.master][INFO] 2026-08-30 09:23:38,513: +CACHEDPARAM [/rosout_disable_topics_generation] by /performance_monitor
[rosmaster.master][INFO] 2026-08-30 09:23:38,514: +CACHEDPARAM [/rosout_disable_topics_generation] by /performance_monitor
[rosmaster.master][INFO] 2026-08-30 09:23:43,517: +CACHEDPARAM [/rosout_disable_topics_generation] by /performance_monitor
[rosmaster.master][INFO] 2026-08-30 09:23:44,804: +CACHEDPARAM [/rosout_disable_topics_generation] by /performance_monitor
[rosmaster.master][INFO] 2026-08-30 09:23:45,512: +CACHEDPARAM [/rosout_disable_topics_generation] by /performance_monitor
[rosmaster.master][INFO] 2026-08-30 09:23:46,709: +CACHEDPARAM [/rosout_disable_topics_generation] by /performance_monitor
[rosmaster.master][INFO] 2026-08-30 09:23:46,759: +CACHEDPARAM [/rosout_disable_topics_generation] by /performance_monitor
[rosmaster.master][INFO] 2026-08-30 09:23:46,760: +CACHEDPARAM [/rosout_disable_topics_generation] by /performance_monitor
[rosmaster.master][INFO] 2026-08-30 09:23:51,763: +CACHEDPARAM [/rosout_disable_topics_generation] by /performance_monitor
[rosmaster.master][INFO] 2026-08-30 09:23:53,023: +CACHEDPARAM [/rosout_disable_topics_generation] by /performance_monitor
[rosmaster.master][INFO] 2026-08-30 09:23:53,720: +CACHEDPARAM [/rosout_disable_topics_generation] by /performance_monitor
[rosmaster.master][INFO] 2026-08-30 09:23:54,912: +CACHEDPARAM [/rosout_disable_topics_generation] by /performance_monitor
[rosmaster.master][INFO] 2026-08-30 09:23:54,969: +CACHEDPARAM [/rosout_disable_topics_generation] by /performance_monitor
[rosmaster.master][INFO] 2026-08-30 09:23:54,971: +CACHEDPARAM [/rosout_disable_topics_generation] by /performance_monitor
[rosmaster.master][INFO] 2026-08-30 09:23:59,973: +CACHEDPARAM [/rosout_disable_topics_generation] by /performance_monitor
[rosmaster.master][INFO] 2026-08-30 09:24:01,243: +CACHEDPARAM [/rosout_disable_topics_generation] by /performance_monitor
[rosmaster.master][INFO] 2026-08-30 09:24:01,950: +CACHEDPARAM [/rosout_disable_topics_generation] by /performance_monitor
[rosmaster.master][INFO] 2026-08-30 09:24:03,133: +CACHEDPARAM [/rosout_disable_topics_generation] by /performance_monitor
[rosmaster.master][INFO] 2026-08-30 09:24:03,184: +CACHEDPARAM [/rosout_disable_topics_generation] by /performance_monitor
[rosmaster.master][INFO] 2026-08-30 09:24:03,186: +CACHEDPARAM [/rosout_disable_topics_generation] by /performance_monitor
[rosmaster.master][INFO] 2026-08-30 09:24:08,187: +CACHEDPARAM [/rosout_disable_topics_generation] by /performance_monitor
[rosmaster.master][INFO] 2026-08-30 09:24:09,456: +CACHEDPARAM [/rosout_disable_topics_generation] by /performance_monitor
[rosmaster.master][INFO] 2026-08-30 09:24:10,165: +CACHEDPARAM [/rosout_disable_topics_generation] by /performance_monitor
[rosmaster.master][INFO] 2026-08-30 09:24:11,347: +CACHEDPARAM [/rosout_disable_topics_generation] by /performance_monitor
[rosmaster.master][INFO] 2026-08-30 09:24:11,409: +CACHEDPARAM [/rosout_disable_topics_generation] by /performance_monitor
[rosmaster.master][INFO] 2026-08-30 09:24:11,410: +CACHEDPARAM [/rosout_disable_topics_generation] by /performance_monitor
[rosmaster.master][INFO] 2026-08-30 09:24:16,412: +CACHEDPARAM [/rosout_disable_topics_generation] by /performance_monitor
[rosmaster.master][INFO] 2026-08-30 09:24:17,718: +CACHEDPARAM [/rosout_disable_topics_generation] by /performance_monitor
[rosmaster.master][INFO] 2026-08-30 09:24:18,429: +CACHEDPARAM [/rosout_disable_topics_generation] by /performance_monitor
[rosmaster.master][INFO] 2026-08-30 09:24:19,633: +CACHEDPARAM [/rosout_disable_topics_generation] by /performance_monitor
[rosmaster.master][INFO] 2026-08-30 09:24:19,690: +CACHEDPARAM [/rosout_disable_topics_generation] by /performance_monitor
[rosmaster.master][INFO] 2026-08-30 09:24:19,691: +CACHEDPARAM [/rosout_disable_topics_generation] by /performance_monitor
[rosmaster.master][INFO] 2026-08-30 09:24:24,694: +CACHEDPARAM [/rosout_disable_topics_generation] by /performance_monitor
[rosmaster.master][INFO] 2026-08-30 09:24:25,997: +CACHEDPARAM [/rosout_disable_topics_generation] by /performance_monitor
[rosmaster.master][INFO] 2026-08-30 09:24:26,691: +CACHEDPARAM [/rosout_disable_topics_generation] by /performance_monitor
[rosmaster.master][INFO] 2026-08-30 09:24:27,852: +CACHEDPARAM [/rosout_disable_topics_generation] by /performance_monitor
[rosmaster.master][INFO] 2026-08-30 09:24:27,901: +CACHEDPARAM [/rosout_disable_topics_generation] by /performance_monitor
[rosmaster.master][INFO] 2026-08-30 09:24:27,903: +CACHEDPARAM [/rosout_disable_topics_generation] by /performance_monitor
[rosmaster.master][INFO] 2026-08-30 09:24:32,906: +CACHEDPARAM [/rosout_disable_topics_generation] by /performance_monitor
[rosmaster.master][INFO] 2026-08-30 09:24:34,196: +CACHEDPARAM [/rosout_disable_topics_generation] by /performance_monitor
[rosmaster.master][INFO] 2026-08-30 09:24:34,899: +CACHEDPARAM [/rosout_disable_topics_generation] by /performance_monitor
[rosmaster.master][INFO] 2026-08-30 09:24:36,078: +CACHEDPARAM [/rosout_disable_topics_generation] by /performance_monitor
[rosmaster.master][INFO] 2026-08-30 09:24:36,135: +CACHEDPARAM [/rosout_disable_topics_generation] by /performance_monitor
[rosmaster.master][INFO] 2026-08-30 09:24:36,136: +CACHEDPARAM [/rosout_disable_topics_generation] by /performance_monitor
[rosmaster.master][INFO] 2026-08-30 09:24:41,138: +CACHEDPARAM [/rosout_disable_topics_generation] by /performance_monitor
[rosmaster.master][INFO] 2026-08-30 09:24:42,427: +CACHEDPARAM [/rosout_disable_topics_generation] by /performance_monitor
[rosmaster.master][INFO] 2026-08-30 09:24:43,142: +CACHEDPARAM [/rosout_disable_topics_generation] by /performance_monitor
[rosmaster.master][INFO] 2026-08-30 09:24:44,316: +CACHEDPARAM [/rosout_disable_topics_generation] by /performance_monitor
[rosmaster.master][INFO] 2026-08-30 09:24:44,374: +CACHEDPARAM [/rosout_disable_topics_generation] by /performance_monitor
[rosmaster.master][INFO] 2026-08-30 09:24:44,376: +CACHEDPARAM [/rosout_disable_topics_generation] by /performance_monitor
[rosmaster.master][INFO] 2026-08-30 09:24:49,380: +CACHEDPARAM [/rosout_disable_topics_generation] by /performance_monitor
[rosmaster.master][INFO] 2026-08-30 09:24:50,665: +CACHEDPARAM [/rosout_disable_topics_generation] by /performance_monitor
[rosmaster.master][INFO] 2026-08-30 09:24:51,371: +CACHEDPARAM [/rosout_disable_topics_generation] by /performance_monitor
[rosmaster.master][INFO] 2026-08-30 09:24:52,504: +CACHEDPARAM [/rosout_disable_topics_generation] by /performance_monitor
[rosmaster.master][INFO] 2026-08-30 09:24:52,559: +CACHEDPARAM [/rosout_disable_topics_generation] by /performance_monitor
[rosmaster.master][INFO] 2026-08-30 09:24:52,560: +CACHEDPARAM [/rosout_disable_topics_generation] by /performance_monitor
[rosmaster.master][INFO] 2026-08-30 09:24:57,563: +CACHEDPARAM [/rosout_disable_topics_generation] by /performance_monitor
[rosmaster.master][INFO] 2026-08-30 09:24:58,852: +CACHEDPARAM [/rosout_disable_topics_generation] by /performance_monitor
[rosmaster.master][INFO] 2026-08-30 09:24:59,571: +CACHEDPARAM [/rosout_disable_topics_generation] by /performance_monitor
[rosmaster.master][INFO] 2026-08-30 09:25:00,776: +CACHEDPARAM [/rosout_disable_topics_generation] by /performance_monitor
[rosmaster.master][INFO] 2026-08-30 09:25:00,832: +CACHEDPARAM [/rosout_disable_topics_generation] by /performance_monitor
[rosmaster.master][INFO] 2026-08-30 09:25:00,833: +CACHEDPARAM [/rosout_disable_topics_generation] by /performance_monitor
[rosmaster.master][INFO] 2026-08-30 09:25:05,834: +CACHEDPARAM [/rosout_disable_topics_generation] by /performance_monitor
[rosmaster.master][INFO] 2026-08-30 09:25:07,119: +CACHEDPARAM [/rosout_disable_topics_generation] by /performance_monitor
[rosmaster.master][INFO] 2026-08-30 09:25:07,842: +CACHEDPARAM [/rosout_disable_topics_generation] by /performance_monitor
[rosmaster.master][INFO] 2026-08-30 09:25:08,974: +CACHEDPARAM [/rosout_disable_topics_generation] by /performance_monitor
[rosmaster.master][INFO] 2026-08-30 09:25:09,030: +CACHEDPARAM [/rosout_disable_topics_generation] by /performance_monitor
[rosmaster.master][INFO] 2026-08-30 09:25:09,031: +CACHEDPARAM [/rosout_disable_topics_generation] by /performance_monitor
[rosmaster.master][INFO] 2026-08-30 09:25:14,035: +CACHEDPARAM [/rosout_disable_topics_generation] by /performance_monitor
[rosmaster.master][INFO] 2026-08-30 09:25:15,392: +CACHEDPARAM [/rosout_disable_topics_generation] by /performance_monitor
[rosmaster.master][INFO] 2026-08-30 09:25:16,102: +CACHEDPARAM [/rosout_disable_topics_generation] by /performance_monitor
[rosmaster.master][INFO] 2026-08-30 09:25:17,267: +CACHEDPARAM [/rosout_disable_topics_generation] by /performance_monitor
[rosmaster.master][INFO] 2026-08-30 09:25:17,319: +CACHEDPARAM [/rosout_disable_topics_generation] by /performance_monitor
[rosmaster.master][INFO] 2026-08-30 09:25:17,321: +CACHEDPARAM [/rosout_disable_topics_generation] by /performance_monitor
[rosmaster.master][INFO] 2026-08-30 09:25:22,325: +CACHEDPARAM [/rosout_disable_topics_generation] by /performance_monitor
[rosmaster.master][INFO] 2026-08-30 09:25:23,690: +CACHEDPARAM [/rosout_disable_topics_generation] by /performance_monitor
[rosmaster.master][INFO] 2026-08-30 09:25:24,401: +CACHEDPARAM [/rosout_disable_topics_generation] by /performance_monitor
[rosmaster.master][INFO] 2026-08-30 09:25:25,607: +CACHEDPARAM [/rosout_disable_topics_generation] by /performance_monitor
[rosmaster.master][INFO] 2026-08-30 09:25:25,663: +CACHEDPARAM [/rosout_disable_topics_generation] by /performance_monitor
[rosmaster.master][INFO] 2026-08-30 09:25:25,665: +CACHEDPARAM [/rosout_disable_topics_generation] by /performance_monitor
[rosmaster.master][INFO] 2026-08-30 09:25:30,668: +CACHEDPARAM [/rosout_disable_topics_generation] by /performance_monitor
[rosmaster.master][INFO] 2026-08-30 09:25:32,352: +CACHEDPARAM [/rosout_disable_topics_generation] by /performance_monitor
[rosmaster.master][INFO] 2026-08-30 09:25:33,089: +CACHEDPARAM [/rosout_disable_topics_generation] by /performance_monitor
[rosmaster.master][INFO] 2026-08-30 09:25:34,241: +CACHEDPARAM [/rosout_disable_topics_generation] by /performance_monitor
[rosmaster.master][INFO] 2026-08-30 09:25:34,297: +CACHEDPARAM [/rosout_disable_topics_generation] by /performance_monitor
[rosmaster.master][INFO] 2026-08-30 09:25:34,298: +CACHEDPARAM [/rosout_disable_topics_generation] by /performance_monitor
[rosmaster.master][INFO] 2026-08-30 09:25:39,301: +CACHEDPARAM [/rosout_disable_topics_generation] by /performance_monitor
[rosmaster.master][INFO] 2026-08-30 09:25:40,597: +CACHEDPARAM [/rosout_disable_topics_generation] by /performance_monitor
[rosmaster.master][INFO] 2026-08-30 09:25:41,308: +CACHEDPARAM [/rosout_disable_topics_generation] by /performance_monitor
[rosmaster.master][INFO] 2026-08-30 09:25:42,435: +CACHEDPARAM [/rosout_disable_topics_generation] by /performance_monitor
[rosmaster.master][INFO] 2026-08-30 09:25:42,486: +CACHEDPARAM [/rosout_disable_topics_generation] by /performance_monitor
[rosmaster.master][INFO] 2026-08-30 09:25:42,488: +CACHEDPARAM [/rosout_disable_topics_generation] by /performance_monitor
[rosmaster.master][INFO] 2026-08-30 09:25:47,491: +CACHEDPARAM [/rosout_disable_topics_generation] by /performance_monitor
[rosmaster.master][INFO] 2026-08-30 09:25:48,923: +CACHEDPARAM [/rosout_disable_topics_generation] by /performance_monitor
[rosmaster.master][INFO] 2026-08-30 09:25:49,623: +CACHEDPARAM [/rosout_disable_topics_generation] by /performance_monitor
[rosmaster.master][INFO] 2026-08-30 09:25:50,804: +CACHEDPARAM [/rosout_disable_topics_generation] by /performance_monitor
[rosmaster.master][INFO] 2026-08-30 09:25:50,859: +CACHEDPARAM [/rosout_disable_topics_generation] by /performance_monitor
[rosmaster.master][INFO] 2026-08-30 09:25:50,861: +CACHEDPARAM [/rosout_disable_topics_generation] by /performance_monitor
[rosmaster.master][INFO] 2026-08-30 09:25:55,865: +CACHEDPARAM [/rosout_disable_topics_generation] by /performance_monitor
[rosmaster.master][INFO] 2026-08-30 09:25:57,171: +CACHEDPARAM [/rosout_disable_topics_generation] by /performance_monitor
[rosmaster.master][INFO] 2026-08-30 09:25:57,879: +CACHEDPARAM [/rosout_disable_topics_generation] by /performance_monitor
[rosmaster.master][INFO] 2026-08-30 09:25:59,082: +CACHEDPARAM [/rosout_disable_topics_generation] by /performance_monitor
[rosmaster.master][INFO] 2026-08-30 09:25:59,130: +CACHEDPARAM [/rosout_disable_topics_generation] by /performance_monitor
[rosmaster.master][INFO] 2026-08-30 09:25:59,132: +CACHEDPARAM [/rosout_disable_topics_generation] by /performance_monitor
[rosmaster.master][INFO] 2026-08-30 09:26:04,134: +CACHEDPARAM [/rosout_disable_topics_generation] by /performance_monitor
[rosmaster.master][INFO] 2026-08-30 09:26:05,402: +CACHEDPARAM [/rosout_disable_topics_generation] by /performance_monitor
[rosmaster.master][INFO] 2026-08-30 09:26:06,155: +CACHEDPARAM [/rosout_disable_topics_generation] by /performance_monitor
[rosmaster.master][INFO] 2026-08-30 09:26:07,366: +CACHEDPARAM [/rosout_disable_topics_generation] by /performance_monitor
[rosmaster.master][INFO] 2026-08-30 09:26:07,420: +CACHEDPARAM [/rosout_disable_topics_generation] by /performance_monitor
[rosmaster.master][INFO] 2026-08-30 09:26:07,422: +CACHEDPARAM [/rosout_disable_topics_generation] by /performance_monitor
[rosmaster.master][INFO] 2026-08-30 09:26:12,424: +CACHEDPARAM [/rosout_disable_topics_generation] by /performance_monitor
[rosmaster.master][INFO] 2026-08-30 09:26:13,782: +CACHEDPARAM [/rosout_disable_topics_generation] by /performance_monitor
[rosmaster.master][INFO] 2026-08-30 09:26:14,524: +CACHEDPARAM [/rosout_disable_topics_generation] by /performance_monitor
[rosmaster.master][INFO] 2026-08-30 09:26:15,734: +CACHEDPARAM [/rosout_disable_topics_generation] by /performance_monitor
[rosmaster.master][INFO] 2026-08-30 09:26:15,800: +CACHEDPARAM [/rosout_disable_topics_generation] by /performance_monitor
[rosmaster.master][INFO] 2026-08-30 09:26:15,802: +CACHEDPARAM [/rosout_disable_topics_generation] by /performance_monitor
[rosmaster.master][INFO] 2026-08-30 09:26:20,805: +CACHEDPARAM [/rosout_disable_topics_generation] by /performance_monitor
[rosmaster.master][INFO] 2026-08-30 09:26:22,086: +CACHEDPARAM [/rosout_disable_topics_generation] by /performance_monitor
[rosmaster.master][INFO] 2026-08-30 09:26:22,846: +CACHEDPARAM [/rosout_disable_topics_generation] by /performance_monitor
[rosmaster.master][INFO] 2026-08-30 09:26:24,052: +CACHEDPARAM [/rosout_disable_topics_generation] by /performance_monitor
[rosmaster.master][INFO] 2026-08-30 09:26:24,103: +CACHEDPARAM [/rosout_disable_topics_generation] by /performance_monitor
[rosmaster.master][INFO] 2026-08-30 09:26:24,106: +CACHEDPARAM [/rosout_disable_topics_generation] by /performance_monitor
[rosmaster.master][INFO] 2026-08-30 09:26:29,111: +CACHEDPARAM [/rosout_disable_topics_generation] by /performance_monitor
[rosmaster.master][INFO] 2026-08-30 09:26:30,431: +CACHEDPARAM [/rosout_disable_topics_generation] by /performance_monitor
[rosmaster.master][INFO] 2026-08-30 09:26:31,181: +CACHEDPARAM [/rosout_disable_topics_generation] by /performance_monitor
[rosmaster.master][INFO] 2026-08-30 09:26:32,386: +CACHEDPARAM [/rosout_disable_topics_generation] by /performance_monitor
[rosmaster.master][INFO] 2026-08-30 09:26:32,437: +CACHEDPARAM [/rosout_disable_topics_generation] by /performance_monitor
[rosmaster.master][INFO] 2026-08-30 09:26:32,439: +CACHEDPARAM [/rosout_disable_topics_generation] by /performance_monitor
[rosmaster.master][INFO] 2026-08-30 09:26:37,445: +CACHEDPARAM [/rosout_disable_topics_generation] by /performance_monitor
[rosmaster.master][INFO] 2026-08-30 09:26:39,198: +CACHEDPARAM [/rosout_disable_topics_generation] by /performance_monitor
[rosmaster.master][INFO] 2026-08-30 09:26:39,904: +CACHEDPARAM [/rosout_disable_topics_generation] by /performance_monitor
[rosmaster.master][INFO] 2026-08-30 09:26:41,072: +CACHEDPARAM [/rosout_disable_topics_generation] by /performance_monitor
[rosmaster.master][INFO] 2026-08-30 09:26:41,130: +CACHEDPARAM [/rosout_disable_topics_generation] by /performance_monitor
[rosmaster.master][INFO] 2026-08-30 09:26:41,134: +CACHEDPARAM [/rosout_disable_topics_generation] by /performance_monitor
[rosmaster.master][INFO] 2026-08-30 09:26:46,139: +CACHEDPARAM [/rosout_disable_topics_generation] by /performance_monitor
[rosmaster.master][INFO] 2026-08-30 09:26:47,437: +CACHEDPARAM [/rosout_disable_topics_generation] by /performance_monitor
[rosmaster.master][INFO] 2026-08-30 09:26:48,139: +CACHEDPARAM [/rosout_disable_topics_generation] by /performance_monitor
[rosmaster.master][INFO] 2026-08-30 09:26:49,370: +CACHEDPARAM [/rosout_disable_topics_generation] by /performance_monitor
[rosmaster.master][INFO] 2026-08-30 09:26:49,425: +CACHEDPARAM [/rosout_disable_topics_generation] by /performance_monitor
[rosmaster.master][INFO] 2026-08-30 09:26:49,427: +CACHEDPARAM [/rosout_disable_topics_generation] by /performance_monitor
[rosmaster.master][INFO] 2026-08-30 09:26:54,430: +CACHEDPARAM [/rosout_disable_topics_generation] by /performance_monitor
[rosmaster.master][INFO] 2026-08-30 09:26:55,719: +CACHEDPARAM [/rosout_disable_topics_generation] by /performance_monitor
[rosmaster.master][INFO] 2026-08-30 09:26:56,479: +CACHEDPARAM [/rosout_disable_topics_generation] by /performance_monitor
[rosmaster.master][INFO] 2026-08-30 09:26:57,712: +CACHEDPARAM [/rosout_disable_topics_generation] by /performance_monitor
[rosmaster.master][INFO] 2026-08-30 09:26:57,761: +CACHEDPARAM [/rosout_disable_topics_generation] by /performance_monitor
[rosmaster.master][INFO] 2026-08-30 09:26:57,763: +CACHEDPARAM [/rosout_disable_topics_generation] by /performance_monitor
[rosmaster.master][INFO] 2026-08-30 09:27:02,765: +CACHEDPARAM [/rosout_disable_topics_generation] by /performance_monitor
[rosmaster.master][INFO] 2026-08-30 09:27:04,059: +CACHEDPARAM [/rosout_disable_topics_generation] by /performance_monitor
[rosmaster.master][INFO] 2026-08-30 09:27:04,765: +CACHEDPARAM [/rosout_disable_topics_generation] by /performance_monitor
[rosmaster.master][INFO] 2026-08-30 09:27:05,993: +CACHEDPARAM [/rosout_disable_topics_generation] by /performance_monitor
[rosmaster.master][INFO] 2026-08-30 09:27:06,049: +CACHEDPARAM [/rosout_disable_topics_generation] by /performance_monitor
[rosmaster.master][INFO] 2026-08-30 09:27:06,051: +CACHEDPARAM [/rosout_disable_topics_generation] by /performance_monitor
[rosmaster.master][INFO] 2026-08-30 09:27:11,053: +CACHEDPARAM [/rosout_disable_topics_generation] by /performance_monitor
[rosmaster.master][INFO] 2026-08-30 09:27:12,705: +CACHEDPARAM [/rosout_disable_topics_generation] by /performance_monitor
[rosmaster.master][INFO] 2026-08-30 09:27:13,455: +CACHEDPARAM [/rosout_disable_topics_generation] by /performance_monitor
[rosmaster.master][INFO] 2026-08-30 09:27:14,644: +CACHEDPARAM [/rosout_disable_topics_generation] by /performance_monitor
[rosmaster.master][INFO] 2026-08-30 09:27:14,702: +CACHEDPARAM [/rosout_disable_topics_generation] by /performance_monitor
[rosmaster.master][INFO] 2026-08-30 09:27:14,703: +CACHEDPARAM [/rosout_disable_topics_generation] by /performance_monitor
[rosmaster.master][INFO] 2026-08-30 09:27:19,708: +CACHEDPARAM [/rosout_disable_topics_generation] by /performance_monitor
[rosmaster.master][INFO] 2026-08-30 09:27:20,991: +CACHEDPARAM [/rosout_disable_topics_generation] by /performance_monitor
[rosmaster.master][INFO] 2026-08-30 09:27:21,692: +CACHEDPARAM [/rosout_disable_topics_generation] by /performance_monitor
[rosmaster.master][INFO] 2026-08-30 09:27:22,908: +CACHEDPARAM [/rosout_disable_topics_generation] by /performance_monitor
[rosmaster.master][INFO] 2026-08-30 09:27:22,964: +CACHEDPARAM [/rosout_disable_topics_generation] by /performance_monitor
[rosmaster.master][INFO] 2026-08-30 09:27:22,967: +CACHEDPARAM [/rosout_disable_topics_generation] by /performance_monitor
[rosmaster.master][INFO] 2026-08-30 09:27:27,972: +CACHEDPARAM [/rosout_disable_topics_generation] by /performance_monitor
[rosmaster.master][INFO] 2026-08-30 09:27:29,254: +CACHEDPARAM [/rosout_disable_topics_generation] by /performance_monitor
[rosmaster.master][INFO] 2026-08-30 09:27:29,957: +CACHEDPARAM [/rosout_disable_topics_generation] by /performance_monitor
[rosmaster.master][INFO] 2026-08-30 09:27:31,174: +CACHEDPARAM [/rosout_disable_topics_generation] by /performance_monitor
[rosmaster.master][INFO] 2026-08-30 09:27:31,238: +CACHEDPARAM [/rosout_disable_topics_generation] by /performance_monitor
[rosmaster.master][INFO] 2026-08-30 09:27:31,240: +CACHEDPARAM [/rosout_disable_topics_generation] by /performance_monitor
[rosmaster.master][INFO] 2026-08-30 09:27:36,242: +CACHEDPARAM [/rosout_disable_topics_generation] by /performance_monitor
[rosmaster.master][INFO] 2026-08-30 09:27:37,549: +CACHEDPARAM [/rosout_disable_topics_generation] by /performance_monitor
[rosmaster.master][INFO] 2026-08-30 09:27:38,262: +CACHEDPARAM [/rosout_disable_topics_generation] by /performance_monitor
[rosmaster.master][INFO] 2026-08-30 09:27:39,411: +CACHEDPARAM [/rosout_disable_topics_generation] by /performance_monitor
[rosmaster.master][INFO] 2026-08-30 09:27:39,470: +CACHEDPARAM [/rosout_disable_topics_generation] by /performance_monitor
[rosmaster.master][INFO] 2026-08-30 09:27:39,471: +CACHEDPARAM [/rosout_disable_topics_generation] by /performance_monitor
[rosmaster.master][INFO] 2026-08-30 09:27:44,476: +CACHEDPARAM [/rosout_disable_topics_generation] by /performance_monitor
[rosmaster.master][INFO] 2026-08-30 09:27:45,792: +CACHEDPARAM [/rosout_disable_topics_generation] by /performance_monitor
[rosmaster.master][INFO] 2026-08-30 09:27:46,498: +CACHEDPARAM [/rosout_disable_topics_generation] by /performance_monitor
[rosmaster.master][INFO] 2026-08-30 09:27:47,710: +CACHEDPARAM [/rosout_disable_topics_generation] by /performance_monitor
[rosmaster.master][INFO] 2026-08-30 09:27:47,763: +CACHEDPARAM [/rosout_disable_topics_generation] by /performance_monitor
[rosmaster.master][INFO] 2026-08-30 09:27:47,769: +CACHEDPARAM [/rosout_disable_topics_generation] by /performance_monitor
[rosmaster.master][INFO] 2026-08-30 09:27:52,772: +CACHEDPARAM [/rosout_disable_topics_generation] by /performance_monitor
[rosmaster.master][INFO] 2026-08-30 09:27:54,056: +CACHEDPARAM [/rosout_disable_topics_generation] by /performance_monitor
[rosmaster.master][INFO] 2026-08-30 09:27:54,761: +CACHEDPARAM [/rosout_disable_topics_generation] by /performance_monitor
[rosmaster.master][INFO] 2026-08-30 09:27:55,918: +CACHEDPARAM [/rosout_disable_topics_generation] by /performance_monitor
[rosmaster.master][INFO] 2026-08-30 09:27:55,974: +CACHEDPARAM [/rosout_disable_topics_generation] by /performance_monitor
[rosmaster.master][INFO] 2026-08-30 09:27:55,976: +CACHEDPARAM [/rosout_disable_topics_generation] by /performance_monitor
[rosmaster.master][INFO] 2026-08-30 09:28:00,979: +CACHEDPARAM [/rosout_disable_topics_generation] by /performance_monitor
[rosmaster.master][INFO] 2026-08-30 09:28:02,283: +CACHEDPARAM [/rosout_disable_topics_generation] by /performance_monitor
[rosmaster.master][INFO] 2026-08-30 09:28:02,981: +CACHEDPARAM [/rosout_disable_topics_generation] by /performance_monitor
[rosmaster.master][INFO] 2026-08-30 09:28:04,195: +CACHEDPARAM [/rosout_disable_topics_generation] by /performance_monitor
[rosmaster.master][INFO] 2026-08-30 09:28:04,250: +CACHEDPARAM [/rosout_disable_topics_generation] by /performance_monitor
[rosmaster.master][INFO] 2026-08-30 09:28:04,251: +CACHEDPARAM [/rosout_disable_topics_generation] by /performance_monitor
[rosmaster.master][INFO] 2026-08-30 09:28:09,254: +CACHEDPARAM [/rosout_disable_topics_generation] by /performance_monitor
[rosmaster.master][INFO] 2026-08-30 09:28:10,574: +CACHEDPARAM [/rosout_disable_topics_generation] by /performance_monitor
[rosmaster.master][INFO] 2026-08-30 09:28:11,280: +CACHEDPARAM [/rosout_disable_topics_generation] by /performance_monitor
[rosmaster.master][INFO] 2026-08-30 09:28:12,434: +CACHEDPARAM [/rosout_disable_topics_generation] by /performance_monitor
[rosmaster.master][INFO] 2026-08-30 09:28:12,488: +CACHEDPARAM [/rosout_disable_topics_generation] by /performance_monitor
[rosmaster.master][INFO] 2026-08-30 09:28:12,491: +CACHEDPARAM [/rosout_disable_topics_generation] by /performance_monitor
[rosmaster.master][INFO] 2026-08-30 09:28:17,494: +CACHEDPARAM [/rosout_disable_topics_generation] by /performance_monitor
[rosmaster.master][INFO] 2026-08-30 09:28:18,779: +CACHEDPARAM [/rosout_disable_topics_generation] by /performance_monitor
[rosmaster.master][INFO] 2026-08-30 09:28:19,496: +CACHEDPARAM [/rosout_disable_topics_generation] by /performance_monitor
[rosmaster.master][INFO] 2026-08-30 09:28:20,697: +CACHEDPARAM [/rosout_disable_topics_generation] by /performance_monitor
[rosmaster.master][INFO] 2026-08-30 09:28:20,753: +CACHEDPARAM [/rosout_disable_topics_generation] by /performance_monitor
[rosmaster.master][INFO] 2026-08-30 09:28:20,756: +CACHEDPARAM [/rosout_disable_topics_generation] by /performance_monitor
[rosmaster.master][INFO] 2026-08-30 09:28:25,761: +CACHEDPARAM [/rosout_disable_topics_generation] by /performance_monitor
[rosmaster.master][INFO] 2026-08-30 09:28:27,063: +CACHEDPARAM [/rosout_disable_topics_generation] by /performance_monitor
[rosmaster.master][INFO] 2026-08-30 09:28:27,788: +CACHEDPARAM [/rosout_disable_topics_generation] by /performance_monitor
[rosmaster.master][INFO] 2026-08-30 09:28:28,989: +CACHEDPARAM [/rosout_disable_topics_generation] by /performance_monitor
[rosmaster.master][INFO] 2026-08-30 09:28:29,044: +CACHEDPARAM [/rosout_disable_topics_generation] by /performance_monitor
[rosmaster.master][INFO] 2026-08-30 09:28:29,046: +CACHEDPARAM [/rosout_disable_topics_generation] by /performance_monitor
[rosmaster.master][INFO] 2026-08-30 09:28:34,049: +CACHEDPARAM [/rosout_disable_topics_generation] by /performance_monitor
[rosmaster.master][INFO] 2026-08-30 09:28:35,331: +CACHEDPARAM [/rosout_disable_topics_generation] by /performance_monitor
[rosmaster.master][INFO] 2026-08-30 09:28:36,032: +CACHEDPARAM [/rosout_disable_topics_generation] by /performance_monitor
[rosmaster.master][INFO] 2026-08-30 09:28:37,236: +CACHEDPARAM [/rosout_disable_topics_generation] by /performance_monitor
[rosmaster.master][INFO] 2026-08-30 09:28:37,286: +CACHEDPARAM [/rosout_disable_topics_generation] by /performance_monitor
[rosmaster.master][INFO] 2026-08-30 09:28:37,288: +CACHEDPARAM [/rosout_disable_topics_generation] by /performance_monitor
[rosmaster.master][INFO] 2026-08-30 09:28:42,291: +CACHEDPARAM [/rosout_disable_topics_generation] by /performance_monitor
[rosmaster.master][INFO] 2026-08-30 09:28:43,578: +CACHEDPARAM [/rosout_disable_topics_generation] by /performance_monitor
[rosmaster.master][INFO] 2026-08-30 09:28:44,432: +CACHEDPARAM [/rosout_disable_topics_generation] by /performance_monitor
[rosmaster.master][INFO] 2026-08-30 09:28:45,667: +CACHEDPARAM [/rosout_disable_topics_generation] by /performance_monitor
[rosmaster.master][INFO] 2026-08-30 09:28:45,831: +CACHEDPARAM [/rosout_disable_topics_generation] by /performance_monitor
[rosmaster.master][INFO] 2026-08-30 09:28:45,838: +CACHEDPARAM [/rosout_disable_topics_generation] by /performance_monitor
[rosmaster.master][INFO] 2026-08-30 09:28:50,850: +CACHEDPARAM [/rosout_disable_topics_generation] by /performance_monitor
[rosmaster.master][INFO] 2026-08-30 09:28:52,181: +CACHEDPARAM [/rosout_disable_topics_generation] by /performance_monitor
[rosmaster.master][INFO] 2026-08-30 09:28:52,921: +CACHEDPARAM [/rosout_disable_topics_generation] by /performance_monitor
[rosmaster.master][INFO] 2026-08-30 09:28:54,152: +CACHEDPARAM [/rosout_disable_topics_generation] by /performance_monitor
[rosmaster.master][INFO] 2026-08-30 09:28:54,219: +CACHEDPARAM [/rosout_disable_topics_generation] by /performance_monitor
[rosmaster.master][INFO] 2026-08-30 09:28:54,220: +CACHEDPARAM [/rosout_disable_topics_generation] by /performance_monitor
[rosmaster.master][INFO] 2026-08-30 09:28:59,223: +CACHEDPARAM [/rosout_disable_topics_generation] by /performance_monitor
[rosmaster.master][INFO] 2026-08-30 09:29:00,515: +CACHEDPARAM [/rosout_disable_topics_generation] by /performance_monitor
[rosmaster.master][INFO] 2026-08-30 09:29:01,235: +CACHEDPARAM [/rosout_disable_topics_generation] by /performance_monitor
[rosmaster.master][INFO] 2026-08-30 09:29:02,435: +CACHEDPARAM [/rosout_disable_topics_generation] by /performance_monitor
[rosmaster.master][INFO] 2026-08-30 09:29:02,490: +CACHEDPARAM [/rosout_disable_topics_generation] by /performance_monitor
[rosmaster.master][INFO] 2026-08-30 09:29:02,492: +CACHEDPARAM [/rosout_disable_topics_generation] by /performance_monitor
[rosmaster.master][INFO] 2026-08-30 09:29:07,495: +CACHEDPARAM [/rosout_disable_topics_generation] by /performance_monitor
[rosmaster.master][INFO] 2026-08-30 09:29:09,059: +CACHEDPARAM [/rosout_disable_topics_generation] by /performance_monitor
[rosmaster.master][INFO] 2026-08-30 09:29:09,770: +CACHEDPARAM [/rosout_disable_topics_generation] by /performance_monitor
[rosmaster.master][INFO] 2026-08-30 09:29:10,920: +CACHEDPARAM [/rosout_disable_topics_generation] by /performance_monitor
[rosmaster.master][INFO] 2026-08-30 09:29:10,970: +CACHEDPARAM [/rosout_disable_topics_generation] by /performance_monitor
[rosmaster.master][INFO] 2026-08-30 09:29:10,972: +CACHEDPARAM [/rosout_disable_topics_generation] by /performance_monitor
[rosmaster.master][INFO] 2026-08-30 09:29:15,987: +CACHEDPARAM [/rosout_disable_topics_generation] by /performance_monitor
[rosmaster.master][INFO] 2026-08-30 09:29:18,240: +CACHEDPARAM [/rosout_disable_topics_generation] by /performance_monitor
[rosmaster.master][INFO] 2026-08-30 09:29:18,969: +CACHEDPARAM [/rosout_disable_topics_generation] by /performance_monitor
[rosmaster.master][INFO] 2026-08-30 09:29:20,133: +CACHEDPARAM [/rosout_disable_topics_generation] by /performance_monitor
[rosmaster.master][INFO] 2026-08-30 09:29:20,188: +CACHEDPARAM [/rosout_disable_topics_generation] by /performance_monitor
[rosmaster.master][INFO] 2026-08-30 09:29:20,190: +CACHEDPARAM [/rosout_disable_topics_generation] by /performance_monitor
[rosmaster.master][INFO] 2026-08-30 09:29:25,194: +CACHEDPARAM [/rosout_disable_topics_generation] by /performance_monitor
[rosmaster.master][INFO] 2026-08-30 09:29:26,512: +CACHEDPARAM [/rosout_disable_topics_generation] by /performance_monitor
[rosmaster.master][INFO] 2026-08-30 09:29:27,286: +CACHEDPARAM [/rosout_disable_topics_generation] by /performance_monitor
[rosmaster.master][INFO] 2026-08-30 09:29:28,495: +CACHEDPARAM [/rosout_disable_topics_generation] by /performance_monitor
[rosmaster.master][INFO] 2026-08-30 09:29:28,551: +CACHEDPARAM [/rosout_disable_topics_generation] by /performance_monitor
[rosmaster.master][INFO] 2026-08-30 09:29:28,552: +CACHEDPARAM [/rosout_disable_topics_generation] by /performance_monitor
[rosmaster.master][INFO] 2026-08-30 09:29:33,555: +CACHEDPARAM [/rosout_disable_topics_generation] by /performance_monitor
[rosmaster.master][INFO] 2026-08-30 09:29:34,829: +CACHEDPARAM [/rosout_disable_topics_generation] by /performance_monitor
[rosmaster.master][INFO] 2026-08-30 09:29:35,540: +CACHEDPARAM [/rosout_disable_topics_generation] by /performance_monitor
[rosmaster.master][INFO] 2026-08-30 09:29:36,731: +CACHEDPARAM [/rosout_disable_topics_generation] by /performance_monitor
[rosmaster.master][INFO] 2026-08-30 09:29:36,791: +CACHEDPARAM [/rosout_disable_topics_generation] by /performance_monitor
[rosmaster.master][INFO] 2026-08-30 09:29:36,799: +CACHEDPARAM [/rosout_disable_topics_generation] by /performance_monitor
[rosmaster.master][INFO] 2026-08-30 09:29:41,803: +CACHEDPARAM [/rosout_disable_topics_generation] by /performance_monitor
[rosmaster.master][INFO] 2026-08-30 09:29:43,156: +CACHEDPARAM [/rosout_disable_topics_generation] by /performance_monitor
[rosmaster.master][INFO] 2026-08-30 09:29:44,340: +CACHEDPARAM [/rosout_disable_topics_generation] by /performance_monitor
[rosmaster.master][INFO] 2026-08-30 09:29:45,488: +CACHEDPARAM [/rosout_disable_topics_generation] by /performance_monitor
[rosmaster.master][INFO] 2026-08-30 09:29:45,542: +CACHEDPARAM [/rosout_disable_topics_generation] by /performance_monitor
[rosmaster.master][INFO] 2026-08-30 09:29:45,544: +CACHEDPARAM [/rosout_disable_topics_generation] by /performance_monitor
[rosmaster.master][INFO] 2026-08-30 09:29:50,548: +CACHEDPARAM [/rosout_disable_topics_generation] by /performance_monitor
[rosmaster.master][INFO] 2026-08-30 09:29:51,856: +CACHEDPARAM [/rosout_disable_topics_generation] by /performance_monitor
[rosmaster.master][INFO] 2026-08-30 09:29:52,563: +CACHEDPARAM [/rosout_disable_topics_generation] by /performance_monitor
[rosmaster.master][INFO] 2026-08-30 09:29:53,735: +CACHEDPARAM [/rosout_disable_topics_generation] by /performance_monitor
[rosmaster.master][INFO] 2026-08-30 09:29:53,786: +CACHEDPARAM [/rosout_disable_topics_generation] by /performance_monitor
[rosmaster.master][INFO] 2026-08-30 09:29:53,788: +CACHEDPARAM [/rosout_disable_topics_generation] by /performance_monitor
[rosmaster.master][INFO] 2026-08-30 09:29:54,626: -SUB [/performance/command] /performance_monitor http://localhost:40985/
[rosmaster.master][INFO] 2026-08-30 09:29:54,627: -SUB [/performance/benchmark] /performance_monitor http://localhost:40985/
[rosmaster.master][INFO] 2026-08-30 09:29:54,627: -PUB [/rosout] /performance_monitor http://localhost:40985/
[rosmaster.master][INFO] 2026-08-30 09:29:54,628: -PUB [/performance/metrics] /performance_monitor http://localhost:40985/
[rosmaster.master][INFO] 2026-08-30 09:29:54,628: -PUB [/performance/benchmark_results] /performance_monitor http://localhost:40985/
[rosmaster.master][INFO] 2026-08-30 09:29:54,628: -PUB [/performance/alert] /performance_monitor http://localhost:40985/
[rosmaster.master][INFO] 2026-08-30 09:29:54,628: -PUB [/diagnostic_status] /performance_monitor http://localhost:40985/
[rosmaster.master][INFO] 2026-08-30 09:29:54,628: -SERVICE [/performance_monitor/get_loggers] /performance_monitor rosrpc://localhost:34795
[rosmaster.master][INFO] 2026-08-30 09:29:54,628: -SERVICE [/performance_monitor/set_logger_level] /performance_monitor rosrpc://localhost:34795
[rosmaster.master][INFO] 2026-08-30 09:29:54,648: publisherUpdate[/rosout] -> http://localhost:38019/ ['http://localhost:37929/', 'http://localhost:35409/', 'http://localhost:41931/', 'http://localhost:38051/', 'http://localhost:37577/', 'http://localhost:34779/', 'http://localhost:35691/', 'http://localhost:41887/', 'http://localhost:34309/', 'http://localhost:35073/', 'http://localhost:36135/', 'http://localhost:37441/']
[rosmaster.master][INFO] 2026-08-30 09:29:54,651: publisherUpdate[/rosout] -> http://localhost:38019/ ['http://localhost:37929/', 'http://localhost:35409/', 'http://localhost:41931/', 'http://localhost:38051/', 'http://localhost:37577/', 'http://localhost:34779/', 'http://localhost:35691/', 'http://localhost:41887/', 'http://localhost:34309/', 'http://localhost:35073/', 'http://localhost:36135/', 'http://localhost:37441/']: sec=0.00, result=[1, '', 0]
[rosmaster.master][INFO] 2026-08-30 09:29:55,530: -SUB [/health/check_all] /system_health_monitor http://localhost:34309/
[rosmaster.master][INFO] 2026-08-30 09:29:55,530: -PUB [/rosout] /system_health_monitor http://localhost:34309/
[rosmaster.master][INFO] 2026-08-30 09:29:55,530: -PUB [/system_health] /system_health_monitor http://localhost:34309/
[rosmaster.master][INFO] 2026-08-30 09:29:55,530: -PUB [/diagnostic_status] /system_health_monitor http://localhost:34309/
[rosmaster.master][INFO] 2026-08-30 09:29:55,531: -PUB [/performance_metrics] /system_health_monitor http://localhost:34309/
[rosmaster.master][INFO] 2026-08-30 09:29:55,531: -PUB [/system_alert] /system_health_monitor http://localhost:34309/
[rosmaster.master][INFO] 2026-08-30 09:29:55,535: -SERVICE [/system_health_monitor/get_loggers] /system_health_monitor rosrpc://localhost:32897
[rosmaster.master][INFO] 2026-08-30 09:29:55,541: -SUB [/mavros/local_position/odom] /target_tracking_controller http://localhost:35073/
[rosmaster.master][INFO] 2026-08-30 09:29:55,541: -SUB [/detected_objects] /target_tracking_controller http://localhost:35073/
[rosmaster.master][INFO] 2026-08-30 09:29:55,542: -SUB [/mavros/state] /target_tracking_controller http://localhost:35073/
[rosmaster.master][INFO] 2026-08-30 09:29:55,542: -SUB [/drone_control/command] /yolo_detector http://localhost:36135/
[rosmaster.master][INFO] 2026-08-30 09:29:55,542: -SUB [/drone_control/command] /command_interpreter http://localhost:35409/
[rosmaster.master][INFO] 2026-08-30 09:29:55,543: -PUB [/rosout] /command_interpreter http://localhost:35409/
[rosmaster.master][INFO] 2026-08-30 09:29:55,543: -SUB [/drone_control/command] /mission_manager http://localhost:41931/
[rosmaster.master][INFO] 2026-08-30 09:29:55,543: -SUB [/safety_status] /mission_manager http://localhost:41931/
[rosmaster.master][INFO] 2026-08-30 09:29:55,543: -SUB [/tracked_targets] /mission_manager http://localhost:41931/
[rosmaster.master][INFO] 2026-08-30 09:29:55,543: -PUB [/rosout] /mission_manager http://localhost:41931/
[rosmaster.master][INFO] 2026-08-30 09:29:55,543: -PUB [/mission_status] /mission_manager http://localhost:41931/
[rosmaster.master][INFO] 2026-08-30 09:29:55,543: -SUB [/mavros/local_position/pose] /safety_monitor http://localhost:35691/
[rosmaster.master][INFO] 2026-08-30 09:29:55,543: -SUB [/mavros/local_position/velocity] /safety_monitor http://localhost:35691/
[rosmaster.master][INFO] 2026-08-30 09:29:55,543: -SUB [/mavros/state] /safety_monitor http://localhost:35691/
[rosmaster.master][INFO] 2026-08-30 09:29:55,544: -PUB [/rosout] /safety_monitor http://localhost:35691/
[rosmaster.master][INFO] 2026-08-30 09:29:55,544: -SERVICE [/system_health_monitor/set_logger_level] /system_health_monitor rosrpc://localhost:32897
[rosmaster.master][INFO] 2026-08-30 09:29:55,544: -SUB [/yolo_detector/node_health] /health_checker http://localhost:34779/
[rosmaster.master][INFO] 2026-08-30 09:29:55,544: -SUB [/target_tracking_controller/node_health] /health_checker http://localhost:34779/
[rosmaster.master][INFO] 2026-08-30 09:29:55,544: -SUB [/mavros/state] /vehicle_state_monitor http://localhost:37577/
[rosmaster.master][INFO] 2026-08-30 09:29:55,544: -SUB [/mavros/battery] /vehicle_state_monitor http://localhost:37577/
[rosmaster.master][INFO] 2026-08-30 09:29:55,545: -SUB [/mavros/local_position/velocity] /vehicle_state_monitor http://localhost:37577/
[rosmaster.master][INFO] 2026-08-30 09:29:55,545: -PUB [/rosout] /vehicle_state_monitor http://localhost:37577/
[rosmaster.master][INFO] 2026-08-30 09:29:55,545: -PUB [/drone_status] /vehicle_state_monitor http://localhost:37577/
[rosmaster.master][INFO] 2026-08-30 09:29:55,545: -PUB [/diagnostic_status] /vehicle_state_monitor http://localhost:37577/
[rosmaster.master][INFO] 2026-08-30 09:29:55,545: -PUB [/vehicle_state_monitor/node_health] /vehicle_state_monitor http://localhost:37577/
[rosmaster.master][INFO] 2026-08-30 09:29:55,545: -PUB [/battery_percentage] /vehicle_state_monitor http://localhost:37577/
[rosmaster.master][INFO] 2026-08-30 09:29:55,545: -SERVICE [/vehicle_state_monitor/get_loggers] /vehicle_state_monitor rosrpc://localhost:34355
[rosmaster.master][INFO] 2026-08-30 09:29:55,545: -SERVICE [/vehicle_state_monitor/set_logger_level] /vehicle_state_monitor rosrpc://localhost:34355
[rosmaster.master][INFO] 2026-08-30 09:29:55,545: -SERVICE [/drone_emergency_stop] /vehicle_state_monitor rosrpc://localhost:34355
[rosmaster.master][INFO] 2026-08-30 09:29:55,545: -SERVICE [/drone_arm] /vehicle_state_monitor rosrpc://localhost:34355
[rosmaster.master][INFO] 2026-08-30 09:29:55,545: -SERVICE [/drone_disarm] /vehicle_state_monitor rosrpc://localhost:34355
[rosmaster.master][INFO] 2026-08-30 09:29:55,546: -SERVICE [/drone_get_status] /vehicle_state_monitor rosrpc://localhost:34355
[rosmaster.master][INFO] 2026-08-30 09:29:55,546: -PUB [/safety_status] /safety_monitor http://localhost:35691/
[rosmaster.master][INFO] 2026-08-30 09:29:55,546: -PUB [/safety_monitor/node_health] /safety_monitor http://localhost:35691/
[rosmaster.master][INFO] 2026-08-30 09:29:55,546: -PUB [/emergency_triggered] /safety_monitor http://localhost:35691/
[rosmaster.master][INFO] 2026-08-30 09:29:55,546: -SERVICE [/safety_monitor/get_loggers] /safety_monitor rosrpc://localhost:34937
[rosmaster.master][INFO] 2026-08-30 09:29:55,551: -PUB [/mission_manager/node_health] /mission_manager http://localhost:41931/
[rosmaster.master][INFO] 2026-08-30 09:29:55,552: -SERVICE [/mission_manager/get_loggers] /mission_manager rosrpc://localhost:43613
[rosmaster.master][INFO] 2026-08-30 09:29:55,552: -SERVICE [/mission_manager/set_logger_level] /mission_manager rosrpc://localhost:43613
[rosmaster.master][INFO] 2026-08-30 09:29:55,552: -SUB [/mission_status] /target_tracking_controller http://localhost:35073/
[rosmaster.master][INFO] 2026-08-30 09:29:55,553: -PUB [/rosout] /target_tracking_controller http://localhost:35073/
[rosmaster.master][INFO] 2026-08-30 09:29:55,553: -PUB [/drone_control/command_response] /command_interpreter http://localhost:35409/
[rosmaster.master][INFO] 2026-08-30 09:29:55,553: -PUB [/command_interpreter/node_health] /command_interpreter http://localhost:35409/
[rosmaster.master][INFO] 2026-08-30 09:29:55,553: -SERVICE [/command_interpreter/get_loggers] /command_interpreter rosrpc://localhost:35419
[rosmaster.master][INFO] 2026-08-30 09:29:55,554: -SERVICE [/command_interpreter/set_logger_level] /command_interpreter rosrpc://localhost:35419
[rosmaster.master][INFO] 2026-08-30 09:29:55,554: -SERVICE [/safety_monitor/set_logger_level] /safety_monitor rosrpc://localhost:34937
[rosmaster.master][INFO] 2026-08-30 09:29:55,554: -SERVICE [/safety/geofence_enable] /safety_monitor rosrpc://localhost:34937
[rosmaster.master][INFO] 2026-08-30 09:29:55,555: -SUB [/mavros/imu/data] /sensor_fusion http://localhost:41887/
[rosmaster.master][INFO] 2026-08-30 09:29:55,555: -SUB [/mavros/global_position/global] /sensor_fusion http://localhost:41887/
[rosmaster.master][INFO] 2026-08-30 09:29:55,555: -SUB [/mission_status] /yolo_detector http://localhost:36135/
[rosmaster.master][INFO] 2026-08-30 09:29:55,555: -SUB [/camera/color/image_raw] /yolo_detector http://localhost:36135/
[rosmaster.master][INFO] 2026-08-30 09:29:55,555: -PUB [/rosout] /yolo_detector http://localhost:36135/
[rosmaster.master][INFO] 2026-08-30 09:29:55,555: -PUB [/yolo_detector/node_health] /yolo_detector http://localhost:36135/
[rosmaster.master][INFO] 2026-08-30 09:29:55,556: -PUB [/command_response] /yolo_detector http://localhost:36135/
[rosmaster.master][INFO] 2026-08-30 09:29:55,556: -PUB [/detected_objects] /yolo_detector http://localhost:36135/
[rosmaster.master][INFO] 2026-08-30 09:29:55,556: -SERVICE [/yolo_detector/get_loggers] /yolo_detector rosrpc://localhost:46323
[rosmaster.master][INFO] 2026-08-30 09:29:55,556: -SERVICE [/yolo_detector/set_logger_level] /yolo_detector rosrpc://localhost:46323
[rosmaster.master][INFO] 2026-08-30 09:29:55,556: -PUB [/rosout] /camera_calibration http://localhost:37929/
[rosmaster.master][INFO] 2026-08-30 09:29:55,556: -PUB [/camera/camera_info] /camera_calibration http://localhost:37929/
[rosmaster.master][INFO] 2026-08-30 09:29:55,557: -PUB [/tf] /camera_calibration http://localhost:37929/
[rosmaster.master][INFO] 2026-08-30 09:29:55,557: -SERVICE [/camera_calibration/get_loggers] /camera_calibration rosrpc://localhost:37485
[rosmaster.master][INFO] 2026-08-30 09:29:55,557: -SERVICE [/camera_calibration/set_logger_level] /camera_calibration rosrpc://localhost:37485
[rosmaster.master][INFO] 2026-08-30 09:29:55,557: -SUB [/vehicle_state_monitor/node_health] /health_checker http://localhost:34779/
[rosmaster.master][INFO] 2026-08-30 09:29:55,557: -SUB [/mission_manager/node_health] /health_checker http://localhost:34779/
[rosmaster.master][INFO] 2026-08-30 09:29:55,557: -SUB [/safety_monitor/node_health] /health_checker http://localhost:34779/
[rosmaster.master][INFO] 2026-08-30 09:29:55,557: -SUB [/command_interpreter/node_health] /health_checker http://localhost:34779/
[rosmaster.master][INFO] 2026-08-30 09:29:55,557: -PUB [/rosout] /health_checker http://localhost:34779/
[rosmaster.master][INFO] 2026-08-30 09:29:55,559: -PUB [/system_health] /health_checker http://localhost:34779/
[rosmaster.master][INFO] 2026-08-30 09:29:55,561: -SERVICE [/health_checker/get_loggers] /health_checker rosrpc://localhost:39041
[rosmaster.master][INFO] 2026-08-30 09:29:55,562: -SERVICE [/health_checker/set_logger_level] /health_checker rosrpc://localhost:39041
[rosmaster.master][INFO] 2026-08-30 09:29:55,561: publisherUpdate[/rosout] -> http://localhost:38019/ ['http://localhost:37929/', 'http://localhost:35409/', 'http://localhost:41931/', 'http://localhost:38051/', 'http://localhost:37577/', 'http://localhost:34779/', 'http://localhost:35691/', 'http://localhost:41887/', 'http://localhost:35073/', 'http://localhost:36135/', 'http://localhost:37441/']
[rosmaster.master][INFO] 2026-08-30 09:29:55,565: -PUB [/tracked_targets] /target_tracking_controller http://localhost:35073/
[rosmaster.master][INFO] 2026-08-30 09:29:55,566: -PUB [/mavros/setpoint_velocity/cmd_vel_unstamped] /target_tracking_controller http://localhost:35073/
[rosmaster.master][INFO] 2026-08-30 09:29:55,566: -PUB [/mavros/setpoint_raw/local] /target_tracking_controller http://localhost:35073/
[rosmaster.master][INFO] 2026-08-30 09:29:55,566: -SERVICE [/health/check_all] /health_checker rosrpc://localhost:39041
[rosmaster.master][INFO] 2026-08-30 09:29:55,566: -SERVICE [/health/restart_node] /health_checker rosrpc://localhost:39041
[rosmaster.master][INFO] 2026-08-30 09:29:55,569: -SERVICE [/safety/geofence_disable] /safety_monitor rosrpc://localhost:34937
[rosmaster.master][INFO] 2026-08-30 09:29:55,569: -SERVICE [/safety/check] /safety_monitor rosrpc://localhost:34937
[rosmaster.master][INFO] 2026-08-30 09:29:55,569: -SERVICE [/safety/status] /safety_monitor rosrpc://localhost:34937
[rosmaster.master][INFO] 2026-08-30 09:29:55,572: -SUB [/mavros/local_position/pose] /sensor_fusion http://localhost:41887/
[rosmaster.master][INFO] 2026-08-30 09:29:55,572: -PUB [/rosout] /sensor_fusion http://localhost:41887/
[rosmaster.master][INFO] 2026-08-30 09:29:55,572: -PUB [/sensor_fusion/node_health] /sensor_fusion http://localhost:41887/
[rosmaster.master][INFO] 2026-08-30 09:29:55,572: -SERVICE [/sensor_fusion/get_loggers] /sensor_fusion rosrpc://localhost:40987
[rosmaster.master][INFO] 2026-08-30 09:29:55,572: -SERVICE [/sensor_fusion/set_logger_level] /sensor_fusion rosrpc://localhost:40987
[rosmaster.master][INFO] 2026-08-30 09:29:55,576: -PUB [/target_tracking_controller/node_health] /target_tracking_controller http://localhost:35073/
[rosmaster.master][INFO] 2026-08-30 09:29:55,576: -SERVICE [/target_tracking_controller/get_loggers] /target_tracking_controller rosrpc://localhost:41841
[rosmaster.master][INFO] 2026-08-30 09:29:55,578: publisherUpdate[/rosout] -> http://localhost:38019/ ['http://localhost:37929/', 'http://localhost:35409/', 'http://localhost:41931/', 'http://localhost:38051/', 'http://localhost:37577/', 'http://localhost:34779/', 'http://localhost:35691/', 'http://localhost:41887/', 'http://localhost:35073/', 'http://localhost:36135/', 'http://localhost:37441/']: sec=0.01, result=[1, '', 0]
[rosmaster.master][INFO] 2026-08-30 09:29:55,580: publisherUpdate[/rosout] -> http://localhost:38019/ ['http://localhost:37929/', 'http://localhost:41931/', 'http://localhost:38051/', 'http://localhost:37577/', 'http://localhost:34779/', 'http://localhost:35691/', 'http://localhost:41887/', 'http://localhost:35073/', 'http://localhost:36135/', 'http://localhost:37441/']
[rosmaster.master][INFO] 2026-08-30 09:29:55,579: -SERVICE [/target_tracking_controller/set_logger_level] /target_tracking_controller rosrpc://localhost:41841
[rosmaster.master][INFO] 2026-08-30 09:29:55,578: publisherUpdate[/mission_status] -> http://localhost:35073/ []
[rosmaster.master][INFO] 2026-08-30 09:29:55,583: publisherUpdate[/rosout] -> http://localhost:38019/ ['http://localhost:37929/', 'http://localhost:41931/', 'http://localhost:38051/', 'http://localhost:37577/', 'http://localhost:34779/', 'http://localhost:35691/', 'http://localhost:41887/', 'http://localhost:35073/', 'http://localhost:36135/', 'http://localhost:37441/']: sec=0.00, result=[1, '', 0]
[rosmaster.master][INFO] 2026-08-30 09:29:55,585: publisherUpdate[/rosout] -> http://localhost:38019/ ['http://localhost:37929/', 'http://localhost:38051/', 'http://localhost:37577/', 'http://localhost:34779/', 'http://localhost:35691/', 'http://localhost:41887/', 'http://localhost:35073/', 'http://localhost:36135/', 'http://localhost:37441/']
[rosmaster.master][INFO] 2026-08-30 09:29:55,587: publisherUpdate[/rosout] -> http://localhost:38019/ ['http://localhost:37929/', 'http://localhost:38051/', 'http://localhost:37577/', 'http://localhost:34779/', 'http://localhost:35691/', 'http://localhost:41887/', 'http://localhost:35073/', 'http://localhost:36135/', 'http://localhost:37441/']: sec=0.00, result=[1, '', 0]
[rosmaster.master][INFO] 2026-08-30 09:29:55,587: publisherUpdate[/mission_status] -> http://localhost:36135/ []
[rosmaster.master][INFO] 2026-08-30 09:29:55,590: publisherUpdate[/mission_status] -> http://localhost:35073/ []: sec=0.01, result=[1, '', 0]
[rosmaster.master][INFO] 2026-08-30 09:29:55,591: publisherUpdate[/mission_status] -> http://localhost:37441/ []
[rosmaster.master][INFO] 2026-08-30 09:29:55,595: publisherUpdate[/mission_status] -> http://localhost:36135/ []: sec=0.01, exception=[Errno 111] Connection refused
[rosmaster.master][INFO] 2026-08-30 09:29:55,597: publisherUpdate[/mission_status] -> http://localhost:37441/ []: sec=0.00, result=[1, '', 0]
[rosmaster.master][INFO] 2026-08-30 09:29:55,597: publisherUpdate[/rosout] -> http://localhost:38019/ ['http://localhost:37929/', 'http://localhost:38051/', 'http://localhost:37577/', 'http://localhost:34779/', 'http://localhost:41887/', 'http://localhost:35073/', 'http://localhost:36135/', 'http://localhost:37441/']
[rosmaster.master][INFO] 2026-08-30 09:29:55,598: publisherUpdate[/rosout] -> http://localhost:38019/ ['http://localhost:37929/', 'http://localhost:38051/', 'http://localhost:37577/', 'http://localhost:34779/', 'http://localhost:41887/', 'http://localhost:35073/', 'http://localhost:36135/', 'http://localhost:37441/']: sec=0.00, result=[1, '', 0]
[rosmaster.master][INFO] 2026-08-30 09:29:55,598: publisherUpdate[/rosout] -> http://localhost:38019/ ['http://localhost:37929/', 'http://localhost:38051/', 'http://localhost:34779/', 'http://localhost:41887/', 'http://localhost:35073/', 'http://localhost:36135/', 'http://localhost:37441/']
[rosmaster.master][INFO] 2026-08-30 09:29:55,599: publisherUpdate[/rosout] -> http://localhost:38019/ ['http://localhost:37929/', 'http://localhost:38051/', 'http://localhost:34779/', 'http://localhost:41887/', 'http://localhost:35073/', 'http://localhost:36135/', 'http://localhost:37441/']: sec=0.00, result=[1, '', 0]
[rosmaster.master][INFO] 2026-08-30 09:29:55,600: publisherUpdate[/vehicle_state_monitor/node_health] -> http://localhost:34779/ []
[rosmaster.threadpool][ERROR] 2026-08-30 09:29:55,600: Traceback (most recent call last):
  File "/opt/ros/noetic/lib/python3/dist-packages/rosmaster/threadpool.py", line 218, in run
    result = cmd(*args)
  File "/opt/ros/noetic/lib/python3/dist-packages/rosmaster/master_api.py", line 210, in publisher_update_task
    ret = xmlrpcapi(api).publisherUpdate('/master', topic, pub_uris)
  File "/usr/lib/python3.8/xmlrpc/client.py", line 1109, in __call__
    return self.__send(self.__name, args)
  File "/usr/lib/python3.8/xmlrpc/client.py", line 1450, in __request
    response = self.__transport.request(
  File "/usr/lib/python3.8/xmlrpc/client.py", line 1153, in request
    return self.single_request(host, handler, request_body, verbose)
  File "/usr/lib/python3.8/xmlrpc/client.py", line 1165, in single_request
    http_conn = self.send_request(host, handler, request_body, verbose)
  File "/usr/lib/python3.8/xmlrpc/client.py", line 1278, in send_request
    self.send_content(connection, request_body)
  File "/usr/lib/python3.8/xmlrpc/client.py", line 1308, in send_content
    connection.endheaders(request_body)
  File "/usr/lib/python3.8/http/client.py", line 1251, in endheaders
    self._send_output(message_body, encode_chunked=encode_chunked)
  File "/usr/lib/python3.8/http/client.py", line 1011, in _send_output
    self.send(msg)
  File "/usr/lib/python3.8/http/client.py", line 951, in send
    self.connect()
  File "/usr/lib/python3.8/http/client.py", line 922, in connect
    self.sock = self._create_connection(
  File "/usr/lib/python3.8/socket.py", line 808, in create_connection
    raise err
  File "/usr/lib/python3.8/socket.py", line 796, in create_connection
    sock.connect(sa)
ConnectionRefusedError: [Errno 111] Connection refused

[rosmaster.master][INFO] 2026-08-30 09:29:55,600: publisherUpdate[/rosout] -> http://localhost:38019/ ['http://localhost:37929/', 'http://localhost:38051/', 'http://localhost:34779/', 'http://localhost:41887/', 'http://localhost:36135/', 'http://localhost:37441/']
[rosmaster.master][INFO] 2026-08-30 09:29:55,601: publisherUpdate[/vehicle_state_monitor/node_health] -> http://localhost:34779/ []: sec=0.00, exception=[Errno 111] Connection refused
[rosmaster.master][INFO] 2026-08-30 09:29:55,602: publisherUpdate[/rosout] -> http://localhost:38019/ ['http://localhost:37929/', 'http://localhost:38051/', 'http://localhost:34779/', 'http://localhost:41887/', 'http://localhost:36135/', 'http://localhost:37441/']: sec=0.00, result=[1, '', 0]
[rosmaster.master][INFO] 2026-08-30 09:29:55,603: publisherUpdate[/safety_monitor/node_health] -> http://localhost:34779/ []
[rosmaster.threadpool][ERROR] 2026-08-30 09:29:55,603: Traceback (most recent call last):
  File "/opt/ros/noetic/lib/python3/dist-packages/rosmaster/threadpool.py", line 218, in run
    result = cmd(*args)
  File "/opt/ros/noetic/lib/python3/dist-packages/rosmaster/master_api.py", line 210, in publisher_update_task
    ret = xmlrpcapi(api).publisherUpdate('/master', topic, pub_uris)
  File "/usr/lib/python3.8/xmlrpc/client.py", line 1109, in __call__
    return self.__send(self.__name, args)
  File "/usr/lib/python3.8/xmlrpc/client.py", line 1450, in __request
    response = self.__transport.request(
  File "/usr/lib/python3.8/xmlrpc/client.py", line 1153, in request
    return self.single_request(host, handler, request_body, verbose)
  File "/usr/lib/python3.8/xmlrpc/client.py", line 1165, in single_request
    http_conn = self.send_request(host, handler, request_body, verbose)
  File "/usr/lib/python3.8/xmlrpc/client.py", line 1278, in send_request
    self.send_content(connection, request_body)
  File "/usr/lib/python3.8/xmlrpc/client.py", line 1308, in send_content
    connection.endheaders(request_body)
  File "/usr/lib/python3.8/http/client.py", line 1251, in endheaders
    self._send_output(message_body, encode_chunked=encode_chunked)
  File "/usr/lib/python3.8/http/client.py", line 1011, in _send_output
    self.send(msg)
  File "/usr/lib/python3.8/http/client.py", line 951, in send
    self.connect()
  File "/usr/lib/python3.8/http/client.py", line 922, in connect
    self.sock = self._create_connection(
  File "/usr/lib/python3.8/socket.py", line 808, in create_connection
    raise err
  File "/usr/lib/python3.8/socket.py", line 796, in create_connection
    sock.connect(sa)
ConnectionRefusedError: [Errno 111] Connection refused

[rosmaster.master][INFO] 2026-08-30 09:29:55,605: publisherUpdate[/rosout] -> http://localhost:38019/ ['http://localhost:37929/', 'http://localhost:38051/', 'http://localhost:34779/', 'http://localhost:41887/', 'http://localhost:37441/']
[rosmaster.master][INFO] 2026-08-30 09:29:55,606: publisherUpdate[/tracked_targets] -> http://localhost:37441/ []
[rosmaster.master][INFO] 2026-08-30 09:29:55,607: publisherUpdate[/safety_monitor/node_health] -> http://localhost:34779/ []: sec=0.00, exception=[Errno 111] Connection refused
[rosmaster.threadpool][ERROR] 2026-08-30 09:29:55,609: Traceback (most recent call last):
  File "/opt/ros/noetic/lib/python3/dist-packages/rosmaster/threadpool.py", line 218, in run
    result = cmd(*args)
  File "/opt/ros/noetic/lib/python3/dist-packages/rosmaster/master_api.py", line 210, in publisher_update_task
    ret = xmlrpcapi(api).publisherUpdate('/master', topic, pub_uris)
  File "/usr/lib/python3.8/xmlrpc/client.py", line 1109, in __call__
    return self.__send(self.__name, args)
  File "/usr/lib/python3.8/xmlrpc/client.py", line 1450, in __request
    response = self.__transport.request(
  File "/usr/lib/python3.8/xmlrpc/client.py", line 1153, in request
    return self.single_request(host, handler, request_body, verbose)
  File "/usr/lib/python3.8/xmlrpc/client.py", line 1165, in single_request
    http_conn = self.send_request(host, handler, request_body, verbose)
  File "/usr/lib/python3.8/xmlrpc/client.py", line 1278, in send_request
    self.send_content(connection, request_body)
  File "/usr/lib/python3.8/xmlrpc/client.py", line 1308, in send_content
    connection.endheaders(request_body)
  File "/usr/lib/python3.8/http/client.py", line 1251, in endheaders
    self._send_output(message_body, encode_chunked=encode_chunked)
  File "/usr/lib/python3.8/http/client.py", line 1011, in _send_output
    self.send(msg)
  File "/usr/lib/python3.8/http/client.py", line 951, in send
    self.connect()
  File "/usr/lib/python3.8/http/client.py", line 922, in connect
    self.sock = self._create_connection(
  File "/usr/lib/python3.8/socket.py", line 808, in create_connection
    raise err
  File "/usr/lib/python3.8/socket.py", line 796, in create_connection
    sock.connect(sa)
ConnectionRefusedError: [Errno 111] Connection refused

[rosmaster.master][INFO] 2026-08-30 09:29:55,609: publisherUpdate[/mission_manager/node_health] -> http://localhost:34779/ []
[rosmaster.master][INFO] 2026-08-30 09:29:55,609: publisherUpdate[/mission_manager/node_health] -> http://localhost:34779/ []: sec=0.00, exception=[Errno 111] Connection refused
[rosmaster.threadpool][ERROR] 2026-08-30 09:29:55,610: Traceback (most recent call last):
  File "/opt/ros/noetic/lib/python3/dist-packages/rosmaster/threadpool.py", line 218, in run
    result = cmd(*args)
  File "/opt/ros/noetic/lib/python3/dist-packages/rosmaster/master_api.py", line 210, in publisher_update_task
    ret = xmlrpcapi(api).publisherUpdate('/master', topic, pub_uris)
  File "/usr/lib/python3.8/xmlrpc/client.py", line 1109, in __call__
    return self.__send(self.__name, args)
  File "/usr/lib/python3.8/xmlrpc/client.py", line 1450, in __request
    response = self.__transport.request(
  File "/usr/lib/python3.8/xmlrpc/client.py", line 1153, in request
    return self.single_request(host, handler, request_body, verbose)
  File "/usr/lib/python3.8/xmlrpc/client.py", line 1165, in single_request
    http_conn = self.send_request(host, handler, request_body, verbose)
  File "/usr/lib/python3.8/xmlrpc/client.py", line 1278, in send_request
    self.send_content(connection, request_body)
  File "/usr/lib/python3.8/xmlrpc/client.py", line 1308, in send_content
    connection.endheaders(request_body)
  File "/usr/lib/python3.8/http/client.py", line 1251, in endheaders
    self._send_output(message_body, encode_chunked=encode_chunked)
  File "/usr/lib/python3.8/http/client.py", line 1011, in _send_output
    self.send(msg)
  File "/usr/lib/python3.8/http/client.py", line 951, in send
    self.connect()
  File "/usr/lib/python3.8/http/client.py", line 922, in connect
    self.sock = self._create_connection(
  File "/usr/lib/python3.8/socket.py", line 808, in create_connection
    raise err
  File "/usr/lib/python3.8/socket.py", line 796, in create_connection
    sock.connect(sa)
ConnectionRefusedError: [Errno 111] Connection refused

[rosmaster.master][INFO] 2026-08-30 09:29:55,610: publisherUpdate[/command_interpreter/node_health] -> http://localhost:34779/ []
[rosmaster.master][INFO] 2026-08-30 09:29:55,610: publisherUpdate[/command_interpreter/node_health] -> http://localhost:34779/ []: sec=0.00, exception=[Errno 111] Connection refused
[rosmaster.master][INFO] 2026-08-30 09:29:55,607: publisherUpdate[/rosout] -> http://localhost:38019/ ['http://localhost:37929/', 'http://localhost:38051/', 'http://localhost:34779/', 'http://localhost:41887/', 'http://localhost:37441/']: sec=0.00, result=[1, '', 0]
[rosmaster.master][INFO] 2026-08-30 09:29:55,611: publisherUpdate[/rosout] -> http://localhost:38019/ ['http://localhost:38051/', 'http://localhost:34779/', 'http://localhost:41887/', 'http://localhost:37441/']
[rosmaster.threadpool][ERROR] 2026-08-30 09:29:55,610: Traceback (most recent call last):
  File "/opt/ros/noetic/lib/python3/dist-packages/rosmaster/threadpool.py", line 218, in run
    result = cmd(*args)
  File "/opt/ros/noetic/lib/python3/dist-packages/rosmaster/master_api.py", line 210, in publisher_update_task
    ret = xmlrpcapi(api).publisherUpdate('/master', topic, pub_uris)
  File "/usr/lib/python3.8/xmlrpc/client.py", line 1109, in __call__
    return self.__send(self.__name, args)
  File "/usr/lib/python3.8/xmlrpc/client.py", line 1450, in __request
    response = self.__transport.request(
  File "/usr/lib/python3.8/xmlrpc/client.py", line 1153, in request
    return self.single_request(host, handler, request_body, verbose)
  File "/usr/lib/python3.8/xmlrpc/client.py", line 1165, in single_request
    http_conn = self.send_request(host, handler, request_body, verbose)
  File "/usr/lib/python3.8/xmlrpc/client.py", line 1278, in send_request
    self.send_content(connection, request_body)
  File "/usr/lib/python3.8/xmlrpc/client.py", line 1308, in send_content
    connection.endheaders(request_body)
  File "/usr/lib/python3.8/http/client.py", line 1251, in endheaders
    self._send_output(message_body, encode_chunked=encode_chunked)
  File "/usr/lib/python3.8/http/client.py", line 1011, in _send_output
    self.send(msg)
  File "/usr/lib/python3.8/http/client.py", line 951, in send
    self.connect()
  File "/usr/lib/python3.8/http/client.py", line 922, in connect
    self.sock = self._create_connection(
  File "/usr/lib/python3.8/socket.py", line 808, in create_connection
    raise err
  File "/usr/lib/python3.8/socket.py", line 796, in create_connection
    sock.connect(sa)
ConnectionRefusedError: [Errno 111] Connection refused

[rosmaster.master][INFO] 2026-08-30 09:29:55,612: publisherUpdate[/tracked_targets] -> http://localhost:37441/ []: sec=0.00, result=[1, '', 0]
[rosmaster.master][INFO] 2026-08-30 09:29:55,613: publisherUpdate[/rosout] -> http://localhost:38019/ ['http://localhost:38051/', 'http://localhost:34779/', 'http://localhost:41887/', 'http://localhost:37441/']: sec=0.00, result=[1, '', 0]
[rosmaster.master][INFO] 2026-08-30 09:29:55,613: publisherUpdate[/rosout] -> http://localhost:38019/ ['http://localhost:38051/', 'http://localhost:41887/', 'http://localhost:37441/']
[rosmaster.master][INFO] 2026-08-30 09:29:55,613: publisherUpdate[/rosout] -> http://localhost:38019/ ['http://localhost:38051/', 'http://localhost:41887/', 'http://localhost:37441/']: sec=0.00, result=[1, '', 0]
[rosmaster.master][INFO] 2026-08-30 09:29:55,613: publisherUpdate[/rosout] -> http://localhost:38019/ ['http://localhost:38051/', 'http://localhost:37441/']
[rosmaster.master][INFO] 2026-08-30 09:29:55,614: publisherUpdate[/rosout] -> http://localhost:38019/ ['http://localhost:38051/', 'http://localhost:37441/']: sec=0.00, result=[1, '', 0]
[rosmaster.master][INFO] 2026-08-30 09:29:56,366: -PUB [/rosout] /parameter_validator http://localhost:38051/
[rosmaster.master][INFO] 2026-08-30 09:29:56,366: -SERVICE [/parameter_validator/get_loggers] /parameter_validator rosrpc://localhost:32789
[rosmaster.master][INFO] 2026-08-30 09:29:56,366: -SERVICE [/parameter_validator/set_logger_level] /parameter_validator rosrpc://localhost:32789
[rosmaster.master][INFO] 2026-08-30 09:29:56,454: publisherUpdate[/rosout] -> http://localhost:38019/ ['http://localhost:37441/']
[rosmaster.master][INFO] 2026-08-30 09:29:56,455: publisherUpdate[/rosout] -> http://localhost:38019/ ['http://localhost:37441/']: sec=0.00, result=[1, '', 0]
[rosmaster.master][INFO] 2026-08-30 09:29:57,173: -PUB [/rosout_agg] /rosout http://localhost:38019/
[rosmaster.master][INFO] 2026-08-30 09:29:57,174: -SUB [/rosout] /rosout http://localhost:38019/
[rosmaster.master][INFO] 2026-08-30 09:29:57,176: -SERVICE [/rosout/get_loggers] /rosout rosrpc://localhost:35599
[rosmaster.master][INFO] 2026-08-30 09:29:57,176: -SERVICE [/rosout/set_logger_level] /rosout rosrpc://localhost:35599
[rosmaster.master][INFO] 2026-08-30 09:29:57,178: -CACHEDPARAM [/rosout/omit_topics] by /rosout
[rosmaster.main][INFO] 2026-08-30 09:29:57,271: keyboard interrupt, will exit
[rosmaster.main][INFO] 2026-08-30 09:29:57,272: stopping master...
[rospy.core][INFO] 2026-08-30 09:29:57,272: signal_shutdown [atexit]
