[rosmaster.main][INFO] 2026-08-30 00:22:57,805: initialization complete, waiting for shutdown
[rosmaster.main][INFO] 2026-08-30 00:22:57,809: Starting ROS Master Node
[xmlrpc][INFO] 2026-08-30 00:22:57,816: XML-RPC server binding to 127.0.0.1:11311
[xmlrpc][INFO] 2026-08-30 00:22:57,819: Started XML-RPC server [http://localhost:11311/]
[xmlrpc][INFO] 2026-08-30 00:22:57,820: xml rpc node: starting XML-RPC server
[rosmaster.master][INFO] 2026-08-30 00:22:57,821: Master initialized: port[11311], uri[http://localhost:11311/]
[rosmaster.master][INFO] 2026-08-30 00:22:57,877: +PARAM [/run_id] by /roslaunch
[rosmaster.master][INFO] 2026-08-30 00:22:57,881: +PARAM [/roslaunch/uris/host_localhost__36203] by /roslaunch
[rosmaster.master][INFO] 2026-08-30 00:22:57,979: +PARAM [/rosversion] by /roslaunch
[rosmaster.master][INFO] 2026-08-30 00:22:57,980: +PARAM [/rosdistro] by /roslaunch
[rosmaster.master][INFO] 2026-08-30 00:22:57,980: +PARAM [/target_params/detection/model/path] by /roslaunch
[rosmaster.master][INFO] 2026-08-30 00:22:57,980: +PARAM [/target_params/detection/model/device] by /roslaunch
[rosmaster.master][INFO] 2026-08-30 00:22:57,980: +PARAM [/target_params/detection/model/input_size] by /roslaunch
[rosmaster.master][INFO] 2026-08-30 00:22:57,981: +PARAM [/target_params/detection/model/batch_size] by /roslaunch
[rosmaster.master][INFO] 2026-08-30 00:22:57,981: +PARAM [/target_params/detection/confidence_threshold] by /roslaunch
[rosmaster.master][INFO] 2026-08-30 00:22:57,981: +PARAM [/target_params/detection/nms_threshold] by /roslaunch
[rosmaster.master][INFO] 2026-08-30 00:22:57,981: +PARAM [/target_params/detection/max_detections] by /roslaunch
[rosmaster.master][INFO] 2026-08-30 00:22:57,981: +PARAM [/target_params/detection/vehicle_classes] by /roslaunch
[rosmaster.master][INFO] 2026-08-30 00:22:57,981: +PARAM [/target_params/detection/class_thresholds/class_1] by /roslaunch
[rosmaster.master][INFO] 2026-08-30 00:22:57,982: +PARAM [/target_params/detection/class_thresholds/class_2] by /roslaunch
[rosmaster.master][INFO] 2026-08-30 00:22:57,982: +PARAM [/target_params/detection/class_thresholds/class_3] by /roslaunch
[rosmaster.master][INFO] 2026-08-30 00:22:57,982: +PARAM [/target_params/detection/class_thresholds/class_5] by /roslaunch
[rosmaster.master][INFO] 2026-08-30 00:22:57,983: +PARAM [/target_params/detection/class_thresholds/class_6] by /roslaunch
[rosmaster.master][INFO] 2026-08-30 00:22:57,983: +PARAM [/target_params/detection/class_thresholds/class_7] by /roslaunch
[rosmaster.master][INFO] 2026-08-30 00:22:57,983: +PARAM [/target_params/detection/class_thresholds/class_8] by /roslaunch
[rosmaster.master][INFO] 2026-08-30 00:22:57,983: +PARAM [/target_params/detection/performance/max_fps] by /roslaunch
[rosmaster.master][INFO] 2026-08-30 00:22:57,983: +PARAM [/target_params/detection/performance/frame_skip] by /roslaunch
[rosmaster.master][INFO] 2026-08-30 00:22:57,984: +PARAM [/target_params/detection/performance/parallel_inference] by /roslaunch
[rosmaster.master][INFO] 2026-08-30 00:22:57,984: +PARAM [/target_params/detection/performance/gpu_memory_limit] by /roslaunch
[rosmaster.master][INFO] 2026-08-30 00:22:57,984: +PARAM [/target_params/tracking/engagement_distance] by /roslaunch
[rosmaster.master][INFO] 2026-08-30 00:22:57,984: +PARAM [/target_params/tracking/attack_distance] by /roslaunch
[rosmaster.master][INFO] 2026-08-30 00:22:57,985: +PARAM [/target_params/tracking/disengagement_distance] by /roslaunch
[rosmaster.master][INFO] 2026-08-30 00:22:57,985: +PARAM [/target_params/tracking/max_tracks] by /roslaunch
[rosmaster.master][INFO] 2026-08-30 00:22:57,985: +PARAM [/target_params/tracking/max_lost_frames] by /roslaunch
[rosmaster.master][INFO] 2026-08-30 00:22:57,986: +PARAM [/target_params/tracking/min_track_length] by /roslaunch
[rosmaster.master][INFO] 2026-08-30 00:22:57,986: +PARAM [/target_params/tracking/track_confidence_threshold] by /roslaunch
[rosmaster.master][INFO] 2026-08-30 00:22:57,986: +PARAM [/target_params/tracking/association/iou_threshold] by /roslaunch
[rosmaster.master][INFO] 2026-08-30 00:22:57,986: +PARAM [/target_params/tracking/association/distance_threshold] by /roslaunch
[rosmaster.master][INFO] 2026-08-30 00:22:57,986: +PARAM [/target_params/tracking/association/appearance_weight] by /roslaunch
[rosmaster.master][INFO] 2026-08-30 00:22:57,987: +PARAM [/target_params/tracking/association/motion_weight] by /roslaunch
[rosmaster.master][INFO] 2026-08-30 00:22:57,987: +PARAM [/target_params/tracking/kalman/dt] by /roslaunch
[rosmaster.master][INFO] 2026-08-30 00:22:57,987: +PARAM [/target_params/tracking/kalman/process_noise] by /roslaunch
[rosmaster.master][INFO] 2026-08-30 00:22:57,987: +PARAM [/target_params/tracking/kalman/measurement_noise] by /roslaunch
[rosmaster.master][INFO] 2026-08-30 00:22:57,987: +PARAM [/target_params/tracking/kalman/initial_velocity] by /roslaunch
[rosmaster.master][INFO] 2026-08-30 00:22:57,987: +PARAM [/target_params/tracking/kalman/state_dim] by /roslaunch
[rosmaster.master][INFO] 2026-08-30 00:22:57,988: +PARAM [/target_params/tracking/kalman/measurement_dim] by /roslaunch
[rosmaster.master][INFO] 2026-08-30 00:22:57,988: +PARAM [/target_params/behavior/speed_classes/stationary] by /roslaunch
[rosmaster.master][INFO] 2026-08-30 00:22:57,988: +PARAM [/target_params/behavior/speed_classes/slow] by /roslaunch
[rosmaster.master][INFO] 2026-08-30 00:22:57,989: +PARAM [/target_params/behavior/speed_classes/medium] by /roslaunch
[rosmaster.master][INFO] 2026-08-30 00:22:57,989: +PARAM [/target_params/behavior/speed_classes/fast] by /roslaunch
[rosmaster.master][INFO] 2026-08-30 00:22:57,989: +PARAM [/target_params/behavior/speed_classes/extreme] by /roslaunch
[rosmaster.master][INFO] 2026-08-30 00:22:57,989: +PARAM [/target_params/behavior/models/random_walk/noise_scale] by /roslaunch
[rosmaster.master][INFO] 2026-08-30 00:22:57,990: +PARAM [/target_params/behavior/models/random_walk/persistence] by /roslaunch
[rosmaster.master][INFO] 2026-08-30 00:22:57,990: +PARAM [/target_params/behavior/models/pursuit/max_acceleration] by /roslaunch
[rosmaster.master][INFO] 2026-08-30 00:22:57,991: +PARAM [/target_params/behavior/models/pursuit/max_turn_rate] by /roslaunch
[rosmaster.master][INFO] 2026-08-30 00:22:57,991: +PARAM [/target_params/behavior/models/evasion/max_acceleration] by /roslaunch
[rosmaster.master][INFO] 2026-08-30 00:22:57,991: +PARAM [/target_params/behavior/models/evasion/max_turn_rate] by /roslaunch
[rosmaster.master][INFO] 2026-08-30 00:22:57,991: +PARAM [/target_params/behavior/threat/distance_weights] by /roslaunch
[rosmaster.master][INFO] 2026-08-30 00:22:57,991: +PARAM [/target_params/behavior/threat/speed_thresholds/low] by /roslaunch
[rosmaster.master][INFO] 2026-08-30 00:22:57,992: +PARAM [/target_params/behavior/threat/speed_thresholds/medium] by /roslaunch
[rosmaster.master][INFO] 2026-08-30 00:22:57,992: +PARAM [/target_params/behavior/threat/speed_thresholds/high] by /roslaunch
[rosmaster.master][INFO] 2026-08-30 00:22:57,992: +PARAM [/target_params/behavior/threat/priority_boost] by /roslaunch
[rosmaster.master][INFO] 2026-08-30 00:22:57,992: +PARAM [/target_params/performance/update_rates/detection] by /roslaunch
[rosmaster.master][INFO] 2026-08-30 00:22:57,992: +PARAM [/target_params/performance/update_rates/tracking] by /roslaunch
[rosmaster.master][INFO] 2026-08-30 00:22:57,992: +PARAM [/target_params/performance/update_rates/control] by /roslaunch
[rosmaster.master][INFO] 2026-08-30 00:22:57,993: +PARAM [/target_params/performance/update_rates/state] by /roslaunch
[rosmaster.master][INFO] 2026-08-30 00:22:57,993: +PARAM [/target_params/performance/latency/max_detection] by /roslaunch
[rosmaster.master][INFO] 2026-08-30 00:22:57,993: +PARAM [/target_params/performance/latency/max_tracking] by /roslaunch
[rosmaster.master][INFO] 2026-08-30 00:22:57,993: +PARAM [/target_params/performance/latency/max_control] by /roslaunch
[rosmaster.master][INFO] 2026-08-30 00:22:57,993: +PARAM [/target_params/performance/resources/max_memory_mb] by /roslaunch
[rosmaster.master][INFO] 2026-08-30 00:22:57,994: +PARAM [/target_params/performance/resources/max_cpu_percent] by /roslaunch
[rosmaster.master][INFO] 2026-08-30 00:22:57,994: +PARAM [/target_params/performance/resources/max_gpu_memory_mb] by /roslaunch
[rosmaster.master][INFO] 2026-08-30 00:22:57,994: +PARAM [/target_params/camera/fx] by /roslaunch
[rosmaster.master][INFO] 2026-08-30 00:22:57,995: +PARAM [/target_params/camera/fy] by /roslaunch
[rosmaster.master][INFO] 2026-08-30 00:22:57,995: +PARAM [/target_params/camera/cx] by /roslaunch
[rosmaster.master][INFO] 2026-08-30 00:22:57,995: +PARAM [/target_params/camera/cy] by /roslaunch
[rosmaster.master][INFO] 2026-08-30 00:22:57,995: +PARAM [/target_params/camera/width] by /roslaunch
[rosmaster.master][INFO] 2026-08-30 00:22:57,995: +PARAM [/target_params/camera/height] by /roslaunch
[rosmaster.master][INFO] 2026-08-30 00:22:57,996: +PARAM [/target_params/camera/fov] by /roslaunch
[rosmaster.master][INFO] 2026-08-30 00:22:57,996: +PARAM [/camera_calib/camera/id] by /roslaunch
[rosmaster.master][INFO] 2026-08-30 00:22:57,996: +PARAM [/camera_calib/camera/model] by /roslaunch
[rosmaster.master][INFO] 2026-08-30 00:22:57,996: +PARAM [/camera_calib/camera/width] by /roslaunch
[rosmaster.master][INFO] 2026-08-30 00:22:57,996: +PARAM [/camera_calib/camera/height] by /roslaunch
[rosmaster.master][INFO] 2026-08-30 00:22:57,996: +PARAM [/camera_calib/camera/intrinsic/fx] by /roslaunch
[rosmaster.master][INFO] 2026-08-30 00:22:57,997: +PARAM [/camera_calib/camera/intrinsic/fy] by /roslaunch
[rosmaster.master][INFO] 2026-08-30 00:22:57,997: +PARAM [/camera_calib/camera/intrinsic/cx] by /roslaunch
[rosmaster.master][INFO] 2026-08-30 00:22:57,997: +PARAM [/camera_calib/camera/intrinsic/cy] by /roslaunch
[rosmaster.master][INFO] 2026-08-30 00:22:57,997: +PARAM [/camera_calib/camera/intrinsic/fov] by /roslaunch
[rosmaster.master][INFO] 2026-08-30 00:22:57,998: +PARAM [/camera_calib/camera/distortion/model] by /roslaunch
[rosmaster.master][INFO] 2026-08-30 00:22:57,998: +PARAM [/camera_calib/camera/distortion/coefficients/k1] by /roslaunch
[rosmaster.master][INFO] 2026-08-30 00:22:57,998: +PARAM [/camera_calib/camera/distortion/coefficients/k2] by /roslaunch
[rosmaster.master][INFO] 2026-08-30 00:22:57,999: +PARAM [/camera_calib/camera/distortion/coefficients/p1] by /roslaunch
[rosmaster.master][INFO] 2026-08-30 00:22:57,999: +PARAM [/camera_calib/camera/distortion/coefficients/p2] by /roslaunch
[rosmaster.master][INFO] 2026-08-30 00:22:57,999: +PARAM [/camera_calib/camera/distortion/coefficients/k3] by /roslaunch
[rosmaster.master][INFO] 2026-08-30 00:22:57,999: +PARAM [/camera_calib/camera/projection/P] by /roslaunch
[rosmaster.master][INFO] 2026-08-30 00:22:57,999: +PARAM [/camera_calib/camera/rectification/R] by /roslaunch
[rosmaster.master][INFO] 2026-08-30 00:22:57,999: +PARAM [/camera_calib/camera/extrinsic/translation] by /roslaunch
[rosmaster.master][INFO] 2026-08-30 00:22:58,000: +PARAM [/camera_calib/camera/extrinsic/rotation] by /roslaunch
[rosmaster.master][INFO] 2026-08-30 00:22:58,000: +PARAM [/camera_calib/camera/extrinsic/rotation_matrix] by /roslaunch
[rosmaster.master][INFO] 2026-08-30 00:22:58,000: +PARAM [/camera_calib/camera/calibration/date] by /roslaunch
[rosmaster.master][INFO] 2026-08-30 00:22:58,000: +PARAM [/camera_calib/camera/calibration/method] by /roslaunch
[rosmaster.master][INFO] 2026-08-30 00:22:58,000: +PARAM [/camera_calib/camera/calibration/reprojection_error] by /roslaunch
[rosmaster.master][INFO] 2026-08-30 00:22:58,000: +PARAM [/camera_calib/camera/calibration/status] by /roslaunch
[rosmaster.master][INFO] 2026-08-30 00:22:58,000: +PARAM [/camera_calib/image_processing/preprocessing/resize] by /roslaunch
[rosmaster.master][INFO] 2026-08-30 00:22:58,001: +PARAM [/camera_calib/image_processing/preprocessing/normalize] by /roslaunch
[rosmaster.master][INFO] 2026-08-30 00:22:58,001: +PARAM [/camera_calib/image_processing/preprocessing/mean] by /roslaunch
[rosmaster.master][INFO] 2026-08-30 00:22:58,001: +PARAM [/camera_calib/image_processing/preprocessing/std] by /roslaunch
[rosmaster.master][INFO] 2026-08-30 00:22:58,001: +PARAM [/camera_calib/image_processing/color_space] by /roslaunch
[rosmaster.master][INFO] 2026-08-30 00:22:58,001: +PARAM [/camera_calib/image_processing/roi/enabled] by /roslaunch
[rosmaster.master][INFO] 2026-08-30 00:22:58,001: +PARAM [/camera_calib/image_processing/roi/x] by /roslaunch
[rosmaster.master][INFO] 2026-08-30 00:22:58,002: +PARAM [/camera_calib/image_processing/roi/y] by /roslaunch
[rosmaster.master][INFO] 2026-08-30 00:22:58,002: +PARAM [/camera_calib/image_processing/roi/width] by /roslaunch
[rosmaster.master][INFO] 2026-08-30 00:22:58,002: +PARAM [/camera_calib/image_processing/roi/height] by /roslaunch
[rosmaster.master][INFO] 2026-08-30 00:22:58,002: +PARAM [/camera_calib/image_processing/augmentation/horizontal_flip] by /roslaunch
[rosmaster.master][INFO] 2026-08-30 00:22:58,002: +PARAM [/camera_calib/image_processing/augmentation/rotation] by /roslaunch
[rosmaster.master][INFO] 2026-08-30 00:22:58,002: +PARAM [/camera_calib/image_processing/augmentation/scale] by /roslaunch
[rosmaster.master][INFO] 2026-08-30 00:22:58,002: +PARAM [/camera_calib/image_processing/augmentation/brightness] by /roslaunch
[rosmaster.master][INFO] 2026-08-30 00:22:58,002: +PARAM [/camera_calib/stereo/enabled] by /roslaunch
[rosmaster.master][INFO] 2026-08-30 00:22:58,003: +PARAM [/camera_calib/stereo/baseline] by /roslaunch
[rosmaster.master][INFO] 2026-08-30 00:22:58,003: +PARAM [/camera_calib/stereo/depth/min_distance] by /roslaunch
[rosmaster.master][INFO] 2026-08-30 00:22:58,003: +PARAM [/camera_calib/stereo/depth/max_distance] by /roslaunch
[rosmaster.master][INFO] 2026-08-30 00:22:58,003: +PARAM [/camera_calib/stereo/depth/disparity_range] by /roslaunch
[rosmaster.master][INFO] 2026-08-30 00:22:58,003: +PARAM [/camera_calib/stereo/matching/algorithm] by /roslaunch
[rosmaster.master][INFO] 2026-08-30 00:22:58,003: +PARAM [/camera_calib/stereo/matching/num_disparities] by /roslaunch
[rosmaster.master][INFO] 2026-08-30 00:22:58,004: +PARAM [/camera_calib/stereo/matching/block_size] by /roslaunch
[rosmaster.master][INFO] 2026-08-30 00:22:58,004: +PARAM [/camera_calib/stereo/matching/p1] by /roslaunch
[rosmaster.master][INFO] 2026-08-30 00:22:58,004: +PARAM [/camera_calib/stereo/matching/p2] by /roslaunch
[rosmaster.master][INFO] 2026-08-30 00:22:58,004: +PARAM [/flight_control/pid/position/x/p] by /roslaunch
[rosmaster.master][INFO] 2026-08-30 00:22:58,004: +PARAM [/flight_control/pid/position/x/i] by /roslaunch
[rosmaster.master][INFO] 2026-08-30 00:22:58,005: +PARAM [/flight_control/pid/position/x/d] by /roslaunch
[rosmaster.master][INFO] 2026-08-30 00:22:58,005: +PARAM [/flight_control/pid/position/x/integral_clamp] by /roslaunch
[rosmaster.master][INFO] 2026-08-30 00:22:58,005: +PARAM [/flight_control/pid/position/y/p] by /roslaunch
[rosmaster.master][INFO] 2026-08-30 00:22:58,005: +PARAM [/flight_control/pid/position/y/i] by /roslaunch
[rosmaster.master][INFO] 2026-08-30 00:22:58,005: +PARAM [/flight_control/pid/position/y/d] by /roslaunch
[rosmaster.master][INFO] 2026-08-30 00:22:58,006: +PARAM [/flight_control/pid/position/y/integral_clamp] by /roslaunch
[rosmaster.master][INFO] 2026-08-30 00:22:58,006: +PARAM [/flight_control/pid/position/z/p] by /roslaunch
[rosmaster.master][INFO] 2026-08-30 00:22:58,006: +PARAM [/flight_control/pid/position/z/i] by /roslaunch
[rosmaster.master][INFO] 2026-08-30 00:22:58,006: +PARAM [/flight_control/pid/position/z/d] by /roslaunch
[rosmaster.master][INFO] 2026-08-30 00:22:58,006: +PARAM [/flight_control/pid/position/z/integral_clamp] by /roslaunch
[rosmaster.master][INFO] 2026-08-30 00:22:58,007: +PARAM [/flight_control/pid/velocity/x/p] by /roslaunch
[rosmaster.master][INFO] 2026-08-30 00:22:58,007: +PARAM [/flight_control/pid/velocity/x/i] by /roslaunch
[rosmaster.master][INFO] 2026-08-30 00:22:58,007: +PARAM [/flight_control/pid/velocity/x/d] by /roslaunch
[rosmaster.master][INFO] 2026-08-30 00:22:58,007: +PARAM [/flight_control/pid/velocity/y/p] by /roslaunch
[rosmaster.master][INFO] 2026-08-30 00:22:58,007: +PARAM [/flight_control/pid/velocity/y/i] by /roslaunch
[rosmaster.master][INFO] 2026-08-30 00:22:58,007: +PARAM [/flight_control/pid/velocity/y/d] by /roslaunch
[rosmaster.master][INFO] 2026-08-30 00:22:58,008: +PARAM [/flight_control/pid/velocity/z/p] by /roslaunch
[rosmaster.master][INFO] 2026-08-30 00:22:58,008: +PARAM [/flight_control/pid/velocity/z/i] by /roslaunch
[rosmaster.master][INFO] 2026-08-30 00:22:58,008: +PARAM [/flight_control/pid/velocity/z/d] by /roslaunch
[rosmaster.master][INFO] 2026-08-30 00:22:58,008: +PARAM [/flight_control/pid/attitude/roll/p] by /roslaunch
[rosmaster.master][INFO] 2026-08-30 00:22:58,009: +PARAM [/flight_control/pid/attitude/roll/i] by /roslaunch
[rosmaster.master][INFO] 2026-08-30 00:22:58,009: +PARAM [/flight_control/pid/attitude/roll/d] by /roslaunch
[rosmaster.master][INFO] 2026-08-30 00:22:58,009: +PARAM [/flight_control/pid/attitude/pitch/p] by /roslaunch
[rosmaster.master][INFO] 2026-08-30 00:22:58,009: +PARAM [/flight_control/pid/attitude/pitch/i] by /roslaunch
[rosmaster.master][INFO] 2026-08-30 00:22:58,010: +PARAM [/flight_control/pid/attitude/pitch/d] by /roslaunch
[rosmaster.master][INFO] 2026-08-30 00:22:58,010: +PARAM [/flight_control/pid/attitude/yaw/p] by /roslaunch
[rosmaster.master][INFO] 2026-08-30 00:22:58,010: +PARAM [/flight_control/pid/attitude/yaw/i] by /roslaunch
[rosmaster.master][INFO] 2026-08-30 00:22:58,010: +PARAM [/flight_control/pid/attitude/yaw/d] by /roslaunch
[rosmaster.master][INFO] 2026-08-30 00:22:58,011: +PARAM [/flight_control/pid/rate/roll/p] by /roslaunch
[rosmaster.master][INFO] 2026-08-30 00:22:58,011: +PARAM [/flight_control/pid/rate/roll/i] by /roslaunch
[rosmaster.master][INFO] 2026-08-30 00:22:58,011: +PARAM [/flight_control/pid/rate/roll/d] by /roslaunch
[rosmaster.master][INFO] 2026-08-30 00:22:58,012: +PARAM [/flight_control/pid/rate/pitch/p] by /roslaunch
[rosmaster.master][INFO] 2026-08-30 00:22:58,012: +PARAM [/flight_control/pid/rate/pitch/i] by /roslaunch
[rosmaster.master][INFO] 2026-08-30 00:22:58,013: +PARAM [/flight_control/pid/rate/pitch/d] by /roslaunch
[rosmaster.master][INFO] 2026-08-30 00:22:58,013: +PARAM [/flight_control/pid/rate/yaw/p] by /roslaunch
[rosmaster.master][INFO] 2026-08-30 00:22:58,013: +PARAM [/flight_control/pid/rate/yaw/i] by /roslaunch
[rosmaster.master][INFO] 2026-08-30 00:22:58,013: +PARAM [/flight_control/pid/rate/yaw/d] by /roslaunch
[rosmaster.master][INFO] 2026-08-30 00:22:58,013: +PARAM [/flight_control/dynamics/constraints/max_velocity] by /roslaunch
[rosmaster.master][INFO] 2026-08-30 00:22:58,014: +PARAM [/flight_control/dynamics/constraints/max_acceleration] by /roslaunch
[rosmaster.master][INFO] 2026-08-30 00:22:58,014: +PARAM [/flight_control/dynamics/constraints/max_yaw_rate] by /roslaunch
[rosmaster.master][INFO] 2026-08-30 00:22:58,014: +PARAM [/flight_control/dynamics/safety_margins/min_altitude] by /roslaunch
[rosmaster.master][INFO] 2026-08-30 00:22:58,014: +PARAM [/flight_control/dynamics/safety_margins/max_altitude] by /roslaunch
[rosmaster.master][INFO] 2026-08-30 00:22:58,014: +PARAM [/flight_control/dynamics/safety_margins/max_tilt] by /roslaunch
[rosmaster.master][INFO] 2026-08-30 00:22:58,014: +PARAM [/flight_control/dynamics/safety_margins/max_rotation_rate] by /roslaunch
[rosmaster.master][INFO] 2026-08-30 00:22:58,015: +PARAM [/flight_control/dynamics/vehicle/mass] by /roslaunch
[rosmaster.master][INFO] 2026-08-30 00:22:58,015: +PARAM [/flight_control/dynamics/vehicle/moment_of_inertia] by /roslaunch
[rosmaster.master][INFO] 2026-08-30 00:22:58,015: +PARAM [/flight_control/dynamics/vehicle/thrust_to_weight] by /roslaunch
[rosmaster.master][INFO] 2026-08-30 00:22:58,015: +PARAM [/flight_control/dynamics/vehicle/max_thrust] by /roslaunch
[rosmaster.master][INFO] 2026-08-30 00:22:58,015: +PARAM [/flight_control/mission/search_patterns/type] by /roslaunch
[rosmaster.master][INFO] 2026-08-30 00:22:58,016: +PARAM [/flight_control/mission/search_patterns/params/radius] by /roslaunch
[rosmaster.master][INFO] 2026-08-30 00:22:58,016: +PARAM [/flight_control/mission/search_patterns/params/spacing] by /roslaunch
[rosmaster.master][INFO] 2026-08-30 00:22:58,016: +PARAM [/flight_control/mission/search_patterns/params/altitude] by /roslaunch
[rosmaster.master][INFO] 2026-08-30 00:22:58,016: +PARAM [/flight_control/mission/engagement/mode] by /roslaunch
[rosmaster.master][INFO] 2026-08-30 00:22:58,017: +PARAM [/flight_control/mission/engagement/priority_high] by /roslaunch
[rosmaster.master][INFO] 2026-08-30 00:22:58,017: +PARAM [/flight_control/mission/engagement/priority_low] by /roslaunch
[rosmaster.master][INFO] 2026-08-30 00:22:58,017: +PARAM [/flight_control/mission/collision_avoidance/enable] by /roslaunch
[rosmaster.master][INFO] 2026-08-30 00:22:58,017: +PARAM [/flight_control/mission/collision_avoidance/min_distance] by /roslaunch
[rosmaster.master][INFO] 2026-08-30 00:22:58,017: +PARAM [/flight_control/mission/collision_avoidance/safety_margin] by /roslaunch
[rosmaster.master][INFO] 2026-08-30 00:22:58,018: +PARAM [/flight_control/mission/collision_avoidance/avoidance_method] by /roslaunch
[rosmaster.master][INFO] 2026-08-30 00:22:58,018: +PARAM [/flight_control/mission/waypoints/tolerance] by /roslaunch
[rosmaster.master][INFO] 2026-08-30 00:22:58,018: +PARAM [/flight_control/mission/waypoints/loiter_time] by /roslaunch
[rosmaster.master][INFO] 2026-08-30 00:22:58,018: +PARAM [/flight_control/mission/waypoints/approach_speed] by /roslaunch
[rosmaster.master][INFO] 2026-08-30 00:22:58,018: +PARAM [/flight_control/simulation/physics/enable_gravity] by /roslaunch
[rosmaster.master][INFO] 2026-08-30 00:22:58,019: +PARAM [/flight_control/simulation/physics/enable_wind] by /roslaunch
[rosmaster.master][INFO] 2026-08-30 00:22:58,019: +PARAM [/flight_control/simulation/physics/enable_turbulence] by /roslaunch
[rosmaster.master][INFO] 2026-08-30 00:22:58,019: +PARAM [/flight_control/simulation/environment/wind_speed] by /roslaunch
[rosmaster.master][INFO] 2026-08-30 00:22:58,019: +PARAM [/flight_control/simulation/environment/wind_direction] by /roslaunch
[rosmaster.master][INFO] 2026-08-30 00:22:58,019: +PARAM [/flight_control/simulation/environment/turbulence_intensity] by /roslaunch
[rosmaster.master][INFO] 2026-08-30 00:22:58,020: +PARAM [/flight_control/simulation/noise/sensor_noise] by /roslaunch
[rosmaster.master][INFO] 2026-08-30 00:22:58,020: +PARAM [/flight_control/simulation/noise/actuator_noise] by /roslaunch
[rosmaster.master][INFO] 2026-08-30 00:22:58,020: +PARAM [/flight_control/simulation/noise/time_delay] by /roslaunch
[rosmaster.master][INFO] 2026-08-30 00:22:58,020: +PARAM [/flight_control/simulation/speed/simulation_speed] by /roslaunch
[rosmaster.master][INFO] 2026-08-30 00:22:58,020: +PARAM [/flight_control/simulation/speed/real_time_factor] by /roslaunch
[rosmaster.master][INFO] 2026-08-30 00:22:58,021: +PARAM [/kalman_filter/kalman_filter/type] by /roslaunch
[rosmaster.master][INFO] 2026-08-30 00:22:58,021: +PARAM [/kalman_filter/kalman_filter/state_dim] by /roslaunch
[rosmaster.master][INFO] 2026-08-30 00:22:58,021: +PARAM [/kalman_filter/kalman_filter/measurement_dim] by /roslaunch
[rosmaster.master][INFO] 2026-08-30 00:22:58,021: +PARAM [/kalman_filter/kalman_filter/noise/process/position] by /roslaunch
[rosmaster.master][INFO] 2026-08-30 00:22:58,021: +PARAM [/kalman_filter/kalman_filter/noise/process/velocity] by /roslaunch
[rosmaster.master][INFO] 2026-08-30 00:22:58,022: +PARAM [/kalman_filter/kalman_filter/noise/process/acceleration] by /roslaunch
[rosmaster.master][INFO] 2026-08-30 00:22:58,022: +PARAM [/kalman_filter/kalman_filter/noise/measurement/position] by /roslaunch
[rosmaster.master][INFO] 2026-08-30 00:22:58,022: +PARAM [/kalman_filter/kalman_filter/parameters/dt] by /roslaunch
[rosmaster.master][INFO] 2026-08-30 00:22:58,022: +PARAM [/kalman_filter/kalman_filter/parameters/adaptive/enabled] by /roslaunch
[rosmaster.master][INFO] 2026-08-30 00:22:58,022: +PARAM [/kalman_filter/kalman_filter/parameters/adaptive/update_rate] by /roslaunch
[rosmaster.master][INFO] 2026-08-30 00:22:58,023: +PARAM [/kalman_filter/kalman_filter/parameters/adaptive/innovation_threshold] by /roslaunch
[rosmaster.master][INFO] 2026-08-30 00:22:58,023: +PARAM [/kalman_filter/kalman_filter/parameters/outlier_rejection/enabled] by /roslaunch
[rosmaster.master][INFO] 2026-08-30 00:22:58,023: +PARAM [/kalman_filter/kalman_filter/parameters/outlier_rejection/mahalanobis_threshold] by /roslaunch
[rosmaster.master][INFO] 2026-08-30 00:22:58,023: +PARAM [/kalman_filter/kalman_filter/parameters/outlier_rejection/gating] by /roslaunch
[rosmaster.master][INFO] 2026-08-30 00:22:58,023: +PARAM [/kalman_filter/kalman_filter/parameters/initialization/max_measurements] by /roslaunch
[rosmaster.master][INFO] 2026-08-30 00:22:58,024: +PARAM [/kalman_filter/kalman_filter/parameters/initialization/min_velocity_samples] by /roslaunch
[rosmaster.master][INFO] 2026-08-30 00:22:58,024: +PARAM [/kalman_filter/kalman_filter/parameters/convergence/max_iterations] by /roslaunch
[rosmaster.master][INFO] 2026-08-30 00:22:58,024: +PARAM [/kalman_filter/kalman_filter/parameters/convergence/epsilon] by /roslaunch
[rosmaster.master][INFO] 2026-08-30 00:22:58,024: +PARAM [/kalman_filter/kalman_filter/multi_target/enabled] by /roslaunch
[rosmaster.master][INFO] 2026-08-30 00:22:58,025: +PARAM [/kalman_filter/kalman_filter/multi_target/max_targets] by /roslaunch
[rosmaster.master][INFO] 2026-08-30 00:22:58,025: +PARAM [/kalman_filter/kalman_filter/multi_target/association/method] by /roslaunch
[rosmaster.master][INFO] 2026-08-30 00:22:58,025: +PARAM [/kalman_filter/kalman_filter/multi_target/association/gating/enabled] by /roslaunch
[rosmaster.master][INFO] 2026-08-30 00:22:58,025: +PARAM [/kalman_filter/kalman_filter/multi_target/association/gating/gate_size] by /roslaunch
[rosmaster.master][INFO] 2026-08-30 00:22:58,025: +PARAM [/kalman_filter/kalman_filter/multi_target/association/gating/dynamic_gating] by /roslaunch
[rosmaster.master][INFO] 2026-08-30 00:22:58,026: +PARAM [/kalman_filter/kalman_filter/multi_target/association/track_management/birth_probability] by /roslaunch
[rosmaster.master][INFO] 2026-08-30 00:22:58,026: +PARAM [/kalman_filter/kalman_filter/multi_target/association/track_management/death_threshold] by /roslaunch
[rosmaster.master][INFO] 2026-08-30 00:22:58,026: +PARAM [/kalman_filter/kalman_filter/multi_target/association/track_management/merge_threshold] by /roslaunch
[rosmaster.master][INFO] 2026-08-30 00:22:58,026: +PARAM [/kalman_filter/kalman_filter/multi_target/scoring/position_weight] by /roslaunch
[rosmaster.master][INFO] 2026-08-30 00:22:58,027: +PARAM [/kalman_filter/kalman_filter/multi_target/scoring/velocity_weight] by /roslaunch
[rosmaster.master][INFO] 2026-08-30 00:22:58,027: +PARAM [/kalman_filter/kalman_filter/multi_target/scoring/appearance_weight] by /roslaunch
[rosmaster.master][INFO] 2026-08-30 00:22:58,027: +PARAM [/kalman_filter/kalman_filter/multi_target/scoring/history_length] by /roslaunch
[rosmaster.master][INFO] 2026-08-30 00:22:58,028: +PARAM [/kalman_filter/sensor_fusion/sensors] by /roslaunch
[rosmaster.master][INFO] 2026-08-30 00:22:58,028: +PARAM [/kalman_filter/sensor_fusion/algorithms/type] by /roslaunch
[rosmaster.master][INFO] 2026-08-30 00:22:58,028: +PARAM [/kalman_filter/sensor_fusion/algorithms/centralized/measurement_dim] by /roslaunch
[rosmaster.master][INFO] 2026-08-30 00:22:58,028: +PARAM [/kalman_filter/sensor_fusion/algorithms/track_to_track/covariance_intersection] by /roslaunch
[rosmaster.master][INFO] 2026-08-30 00:22:58,028: +PARAM [/kalman_filter/sensor_fusion/algorithms/track_to_track/gamma] by /roslaunch
[rosmaster.master][INFO] 2026-08-30 00:22:58,029: +PARAM [/system_params/ros/master/uri] by /roslaunch
[rosmaster.master][INFO] 2026-08-30 00:22:58,029: +PARAM [/system_params/ros/master/timeout] by /roslaunch
[rosmaster.master][INFO] 2026-08-30 00:22:58,029: +PARAM [/system_params/ros/node/name] by /roslaunch
[rosmaster.master][INFO] 2026-08-30 00:22:58,029: +PARAM [/system_params/ros/node/namespace] by /roslaunch
[rosmaster.master][INFO] 2026-08-30 00:22:58,030: +PARAM [/system_params/ros/topics/camera_image] by /roslaunch
[rosmaster.master][INFO] 2026-08-30 00:22:58,030: +PARAM [/system_params/ros/topics/camera_info] by /roslaunch
[rosmaster.master][INFO] 2026-08-30 00:22:58,030: +PARAM [/system_params/ros/topics/vehicle_state] by /roslaunch
[rosmaster.master][INFO] 2026-08-30 00:22:58,030: +PARAM [/system_params/ros/topics/vehicle_position] by /roslaunch
[rosmaster.master][INFO] 2026-08-30 00:22:58,030: +PARAM [/system_params/ros/topics/vehicle_velocity] by /roslaunch
[rosmaster.master][INFO] 2026-08-30 00:22:58,031: +PARAM [/system_params/ros/topics/vehicle_attitude] by /roslaunch
[rosmaster.master][INFO] 2026-08-30 00:22:58,031: +PARAM [/system_params/ros/topics/battery_status] by /roslaunch
[rosmaster.master][INFO] 2026-08-30 00:22:58,031: +PARAM [/system_params/ros/topics/detection_output] by /roslaunch
[rosmaster.master][INFO] 2026-08-30 00:22:58,031: +PARAM [/system_params/ros/topics/tracked_targets] by /roslaunch
[rosmaster.master][INFO] 2026-08-30 00:22:58,031: +PARAM [/system_params/ros/topics/control_command] by /roslaunch
[rosmaster.master][INFO] 2026-08-30 00:22:58,031: +PARAM [/system_params/ros/topics/safety_status] by /roslaunch
[rosmaster.master][INFO] 2026-08-30 00:22:58,031: +PARAM [/system_params/ros/topics/diagnostic_status] by /roslaunch
[rosmaster.master][INFO] 2026-08-30 00:22:58,032: +PARAM [/system_params/ros/topics/debug_info] by /roslaunch
[rosmaster.master][INFO] 2026-08-30 00:22:58,032: +PARAM [/system_params/ros/topics/performance_metrics] by /roslaunch
[rosmaster.master][INFO] 2026-08-30 00:22:58,032: +PARAM [/system_params/ros/topics/test_results] by /roslaunch
[rosmaster.master][INFO] 2026-08-30 00:22:58,032: +PARAM [/system_params/ros/topics/test_status] by /roslaunch
[rosmaster.master][INFO] 2026-08-30 00:22:58,032: +PARAM [/system_params/logging/level] by /roslaunch
[rosmaster.master][INFO] 2026-08-30 00:22:58,032: +PARAM [/system_params/logging/outputs/console] by /roslaunch
[rosmaster.master][INFO] 2026-08-30 00:22:58,032: +PARAM [/system_params/logging/outputs/file] by /roslaunch
[rosmaster.master][INFO] 2026-08-30 00:22:58,033: +PARAM [/system_params/logging/outputs/rosout] by /roslaunch
[rosmaster.master][INFO] 2026-08-30 00:22:58,033: +PARAM [/system_params/logging/file/directory] by /roslaunch
[rosmaster.master][INFO] 2026-08-30 00:22:58,033: +PARAM [/system_params/logging/file/max_size] by /roslaunch
[rosmaster.master][INFO] 2026-08-30 00:22:58,033: +PARAM [/system_params/logging/file/max_files] by /roslaunch
[rosmaster.master][INFO] 2026-08-30 00:22:58,033: +PARAM [/system_params/logging/file/format] by /roslaunch
[rosmaster.master][INFO] 2026-08-30 00:22:58,034: +PARAM [/system_params/logging/performance/enabled] by /roslaunch
[rosmaster.master][INFO] 2026-08-30 00:22:58,034: +PARAM [/system_params/logging/performance/interval] by /roslaunch
[rosmaster.master][INFO] 2026-08-30 00:22:58,034: +PARAM [/system_params/logging/performance/metrics] by /roslaunch
[rosmaster.master][INFO] 2026-08-30 00:22:58,034: +PARAM [/system_params/logging/performance/output_file] by /roslaunch
[rosmaster.master][INFO] 2026-08-30 00:22:58,034: +PARAM [/system_params/safety/geofence/enabled] by /roslaunch
[rosmaster.master][INFO] 2026-08-30 00:22:58,035: +PARAM [/system_params/safety/geofence/shape] by /roslaunch
[rosmaster.master][INFO] 2026-08-30 00:22:58,035: +PARAM [/system_params/safety/geofence/radius] by /roslaunch
[rosmaster.master][INFO] 2026-08-30 00:22:58,035: +PARAM [/system_params/safety/geofence/height] by /roslaunch
[rosmaster.master][INFO] 2026-08-30 00:22:58,035: +PARAM [/system_params/safety/emergency/action] by /roslaunch
[rosmaster.master][INFO] 2026-08-30 00:22:58,035: +PARAM [/system_params/safety/emergency/altitude_min] by /roslaunch
[rosmaster.master][INFO] 2026-08-30 00:22:58,035: +PARAM [/system_params/safety/emergency/altitude_max] by /roslaunch
[rosmaster.master][INFO] 2026-08-30 00:22:58,035: +PARAM [/system_params/safety/failsafe/battery_critical] by /roslaunch
[rosmaster.master][INFO] 2026-08-30 00:22:58,036: +PARAM [/system_params/safety/failsafe/lost_connection] by /roslaunch
[rosmaster.master][INFO] 2026-08-30 00:22:58,036: +PARAM [/system_params/safety/failsafe/gps_failure] by /roslaunch
[rosmaster.master][INFO] 2026-08-30 00:22:58,036: +PARAM [/system_params/safety/failsafe/sensor_failure] by /roslaunch
[rosmaster.master][INFO] 2026-08-30 00:22:58,036: +PARAM [/system_params/safety/failsafe/exceeded_geofence] by /roslaunch
[rosmaster.master][INFO] 2026-08-30 00:22:58,036: +PARAM [/system_params/safety/health/check_interval] by /roslaunch
[rosmaster.master][INFO] 2026-08-30 00:22:58,036: +PARAM [/system_params/safety/health/restart_on_failure] by /roslaunch
[rosmaster.master][INFO] 2026-08-30 00:22:58,036: +PARAM [/system_params/safety/health/max_restarts] by /roslaunch
[rosmaster.master][INFO] 2026-08-30 00:22:58,037: +PARAM [/system_params/safety/health/restart_delay] by /roslaunch
[rosmaster.master][INFO] 2026-08-30 00:22:58,037: +PARAM [/system_params/performance/threads/detection_pool] by /roslaunch
[rosmaster.master][INFO] 2026-08-30 00:22:58,037: +PARAM [/system_params/performance/threads/control_pool] by /roslaunch
[rosmaster.master][INFO] 2026-08-30 00:22:58,037: +PARAM [/system_params/performance/queues/input_queue_size] by /roslaunch
[rosmaster.master][INFO] 2026-08-30 00:22:58,038: +PARAM [/system_params/performance/queues/output_queue_size] by /roslaunch
[rosmaster.master][INFO] 2026-08-30 00:22:58,038: +PARAM [/system_params/performance/memory/cache_images] by /roslaunch
[rosmaster.master][INFO] 2026-08-30 00:22:58,038: +PARAM [/system_params/performance/memory/max_cache_size] by /roslaunch
[rosmaster.master][INFO] 2026-08-30 00:22:58,039: +PARAM [/system_params/performance/memory/max_cached_messages] by /roslaunch
[rosmaster.master][INFO] 2026-08-30 00:22:58,039: +PARAM [/system_params/performance/timing/use_sim_time] by /roslaunch
[rosmaster.master][INFO] 2026-08-30 00:22:58,039: +PARAM [/system_params/performance/timing/publish_rate] by /roslaunch
[rosmaster.master][INFO] 2026-08-30 00:22:58,039: +PARAM [/system_params/performance/timing/control_rate] by /roslaunch
[rosmaster.master][INFO] 2026-08-30 00:22:58,040: +PARAM [/system_params/network/px4/udp_port] by /roslaunch
[rosmaster.master][INFO] 2026-08-30 00:22:58,040: +PARAM [/system_params/network/px4/tcp_port] by /roslaunch
[rosmaster.master][INFO] 2026-08-30 00:22:58,040: +PARAM [/system_params/network/px4/heartbeat_rate] by /roslaunch
[rosmaster.master][INFO] 2026-08-30 00:22:58,040: +PARAM [/system_params/network/mavros/fcu_url] by /roslaunch
[rosmaster.master][INFO] 2026-08-30 00:22:58,041: +PARAM [/system_params/network/mavros/gcs_url] by /roslaunch
[rosmaster.master][INFO] 2026-08-30 00:22:58,041: +PARAM [/system_params/network/timeout] by /roslaunch
[rosmaster.master][INFO] 2026-08-30 00:22:58,041: +PARAM [/system_params/network/reconnect_attempts] by /roslaunch
[rosmaster.master][INFO] 2026-08-30 00:22:58,041: +PARAM [/system_params/network/reconnect_delay] by /roslaunch
[rosmaster.master][INFO] 2026-08-30 00:22:58,041: +PARAM [/system_params/performance/publish_rate] by /roslaunch
[rosmaster.master][INFO] 2026-08-30 00:22:58,042: +PARAM [/use_simulation] by /roslaunch
[rosmaster.master][INFO] 2026-08-30 00:22:58,042: +PARAM [/parameter_validator/config_dir] by /roslaunch
[rosmaster.master][INFO] 2026-08-30 00:22:58,042: +PARAM [/parameter_validator/validate_on_startup] by /roslaunch
[rosmaster.master][INFO] 2026-08-30 00:22:58,042: +PARAM [/mission_manager/mission_config] by /roslaunch
[rosmaster.master][INFO] 2026-08-30 00:22:58,042: +PARAM [/camera_calibration/simulation_mode] by /roslaunch
[rosmaster.master][INFO] 2026-08-30 00:22:58,042: +PARAM [/yolo_detector/model_path] by /roslaunch
[rosmaster.master][INFO] 2026-08-30 00:22:58,042: +PARAM [/yolo_detector/device] by /roslaunch
[rosmaster.master][INFO] 2026-08-30 00:22:58,043: +PARAM [/sensor_fusion/publish_rate] by /roslaunch
[rosmaster.master][INFO] 2026-08-30 00:22:58,043: +PARAM [/sensor_fusion/simulation_mode] by /roslaunch
[rosmaster.master][INFO] 2026-08-30 00:22:58,043: +PARAM [/target_tracking_controller/simulation_mode] by /roslaunch
[rosmaster.master][INFO] 2026-08-30 00:22:58,043: +PARAM [/vehicle_state_monitor/simulation_mode] by /roslaunch
[rosmaster.master][INFO] 2026-08-30 00:22:58,043: +PARAM [/safety_monitor/enable_geofence] by /roslaunch
[rosmaster.master][INFO] 2026-08-30 00:22:58,043: +PARAM [/safety_monitor/simulation_mode] by /roslaunch
[rosmaster.master][INFO] 2026-08-30 00:22:58,043: +PARAM [/system_health_monitor/monitoring_interval] by /roslaunch
[rosmaster.master][INFO] 2026-08-30 00:22:58,044: +PARAM [/system_health_monitor/critical_threshold_cpu] by /roslaunch
[rosmaster.master][INFO] 2026-08-30 00:22:58,044: +PARAM [/system_health_monitor/critical_threshold_memory] by /roslaunch
[rosmaster.master][INFO] 2026-08-30 00:22:58,044: +PARAM [/system_health_monitor/warning_threshold_cpu] by /roslaunch
[rosmaster.master][INFO] 2026-08-30 00:22:58,044: +PARAM [/system_health_monitor/warning_threshold_memory] by /roslaunch
[rosmaster.master][INFO] 2026-08-30 00:22:58,044: +PARAM [/system_health_monitor/enable_network_monitoring] by /roslaunch
[rosmaster.master][INFO] 2026-08-30 00:22:58,044: +PARAM [/system_health_monitor/enable_disk_monitoring] by /roslaunch
[rosmaster.master][INFO] 2026-08-30 00:22:58,044: +PARAM [/system_health_monitor/enable_process_monitoring] by /roslaunch
[rosmaster.master][INFO] 2026-08-30 00:22:58,045: +PARAM [/health_checker/monitored_nodes] by /roslaunch
[rosmaster.master][INFO] 2026-08-30 00:22:58,045: +PARAM [/health_checker/check_interval] by /roslaunch
[rosmaster.master][INFO] 2026-08-30 00:22:58,045: +PARAM [/health_checker/timeout_threshold] by /roslaunch
[rosmaster.master][INFO] 2026-08-30 00:22:58,045: +PARAM [/health_checker/restart_on_failure] by /roslaunch
[rosmaster.master][INFO] 2026-08-30 00:22:58,045: +PARAM [/health_checker/max_restarts] by /roslaunch
[rosmaster.master][INFO] 2026-08-30 00:22:58,126: +SERVICE [/rosout/get_loggers] /rosout http://localhost:38789/
[rosmaster.master][INFO] 2026-08-30 00:22:58,128: +SERVICE [/rosout/set_logger_level] /rosout http://localhost:38789/
[rosmaster.master][INFO] 2026-08-30 00:22:58,141: +PUB [/rosout_agg] /rosout http://localhost:38789/
[rosmaster.master][INFO] 2026-08-30 00:22:58,149: +SUB [/rosout] /rosout http://localhost:38789/
[rosmaster.master][INFO] 2026-08-30 00:23:00,741: +PUB [/rosout] /parameter_validator http://localhost:40315/
[rosmaster.master][INFO] 2026-08-30 00:23:00,746: publisherUpdate[/rosout] -> http://localhost:38789/ ['http://localhost:40315/']
[rosmaster.master][INFO] 2026-08-30 00:23:00,781: +SERVICE [/parameter_validator/get_loggers] /parameter_validator http://localhost:40315/
[rosmaster.master][INFO] 2026-08-30 00:23:00,783: +SERVICE [/parameter_validator/set_logger_level] /parameter_validator http://localhost:40315/
[rosmaster.master][INFO] 2026-08-30 00:23:00,842: publisherUpdate[/rosout] -> http://localhost:38789/ ['http://localhost:40315/']: sec=0.10, result=[1, '', 0]
[rosmaster.master][INFO] 2026-08-30 00:23:00,937: +CACHEDPARAM [/rosout_disable_topics_generation] by /parameter_validator
[rosmaster.master][INFO] 2026-08-30 00:23:00,942: +CACHEDPARAM [/rosout_disable_topics_generation] by /parameter_validator
[rosmaster.master][INFO] 2026-08-30 00:23:01,156: +CACHEDPARAM [/rosout/omit_topics] by /rosout
[rosmaster.master][INFO] 2026-08-30 00:23:01,322: +PUB [/rosout] /command_interpreter http://localhost:40029/
[rosmaster.master][INFO] 2026-08-30 00:23:01,327: publisherUpdate[/rosout] -> http://localhost:38789/ ['http://localhost:40315/', 'http://localhost:40029/']
[rosmaster.master][INFO] 2026-08-30 00:23:01,332: publisherUpdate[/rosout] -> http://localhost:38789/ ['http://localhost:40315/', 'http://localhost:40029/']: sec=0.01, result=[1, '', 0]
[rosmaster.master][INFO] 2026-08-30 00:23:01,349: +SERVICE [/command_interpreter/get_loggers] /command_interpreter http://localhost:40029/
[rosmaster.master][INFO] 2026-08-30 00:23:01,351: +SERVICE [/command_interpreter/set_logger_level] /command_interpreter http://localhost:40029/
[rosmaster.master][INFO] 2026-08-30 00:23:01,360: +SUB [/drone_control/command] /command_interpreter http://localhost:40029/
[rosmaster.master][INFO] 2026-08-30 00:23:01,366: +PUB [/drone_control/command_response] /command_interpreter http://localhost:40029/
[rosmaster.master][INFO] 2026-08-30 00:23:01,368: +PUB [/command_interpreter/node_health] /command_interpreter http://localhost:40029/
[rosmaster.master][INFO] 2026-08-30 00:23:01,421: +CACHEDPARAM [/rosout_disable_topics_generation] by /command_interpreter
[rosmaster.master][INFO] 2026-08-30 00:23:01,846: +PUB [/rosout] /camera_calibration http://localhost:39597/
[rosmaster.master][INFO] 2026-08-30 00:23:01,851: publisherUpdate[/rosout] -> http://localhost:38789/ ['http://localhost:40315/', 'http://localhost:40029/', 'http://localhost:39597/']
[rosmaster.master][INFO] 2026-08-30 00:23:01,853: publisherUpdate[/rosout] -> http://localhost:38789/ ['http://localhost:40315/', 'http://localhost:40029/', 'http://localhost:39597/']: sec=0.00, result=[1, '', 0]
[rosmaster.master][INFO] 2026-08-30 00:23:01,876: +SERVICE [/camera_calibration/get_loggers] /camera_calibration http://localhost:39597/
[rosmaster.master][INFO] 2026-08-30 00:23:01,879: +SERVICE [/camera_calibration/set_logger_level] /camera_calibration http://localhost:39597/
[rosmaster.master][INFO] 2026-08-30 00:23:01,920: +PUB [/camera/camera_info] /camera_calibration http://localhost:39597/
[rosmaster.master][INFO] 2026-08-30 00:23:01,923: +PUB [/tf] /camera_calibration http://localhost:39597/
[rosmaster.master][INFO] 2026-08-30 00:23:01,931: +CACHEDPARAM [/rosout_disable_topics_generation] by /camera_calibration
[rosmaster.master][INFO] 2026-08-30 00:23:02,172: +PUB [/rosout] /mission_manager http://localhost:40355/
[rosmaster.master][INFO] 2026-08-30 00:23:02,235: +SERVICE [/mission_manager/get_loggers] /mission_manager http://localhost:40355/
[rosmaster.master][INFO] 2026-08-30 00:23:02,237: +SERVICE [/mission_manager/set_logger_level] /mission_manager http://localhost:40355/
[rosmaster.master][INFO] 2026-08-30 00:23:02,241: publisherUpdate[/rosout] -> http://localhost:38789/ ['http://localhost:40315/', 'http://localhost:40029/', 'http://localhost:39597/', 'http://localhost:40355/']
[rosmaster.master][INFO] 2026-08-30 00:23:02,245: publisherUpdate[/rosout] -> http://localhost:38789/ ['http://localhost:40315/', 'http://localhost:40029/', 'http://localhost:39597/', 'http://localhost:40355/']: sec=0.00, result=[1, '', 0]
[rosmaster.master][INFO] 2026-08-30 00:23:02,254: +PUB [/mission_status] /mission_manager http://localhost:40355/
[rosmaster.master][INFO] 2026-08-30 00:23:02,257: +PUB [/mission_manager/node_health] /mission_manager http://localhost:40355/
[rosmaster.master][INFO] 2026-08-30 00:23:02,262: +SUB [/drone_control/command] /mission_manager http://localhost:40355/
[rosmaster.master][INFO] 2026-08-30 00:23:02,267: +SUB [/safety_status] /mission_manager http://localhost:40355/
[rosmaster.master][INFO] 2026-08-30 00:23:02,274: +SUB [/tracked_targets] /mission_manager http://localhost:40355/
[rosmaster.master][INFO] 2026-08-30 00:23:02,318: +CACHEDPARAM [/rosout_disable_topics_generation] by /mission_manager
[rosmaster.master][INFO] 2026-08-30 00:23:02,375: +PUB [/rosout] /vehicle_state_monitor http://localhost:44507/
[rosmaster.master][INFO] 2026-08-30 00:23:02,419: +PUB [/rosout] /system_health_monitor http://localhost:45889/
[rosmaster.master][INFO] 2026-08-30 00:23:02,434: +SERVICE [/vehicle_state_monitor/get_loggers] /vehicle_state_monitor http://localhost:44507/
[rosmaster.master][INFO] 2026-08-30 00:23:02,438: +SERVICE [/vehicle_state_monitor/set_logger_level] /vehicle_state_monitor http://localhost:44507/
[rosmaster.master][INFO] 2026-08-30 00:23:02,446: publisherUpdate[/rosout] -> http://localhost:38789/ ['http://localhost:40315/', 'http://localhost:40029/', 'http://localhost:39597/', 'http://localhost:40355/', 'http://localhost:44507/']
[rosmaster.master][INFO] 2026-08-30 00:23:02,447: +SERVICE [/system_health_monitor/get_loggers] /system_health_monitor http://localhost:45889/
[rosmaster.master][INFO] 2026-08-30 00:23:02,448: publisherUpdate[/rosout] -> http://localhost:38789/ ['http://localhost:40315/', 'http://localhost:40029/', 'http://localhost:39597/', 'http://localhost:40355/', 'http://localhost:44507/']: sec=0.00, result=[1, '', 0]
[rosmaster.master][INFO] 2026-08-30 00:23:02,449: publisherUpdate[/rosout] -> http://localhost:38789/ ['http://localhost:40315/', 'http://localhost:40029/', 'http://localhost:39597/', 'http://localhost:40355/', 'http://localhost:44507/', 'http://localhost:45889/']
[rosmaster.master][INFO] 2026-08-30 00:23:02,453: +SERVICE [/system_health_monitor/set_logger_level] /system_health_monitor http://localhost:45889/
[rosmaster.master][INFO] 2026-08-30 00:23:02,455: publisherUpdate[/rosout] -> http://localhost:38789/ ['http://localhost:40315/', 'http://localhost:40029/', 'http://localhost:39597/', 'http://localhost:40355/', 'http://localhost:44507/', 'http://localhost:45889/']: sec=0.01, result=[1, '', 0]
[rosmaster.master][INFO] 2026-08-30 00:23:02,463: +SUB [/mavros/state] /vehicle_state_monitor http://localhost:44507/
[rosmaster.master][INFO] 2026-08-30 00:23:02,471: +SUB [/mavros/battery] /vehicle_state_monitor http://localhost:44507/
[rosmaster.master][INFO] 2026-08-30 00:23:02,478: +SUB [/mavros/local_position/velocity] /vehicle_state_monitor http://localhost:44507/
[rosmaster.master][INFO] 2026-08-30 00:23:02,516: +PUB [/drone_status] /vehicle_state_monitor http://localhost:44507/
[rosmaster.master][INFO] 2026-08-30 00:23:02,520: +PUB [/diagnostic_status] /vehicle_state_monitor http://localhost:44507/
[rosmaster.master][INFO] 2026-08-30 00:23:02,526: +PUB [/vehicle_state_monitor/node_health] /vehicle_state_monitor http://localhost:44507/
[rosmaster.master][INFO] 2026-08-30 00:23:02,530: +PUB [/battery_percentage] /vehicle_state_monitor http://localhost:44507/
[rosmaster.master][INFO] 2026-08-30 00:23:02,532: +SERVICE [/drone_emergency_stop] /vehicle_state_monitor http://localhost:44507/
[rosmaster.master][INFO] 2026-08-30 00:23:02,536: +SERVICE [/drone_arm] /vehicle_state_monitor http://localhost:44507/
[rosmaster.master][INFO] 2026-08-30 00:23:02,543: +SERVICE [/drone_disarm] /vehicle_state_monitor http://localhost:44507/
[rosmaster.master][INFO] 2026-08-30 00:23:02,562: +SERVICE [/drone_get_status] /vehicle_state_monitor http://localhost:44507/
[rosmaster.master][INFO] 2026-08-30 00:23:02,568: +SUB [/health/check_all] /system_health_monitor http://localhost:45889/
[rosmaster.master][INFO] 2026-08-30 00:23:02,570: +PUB [/rosout] /sensor_fusion http://localhost:42185/
[rosmaster.master][INFO] 2026-08-30 00:23:02,571: +PUB [/system_health] /system_health_monitor http://localhost:45889/
[rosmaster.master][INFO] 2026-08-30 00:23:02,573: +PUB [/diagnostic_status] /system_health_monitor http://localhost:45889/
[rosmaster.master][INFO] 2026-08-30 00:23:02,576: +PUB [/performance_metrics] /system_health_monitor http://localhost:45889/
[rosmaster.master][INFO] 2026-08-30 00:23:02,578: +CACHEDPARAM [/rosout_disable_topics_generation] by /vehicle_state_monitor
[rosmaster.master][INFO] 2026-08-30 00:23:02,581: +PUB [/system_alert] /system_health_monitor http://localhost:45889/
[rosmaster.master][INFO] 2026-08-30 00:23:02,582: +SERVICE [/sensor_fusion/get_loggers] /sensor_fusion http://localhost:42185/
[rosmaster.master][INFO] 2026-08-30 00:23:02,621: +SERVICE [/sensor_fusion/set_logger_level] /sensor_fusion http://localhost:42185/
[rosmaster.master][INFO] 2026-08-30 00:23:02,625: +CACHEDPARAM [/rosout_disable_topics_generation] by /system_health_monitor
[rosmaster.master][INFO] 2026-08-30 00:23:02,633: +SUB [/mavros/imu/data] /sensor_fusion http://localhost:42185/
[rosmaster.master][INFO] 2026-08-30 00:23:02,636: +SUB [/mavros/global_position/global] /sensor_fusion http://localhost:42185/
[rosmaster.master][INFO] 2026-08-30 00:23:02,641: +SUB [/mavros/local_position/pose] /sensor_fusion http://localhost:42185/
[rosmaster.master][INFO] 2026-08-30 00:23:02,643: +PUB [/sensor_fusion/node_health] /sensor_fusion http://localhost:42185/
[rosmaster.master][INFO] 2026-08-30 00:23:02,653: +CACHEDPARAM [/rosout_disable_topics_generation] by /sensor_fusion
[rosmaster.master][INFO] 2026-08-30 00:23:02,659: publisherUpdate[/rosout] -> http://localhost:38789/ ['http://localhost:40315/', 'http://localhost:40029/', 'http://localhost:39597/', 'http://localhost:40355/', 'http://localhost:44507/', 'http://localhost:45889/', 'http://localhost:42185/']
[rosmaster.master][INFO] 2026-08-30 00:23:02,669: publisherUpdate[/rosout] -> http://localhost:38789/ ['http://localhost:40315/', 'http://localhost:40029/', 'http://localhost:39597/', 'http://localhost:40355/', 'http://localhost:44507/', 'http://localhost:45889/', 'http://localhost:42185/']: sec=0.01, result=[1, '', 0]
[rosmaster.master][INFO] 2026-08-30 00:23:02,829: +PUB [/rosout] /health_checker http://localhost:46783/
[rosmaster.master][INFO] 2026-08-30 00:23:02,846: +SERVICE [/health_checker/get_loggers] /health_checker http://localhost:46783/
[rosmaster.master][INFO] 2026-08-30 00:23:02,851: +SERVICE [/health_checker/set_logger_level] /health_checker http://localhost:46783/
[rosmaster.master][INFO] 2026-08-30 00:23:02,867: +SUB [/yolo_detector/node_health] /health_checker http://localhost:46783/
[rosmaster.master][INFO] 2026-08-30 00:23:02,871: +SUB [/target_tracking_controller/node_health] /health_checker http://localhost:46783/
[rosmaster.master][INFO] 2026-08-30 00:23:02,878: +SUB [/vehicle_state_monitor/node_health] /health_checker http://localhost:46783/
[rosmaster.master][INFO] 2026-08-30 00:23:02,879: publisherUpdate[/rosout] -> http://localhost:38789/ ['http://localhost:40315/', 'http://localhost:40029/', 'http://localhost:39597/', 'http://localhost:40355/', 'http://localhost:44507/', 'http://localhost:45889/', 'http://localhost:42185/', 'http://localhost:46783/']
[rosmaster.master][INFO] 2026-08-30 00:23:02,881: +PUB [/rosout] /safety_monitor http://localhost:43021/
[rosmaster.master][INFO] 2026-08-30 00:23:02,885: publisherUpdate[/rosout] -> http://localhost:38789/ ['http://localhost:40315/', 'http://localhost:40029/', 'http://localhost:39597/', 'http://localhost:40355/', 'http://localhost:44507/', 'http://localhost:45889/', 'http://localhost:42185/', 'http://localhost:46783/']: sec=0.00, result=[1, '', 0]
[rosmaster.master][INFO] 2026-08-30 00:23:02,885: publisherUpdate[/rosout] -> http://localhost:38789/ ['http://localhost:40315/', 'http://localhost:40029/', 'http://localhost:39597/', 'http://localhost:40355/', 'http://localhost:44507/', 'http://localhost:45889/', 'http://localhost:42185/', 'http://localhost:46783/', 'http://localhost:43021/']
[rosmaster.master][INFO] 2026-08-30 00:23:02,889: +SUB [/mission_manager/node_health] /health_checker http://localhost:46783/
[rosmaster.master][INFO] 2026-08-30 00:23:02,895: publisherUpdate[/rosout] -> http://localhost:38789/ ['http://localhost:40315/', 'http://localhost:40029/', 'http://localhost:39597/', 'http://localhost:40355/', 'http://localhost:44507/', 'http://localhost:45889/', 'http://localhost:42185/', 'http://localhost:46783/', 'http://localhost:43021/']: sec=0.01, result=[1, '', 0]
[rosmaster.master][INFO] 2026-08-30 00:23:02,896: +SERVICE [/safety_monitor/get_loggers] /safety_monitor http://localhost:43021/
[rosmaster.master][INFO] 2026-08-30 00:23:02,898: +SERVICE [/safety_monitor/set_logger_level] /safety_monitor http://localhost:43021/
[rosmaster.master][INFO] 2026-08-30 00:23:02,923: +SUB [/mavros/local_position/pose] /safety_monitor http://localhost:43021/
[rosmaster.master][INFO] 2026-08-30 00:23:02,931: +SUB [/safety_monitor/node_health] /health_checker http://localhost:46783/
[rosmaster.master][INFO] 2026-08-30 00:23:02,932: +SUB [/mavros/local_position/velocity] /safety_monitor http://localhost:43021/
[rosmaster.master][INFO] 2026-08-30 00:23:02,937: +SUB [/mavros/state] /safety_monitor http://localhost:43021/
[rosmaster.master][INFO] 2026-08-30 00:23:02,940: +PUB [/safety_status] /safety_monitor http://localhost:43021/
[rosmaster.master][INFO] 2026-08-30 00:23:02,944: +PUB [/safety_monitor/node_health] /safety_monitor http://localhost:43021/
[rosmaster.master][INFO] 2026-08-30 00:23:02,946: +PUB [/emergency_triggered] /safety_monitor http://localhost:43021/
[rosmaster.master][INFO] 2026-08-30 00:23:02,947: +SUB [/command_interpreter/node_health] /health_checker http://localhost:46783/
[rosmaster.master][INFO] 2026-08-30 00:23:02,950: +PUB [/system_health] /health_checker http://localhost:46783/
[rosmaster.master][INFO] 2026-08-30 00:23:02,951: +SERVICE [/safety/geofence_enable] /safety_monitor http://localhost:43021/
[rosmaster.master][INFO] 2026-08-30 00:23:02,954: +SERVICE [/health/check_all] /health_checker http://localhost:46783/
[rosmaster.master][INFO] 2026-08-30 00:23:02,955: +SERVICE [/safety/geofence_disable] /safety_monitor http://localhost:43021/
[rosmaster.master][INFO] 2026-08-30 00:23:02,957: +SERVICE [/safety/check] /safety_monitor http://localhost:43021/
[rosmaster.master][INFO] 2026-08-30 00:23:02,958: +SERVICE [/health/restart_node] /health_checker http://localhost:46783/
[rosmaster.master][INFO] 2026-08-30 00:23:02,960: +SERVICE [/safety/status] /safety_monitor http://localhost:43021/
[rosmaster.master][INFO] 2026-08-30 00:23:02,963: +CACHEDPARAM [/rosout_disable_topics_generation] by /health_checker
[rosmaster.master][INFO] 2026-08-30 00:23:02,967: +CACHEDPARAM [/rosout_disable_topics_generation] by /safety_monitor
[rosmaster.master][INFO] 2026-08-30 00:23:02,971: +CACHEDPARAM [/rosout_disable_topics_generation] by /safety_monitor
[rosmaster.master][INFO] 2026-08-30 00:23:02,982: publisherUpdate[/safety_status] -> http://localhost:40355/ ['http://localhost:43021/']
[rosmaster.master][INFO] 2026-08-30 00:23:02,984: publisherUpdate[/safety_monitor/node_health] -> http://localhost:46783/ ['http://localhost:43021/']
[rosmaster.master][INFO] 2026-08-30 00:23:02,989: publisherUpdate[/safety_status] -> http://localhost:40355/ ['http://localhost:43021/']: sec=0.01, result=[1, '', 0]
[rosmaster.master][INFO] 2026-08-30 00:23:02,990: publisherUpdate[/safety_monitor/node_health] -> http://localhost:46783/ ['http://localhost:43021/']: sec=0.01, result=[1, '', 0]
[rosmaster.master][INFO] 2026-08-30 00:23:03,522: +PUB [/rosout] /target_tracking_controller http://localhost:44311/
[rosmaster.master][INFO] 2026-08-30 00:23:03,545: +SERVICE [/target_tracking_controller/get_loggers] /target_tracking_controller http://localhost:44311/
[rosmaster.master][INFO] 2026-08-30 00:23:03,552: +SERVICE [/target_tracking_controller/set_logger_level] /target_tracking_controller http://localhost:44311/
[rosmaster.master][INFO] 2026-08-30 00:23:03,583: +SUB [/mavros/local_position/odom] /target_tracking_controller http://localhost:44311/
[rosmaster.master][INFO] 2026-08-30 00:23:03,587: +SUB [/detected_objects] /target_tracking_controller http://localhost:44311/
[rosmaster.master][INFO] 2026-08-30 00:23:03,606: +SUB [/mavros/state] /target_tracking_controller http://localhost:44311/
[rosmaster.master][INFO] 2026-08-30 00:23:03,610: publisherUpdate[/rosout] -> http://localhost:38789/ ['http://localhost:40315/', 'http://localhost:40029/', 'http://localhost:39597/', 'http://localhost:40355/', 'http://localhost:44507/', 'http://localhost:45889/', 'http://localhost:42185/', 'http://localhost:46783/', 'http://localhost:43021/', 'http://localhost:44311/']
[rosmaster.master][INFO] 2026-08-30 00:23:03,613: publisherUpdate[/rosout] -> http://localhost:38789/ ['http://localhost:40315/', 'http://localhost:40029/', 'http://localhost:39597/', 'http://localhost:40355/', 'http://localhost:44507/', 'http://localhost:45889/', 'http://localhost:42185/', 'http://localhost:46783/', 'http://localhost:43021/', 'http://localhost:44311/']: sec=0.00, result=[1, '', 0]
[rosmaster.master][INFO] 2026-08-30 00:23:03,616: +SUB [/mission_status] /target_tracking_controller http://localhost:44311/
[rosmaster.master][INFO] 2026-08-30 00:23:03,623: +PUB [/tracked_targets] /target_tracking_controller http://localhost:44311/
[rosmaster.master][INFO] 2026-08-30 00:23:03,635: +PUB [/mavros/setpoint_velocity/cmd_vel_unstamped] /target_tracking_controller http://localhost:44311/
[rosmaster.master][INFO] 2026-08-30 00:23:03,641: +PUB [/mavros/setpoint_raw/local] /target_tracking_controller http://localhost:44311/
[rosmaster.master][INFO] 2026-08-30 00:23:03,644: +PUB [/target_tracking_controller/node_health] /target_tracking_controller http://localhost:44311/
[rosmaster.master][INFO] 2026-08-30 00:23:03,711: publisherUpdate[/tracked_targets] -> http://localhost:40355/ ['http://localhost:44311/']
[rosmaster.master][INFO] 2026-08-30 00:23:03,712: publisherUpdate[/target_tracking_controller/node_health] -> http://localhost:46783/ ['http://localhost:44311/']
[rosmaster.master][INFO] 2026-08-30 00:23:03,716: publisherUpdate[/tracked_targets] -> http://localhost:40355/ ['http://localhost:44311/']: sec=0.00, result=[1, '', 0]
[rosmaster.master][INFO] 2026-08-30 00:23:03,718: publisherUpdate[/target_tracking_controller/node_health] -> http://localhost:46783/ ['http://localhost:44311/']: sec=0.01, result=[1, '', 0]
[rosmaster.master][INFO] 2026-08-30 00:23:05,808: +CACHEDPARAM [/rosout_disable_topics_generation] by /target_tracking_controller
[rosmaster.master][INFO] 2026-08-30 00:23:07,539: +PUB [/rosout] /yolo_detector http://localhost:42905/
[rosmaster.master][INFO] 2026-08-30 00:23:07,540: publisherUpdate[/rosout] -> http://localhost:38789/ ['http://localhost:40315/', 'http://localhost:40029/', 'http://localhost:39597/', 'http://localhost:40355/', 'http://localhost:44507/', 'http://localhost:45889/', 'http://localhost:42185/', 'http://localhost:46783/', 'http://localhost:43021/', 'http://localhost:44311/', 'http://localhost:42905/']
[rosmaster.master][INFO] 2026-08-30 00:23:07,541: publisherUpdate[/rosout] -> http://localhost:38789/ ['http://localhost:40315/', 'http://localhost:40029/', 'http://localhost:39597/', 'http://localhost:40355/', 'http://localhost:44507/', 'http://localhost:45889/', 'http://localhost:42185/', 'http://localhost:46783/', 'http://localhost:43021/', 'http://localhost:44311/', 'http://localhost:42905/']: sec=0.00, result=[1, '', 0]
[rosmaster.master][INFO] 2026-08-30 00:23:07,544: +SERVICE [/yolo_detector/get_loggers] /yolo_detector http://localhost:42905/
[rosmaster.master][INFO] 2026-08-30 00:23:07,545: +SERVICE [/yolo_detector/set_logger_level] /yolo_detector http://localhost:42905/
[rosmaster.master][INFO] 2026-08-30 00:23:07,554: +PUB [/yolo_detector/node_health] /yolo_detector http://localhost:42905/
[rosmaster.master][INFO] 2026-08-30 00:23:07,556: +SUB [/drone_control/command] /yolo_detector http://localhost:42905/
[rosmaster.master][INFO] 2026-08-30 00:23:07,557: +PUB [/command_response] /yolo_detector http://localhost:42905/
[rosmaster.master][INFO] 2026-08-30 00:23:07,559: +SUB [/mission_status] /yolo_detector http://localhost:42905/
[rosmaster.master][INFO] 2026-08-30 00:23:07,561: +CACHEDPARAM [/rosout_disable_topics_generation] by /yolo_detector
[rosmaster.master][INFO] 2026-08-30 00:23:07,634: publisherUpdate[/yolo_detector/node_health] -> http://localhost:46783/ ['http://localhost:42905/']
[rosmaster.master][INFO] 2026-08-30 00:23:07,636: publisherUpdate[/yolo_detector/node_health] -> http://localhost:46783/ ['http://localhost:42905/']: sec=0.00, result=[1, '', 0]
[rosmaster.master][INFO] 2026-08-30 00:23:07,715: +CACHEDPARAM [/rosout_disable_topics_generation] by /yolo_detector
[rosmaster.master][INFO] 2026-08-30 00:23:07,717: +SUB [/camera/color/image_raw] /yolo_detector http://localhost:42905/
[rosmaster.master][INFO] 2026-08-30 00:23:07,718: +PUB [/detected_objects] /yolo_detector http://localhost:42905/
[rosmaster.master][INFO] 2026-08-30 00:23:07,720: +CACHEDPARAM [/rosout_disable_topics_generation] by /yolo_detector
[rosmaster.master][INFO] 2026-08-30 00:23:07,721: +CACHEDPARAM [/rosout_disable_topics_generation] by /yolo_detector
[rosmaster.master][INFO] 2026-08-30 00:23:07,737: publisherUpdate[/detected_objects] -> http://localhost:44311/ ['http://localhost:42905/']
[rosmaster.master][INFO] 2026-08-30 00:23:07,739: publisherUpdate[/detected_objects] -> http://localhost:44311/ ['http://localhost:42905/']: sec=0.00, result=[1, '', 0]
[rosmaster.master][INFO] 2026-08-30 00:23:07,954: +CACHEDPARAM [/rosout_disable_topics_generation] by /target_tracking_controller
[rosmaster.master][INFO] 2026-08-30 00:23:07,959: +CACHEDPARAM [/rosout_disable_topics_generation] by /target_tracking_controller
[rosmaster.master][INFO] 2026-08-30 00:23:07,969: +CACHEDPARAM [/rosout_disable_topics_generation] by /health_checker
[rosmaster.master][INFO] 2026-08-30 00:23:07,971: +CACHEDPARAM [/rosout_disable_topics_generation] by /health_checker
[rosmaster.master][INFO] 2026-08-30 00:23:07,973: +CACHEDPARAM [/rosout_disable_topics_generation] by /health_checker
[rosmaster.master][INFO] 2026-08-30 00:24:03,949: +PUB [/rosout] /trajectory_planner http://localhost:36063/
[rosmaster.master][INFO] 2026-08-30 00:24:03,956: +SERVICE [/trajectory_planner/get_loggers] /trajectory_planner http://localhost:36063/
[rosmaster.master][INFO] 2026-08-30 00:24:03,957: +SERVICE [/trajectory_planner/set_logger_level] /trajectory_planner http://localhost:36063/
[rosmaster.master][INFO] 2026-08-30 00:24:03,962: +SUB [/mavros/local_position/odom] /trajectory_planner http://localhost:36063/
[rosmaster.master][INFO] 2026-08-30 00:24:03,967: -SUB [/mavros/local_position/odom] /trajectory_planner http://localhost:36063/
[rosmaster.master][INFO] 2026-08-30 00:24:03,967: -PUB [/rosout] /trajectory_planner http://localhost:36063/
[rosmaster.master][INFO] 2026-08-30 00:24:03,967: -SERVICE [/trajectory_planner/get_loggers] /trajectory_planner rosrpc://localhost:35119
[rosmaster.master][INFO] 2026-08-30 00:24:03,967: -SERVICE [/trajectory_planner/set_logger_level] /trajectory_planner rosrpc://localhost:35119
[rosmaster.master][INFO] 2026-08-30 00:24:03,989: publisherUpdate[/rosout] -> http://localhost:38789/ ['http://localhost:40315/', 'http://localhost:40029/', 'http://localhost:39597/', 'http://localhost:40355/', 'http://localhost:44507/', 'http://localhost:45889/', 'http://localhost:42185/', 'http://localhost:46783/', 'http://localhost:43021/', 'http://localhost:44311/', 'http://localhost:42905/', 'http://localhost:36063/']
[rosmaster.master][INFO] 2026-08-30 00:24:03,993: publisherUpdate[/rosout] -> http://localhost:38789/ ['http://localhost:40315/', 'http://localhost:40029/', 'http://localhost:39597/', 'http://localhost:40355/', 'http://localhost:44507/', 'http://localhost:45889/', 'http://localhost:42185/', 'http://localhost:46783/', 'http://localhost:43021/', 'http://localhost:44311/', 'http://localhost:42905/', 'http://localhost:36063/']: sec=0.00, result=[1, '', 0]
[rosmaster.master][INFO] 2026-08-30 00:24:03,993: publisherUpdate[/rosout] -> http://localhost:38789/ ['http://localhost:40315/', 'http://localhost:40029/', 'http://localhost:39597/', 'http://localhost:40355/', 'http://localhost:44507/', 'http://localhost:45889/', 'http://localhost:42185/', 'http://localhost:46783/', 'http://localhost:43021/', 'http://localhost:44311/', 'http://localhost:42905/']
[rosmaster.master][INFO] 2026-08-30 00:24:03,994: publisherUpdate[/rosout] -> http://localhost:38789/ ['http://localhost:40315/', 'http://localhost:40029/', 'http://localhost:39597/', 'http://localhost:40355/', 'http://localhost:44507/', 'http://localhost:45889/', 'http://localhost:42185/', 'http://localhost:46783/', 'http://localhost:43021/', 'http://localhost:44311/', 'http://localhost:42905/']: sec=0.00, result=[1, '', 0]
[rosmaster.master][INFO] 2026-08-30 00:24:09,933: +PUB [/rosout] /trajectory_planner http://localhost:36701/
[rosmaster.master][INFO] 2026-08-30 00:24:09,938: +SERVICE [/trajectory_planner/get_loggers] /trajectory_planner http://localhost:36701/
[rosmaster.master][INFO] 2026-08-30 00:24:09,939: +SERVICE [/trajectory_planner/set_logger_level] /trajectory_planner http://localhost:36701/
[rosmaster.master][INFO] 2026-08-30 00:24:09,944: +SUB [/mavros/local_position/odom] /trajectory_planner http://localhost:36701/
[rosmaster.master][INFO] 2026-08-30 00:24:09,948: -SUB [/mavros/local_position/odom] /trajectory_planner http://localhost:36701/
[rosmaster.master][INFO] 2026-08-30 00:24:09,948: -PUB [/rosout] /trajectory_planner http://localhost:36701/
[rosmaster.master][INFO] 2026-08-30 00:24:09,948: -SERVICE [/trajectory_planner/get_loggers] /trajectory_planner rosrpc://localhost:42265
[rosmaster.master][INFO] 2026-08-30 00:24:09,948: -SERVICE [/trajectory_planner/set_logger_level] /trajectory_planner rosrpc://localhost:42265
[rosmaster.master][INFO] 2026-08-30 00:24:09,950: publisherUpdate[/rosout] -> http://localhost:38789/ ['http://localhost:40315/', 'http://localhost:40029/', 'http://localhost:39597/', 'http://localhost:40355/', 'http://localhost:44507/', 'http://localhost:45889/', 'http://localhost:42185/', 'http://localhost:46783/', 'http://localhost:43021/', 'http://localhost:44311/', 'http://localhost:42905/', 'http://localhost:36701/']
[rosmaster.master][INFO] 2026-08-30 00:24:09,953: publisherUpdate[/rosout] -> http://localhost:38789/ ['http://localhost:40315/', 'http://localhost:40029/', 'http://localhost:39597/', 'http://localhost:40355/', 'http://localhost:44507/', 'http://localhost:45889/', 'http://localhost:42185/', 'http://localhost:46783/', 'http://localhost:43021/', 'http://localhost:44311/', 'http://localhost:42905/', 'http://localhost:36701/']: sec=0.00, result=[1, '', 0]
[rosmaster.master][INFO] 2026-08-30 00:24:09,953: publisherUpdate[/rosout] -> http://localhost:38789/ ['http://localhost:40315/', 'http://localhost:40029/', 'http://localhost:39597/', 'http://localhost:40355/', 'http://localhost:44507/', 'http://localhost:45889/', 'http://localhost:42185/', 'http://localhost:46783/', 'http://localhost:43021/', 'http://localhost:44311/', 'http://localhost:42905/']
[rosmaster.master][INFO] 2026-08-30 00:24:09,954: publisherUpdate[/rosout] -> http://localhost:38789/ ['http://localhost:40315/', 'http://localhost:40029/', 'http://localhost:39597/', 'http://localhost:40355/', 'http://localhost:44507/', 'http://localhost:45889/', 'http://localhost:42185/', 'http://localhost:46783/', 'http://localhost:43021/', 'http://localhost:44311/', 'http://localhost:42905/']: sec=0.00, result=[1, '', 0]
[rosmaster.master][INFO] 2026-08-30 00:24:14,776: +PUB [/rosout] /trajectory_planner http://localhost:33459/
[rosmaster.master][INFO] 2026-08-30 00:24:14,781: +SERVICE [/trajectory_planner/get_loggers] /trajectory_planner http://localhost:33459/
[rosmaster.master][INFO] 2026-08-30 00:24:14,782: +SERVICE [/trajectory_planner/set_logger_level] /trajectory_planner http://localhost:33459/
[rosmaster.master][INFO] 2026-08-30 00:24:14,787: +SUB [/mavros/local_position/odom] /trajectory_planner http://localhost:33459/
[rosmaster.master][INFO] 2026-08-30 00:24:14,791: -SUB [/mavros/local_position/odom] /trajectory_planner http://localhost:33459/
[rosmaster.master][INFO] 2026-08-30 00:24:14,792: -PUB [/rosout] /trajectory_planner http://localhost:33459/
[rosmaster.master][INFO] 2026-08-30 00:24:14,792: -SERVICE [/trajectory_planner/get_loggers] /trajectory_planner rosrpc://localhost:35123
[rosmaster.master][INFO] 2026-08-30 00:24:14,792: -SERVICE [/trajectory_planner/set_logger_level] /trajectory_planner rosrpc://localhost:35123
[rosmaster.master][INFO] 2026-08-30 00:24:14,793: publisherUpdate[/rosout] -> http://localhost:38789/ ['http://localhost:40315/', 'http://localhost:40029/', 'http://localhost:39597/', 'http://localhost:40355/', 'http://localhost:44507/', 'http://localhost:45889/', 'http://localhost:42185/', 'http://localhost:46783/', 'http://localhost:43021/', 'http://localhost:44311/', 'http://localhost:42905/', 'http://localhost:33459/']
[rosmaster.master][INFO] 2026-08-30 00:24:14,797: publisherUpdate[/rosout] -> http://localhost:38789/ ['http://localhost:40315/', 'http://localhost:40029/', 'http://localhost:39597/', 'http://localhost:40355/', 'http://localhost:44507/', 'http://localhost:45889/', 'http://localhost:42185/', 'http://localhost:46783/', 'http://localhost:43021/', 'http://localhost:44311/', 'http://localhost:42905/', 'http://localhost:33459/']: sec=0.00, result=[1, '', 0]
[rosmaster.master][INFO] 2026-08-30 00:24:14,797: publisherUpdate[/rosout] -> http://localhost:38789/ ['http://localhost:40315/', 'http://localhost:40029/', 'http://localhost:39597/', 'http://localhost:40355/', 'http://localhost:44507/', 'http://localhost:45889/', 'http://localhost:42185/', 'http://localhost:46783/', 'http://localhost:43021/', 'http://localhost:44311/', 'http://localhost:42905/']
[rosmaster.master][INFO] 2026-08-30 00:24:14,798: publisherUpdate[/rosout] -> http://localhost:38789/ ['http://localhost:40315/', 'http://localhost:40029/', 'http://localhost:39597/', 'http://localhost:40355/', 'http://localhost:44507/', 'http://localhost:45889/', 'http://localhost:42185/', 'http://localhost:46783/', 'http://localhost:43021/', 'http://localhost:44311/', 'http://localhost:42905/']: sec=0.00, result=[1, '', 0]
[rosmaster.master][INFO] 2026-08-30 00:24:20,058: +PUB [/rosout] /trajectory_planner http://localhost:33875/
[rosmaster.master][INFO] 2026-08-30 00:24:20,063: +SERVICE [/trajectory_planner/get_loggers] /trajectory_planner http://localhost:33875/
[rosmaster.master][INFO] 2026-08-30 00:24:20,064: +SERVICE [/trajectory_planner/set_logger_level] /trajectory_planner http://localhost:33875/
[rosmaster.master][INFO] 2026-08-30 00:24:20,070: +SUB [/mavros/local_position/odom] /trajectory_planner http://localhost:33875/
[rosmaster.master][INFO] 2026-08-30 00:24:20,074: -SUB [/mavros/local_position/odom] /trajectory_planner http://localhost:33875/
[rosmaster.master][INFO] 2026-08-30 00:24:20,074: -PUB [/rosout] /trajectory_planner http://localhost:33875/
[rosmaster.master][INFO] 2026-08-30 00:24:20,074: -SERVICE [/trajectory_planner/get_loggers] /trajectory_planner rosrpc://localhost:46435
[rosmaster.master][INFO] 2026-08-30 00:24:20,074: -SERVICE [/trajectory_planner/set_logger_level] /trajectory_planner rosrpc://localhost:46435
[rosmaster.master][INFO] 2026-08-30 00:24:20,128: publisherUpdate[/rosout] -> http://localhost:38789/ ['http://localhost:40315/', 'http://localhost:40029/', 'http://localhost:39597/', 'http://localhost:40355/', 'http://localhost:44507/', 'http://localhost:45889/', 'http://localhost:42185/', 'http://localhost:46783/', 'http://localhost:43021/', 'http://localhost:44311/', 'http://localhost:42905/', 'http://localhost:33875/']
[rosmaster.master][INFO] 2026-08-30 00:24:20,129: publisherUpdate[/rosout] -> http://localhost:38789/ ['http://localhost:40315/', 'http://localhost:40029/', 'http://localhost:39597/', 'http://localhost:40355/', 'http://localhost:44507/', 'http://localhost:45889/', 'http://localhost:42185/', 'http://localhost:46783/', 'http://localhost:43021/', 'http://localhost:44311/', 'http://localhost:42905/', 'http://localhost:33875/']: sec=0.00, result=[1, '', 0]
[rosmaster.master][INFO] 2026-08-30 00:24:20,129: publisherUpdate[/rosout] -> http://localhost:38789/ ['http://localhost:40315/', 'http://localhost:40029/', 'http://localhost:39597/', 'http://localhost:40355/', 'http://localhost:44507/', 'http://localhost:45889/', 'http://localhost:42185/', 'http://localhost:46783/', 'http://localhost:43021/', 'http://localhost:44311/', 'http://localhost:42905/']
[rosmaster.master][INFO] 2026-08-30 00:24:20,130: publisherUpdate[/rosout] -> http://localhost:38789/ ['http://localhost:40315/', 'http://localhost:40029/', 'http://localhost:39597/', 'http://localhost:40355/', 'http://localhost:44507/', 'http://localhost:45889/', 'http://localhost:42185/', 'http://localhost:46783/', 'http://localhost:43021/', 'http://localhost:44311/', 'http://localhost:42905/']: sec=0.00, result=[1, '', 0]
[rosmaster.master][INFO] 2026-08-30 00:24:26,163: +PUB [/rosout] /trajectory_planner http://localhost:45937/
[rosmaster.master][INFO] 2026-08-30 00:24:26,166: publisherUpdate[/rosout] -> http://localhost:38789/ ['http://localhost:40315/', 'http://localhost:40029/', 'http://localhost:39597/', 'http://localhost:40355/', 'http://localhost:44507/', 'http://localhost:45889/', 'http://localhost:42185/', 'http://localhost:46783/', 'http://localhost:43021/', 'http://localhost:44311/', 'http://localhost:42905/', 'http://localhost:45937/']
[rosmaster.master][INFO] 2026-08-30 00:24:26,166: publisherUpdate[/rosout] -> http://localhost:38789/ ['http://localhost:40315/', 'http://localhost:40029/', 'http://localhost:39597/', 'http://localhost:40355/', 'http://localhost:44507/', 'http://localhost:45889/', 'http://localhost:42185/', 'http://localhost:46783/', 'http://localhost:43021/', 'http://localhost:44311/', 'http://localhost:42905/', 'http://localhost:45937/']: sec=0.00, result=[1, '', 0]
[rosmaster.master][INFO] 2026-08-30 00:24:26,170: +SERVICE [/trajectory_planner/get_loggers] /trajectory_planner http://localhost:45937/
[rosmaster.master][INFO] 2026-08-30 00:24:26,171: +SERVICE [/trajectory_planner/set_logger_level] /trajectory_planner http://localhost:45937/
[rosmaster.master][INFO] 2026-08-30 00:24:26,176: +SUB [/mavros/local_position/odom] /trajectory_planner http://localhost:45937/
[rosmaster.master][INFO] 2026-08-30 00:24:26,180: -SUB [/mavros/local_position/odom] /trajectory_planner http://localhost:45937/
[rosmaster.master][INFO] 2026-08-30 00:24:26,180: -PUB [/rosout] /trajectory_planner http://localhost:45937/
[rosmaster.master][INFO] 2026-08-30 00:24:26,180: -SERVICE [/trajectory_planner/get_loggers] /trajectory_planner rosrpc://localhost:39137
[rosmaster.master][INFO] 2026-08-30 00:24:26,180: -SERVICE [/trajectory_planner/set_logger_level] /trajectory_planner rosrpc://localhost:39137
[rosmaster.master][INFO] 2026-08-30 00:24:26,194: publisherUpdate[/rosout] -> http://localhost:38789/ ['http://localhost:40315/', 'http://localhost:40029/', 'http://localhost:39597/', 'http://localhost:40355/', 'http://localhost:44507/', 'http://localhost:45889/', 'http://localhost:42185/', 'http://localhost:46783/', 'http://localhost:43021/', 'http://localhost:44311/', 'http://localhost:42905/']
[rosmaster.master][INFO] 2026-08-30 00:24:26,195: publisherUpdate[/rosout] -> http://localhost:38789/ ['http://localhost:40315/', 'http://localhost:40029/', 'http://localhost:39597/', 'http://localhost:40355/', 'http://localhost:44507/', 'http://localhost:45889/', 'http://localhost:42185/', 'http://localhost:46783/', 'http://localhost:43021/', 'http://localhost:44311/', 'http://localhost:42905/']: sec=0.00, result=[1, '', 0]
[rosmaster.master][INFO] 2026-08-30 00:24:32,691: +PUB [/rosout] /trajectory_planner http://localhost:44167/
[rosmaster.master][INFO] 2026-08-30 00:24:32,697: +SERVICE [/trajectory_planner/get_loggers] /trajectory_planner http://localhost:44167/
[rosmaster.master][INFO] 2026-08-30 00:24:32,698: +SERVICE [/trajectory_planner/set_logger_level] /trajectory_planner http://localhost:44167/
[rosmaster.master][INFO] 2026-08-30 00:24:32,703: +SUB [/mavros/local_position/odom] /trajectory_planner http://localhost:44167/
[rosmaster.master][INFO] 2026-08-30 00:24:32,710: -SUB [/mavros/local_position/odom] /trajectory_planner http://localhost:44167/
[rosmaster.master][INFO] 2026-08-30 00:24:32,710: -PUB [/rosout] /trajectory_planner http://localhost:44167/
[rosmaster.master][INFO] 2026-08-30 00:24:32,710: -SERVICE [/trajectory_planner/get_loggers] /trajectory_planner rosrpc://localhost:36265
[rosmaster.master][INFO] 2026-08-30 00:24:32,710: -SERVICE [/trajectory_planner/set_logger_level] /trajectory_planner rosrpc://localhost:36265
[rosmaster.master][INFO] 2026-08-30 00:24:32,711: publisherUpdate[/rosout] -> http://localhost:38789/ ['http://localhost:40315/', 'http://localhost:40029/', 'http://localhost:39597/', 'http://localhost:40355/', 'http://localhost:44507/', 'http://localhost:45889/', 'http://localhost:42185/', 'http://localhost:46783/', 'http://localhost:43021/', 'http://localhost:44311/', 'http://localhost:42905/', 'http://localhost:44167/']
[rosmaster.master][INFO] 2026-08-30 00:24:32,714: publisherUpdate[/rosout] -> http://localhost:38789/ ['http://localhost:40315/', 'http://localhost:40029/', 'http://localhost:39597/', 'http://localhost:40355/', 'http://localhost:44507/', 'http://localhost:45889/', 'http://localhost:42185/', 'http://localhost:46783/', 'http://localhost:43021/', 'http://localhost:44311/', 'http://localhost:42905/', 'http://localhost:44167/']: sec=0.00, result=[1, '', 0]
[rosmaster.master][INFO] 2026-08-30 00:24:32,714: publisherUpdate[/rosout] -> http://localhost:38789/ ['http://localhost:40315/', 'http://localhost:40029/', 'http://localhost:39597/', 'http://localhost:40355/', 'http://localhost:44507/', 'http://localhost:45889/', 'http://localhost:42185/', 'http://localhost:46783/', 'http://localhost:43021/', 'http://localhost:44311/', 'http://localhost:42905/']
[rosmaster.master][INFO] 2026-08-30 00:24:32,718: publisherUpdate[/rosout] -> http://localhost:38789/ ['http://localhost:40315/', 'http://localhost:40029/', 'http://localhost:39597/', 'http://localhost:40355/', 'http://localhost:44507/', 'http://localhost:45889/', 'http://localhost:42185/', 'http://localhost:46783/', 'http://localhost:43021/', 'http://localhost:44311/', 'http://localhost:42905/']: sec=0.00, result=[1, '', 0]
[rosmaster.master][INFO] 2026-08-30 00:24:40,954: +PUB [/rosout] /trajectory_planner http://localhost:44187/
[rosmaster.master][INFO] 2026-08-30 00:24:40,960: +SERVICE [/trajectory_planner/get_loggers] /trajectory_planner http://localhost:44187/
[rosmaster.master][INFO] 2026-08-30 00:24:40,961: +SERVICE [/trajectory_planner/set_logger_level] /trajectory_planner http://localhost:44187/
[rosmaster.master][INFO] 2026-08-30 00:24:40,968: +SUB [/mavros/local_position/odom] /trajectory_planner http://localhost:44187/
[rosmaster.master][INFO] 2026-08-30 00:24:40,972: -SUB [/mavros/local_position/odom] /trajectory_planner http://localhost:44187/
[rosmaster.master][INFO] 2026-08-30 00:24:40,972: -PUB [/rosout] /trajectory_planner http://localhost:44187/
[rosmaster.master][INFO] 2026-08-30 00:24:40,972: -SERVICE [/trajectory_planner/get_loggers] /trajectory_planner rosrpc://localhost:34031
[rosmaster.master][INFO] 2026-08-30 00:24:40,973: -SERVICE [/trajectory_planner/set_logger_level] /trajectory_planner rosrpc://localhost:34031
[rosmaster.master][INFO] 2026-08-30 00:24:40,990: publisherUpdate[/rosout] -> http://localhost:38789/ ['http://localhost:40315/', 'http://localhost:40029/', 'http://localhost:39597/', 'http://localhost:40355/', 'http://localhost:44507/', 'http://localhost:45889/', 'http://localhost:42185/', 'http://localhost:46783/', 'http://localhost:43021/', 'http://localhost:44311/', 'http://localhost:42905/', 'http://localhost:44187/']
[rosmaster.master][INFO] 2026-08-30 00:24:40,994: publisherUpdate[/rosout] -> http://localhost:38789/ ['http://localhost:40315/', 'http://localhost:40029/', 'http://localhost:39597/', 'http://localhost:40355/', 'http://localhost:44507/', 'http://localhost:45889/', 'http://localhost:42185/', 'http://localhost:46783/', 'http://localhost:43021/', 'http://localhost:44311/', 'http://localhost:42905/', 'http://localhost:44187/']: sec=0.00, result=[1, '', 0]
[rosmaster.master][INFO] 2026-08-30 00:24:40,994: publisherUpdate[/rosout] -> http://localhost:38789/ ['http://localhost:40315/', 'http://localhost:40029/', 'http://localhost:39597/', 'http://localhost:40355/', 'http://localhost:44507/', 'http://localhost:45889/', 'http://localhost:42185/', 'http://localhost:46783/', 'http://localhost:43021/', 'http://localhost:44311/', 'http://localhost:42905/']
[rosmaster.master][INFO] 2026-08-30 00:24:40,995: publisherUpdate[/rosout] -> http://localhost:38789/ ['http://localhost:40315/', 'http://localhost:40029/', 'http://localhost:39597/', 'http://localhost:40355/', 'http://localhost:44507/', 'http://localhost:45889/', 'http://localhost:42185/', 'http://localhost:46783/', 'http://localhost:43021/', 'http://localhost:44311/', 'http://localhost:42905/']: sec=0.00, result=[1, '', 0]
[rosmaster.master][INFO] 2026-08-30 00:24:52,097: +PUB [/rosout] /trajectory_planner http://localhost:42875/
[rosmaster.master][INFO] 2026-08-30 00:24:52,104: +SERVICE [/trajectory_planner/get_loggers] /trajectory_planner http://localhost:42875/
[rosmaster.master][INFO] 2026-08-30 00:24:52,105: +SERVICE [/trajectory_planner/set_logger_level] /trajectory_planner http://localhost:42875/
[rosmaster.master][INFO] 2026-08-30 00:24:52,106: publisherUpdate[/rosout] -> http://localhost:38789/ ['http://localhost:40315/', 'http://localhost:40029/', 'http://localhost:39597/', 'http://localhost:40355/', 'http://localhost:44507/', 'http://localhost:45889/', 'http://localhost:42185/', 'http://localhost:46783/', 'http://localhost:43021/', 'http://localhost:44311/', 'http://localhost:42905/', 'http://localhost:42875/']
[rosmaster.master][INFO] 2026-08-30 00:24:52,107: publisherUpdate[/rosout] -> http://localhost:38789/ ['http://localhost:40315/', 'http://localhost:40029/', 'http://localhost:39597/', 'http://localhost:40355/', 'http://localhost:44507/', 'http://localhost:45889/', 'http://localhost:42185/', 'http://localhost:46783/', 'http://localhost:43021/', 'http://localhost:44311/', 'http://localhost:42905/', 'http://localhost:42875/']: sec=0.00, result=[1, '', 0]
[rosmaster.master][INFO] 2026-08-30 00:24:52,111: +SUB [/mavros/local_position/odom] /trajectory_planner http://localhost:42875/
[rosmaster.master][INFO] 2026-08-30 00:24:52,116: -SUB [/mavros/local_position/odom] /trajectory_planner http://localhost:42875/
[rosmaster.master][INFO] 2026-08-30 00:24:52,116: -PUB [/rosout] /trajectory_planner http://localhost:42875/
[rosmaster.master][INFO] 2026-08-30 00:24:52,116: -SERVICE [/trajectory_planner/get_loggers] /trajectory_planner rosrpc://localhost:40111
[rosmaster.master][INFO] 2026-08-30 00:24:52,116: -SERVICE [/trajectory_planner/set_logger_level] /trajectory_planner rosrpc://localhost:40111
[rosmaster.master][INFO] 2026-08-30 00:24:52,174: publisherUpdate[/rosout] -> http://localhost:38789/ ['http://localhost:40315/', 'http://localhost:40029/', 'http://localhost:39597/', 'http://localhost:40355/', 'http://localhost:44507/', 'http://localhost:45889/', 'http://localhost:42185/', 'http://localhost:46783/', 'http://localhost:43021/', 'http://localhost:44311/', 'http://localhost:42905/']
[rosmaster.master][INFO] 2026-08-30 00:24:52,175: publisherUpdate[/rosout] -> http://localhost:38789/ ['http://localhost:40315/', 'http://localhost:40029/', 'http://localhost:39597/', 'http://localhost:40355/', 'http://localhost:44507/', 'http://localhost:45889/', 'http://localhost:42185/', 'http://localhost:46783/', 'http://localhost:43021/', 'http://localhost:44311/', 'http://localhost:42905/']: sec=0.00, result=[1, '', 0]
[rosmaster.master][INFO] 2026-08-30 00:25:09,833: +PUB [/rosout] /trajectory_planner http://localhost:35491/
[rosmaster.master][INFO] 2026-08-30 00:25:09,839: +SERVICE [/trajectory_planner/get_loggers] /trajectory_planner http://localhost:35491/
[rosmaster.master][INFO] 2026-08-30 00:25:09,839: +SERVICE [/trajectory_planner/set_logger_level] /trajectory_planner http://localhost:35491/
[rosmaster.master][INFO] 2026-08-30 00:25:09,844: +SUB [/mavros/local_position/odom] /trajectory_planner http://localhost:35491/
[rosmaster.master][INFO] 2026-08-30 00:25:09,848: -SUB [/mavros/local_position/odom] /trajectory_planner http://localhost:35491/
[rosmaster.master][INFO] 2026-08-30 00:25:09,848: -PUB [/rosout] /trajectory_planner http://localhost:35491/
[rosmaster.master][INFO] 2026-08-30 00:25:09,848: -SERVICE [/trajectory_planner/get_loggers] /trajectory_planner rosrpc://localhost:44697
[rosmaster.master][INFO] 2026-08-30 00:25:09,848: -SERVICE [/trajectory_planner/set_logger_level] /trajectory_planner rosrpc://localhost:44697
[rosmaster.master][INFO] 2026-08-30 00:25:09,852: publisherUpdate[/rosout] -> http://localhost:38789/ ['http://localhost:40315/', 'http://localhost:40029/', 'http://localhost:39597/', 'http://localhost:40355/', 'http://localhost:44507/', 'http://localhost:45889/', 'http://localhost:42185/', 'http://localhost:46783/', 'http://localhost:43021/', 'http://localhost:44311/', 'http://localhost:42905/', 'http://localhost:35491/']
[rosmaster.master][INFO] 2026-08-30 00:25:09,855: publisherUpdate[/rosout] -> http://localhost:38789/ ['http://localhost:40315/', 'http://localhost:40029/', 'http://localhost:39597/', 'http://localhost:40355/', 'http://localhost:44507/', 'http://localhost:45889/', 'http://localhost:42185/', 'http://localhost:46783/', 'http://localhost:43021/', 'http://localhost:44311/', 'http://localhost:42905/', 'http://localhost:35491/']: sec=0.00, result=[1, '', 0]
[rosmaster.master][INFO] 2026-08-30 00:25:09,855: publisherUpdate[/rosout] -> http://localhost:38789/ ['http://localhost:40315/', 'http://localhost:40029/', 'http://localhost:39597/', 'http://localhost:40355/', 'http://localhost:44507/', 'http://localhost:45889/', 'http://localhost:42185/', 'http://localhost:46783/', 'http://localhost:43021/', 'http://localhost:44311/', 'http://localhost:42905/']
[rosmaster.master][INFO] 2026-08-30 00:25:09,857: publisherUpdate[/rosout] -> http://localhost:38789/ ['http://localhost:40315/', 'http://localhost:40029/', 'http://localhost:39597/', 'http://localhost:40355/', 'http://localhost:44507/', 'http://localhost:45889/', 'http://localhost:42185/', 'http://localhost:46783/', 'http://localhost:43021/', 'http://localhost:44311/', 'http://localhost:42905/']: sec=0.00, result=[1, '', 0]
[rosmaster.master][INFO] 2026-08-30 00:25:40,147: +PUB [/rosout] /trajectory_planner http://localhost:41621/
[rosmaster.master][INFO] 2026-08-30 00:25:40,152: +SERVICE [/trajectory_planner/get_loggers] /trajectory_planner http://localhost:41621/
[rosmaster.master][INFO] 2026-08-30 00:25:40,153: +SERVICE [/trajectory_planner/set_logger_level] /trajectory_planner http://localhost:41621/
[rosmaster.master][INFO] 2026-08-30 00:25:40,155: publisherUpdate[/rosout] -> http://localhost:38789/ ['http://localhost:40315/', 'http://localhost:40029/', 'http://localhost:39597/', 'http://localhost:40355/', 'http://localhost:44507/', 'http://localhost:45889/', 'http://localhost:42185/', 'http://localhost:46783/', 'http://localhost:43021/', 'http://localhost:44311/', 'http://localhost:42905/', 'http://localhost:41621/']
[rosmaster.master][INFO] 2026-08-30 00:25:40,156: publisherUpdate[/rosout] -> http://localhost:38789/ ['http://localhost:40315/', 'http://localhost:40029/', 'http://localhost:39597/', 'http://localhost:40355/', 'http://localhost:44507/', 'http://localhost:45889/', 'http://localhost:42185/', 'http://localhost:46783/', 'http://localhost:43021/', 'http://localhost:44311/', 'http://localhost:42905/', 'http://localhost:41621/']: sec=0.00, result=[1, '', 0]
[rosmaster.master][INFO] 2026-08-30 00:25:40,159: +SUB [/mavros/local_position/odom] /trajectory_planner http://localhost:41621/
[rosmaster.master][INFO] 2026-08-30 00:25:40,162: -SUB [/mavros/local_position/odom] /trajectory_planner http://localhost:41621/
[rosmaster.master][INFO] 2026-08-30 00:25:40,162: -PUB [/rosout] /trajectory_planner http://localhost:41621/
[rosmaster.master][INFO] 2026-08-30 00:25:40,163: -SERVICE [/trajectory_planner/get_loggers] /trajectory_planner rosrpc://localhost:37047
[rosmaster.master][INFO] 2026-08-30 00:25:40,163: -SERVICE [/trajectory_planner/set_logger_level] /trajectory_planner rosrpc://localhost:37047
[rosmaster.master][INFO] 2026-08-30 00:25:40,173: publisherUpdate[/rosout] -> http://localhost:38789/ ['http://localhost:40315/', 'http://localhost:40029/', 'http://localhost:39597/', 'http://localhost:40355/', 'http://localhost:44507/', 'http://localhost:45889/', 'http://localhost:42185/', 'http://localhost:46783/', 'http://localhost:43021/', 'http://localhost:44311/', 'http://localhost:42905/']
[rosmaster.master][INFO] 2026-08-30 00:25:40,174: publisherUpdate[/rosout] -> http://localhost:38789/ ['http://localhost:40315/', 'http://localhost:40029/', 'http://localhost:39597/', 'http://localhost:40355/', 'http://localhost:44507/', 'http://localhost:45889/', 'http://localhost:42185/', 'http://localhost:46783/', 'http://localhost:43021/', 'http://localhost:44311/', 'http://localhost:42905/']: sec=0.00, result=[1, '', 0]
[rosmaster.master][INFO] 2026-08-30 00:26:36,183: +PUB [/rosout] /trajectory_planner http://localhost:40487/
[rosmaster.master][INFO] 2026-08-30 00:26:36,188: +SERVICE [/trajectory_planner/get_loggers] /trajectory_planner http://localhost:40487/
[rosmaster.master][INFO] 2026-08-30 00:26:36,189: +SERVICE [/trajectory_planner/set_logger_level] /trajectory_planner http://localhost:40487/
[rosmaster.master][INFO] 2026-08-30 00:26:36,194: +SUB [/mavros/local_position/odom] /trajectory_planner http://localhost:40487/
[rosmaster.master][INFO] 2026-08-30 00:26:36,196: publisherUpdate[/rosout] -> http://localhost:38789/ ['http://localhost:40315/', 'http://localhost:40029/', 'http://localhost:39597/', 'http://localhost:40355/', 'http://localhost:44507/', 'http://localhost:45889/', 'http://localhost:42185/', 'http://localhost:46783/', 'http://localhost:43021/', 'http://localhost:44311/', 'http://localhost:42905/', 'http://localhost:40487/']
[rosmaster.master][INFO] 2026-08-30 00:26:36,199: publisherUpdate[/rosout] -> http://localhost:38789/ ['http://localhost:40315/', 'http://localhost:40029/', 'http://localhost:39597/', 'http://localhost:40355/', 'http://localhost:44507/', 'http://localhost:45889/', 'http://localhost:42185/', 'http://localhost:46783/', 'http://localhost:43021/', 'http://localhost:44311/', 'http://localhost:42905/', 'http://localhost:40487/']: sec=0.00, result=[1, '', 0]
[rosmaster.master][INFO] 2026-08-30 00:26:36,200: -SUB [/mavros/local_position/odom] /trajectory_planner http://localhost:40487/
[rosmaster.master][INFO] 2026-08-30 00:26:36,200: -PUB [/rosout] /trajectory_planner http://localhost:40487/
[rosmaster.master][INFO] 2026-08-30 00:26:36,200: -SERVICE [/trajectory_planner/get_loggers] /trajectory_planner rosrpc://localhost:33387
[rosmaster.master][INFO] 2026-08-30 00:26:36,200: -SERVICE [/trajectory_planner/set_logger_level] /trajectory_planner rosrpc://localhost:33387
[rosmaster.master][INFO] 2026-08-30 00:26:36,239: publisherUpdate[/rosout] -> http://localhost:38789/ ['http://localhost:40315/', 'http://localhost:40029/', 'http://localhost:39597/', 'http://localhost:40355/', 'http://localhost:44507/', 'http://localhost:45889/', 'http://localhost:42185/', 'http://localhost:46783/', 'http://localhost:43021/', 'http://localhost:44311/', 'http://localhost:42905/']
[rosmaster.master][INFO] 2026-08-30 00:26:36,240: publisherUpdate[/rosout] -> http://localhost:38789/ ['http://localhost:40315/', 'http://localhost:40029/', 'http://localhost:39597/', 'http://localhost:40355/', 'http://localhost:44507/', 'http://localhost:45889/', 'http://localhost:42185/', 'http://localhost:46783/', 'http://localhost:43021/', 'http://localhost:44311/', 'http://localhost:42905/']: sec=0.00, result=[1, '', 0]
[rosmaster.master][INFO] 2026-08-30 00:27:40,911: +PUB [/rosout] /trajectory_planner http://localhost:33035/
[rosmaster.master][INFO] 2026-08-30 00:27:40,916: +SERVICE [/trajectory_planner/get_loggers] /trajectory_planner http://localhost:33035/
[rosmaster.master][INFO] 2026-08-30 00:27:40,917: +SERVICE [/trajectory_planner/set_logger_level] /trajectory_planner http://localhost:33035/
[rosmaster.master][INFO] 2026-08-30 00:27:40,922: +SUB [/mavros/local_position/odom] /trajectory_planner http://localhost:33035/
[rosmaster.master][INFO] 2026-08-30 00:27:40,925: -SUB [/mavros/local_position/odom] /trajectory_planner http://localhost:33035/
[rosmaster.master][INFO] 2026-08-30 00:27:40,926: -PUB [/rosout] /trajectory_planner http://localhost:33035/
[rosmaster.master][INFO] 2026-08-30 00:27:40,926: -SERVICE [/trajectory_planner/get_loggers] /trajectory_planner rosrpc://localhost:35299
[rosmaster.master][INFO] 2026-08-30 00:27:40,926: -SERVICE [/trajectory_planner/set_logger_level] /trajectory_planner rosrpc://localhost:35299
[rosmaster.master][INFO] 2026-08-30 00:27:40,935: publisherUpdate[/rosout] -> http://localhost:38789/ ['http://localhost:40315/', 'http://localhost:40029/', 'http://localhost:39597/', 'http://localhost:40355/', 'http://localhost:44507/', 'http://localhost:45889/', 'http://localhost:42185/', 'http://localhost:46783/', 'http://localhost:43021/', 'http://localhost:44311/', 'http://localhost:42905/', 'http://localhost:33035/']
[rosmaster.master][INFO] 2026-08-30 00:27:40,939: publisherUpdate[/rosout] -> http://localhost:38789/ ['http://localhost:40315/', 'http://localhost:40029/', 'http://localhost:39597/', 'http://localhost:40355/', 'http://localhost:44507/', 'http://localhost:45889/', 'http://localhost:42185/', 'http://localhost:46783/', 'http://localhost:43021/', 'http://localhost:44311/', 'http://localhost:42905/', 'http://localhost:33035/']: sec=0.00, result=[1, '', 0]
[rosmaster.master][INFO] 2026-08-30 00:27:40,939: publisherUpdate[/rosout] -> http://localhost:38789/ ['http://localhost:40315/', 'http://localhost:40029/', 'http://localhost:39597/', 'http://localhost:40355/', 'http://localhost:44507/', 'http://localhost:45889/', 'http://localhost:42185/', 'http://localhost:46783/', 'http://localhost:43021/', 'http://localhost:44311/', 'http://localhost:42905/']
[rosmaster.master][INFO] 2026-08-30 00:27:40,940: publisherUpdate[/rosout] -> http://localhost:38789/ ['http://localhost:40315/', 'http://localhost:40029/', 'http://localhost:39597/', 'http://localhost:40355/', 'http://localhost:44507/', 'http://localhost:45889/', 'http://localhost:42185/', 'http://localhost:46783/', 'http://localhost:43021/', 'http://localhost:44311/', 'http://localhost:42905/']: sec=0.00, result=[1, '', 0]
[rosmaster.master][INFO] 2026-08-30 00:28:28,524: +CACHEDPARAM [/rosout_disable_topics_generation] by /health_checker
[rosmaster.master][INFO] 2026-08-30 00:28:28,526: +CACHEDPARAM [/rosout_disable_topics_generation] by /health_checker
[rosmaster.master][INFO] 2026-08-30 00:28:28,530: +CACHEDPARAM [/rosout_disable_topics_generation] by /health_checker
[rosmaster.master][INFO] 2026-08-30 00:28:28,533: +CACHEDPARAM [/rosout_disable_topics_generation] by /health_checker
[rosmaster.master][INFO] 2026-08-30 00:28:28,535: +CACHEDPARAM [/rosout_disable_topics_generation] by /health_checker
[rosmaster.master][INFO] 2026-08-30 00:28:28,537: +CACHEDPARAM [/rosout_disable_topics_generation] by /health_checker
[rosmaster.master][INFO] 2026-08-30 00:28:56,381: +PUB [/rosout] /trajectory_planner http://localhost:38119/
[rosmaster.master][INFO] 2026-08-30 00:28:56,387: +SERVICE [/trajectory_planner/get_loggers] /trajectory_planner http://localhost:38119/
[rosmaster.master][INFO] 2026-08-30 00:28:56,388: +SERVICE [/trajectory_planner/set_logger_level] /trajectory_planner http://localhost:38119/
[rosmaster.master][INFO] 2026-08-30 00:28:56,393: +SUB [/mavros/local_position/odom] /trajectory_planner http://localhost:38119/
[rosmaster.master][INFO] 2026-08-30 00:28:56,397: -SUB [/mavros/local_position/odom] /trajectory_planner http://localhost:38119/
[rosmaster.master][INFO] 2026-08-30 00:28:56,397: -PUB [/rosout] /trajectory_planner http://localhost:38119/
[rosmaster.master][INFO] 2026-08-30 00:28:56,397: -SERVICE [/trajectory_planner/get_loggers] /trajectory_planner rosrpc://localhost:46829
[rosmaster.master][INFO] 2026-08-30 00:28:56,398: -SERVICE [/trajectory_planner/set_logger_level] /trajectory_planner rosrpc://localhost:46829
[rosmaster.master][INFO] 2026-08-30 00:28:56,400: publisherUpdate[/rosout] -> http://localhost:38789/ ['http://localhost:40315/', 'http://localhost:40029/', 'http://localhost:39597/', 'http://localhost:40355/', 'http://localhost:44507/', 'http://localhost:45889/', 'http://localhost:42185/', 'http://localhost:46783/', 'http://localhost:43021/', 'http://localhost:44311/', 'http://localhost:42905/', 'http://localhost:38119/']
[rosmaster.master][INFO] 2026-08-30 00:28:56,405: publisherUpdate[/rosout] -> http://localhost:38789/ ['http://localhost:40315/', 'http://localhost:40029/', 'http://localhost:39597/', 'http://localhost:40355/', 'http://localhost:44507/', 'http://localhost:45889/', 'http://localhost:42185/', 'http://localhost:46783/', 'http://localhost:43021/', 'http://localhost:44311/', 'http://localhost:42905/', 'http://localhost:38119/']: sec=0.00, result=[1, '', 0]
[rosmaster.master][INFO] 2026-08-30 00:28:56,406: publisherUpdate[/rosout] -> http://localhost:38789/ ['http://localhost:40315/', 'http://localhost:40029/', 'http://localhost:39597/', 'http://localhost:40355/', 'http://localhost:44507/', 'http://localhost:45889/', 'http://localhost:42185/', 'http://localhost:46783/', 'http://localhost:43021/', 'http://localhost:44311/', 'http://localhost:42905/']
[rosmaster.master][INFO] 2026-08-30 00:28:56,406: publisherUpdate[/rosout] -> http://localhost:38789/ ['http://localhost:40315/', 'http://localhost:40029/', 'http://localhost:39597/', 'http://localhost:40355/', 'http://localhost:44507/', 'http://localhost:45889/', 'http://localhost:42185/', 'http://localhost:46783/', 'http://localhost:43021/', 'http://localhost:44311/', 'http://localhost:42905/']: sec=0.00, result=[1, '', 0]
[rosmaster.master][INFO] 2026-08-30 02:16:30,897: +CACHEDPARAM [/rosout_disable_topics_generation] by /health_checker
[rosmaster.master][INFO] 2026-08-30 02:16:30,913: +CACHEDPARAM [/rosout_disable_topics_generation] by /health_checker
[rosmaster.master][INFO] 2026-08-30 02:16:30,937: +CACHEDPARAM [/rosout_disable_topics_generation] by /health_checker
[rosmaster.master][INFO] 2026-08-30 02:16:30,944: +CACHEDPARAM [/rosout_disable_topics_generation] by /health_checker
[rosmaster.master][INFO] 2026-08-30 02:16:30,952: +CACHEDPARAM [/rosout_disable_topics_generation] by /health_checker
[rosmaster.master][INFO] 2026-08-30 02:16:30,959: +CACHEDPARAM [/rosout_disable_topics_generation] by /health_checker
[rosmaster.master][INFO] 2026-08-30 02:16:30,964: +CACHEDPARAM [/rosout_disable_topics_generation] by /health_checker
[rosmaster.master][INFO] 2026-08-30 02:16:30,968: +CACHEDPARAM [/rosout_disable_topics_generation] by /health_checker
[rosmaster.master][INFO] 2026-08-30 02:16:30,972: +CACHEDPARAM [/rosout_disable_topics_generation] by /health_checker
[rosmaster.master][INFO] 2026-08-30 02:16:40,806: +PUB [/rosout] /trajectory_planner http://localhost:33659/
[rosmaster.master][INFO] 2026-08-30 02:16:40,812: +SERVICE [/trajectory_planner/get_loggers] /trajectory_planner http://localhost:33659/
[rosmaster.master][INFO] 2026-08-30 02:16:40,813: +SERVICE [/trajectory_planner/set_logger_level] /trajectory_planner http://localhost:33659/
[rosmaster.master][INFO] 2026-08-30 02:16:40,818: +SUB [/mavros/local_position/odom] /trajectory_planner http://localhost:33659/
[rosmaster.master][INFO] 2026-08-30 02:16:40,822: -SUB [/mavros/local_position/odom] /trajectory_planner http://localhost:33659/
[rosmaster.master][INFO] 2026-08-30 02:16:40,823: -PUB [/rosout] /trajectory_planner http://localhost:33659/
[rosmaster.master][INFO] 2026-08-30 02:16:40,823: -SERVICE [/trajectory_planner/get_loggers] /trajectory_planner rosrpc://localhost:39299
[rosmaster.master][INFO] 2026-08-30 02:16:40,823: -SERVICE [/trajectory_planner/set_logger_level] /trajectory_planner rosrpc://localhost:39299
[rosmaster.master][INFO] 2026-08-30 02:16:40,861: publisherUpdate[/rosout] -> http://localhost:38789/ ['http://localhost:40315/', 'http://localhost:40029/', 'http://localhost:39597/', 'http://localhost:40355/', 'http://localhost:44507/', 'http://localhost:45889/', 'http://localhost:42185/', 'http://localhost:46783/', 'http://localhost:43021/', 'http://localhost:44311/', 'http://localhost:42905/', 'http://localhost:33659/']
[rosmaster.master][INFO] 2026-08-30 02:16:40,863: publisherUpdate[/rosout] -> http://localhost:38789/ ['http://localhost:40315/', 'http://localhost:40029/', 'http://localhost:39597/', 'http://localhost:40355/', 'http://localhost:44507/', 'http://localhost:45889/', 'http://localhost:42185/', 'http://localhost:46783/', 'http://localhost:43021/', 'http://localhost:44311/', 'http://localhost:42905/', 'http://localhost:33659/']: sec=0.00, result=[1, '', 0]
[rosmaster.master][INFO] 2026-08-30 02:16:40,863: publisherUpdate[/rosout] -> http://localhost:38789/ ['http://localhost:40315/', 'http://localhost:40029/', 'http://localhost:39597/', 'http://localhost:40355/', 'http://localhost:44507/', 'http://localhost:45889/', 'http://localhost:42185/', 'http://localhost:46783/', 'http://localhost:43021/', 'http://localhost:44311/', 'http://localhost:42905/']
[rosmaster.master][INFO] 2026-08-30 02:16:40,864: publisherUpdate[/rosout] -> http://localhost:38789/ ['http://localhost:40315/', 'http://localhost:40029/', 'http://localhost:39597/', 'http://localhost:40355/', 'http://localhost:44507/', 'http://localhost:45889/', 'http://localhost:42185/', 'http://localhost:46783/', 'http://localhost:43021/', 'http://localhost:44311/', 'http://localhost:42905/']: sec=0.00, result=[1, '', 0]
[rosmaster.master][INFO] 2026-08-30 02:16:46,810: +PUB [/rosout] /trajectory_planner http://localhost:46011/
[rosmaster.master][INFO] 2026-08-30 02:16:46,815: +SERVICE [/trajectory_planner/get_loggers] /trajectory_planner http://localhost:46011/
[rosmaster.master][INFO] 2026-08-30 02:16:46,816: +SERVICE [/trajectory_planner/set_logger_level] /trajectory_planner http://localhost:46011/
[rosmaster.master][INFO] 2026-08-30 02:16:46,821: +SUB [/mavros/local_position/odom] /trajectory_planner http://localhost:46011/
[rosmaster.master][INFO] 2026-08-30 02:16:46,825: -SUB [/mavros/local_position/odom] /trajectory_planner http://localhost:46011/
[rosmaster.master][INFO] 2026-08-30 02:16:46,826: -PUB [/rosout] /trajectory_planner http://localhost:46011/
[rosmaster.master][INFO] 2026-08-30 02:16:46,826: -SERVICE [/trajectory_planner/get_loggers] /trajectory_planner rosrpc://localhost:41949
[rosmaster.master][INFO] 2026-08-30 02:16:46,826: -SERVICE [/trajectory_planner/set_logger_level] /trajectory_planner rosrpc://localhost:41949
[rosmaster.master][INFO] 2026-08-30 02:16:46,853: publisherUpdate[/rosout] -> http://localhost:38789/ ['http://localhost:40315/', 'http://localhost:40029/', 'http://localhost:39597/', 'http://localhost:40355/', 'http://localhost:44507/', 'http://localhost:45889/', 'http://localhost:42185/', 'http://localhost:46783/', 'http://localhost:43021/', 'http://localhost:44311/', 'http://localhost:42905/', 'http://localhost:46011/']
[rosmaster.master][INFO] 2026-08-30 02:16:46,857: publisherUpdate[/rosout] -> http://localhost:38789/ ['http://localhost:40315/', 'http://localhost:40029/', 'http://localhost:39597/', 'http://localhost:40355/', 'http://localhost:44507/', 'http://localhost:45889/', 'http://localhost:42185/', 'http://localhost:46783/', 'http://localhost:43021/', 'http://localhost:44311/', 'http://localhost:42905/', 'http://localhost:46011/']: sec=0.00, result=[1, '', 0]
[rosmaster.master][INFO] 2026-08-30 02:16:46,857: publisherUpdate[/rosout] -> http://localhost:38789/ ['http://localhost:40315/', 'http://localhost:40029/', 'http://localhost:39597/', 'http://localhost:40355/', 'http://localhost:44507/', 'http://localhost:45889/', 'http://localhost:42185/', 'http://localhost:46783/', 'http://localhost:43021/', 'http://localhost:44311/', 'http://localhost:42905/']
[rosmaster.master][INFO] 2026-08-30 02:16:46,858: publisherUpdate[/rosout] -> http://localhost:38789/ ['http://localhost:40315/', 'http://localhost:40029/', 'http://localhost:39597/', 'http://localhost:40355/', 'http://localhost:44507/', 'http://localhost:45889/', 'http://localhost:42185/', 'http://localhost:46783/', 'http://localhost:43021/', 'http://localhost:44311/', 'http://localhost:42905/']: sec=0.00, result=[1, '', 0]
[rosmaster.master][INFO] 2026-08-30 02:16:53,138: +PUB [/rosout] /trajectory_planner http://localhost:40475/
[rosmaster.master][INFO] 2026-08-30 02:16:53,145: +SERVICE [/trajectory_planner/get_loggers] /trajectory_planner http://localhost:40475/
[rosmaster.master][INFO] 2026-08-30 02:16:53,146: +SERVICE [/trajectory_planner/set_logger_level] /trajectory_planner http://localhost:40475/
[rosmaster.master][INFO] 2026-08-30 02:16:53,154: +SUB [/mavros/local_position/odom] /trajectory_planner http://localhost:40475/
[rosmaster.master][INFO] 2026-08-30 02:16:53,159: -SUB [/mavros/local_position/odom] /trajectory_planner http://localhost:40475/
[rosmaster.master][INFO] 2026-08-30 02:16:53,160: -PUB [/rosout] /trajectory_planner http://localhost:40475/
[rosmaster.master][INFO] 2026-08-30 02:16:53,160: -SERVICE [/trajectory_planner/get_loggers] /trajectory_planner rosrpc://localhost:37685
[rosmaster.master][INFO] 2026-08-30 02:16:53,160: -SERVICE [/trajectory_planner/set_logger_level] /trajectory_planner rosrpc://localhost:37685
[rosmaster.master][INFO] 2026-08-30 02:16:53,164: publisherUpdate[/rosout] -> http://localhost:38789/ ['http://localhost:40315/', 'http://localhost:40029/', 'http://localhost:39597/', 'http://localhost:40355/', 'http://localhost:44507/', 'http://localhost:45889/', 'http://localhost:42185/', 'http://localhost:46783/', 'http://localhost:43021/', 'http://localhost:44311/', 'http://localhost:42905/', 'http://localhost:40475/']
[rosmaster.master][INFO] 2026-08-30 02:16:53,168: publisherUpdate[/rosout] -> http://localhost:38789/ ['http://localhost:40315/', 'http://localhost:40029/', 'http://localhost:39597/', 'http://localhost:40355/', 'http://localhost:44507/', 'http://localhost:45889/', 'http://localhost:42185/', 'http://localhost:46783/', 'http://localhost:43021/', 'http://localhost:44311/', 'http://localhost:42905/', 'http://localhost:40475/']: sec=0.00, result=[1, '', 0]
[rosmaster.master][INFO] 2026-08-30 02:16:53,168: publisherUpdate[/rosout] -> http://localhost:38789/ ['http://localhost:40315/', 'http://localhost:40029/', 'http://localhost:39597/', 'http://localhost:40355/', 'http://localhost:44507/', 'http://localhost:45889/', 'http://localhost:42185/', 'http://localhost:46783/', 'http://localhost:43021/', 'http://localhost:44311/', 'http://localhost:42905/']
[rosmaster.master][INFO] 2026-08-30 02:16:53,169: publisherUpdate[/rosout] -> http://localhost:38789/ ['http://localhost:40315/', 'http://localhost:40029/', 'http://localhost:39597/', 'http://localhost:40355/', 'http://localhost:44507/', 'http://localhost:45889/', 'http://localhost:42185/', 'http://localhost:46783/', 'http://localhost:43021/', 'http://localhost:44311/', 'http://localhost:42905/']: sec=0.00, result=[1, '', 0]
[rosmaster.master][INFO] 2026-08-30 02:16:58,598: +PUB [/rosout] /trajectory_planner http://localhost:45517/
[rosmaster.master][INFO] 2026-08-30 02:16:58,603: publisherUpdate[/rosout] -> http://localhost:38789/ ['http://localhost:40315/', 'http://localhost:40029/', 'http://localhost:39597/', 'http://localhost:40355/', 'http://localhost:44507/', 'http://localhost:45889/', 'http://localhost:42185/', 'http://localhost:46783/', 'http://localhost:43021/', 'http://localhost:44311/', 'http://localhost:42905/', 'http://localhost:45517/']
[rosmaster.master][INFO] 2026-08-30 02:16:58,603: +SERVICE [/trajectory_planner/get_loggers] /trajectory_planner http://localhost:45517/
[rosmaster.master][INFO] 2026-08-30 02:16:58,604: publisherUpdate[/rosout] -> http://localhost:38789/ ['http://localhost:40315/', 'http://localhost:40029/', 'http://localhost:39597/', 'http://localhost:40355/', 'http://localhost:44507/', 'http://localhost:45889/', 'http://localhost:42185/', 'http://localhost:46783/', 'http://localhost:43021/', 'http://localhost:44311/', 'http://localhost:42905/', 'http://localhost:45517/']: sec=0.00, result=[1, '', 0]
[rosmaster.master][INFO] 2026-08-30 02:16:58,605: +SERVICE [/trajectory_planner/set_logger_level] /trajectory_planner http://localhost:45517/
[rosmaster.master][INFO] 2026-08-30 02:16:58,610: +SUB [/mavros/local_position/odom] /trajectory_planner http://localhost:45517/
[rosmaster.master][INFO] 2026-08-30 02:16:58,614: -SUB [/mavros/local_position/odom] /trajectory_planner http://localhost:45517/
[rosmaster.master][INFO] 2026-08-30 02:16:58,615: -PUB [/rosout] /trajectory_planner http://localhost:45517/
[rosmaster.master][INFO] 2026-08-30 02:16:58,615: -SERVICE [/trajectory_planner/get_loggers] /trajectory_planner rosrpc://localhost:42289
[rosmaster.master][INFO] 2026-08-30 02:16:58,615: -SERVICE [/trajectory_planner/set_logger_level] /trajectory_planner rosrpc://localhost:42289
[rosmaster.master][INFO] 2026-08-30 02:16:58,632: publisherUpdate[/rosout] -> http://localhost:38789/ ['http://localhost:40315/', 'http://localhost:40029/', 'http://localhost:39597/', 'http://localhost:40355/', 'http://localhost:44507/', 'http://localhost:45889/', 'http://localhost:42185/', 'http://localhost:46783/', 'http://localhost:43021/', 'http://localhost:44311/', 'http://localhost:42905/']
[rosmaster.master][INFO] 2026-08-30 02:16:58,633: publisherUpdate[/rosout] -> http://localhost:38789/ ['http://localhost:40315/', 'http://localhost:40029/', 'http://localhost:39597/', 'http://localhost:40355/', 'http://localhost:44507/', 'http://localhost:45889/', 'http://localhost:42185/', 'http://localhost:46783/', 'http://localhost:43021/', 'http://localhost:44311/', 'http://localhost:42905/']: sec=0.00, result=[1, '', 0]
[rosmaster.master][INFO] 2026-08-30 02:17:04,774: +PUB [/rosout] /trajectory_planner http://localhost:44467/
[rosmaster.master][INFO] 2026-08-30 02:17:04,780: +SERVICE [/trajectory_planner/get_loggers] /trajectory_planner http://localhost:44467/
[rosmaster.master][INFO] 2026-08-30 02:17:04,781: +SERVICE [/trajectory_planner/set_logger_level] /trajectory_planner http://localhost:44467/
[rosmaster.master][INFO] 2026-08-30 02:17:04,786: +SUB [/mavros/local_position/odom] /trajectory_planner http://localhost:44467/
[rosmaster.master][INFO] 2026-08-30 02:17:04,789: -SUB [/mavros/local_position/odom] /trajectory_planner http://localhost:44467/
[rosmaster.master][INFO] 2026-08-30 02:17:04,790: -PUB [/rosout] /trajectory_planner http://localhost:44467/
[rosmaster.master][INFO] 2026-08-30 02:17:04,790: -SERVICE [/trajectory_planner/get_loggers] /trajectory_planner rosrpc://localhost:38673
[rosmaster.master][INFO] 2026-08-30 02:17:04,790: -SERVICE [/trajectory_planner/set_logger_level] /trajectory_planner rosrpc://localhost:38673
[rosmaster.master][INFO] 2026-08-30 02:17:04,792: publisherUpdate[/rosout] -> http://localhost:38789/ ['http://localhost:40315/', 'http://localhost:40029/', 'http://localhost:39597/', 'http://localhost:40355/', 'http://localhost:44507/', 'http://localhost:45889/', 'http://localhost:42185/', 'http://localhost:46783/', 'http://localhost:43021/', 'http://localhost:44311/', 'http://localhost:42905/', 'http://localhost:44467/']
[rosmaster.master][INFO] 2026-08-30 02:17:04,795: publisherUpdate[/rosout] -> http://localhost:38789/ ['http://localhost:40315/', 'http://localhost:40029/', 'http://localhost:39597/', 'http://localhost:40355/', 'http://localhost:44507/', 'http://localhost:45889/', 'http://localhost:42185/', 'http://localhost:46783/', 'http://localhost:43021/', 'http://localhost:44311/', 'http://localhost:42905/', 'http://localhost:44467/']: sec=0.00, result=[1, '', 0]
[rosmaster.master][INFO] 2026-08-30 02:17:04,796: publisherUpdate[/rosout] -> http://localhost:38789/ ['http://localhost:40315/', 'http://localhost:40029/', 'http://localhost:39597/', 'http://localhost:40355/', 'http://localhost:44507/', 'http://localhost:45889/', 'http://localhost:42185/', 'http://localhost:46783/', 'http://localhost:43021/', 'http://localhost:44311/', 'http://localhost:42905/']
[rosmaster.master][INFO] 2026-08-30 02:17:04,796: publisherUpdate[/rosout] -> http://localhost:38789/ ['http://localhost:40315/', 'http://localhost:40029/', 'http://localhost:39597/', 'http://localhost:40355/', 'http://localhost:44507/', 'http://localhost:45889/', 'http://localhost:42185/', 'http://localhost:46783/', 'http://localhost:43021/', 'http://localhost:44311/', 'http://localhost:42905/']: sec=0.00, result=[1, '', 0]
[rosmaster.master][INFO] 2026-08-30 02:17:11,561: +PUB [/rosout] /trajectory_planner http://localhost:35193/
[rosmaster.master][INFO] 2026-08-30 02:17:11,566: +SERVICE [/trajectory_planner/get_loggers] /trajectory_planner http://localhost:35193/
[rosmaster.master][INFO] 2026-08-30 02:17:11,567: +SERVICE [/trajectory_planner/set_logger_level] /trajectory_planner http://localhost:35193/
[rosmaster.master][INFO] 2026-08-30 02:17:11,572: +SUB [/mavros/local_position/odom] /trajectory_planner http://localhost:35193/
[rosmaster.master][INFO] 2026-08-30 02:17:11,573: publisherUpdate[/rosout] -> http://localhost:38789/ ['http://localhost:40315/', 'http://localhost:40029/', 'http://localhost:39597/', 'http://localhost:40355/', 'http://localhost:44507/', 'http://localhost:45889/', 'http://localhost:42185/', 'http://localhost:46783/', 'http://localhost:43021/', 'http://localhost:44311/', 'http://localhost:42905/', 'http://localhost:35193/']
[rosmaster.master][INFO] 2026-08-30 02:17:11,574: publisherUpdate[/rosout] -> http://localhost:38789/ ['http://localhost:40315/', 'http://localhost:40029/', 'http://localhost:39597/', 'http://localhost:40355/', 'http://localhost:44507/', 'http://localhost:45889/', 'http://localhost:42185/', 'http://localhost:46783/', 'http://localhost:43021/', 'http://localhost:44311/', 'http://localhost:42905/', 'http://localhost:35193/']: sec=0.00, result=[1, '', 0]
[rosmaster.master][INFO] 2026-08-30 02:17:11,577: -SUB [/mavros/local_position/odom] /trajectory_planner http://localhost:35193/
[rosmaster.master][INFO] 2026-08-30 02:17:11,577: -PUB [/rosout] /trajectory_planner http://localhost:35193/
[rosmaster.master][INFO] 2026-08-30 02:17:11,577: -SERVICE [/trajectory_planner/get_loggers] /trajectory_planner rosrpc://localhost:43721
[rosmaster.master][INFO] 2026-08-30 02:17:11,578: -SERVICE [/trajectory_planner/set_logger_level] /trajectory_planner rosrpc://localhost:43721
[rosmaster.master][INFO] 2026-08-30 02:17:11,585: publisherUpdate[/rosout] -> http://localhost:38789/ ['http://localhost:40315/', 'http://localhost:40029/', 'http://localhost:39597/', 'http://localhost:40355/', 'http://localhost:44507/', 'http://localhost:45889/', 'http://localhost:42185/', 'http://localhost:46783/', 'http://localhost:43021/', 'http://localhost:44311/', 'http://localhost:42905/']
[rosmaster.master][INFO] 2026-08-30 02:17:11,586: publisherUpdate[/rosout] -> http://localhost:38789/ ['http://localhost:40315/', 'http://localhost:40029/', 'http://localhost:39597/', 'http://localhost:40355/', 'http://localhost:44507/', 'http://localhost:45889/', 'http://localhost:42185/', 'http://localhost:46783/', 'http://localhost:43021/', 'http://localhost:44311/', 'http://localhost:42905/']: sec=0.00, result=[1, '', 0]
[rosmaster.master][INFO] 2026-08-30 02:17:19,933: +PUB [/rosout] /trajectory_planner http://localhost:33037/
[rosmaster.master][INFO] 2026-08-30 02:17:19,948: +SERVICE [/trajectory_planner/get_loggers] /trajectory_planner http://localhost:33037/
[rosmaster.master][INFO] 2026-08-30 02:17:19,948: publisherUpdate[/rosout] -> http://localhost:38789/ ['http://localhost:40315/', 'http://localhost:40029/', 'http://localhost:39597/', 'http://localhost:40355/', 'http://localhost:44507/', 'http://localhost:45889/', 'http://localhost:42185/', 'http://localhost:46783/', 'http://localhost:43021/', 'http://localhost:44311/', 'http://localhost:42905/', 'http://localhost:33037/']
[rosmaster.master][INFO] 2026-08-30 02:17:19,950: +SERVICE [/trajectory_planner/set_logger_level] /trajectory_planner http://localhost:33037/
[rosmaster.master][INFO] 2026-08-30 02:17:19,951: publisherUpdate[/rosout] -> http://localhost:38789/ ['http://localhost:40315/', 'http://localhost:40029/', 'http://localhost:39597/', 'http://localhost:40355/', 'http://localhost:44507/', 'http://localhost:45889/', 'http://localhost:42185/', 'http://localhost:46783/', 'http://localhost:43021/', 'http://localhost:44311/', 'http://localhost:42905/', 'http://localhost:33037/']: sec=0.00, result=[1, '', 0]
[rosmaster.master][INFO] 2026-08-30 02:17:19,957: +SUB [/mavros/local_position/odom] /trajectory_planner http://localhost:33037/
[rosmaster.master][INFO] 2026-08-30 02:17:19,962: -SUB [/mavros/local_position/odom] /trajectory_planner http://localhost:33037/
[rosmaster.master][INFO] 2026-08-30 02:17:19,962: -PUB [/rosout] /trajectory_planner http://localhost:33037/
[rosmaster.master][INFO] 2026-08-30 02:17:19,963: -SERVICE [/trajectory_planner/get_loggers] /trajectory_planner rosrpc://localhost:36359
[rosmaster.master][INFO] 2026-08-30 02:17:19,963: -SERVICE [/trajectory_planner/set_logger_level] /trajectory_planner rosrpc://localhost:36359
[rosmaster.master][INFO] 2026-08-30 02:17:20,053: publisherUpdate[/rosout] -> http://localhost:38789/ ['http://localhost:40315/', 'http://localhost:40029/', 'http://localhost:39597/', 'http://localhost:40355/', 'http://localhost:44507/', 'http://localhost:45889/', 'http://localhost:42185/', 'http://localhost:46783/', 'http://localhost:43021/', 'http://localhost:44311/', 'http://localhost:42905/']
[rosmaster.master][INFO] 2026-08-30 02:17:20,054: publisherUpdate[/rosout] -> http://localhost:38789/ ['http://localhost:40315/', 'http://localhost:40029/', 'http://localhost:39597/', 'http://localhost:40355/', 'http://localhost:44507/', 'http://localhost:45889/', 'http://localhost:42185/', 'http://localhost:46783/', 'http://localhost:43021/', 'http://localhost:44311/', 'http://localhost:42905/']: sec=0.00, result=[1, '', 0]
[rosmaster.master][INFO] 2026-08-30 02:17:31,371: +PUB [/rosout] /trajectory_planner http://localhost:38651/
[rosmaster.master][INFO] 2026-08-30 02:17:31,380: +SERVICE [/trajectory_planner/get_loggers] /trajectory_planner http://localhost:38651/
[rosmaster.master][INFO] 2026-08-30 02:17:31,382: +SERVICE [/trajectory_planner/set_logger_level] /trajectory_planner http://localhost:38651/
[rosmaster.master][INFO] 2026-08-30 02:17:31,389: +SUB [/mavros/local_position/odom] /trajectory_planner http://localhost:38651/
[rosmaster.master][INFO] 2026-08-30 02:17:31,395: -SUB [/mavros/local_position/odom] /trajectory_planner http://localhost:38651/
[rosmaster.master][INFO] 2026-08-30 02:17:31,395: -PUB [/rosout] /trajectory_planner http://localhost:38651/
[rosmaster.master][INFO] 2026-08-30 02:17:31,395: -SERVICE [/trajectory_planner/get_loggers] /trajectory_planner rosrpc://localhost:34287
[rosmaster.master][INFO] 2026-08-30 02:17:31,395: -SERVICE [/trajectory_planner/set_logger_level] /trajectory_planner rosrpc://localhost:34287
[rosmaster.master][INFO] 2026-08-30 02:17:31,413: publisherUpdate[/rosout] -> http://localhost:38789/ ['http://localhost:40315/', 'http://localhost:40029/', 'http://localhost:39597/', 'http://localhost:40355/', 'http://localhost:44507/', 'http://localhost:45889/', 'http://localhost:42185/', 'http://localhost:46783/', 'http://localhost:43021/', 'http://localhost:44311/', 'http://localhost:42905/', 'http://localhost:38651/']
[rosmaster.master][INFO] 2026-08-30 02:17:31,420: publisherUpdate[/rosout] -> http://localhost:38789/ ['http://localhost:40315/', 'http://localhost:40029/', 'http://localhost:39597/', 'http://localhost:40355/', 'http://localhost:44507/', 'http://localhost:45889/', 'http://localhost:42185/', 'http://localhost:46783/', 'http://localhost:43021/', 'http://localhost:44311/', 'http://localhost:42905/', 'http://localhost:38651/']: sec=0.01, result=[1, '', 0]
[rosmaster.master][INFO] 2026-08-30 02:17:31,420: publisherUpdate[/rosout] -> http://localhost:38789/ ['http://localhost:40315/', 'http://localhost:40029/', 'http://localhost:39597/', 'http://localhost:40355/', 'http://localhost:44507/', 'http://localhost:45889/', 'http://localhost:42185/', 'http://localhost:46783/', 'http://localhost:43021/', 'http://localhost:44311/', 'http://localhost:42905/']
[rosmaster.master][INFO] 2026-08-30 02:17:31,421: publisherUpdate[/rosout] -> http://localhost:38789/ ['http://localhost:40315/', 'http://localhost:40029/', 'http://localhost:39597/', 'http://localhost:40355/', 'http://localhost:44507/', 'http://localhost:45889/', 'http://localhost:42185/', 'http://localhost:46783/', 'http://localhost:43021/', 'http://localhost:44311/', 'http://localhost:42905/']: sec=0.00, result=[1, '', 0]
[rosmaster.master][INFO] 2026-08-30 02:17:49,155: +PUB [/rosout] /trajectory_planner http://localhost:36281/
[rosmaster.master][INFO] 2026-08-30 02:17:49,162: +SERVICE [/trajectory_planner/get_loggers] /trajectory_planner http://localhost:36281/
[rosmaster.master][INFO] 2026-08-30 02:17:49,163: +SERVICE [/trajectory_planner/set_logger_level] /trajectory_planner http://localhost:36281/
[rosmaster.master][INFO] 2026-08-30 02:17:49,168: +SUB [/mavros/local_position/odom] /trajectory_planner http://localhost:36281/
[rosmaster.master][INFO] 2026-08-30 02:17:49,173: -SUB [/mavros/local_position/odom] /trajectory_planner http://localhost:36281/
[rosmaster.master][INFO] 2026-08-30 02:17:49,173: -PUB [/rosout] /trajectory_planner http://localhost:36281/
[rosmaster.master][INFO] 2026-08-30 02:17:49,173: -SERVICE [/trajectory_planner/get_loggers] /trajectory_planner rosrpc://localhost:42389
[rosmaster.master][INFO] 2026-08-30 02:17:49,173: -SERVICE [/trajectory_planner/set_logger_level] /trajectory_planner rosrpc://localhost:42389
[rosmaster.master][INFO] 2026-08-30 02:17:49,209: publisherUpdate[/rosout] -> http://localhost:38789/ ['http://localhost:40315/', 'http://localhost:40029/', 'http://localhost:39597/', 'http://localhost:40355/', 'http://localhost:44507/', 'http://localhost:45889/', 'http://localhost:42185/', 'http://localhost:46783/', 'http://localhost:43021/', 'http://localhost:44311/', 'http://localhost:42905/', 'http://localhost:36281/']
[rosmaster.master][INFO] 2026-08-30 02:17:49,211: publisherUpdate[/rosout] -> http://localhost:38789/ ['http://localhost:40315/', 'http://localhost:40029/', 'http://localhost:39597/', 'http://localhost:40355/', 'http://localhost:44507/', 'http://localhost:45889/', 'http://localhost:42185/', 'http://localhost:46783/', 'http://localhost:43021/', 'http://localhost:44311/', 'http://localhost:42905/', 'http://localhost:36281/']: sec=0.00, result=[1, '', 0]
[rosmaster.master][INFO] 2026-08-30 02:17:49,211: publisherUpdate[/rosout] -> http://localhost:38789/ ['http://localhost:40315/', 'http://localhost:40029/', 'http://localhost:39597/', 'http://localhost:40355/', 'http://localhost:44507/', 'http://localhost:45889/', 'http://localhost:42185/', 'http://localhost:46783/', 'http://localhost:43021/', 'http://localhost:44311/', 'http://localhost:42905/']
[rosmaster.master][INFO] 2026-08-30 02:17:49,212: publisherUpdate[/rosout] -> http://localhost:38789/ ['http://localhost:40315/', 'http://localhost:40029/', 'http://localhost:39597/', 'http://localhost:40355/', 'http://localhost:44507/', 'http://localhost:45889/', 'http://localhost:42185/', 'http://localhost:46783/', 'http://localhost:43021/', 'http://localhost:44311/', 'http://localhost:42905/']: sec=0.00, result=[1, '', 0]
[rosmaster.master][INFO] 2026-08-30 02:18:19,938: +PUB [/rosout] /trajectory_planner http://localhost:40575/
[rosmaster.master][INFO] 2026-08-30 02:18:19,944: +SERVICE [/trajectory_planner/get_loggers] /trajectory_planner http://localhost:40575/
[rosmaster.master][INFO] 2026-08-30 02:18:19,944: +SERVICE [/trajectory_planner/set_logger_level] /trajectory_planner http://localhost:40575/
[rosmaster.master][INFO] 2026-08-30 02:18:19,950: +SUB [/mavros/local_position/odom] /trajectory_planner http://localhost:40575/
[rosmaster.master][INFO] 2026-08-30 02:18:19,954: -SUB [/mavros/local_position/odom] /trajectory_planner http://localhost:40575/
[rosmaster.master][INFO] 2026-08-30 02:18:19,954: -PUB [/rosout] /trajectory_planner http://localhost:40575/
[rosmaster.master][INFO] 2026-08-30 02:18:19,954: -SERVICE [/trajectory_planner/get_loggers] /trajectory_planner rosrpc://localhost:42579
[rosmaster.master][INFO] 2026-08-30 02:18:19,954: -SERVICE [/trajectory_planner/set_logger_level] /trajectory_planner rosrpc://localhost:42579
[rosmaster.master][INFO] 2026-08-30 02:18:19,957: publisherUpdate[/rosout] -> http://localhost:38789/ ['http://localhost:40315/', 'http://localhost:40029/', 'http://localhost:39597/', 'http://localhost:40355/', 'http://localhost:44507/', 'http://localhost:45889/', 'http://localhost:42185/', 'http://localhost:46783/', 'http://localhost:43021/', 'http://localhost:44311/', 'http://localhost:42905/', 'http://localhost:40575/']
[rosmaster.master][INFO] 2026-08-30 02:18:19,960: publisherUpdate[/rosout] -> http://localhost:38789/ ['http://localhost:40315/', 'http://localhost:40029/', 'http://localhost:39597/', 'http://localhost:40355/', 'http://localhost:44507/', 'http://localhost:45889/', 'http://localhost:42185/', 'http://localhost:46783/', 'http://localhost:43021/', 'http://localhost:44311/', 'http://localhost:42905/', 'http://localhost:40575/']: sec=0.00, result=[1, '', 0]
[rosmaster.master][INFO] 2026-08-30 02:18:19,961: publisherUpdate[/rosout] -> http://localhost:38789/ ['http://localhost:40315/', 'http://localhost:40029/', 'http://localhost:39597/', 'http://localhost:40355/', 'http://localhost:44507/', 'http://localhost:45889/', 'http://localhost:42185/', 'http://localhost:46783/', 'http://localhost:43021/', 'http://localhost:44311/', 'http://localhost:42905/']
[rosmaster.master][INFO] 2026-08-30 02:18:19,961: publisherUpdate[/rosout] -> http://localhost:38789/ ['http://localhost:40315/', 'http://localhost:40029/', 'http://localhost:39597/', 'http://localhost:40355/', 'http://localhost:44507/', 'http://localhost:45889/', 'http://localhost:42185/', 'http://localhost:46783/', 'http://localhost:43021/', 'http://localhost:44311/', 'http://localhost:42905/']: sec=0.00, result=[1, '', 0]
[rosmaster.master][INFO] 2026-08-30 02:19:16,142: +PUB [/rosout] /trajectory_planner http://localhost:33111/
[rosmaster.master][INFO] 2026-08-30 02:19:16,147: +SERVICE [/trajectory_planner/get_loggers] /trajectory_planner http://localhost:33111/
[rosmaster.master][INFO] 2026-08-30 02:19:16,148: +SERVICE [/trajectory_planner/set_logger_level] /trajectory_planner http://localhost:33111/
[rosmaster.master][INFO] 2026-08-30 02:19:16,154: +SUB [/mavros/local_position/odom] /trajectory_planner http://localhost:33111/
[rosmaster.master][INFO] 2026-08-30 02:19:16,158: -SUB [/mavros/local_position/odom] /trajectory_planner http://localhost:33111/
[rosmaster.master][INFO] 2026-08-30 02:19:16,158: -PUB [/rosout] /trajectory_planner http://localhost:33111/
[rosmaster.master][INFO] 2026-08-30 02:19:16,158: -SERVICE [/trajectory_planner/get_loggers] /trajectory_planner rosrpc://localhost:44447
[rosmaster.master][INFO] 2026-08-30 02:19:16,158: -SERVICE [/trajectory_planner/set_logger_level] /trajectory_planner rosrpc://localhost:44447
[rosmaster.master][INFO] 2026-08-30 02:19:16,199: publisherUpdate[/rosout] -> http://localhost:38789/ ['http://localhost:40315/', 'http://localhost:40029/', 'http://localhost:39597/', 'http://localhost:40355/', 'http://localhost:44507/', 'http://localhost:45889/', 'http://localhost:42185/', 'http://localhost:46783/', 'http://localhost:43021/', 'http://localhost:44311/', 'http://localhost:42905/', 'http://localhost:33111/']
[rosmaster.master][INFO] 2026-08-30 02:19:16,202: publisherUpdate[/rosout] -> http://localhost:38789/ ['http://localhost:40315/', 'http://localhost:40029/', 'http://localhost:39597/', 'http://localhost:40355/', 'http://localhost:44507/', 'http://localhost:45889/', 'http://localhost:42185/', 'http://localhost:46783/', 'http://localhost:43021/', 'http://localhost:44311/', 'http://localhost:42905/', 'http://localhost:33111/']: sec=0.00, result=[1, '', 0]
[rosmaster.master][INFO] 2026-08-30 02:19:16,202: publisherUpdate[/rosout] -> http://localhost:38789/ ['http://localhost:40315/', 'http://localhost:40029/', 'http://localhost:39597/', 'http://localhost:40355/', 'http://localhost:44507/', 'http://localhost:45889/', 'http://localhost:42185/', 'http://localhost:46783/', 'http://localhost:43021/', 'http://localhost:44311/', 'http://localhost:42905/']
[rosmaster.master][INFO] 2026-08-30 02:19:16,203: publisherUpdate[/rosout] -> http://localhost:38789/ ['http://localhost:40315/', 'http://localhost:40029/', 'http://localhost:39597/', 'http://localhost:40355/', 'http://localhost:44507/', 'http://localhost:45889/', 'http://localhost:42185/', 'http://localhost:46783/', 'http://localhost:43021/', 'http://localhost:44311/', 'http://localhost:42905/']: sec=0.00, result=[1, '', 0]
[rosmaster.master][INFO] 2026-08-30 02:20:21,096: +PUB [/rosout] /trajectory_planner http://localhost:45921/
[rosmaster.master][INFO] 2026-08-30 02:20:21,103: +SERVICE [/trajectory_planner/get_loggers] /trajectory_planner http://localhost:45921/
[rosmaster.master][INFO] 2026-08-30 02:20:21,104: +SERVICE [/trajectory_planner/set_logger_level] /trajectory_planner http://localhost:45921/
[rosmaster.master][INFO] 2026-08-30 02:20:21,110: +SUB [/mavros/local_position/odom] /trajectory_planner http://localhost:45921/
[rosmaster.master][INFO] 2026-08-30 02:20:21,117: -SUB [/mavros/local_position/odom] /trajectory_planner http://localhost:45921/
[rosmaster.master][INFO] 2026-08-30 02:20:21,117: -PUB [/rosout] /trajectory_planner http://localhost:45921/
[rosmaster.master][INFO] 2026-08-30 02:20:21,117: -SERVICE [/trajectory_planner/get_loggers] /trajectory_planner rosrpc://localhost:43125
[rosmaster.master][INFO] 2026-08-30 02:20:21,118: -SERVICE [/trajectory_planner/set_logger_level] /trajectory_planner rosrpc://localhost:43125
[rosmaster.master][INFO] 2026-08-30 02:20:21,118: publisherUpdate[/rosout] -> http://localhost:38789/ ['http://localhost:40315/', 'http://localhost:40029/', 'http://localhost:39597/', 'http://localhost:40355/', 'http://localhost:44507/', 'http://localhost:45889/', 'http://localhost:42185/', 'http://localhost:46783/', 'http://localhost:43021/', 'http://localhost:44311/', 'http://localhost:42905/', 'http://localhost:45921/']
[rosmaster.master][INFO] 2026-08-30 02:20:21,122: publisherUpdate[/rosout] -> http://localhost:38789/ ['http://localhost:40315/', 'http://localhost:40029/', 'http://localhost:39597/', 'http://localhost:40355/', 'http://localhost:44507/', 'http://localhost:45889/', 'http://localhost:42185/', 'http://localhost:46783/', 'http://localhost:43021/', 'http://localhost:44311/', 'http://localhost:42905/', 'http://localhost:45921/']: sec=0.00, result=[1, '', 0]
[rosmaster.master][INFO] 2026-08-30 02:20:21,123: publisherUpdate[/rosout] -> http://localhost:38789/ ['http://localhost:40315/', 'http://localhost:40029/', 'http://localhost:39597/', 'http://localhost:40355/', 'http://localhost:44507/', 'http://localhost:45889/', 'http://localhost:42185/', 'http://localhost:46783/', 'http://localhost:43021/', 'http://localhost:44311/', 'http://localhost:42905/']
[rosmaster.master][INFO] 2026-08-30 02:20:21,124: publisherUpdate[/rosout] -> http://localhost:38789/ ['http://localhost:40315/', 'http://localhost:40029/', 'http://localhost:39597/', 'http://localhost:40355/', 'http://localhost:44507/', 'http://localhost:45889/', 'http://localhost:42185/', 'http://localhost:46783/', 'http://localhost:43021/', 'http://localhost:44311/', 'http://localhost:42905/']: sec=0.00, result=[1, '', 0]
[rosmaster.master][INFO] 2026-08-30 02:21:26,190: +PUB [/rosout] /trajectory_planner http://localhost:35311/
[rosmaster.master][INFO] 2026-08-30 02:21:26,195: publisherUpdate[/rosout] -> http://localhost:38789/ ['http://localhost:40315/', 'http://localhost:40029/', 'http://localhost:39597/', 'http://localhost:40355/', 'http://localhost:44507/', 'http://localhost:45889/', 'http://localhost:42185/', 'http://localhost:46783/', 'http://localhost:43021/', 'http://localhost:44311/', 'http://localhost:42905/', 'http://localhost:35311/']
[rosmaster.master][INFO] 2026-08-30 02:21:26,196: +SERVICE [/trajectory_planner/get_loggers] /trajectory_planner http://localhost:35311/
[rosmaster.master][INFO] 2026-08-30 02:21:26,196: publisherUpdate[/rosout] -> http://localhost:38789/ ['http://localhost:40315/', 'http://localhost:40029/', 'http://localhost:39597/', 'http://localhost:40355/', 'http://localhost:44507/', 'http://localhost:45889/', 'http://localhost:42185/', 'http://localhost:46783/', 'http://localhost:43021/', 'http://localhost:44311/', 'http://localhost:42905/', 'http://localhost:35311/']: sec=0.00, result=[1, '', 0]
[rosmaster.master][INFO] 2026-08-30 02:21:26,197: +SERVICE [/trajectory_planner/set_logger_level] /trajectory_planner http://localhost:35311/
[rosmaster.master][INFO] 2026-08-30 02:21:26,202: +SUB [/mavros/local_position/odom] /trajectory_planner http://localhost:35311/
[rosmaster.master][INFO] 2026-08-30 02:21:26,206: -SUB [/mavros/local_position/odom] /trajectory_planner http://localhost:35311/
[rosmaster.master][INFO] 2026-08-30 02:21:26,207: -PUB [/rosout] /trajectory_planner http://localhost:35311/
[rosmaster.master][INFO] 2026-08-30 02:21:26,207: -SERVICE [/trajectory_planner/get_loggers] /trajectory_planner rosrpc://localhost:43335
[rosmaster.master][INFO] 2026-08-30 02:21:26,207: -SERVICE [/trajectory_planner/set_logger_level] /trajectory_planner rosrpc://localhost:43335
[rosmaster.master][INFO] 2026-08-30 02:21:26,297: publisherUpdate[/rosout] -> http://localhost:38789/ ['http://localhost:40315/', 'http://localhost:40029/', 'http://localhost:39597/', 'http://localhost:40355/', 'http://localhost:44507/', 'http://localhost:45889/', 'http://localhost:42185/', 'http://localhost:46783/', 'http://localhost:43021/', 'http://localhost:44311/', 'http://localhost:42905/']
[rosmaster.master][INFO] 2026-08-30 02:21:26,298: publisherUpdate[/rosout] -> http://localhost:38789/ ['http://localhost:40315/', 'http://localhost:40029/', 'http://localhost:39597/', 'http://localhost:40355/', 'http://localhost:44507/', 'http://localhost:45889/', 'http://localhost:42185/', 'http://localhost:46783/', 'http://localhost:43021/', 'http://localhost:44311/', 'http://localhost:42905/']: sec=0.00, result=[1, '', 0]
[rosmaster.master][INFO] 2026-08-30 02:22:31,015: +PUB [/rosout] /trajectory_planner http://localhost:36947/
[rosmaster.master][INFO] 2026-08-30 02:22:31,020: +SERVICE [/trajectory_planner/get_loggers] /trajectory_planner http://localhost:36947/
[rosmaster.master][INFO] 2026-08-30 02:22:31,021: +SERVICE [/trajectory_planner/set_logger_level] /trajectory_planner http://localhost:36947/
[rosmaster.master][INFO] 2026-08-30 02:22:31,026: +SUB [/mavros/local_position/odom] /trajectory_planner http://localhost:36947/
[rosmaster.master][INFO] 2026-08-30 02:22:31,029: publisherUpdate[/rosout] -> http://localhost:38789/ ['http://localhost:40315/', 'http://localhost:40029/', 'http://localhost:39597/', 'http://localhost:40355/', 'http://localhost:44507/', 'http://localhost:45889/', 'http://localhost:42185/', 'http://localhost:46783/', 'http://localhost:43021/', 'http://localhost:44311/', 'http://localhost:42905/', 'http://localhost:36947/']
[rosmaster.master][INFO] 2026-08-30 02:22:31,030: -SUB [/mavros/local_position/odom] /trajectory_planner http://localhost:36947/
[rosmaster.master][INFO] 2026-08-30 02:22:31,030: -PUB [/rosout] /trajectory_planner http://localhost:36947/
[rosmaster.master][INFO] 2026-08-30 02:22:31,031: -SERVICE [/trajectory_planner/get_loggers] /trajectory_planner rosrpc://localhost:43147
[rosmaster.master][INFO] 2026-08-30 02:22:31,031: -SERVICE [/trajectory_planner/set_logger_level] /trajectory_planner rosrpc://localhost:43147
[rosmaster.master][INFO] 2026-08-30 02:22:31,032: publisherUpdate[/rosout] -> http://localhost:38789/ ['http://localhost:40315/', 'http://localhost:40029/', 'http://localhost:39597/', 'http://localhost:40355/', 'http://localhost:44507/', 'http://localhost:45889/', 'http://localhost:42185/', 'http://localhost:46783/', 'http://localhost:43021/', 'http://localhost:44311/', 'http://localhost:42905/', 'http://localhost:36947/']: sec=0.00, result=[1, '', 0]
[rosmaster.master][INFO] 2026-08-30 02:22:31,032: publisherUpdate[/rosout] -> http://localhost:38789/ ['http://localhost:40315/', 'http://localhost:40029/', 'http://localhost:39597/', 'http://localhost:40355/', 'http://localhost:44507/', 'http://localhost:45889/', 'http://localhost:42185/', 'http://localhost:46783/', 'http://localhost:43021/', 'http://localhost:44311/', 'http://localhost:42905/']
[rosmaster.master][INFO] 2026-08-30 02:22:31,035: publisherUpdate[/rosout] -> http://localhost:38789/ ['http://localhost:40315/', 'http://localhost:40029/', 'http://localhost:39597/', 'http://localhost:40355/', 'http://localhost:44507/', 'http://localhost:45889/', 'http://localhost:42185/', 'http://localhost:46783/', 'http://localhost:43021/', 'http://localhost:44311/', 'http://localhost:42905/']: sec=0.00, result=[1, '', 0]
[rosmaster.master][INFO] 2026-08-30 02:23:35,928: +PUB [/rosout] /trajectory_planner http://localhost:36135/
[rosmaster.master][INFO] 2026-08-30 02:23:35,934: +SERVICE [/trajectory_planner/get_loggers] /trajectory_planner http://localhost:36135/
[rosmaster.master][INFO] 2026-08-30 02:23:35,934: +SERVICE [/trajectory_planner/set_logger_level] /trajectory_planner http://localhost:36135/
[rosmaster.master][INFO] 2026-08-30 02:23:35,940: +SUB [/mavros/local_position/odom] /trajectory_planner http://localhost:36135/
[rosmaster.master][INFO] 2026-08-30 02:23:35,944: -SUB [/mavros/local_position/odom] /trajectory_planner http://localhost:36135/
[rosmaster.master][INFO] 2026-08-30 02:23:35,944: -PUB [/rosout] /trajectory_planner http://localhost:36135/
[rosmaster.master][INFO] 2026-08-30 02:23:35,944: -SERVICE [/trajectory_planner/get_loggers] /trajectory_planner rosrpc://localhost:35263
[rosmaster.master][INFO] 2026-08-30 02:23:35,944: -SERVICE [/trajectory_planner/set_logger_level] /trajectory_planner rosrpc://localhost:35263
[rosmaster.master][INFO] 2026-08-30 02:23:35,981: publisherUpdate[/rosout] -> http://localhost:38789/ ['http://localhost:40315/', 'http://localhost:40029/', 'http://localhost:39597/', 'http://localhost:40355/', 'http://localhost:44507/', 'http://localhost:45889/', 'http://localhost:42185/', 'http://localhost:46783/', 'http://localhost:43021/', 'http://localhost:44311/', 'http://localhost:42905/', 'http://localhost:36135/']
[rosmaster.master][INFO] 2026-08-30 02:23:35,983: publisherUpdate[/rosout] -> http://localhost:38789/ ['http://localhost:40315/', 'http://localhost:40029/', 'http://localhost:39597/', 'http://localhost:40355/', 'http://localhost:44507/', 'http://localhost:45889/', 'http://localhost:42185/', 'http://localhost:46783/', 'http://localhost:43021/', 'http://localhost:44311/', 'http://localhost:42905/', 'http://localhost:36135/']: sec=0.00, result=[1, '', 0]
[rosmaster.master][INFO] 2026-08-30 02:23:35,983: publisherUpdate[/rosout] -> http://localhost:38789/ ['http://localhost:40315/', 'http://localhost:40029/', 'http://localhost:39597/', 'http://localhost:40355/', 'http://localhost:44507/', 'http://localhost:45889/', 'http://localhost:42185/', 'http://localhost:46783/', 'http://localhost:43021/', 'http://localhost:44311/', 'http://localhost:42905/']
[rosmaster.master][INFO] 2026-08-30 02:23:35,986: publisherUpdate[/rosout] -> http://localhost:38789/ ['http://localhost:40315/', 'http://localhost:40029/', 'http://localhost:39597/', 'http://localhost:40355/', 'http://localhost:44507/', 'http://localhost:45889/', 'http://localhost:42185/', 'http://localhost:46783/', 'http://localhost:43021/', 'http://localhost:44311/', 'http://localhost:42905/']: sec=0.00, result=[1, '', 0]
[rosmaster.master][INFO] 2026-08-30 02:24:40,790: +PUB [/rosout] /trajectory_planner http://localhost:33131/
[rosmaster.master][INFO] 2026-08-30 02:24:40,795: publisherUpdate[/rosout] -> http://localhost:38789/ ['http://localhost:40315/', 'http://localhost:40029/', 'http://localhost:39597/', 'http://localhost:40355/', 'http://localhost:44507/', 'http://localhost:45889/', 'http://localhost:42185/', 'http://localhost:46783/', 'http://localhost:43021/', 'http://localhost:44311/', 'http://localhost:42905/', 'http://localhost:33131/']
[rosmaster.master][INFO] 2026-08-30 02:24:40,796: +SERVICE [/trajectory_planner/get_loggers] /trajectory_planner http://localhost:33131/
[rosmaster.master][INFO] 2026-08-30 02:24:40,797: +SERVICE [/trajectory_planner/set_logger_level] /trajectory_planner http://localhost:33131/
[rosmaster.master][INFO] 2026-08-30 02:24:40,797: publisherUpdate[/rosout] -> http://localhost:38789/ ['http://localhost:40315/', 'http://localhost:40029/', 'http://localhost:39597/', 'http://localhost:40355/', 'http://localhost:44507/', 'http://localhost:45889/', 'http://localhost:42185/', 'http://localhost:46783/', 'http://localhost:43021/', 'http://localhost:44311/', 'http://localhost:42905/', 'http://localhost:33131/']: sec=0.00, result=[1, '', 0]
[rosmaster.master][INFO] 2026-08-30 02:24:40,804: +SUB [/mavros/local_position/odom] /trajectory_planner http://localhost:33131/
[rosmaster.master][INFO] 2026-08-30 02:24:40,809: -SUB [/mavros/local_position/odom] /trajectory_planner http://localhost:33131/
[rosmaster.master][INFO] 2026-08-30 02:24:40,809: -PUB [/rosout] /trajectory_planner http://localhost:33131/
[rosmaster.master][INFO] 2026-08-30 02:24:40,809: -SERVICE [/trajectory_planner/get_loggers] /trajectory_planner rosrpc://localhost:42727
[rosmaster.master][INFO] 2026-08-30 02:24:40,809: -SERVICE [/trajectory_planner/set_logger_level] /trajectory_planner rosrpc://localhost:42727
[rosmaster.master][INFO] 2026-08-30 02:24:40,847: publisherUpdate[/rosout] -> http://localhost:38789/ ['http://localhost:40315/', 'http://localhost:40029/', 'http://localhost:39597/', 'http://localhost:40355/', 'http://localhost:44507/', 'http://localhost:45889/', 'http://localhost:42185/', 'http://localhost:46783/', 'http://localhost:43021/', 'http://localhost:44311/', 'http://localhost:42905/']
[rosmaster.master][INFO] 2026-08-30 02:24:40,848: publisherUpdate[/rosout] -> http://localhost:38789/ ['http://localhost:40315/', 'http://localhost:40029/', 'http://localhost:39597/', 'http://localhost:40355/', 'http://localhost:44507/', 'http://localhost:45889/', 'http://localhost:42185/', 'http://localhost:46783/', 'http://localhost:43021/', 'http://localhost:44311/', 'http://localhost:42905/']: sec=0.00, result=[1, '', 0]
[rosmaster.master][INFO] 2026-08-30 02:25:47,005: +PUB [/rosout] /trajectory_planner http://localhost:44105/
[rosmaster.master][INFO] 2026-08-30 02:25:47,012: +SERVICE [/trajectory_planner/get_loggers] /trajectory_planner http://localhost:44105/
[rosmaster.master][INFO] 2026-08-30 02:25:47,014: +SERVICE [/trajectory_planner/set_logger_level] /trajectory_planner http://localhost:44105/
[rosmaster.master][INFO] 2026-08-30 02:25:47,020: +SUB [/mavros/local_position/odom] /trajectory_planner http://localhost:44105/
[rosmaster.master][INFO] 2026-08-30 02:25:47,024: -SUB [/mavros/local_position/odom] /trajectory_planner http://localhost:44105/
[rosmaster.master][INFO] 2026-08-30 02:25:47,024: -PUB [/rosout] /trajectory_planner http://localhost:44105/
[rosmaster.master][INFO] 2026-08-30 02:25:47,024: -SERVICE [/trajectory_planner/get_loggers] /trajectory_planner rosrpc://localhost:35765
[rosmaster.master][INFO] 2026-08-30 02:25:47,024: -SERVICE [/trajectory_planner/set_logger_level] /trajectory_planner rosrpc://localhost:35765
[rosmaster.master][INFO] 2026-08-30 02:25:47,066: publisherUpdate[/rosout] -> http://localhost:38789/ ['http://localhost:40315/', 'http://localhost:40029/', 'http://localhost:39597/', 'http://localhost:40355/', 'http://localhost:44507/', 'http://localhost:45889/', 'http://localhost:42185/', 'http://localhost:46783/', 'http://localhost:43021/', 'http://localhost:44311/', 'http://localhost:42905/', 'http://localhost:44105/']
[rosmaster.master][INFO] 2026-08-30 02:25:47,069: publisherUpdate[/rosout] -> http://localhost:38789/ ['http://localhost:40315/', 'http://localhost:40029/', 'http://localhost:39597/', 'http://localhost:40355/', 'http://localhost:44507/', 'http://localhost:45889/', 'http://localhost:42185/', 'http://localhost:46783/', 'http://localhost:43021/', 'http://localhost:44311/', 'http://localhost:42905/', 'http://localhost:44105/']: sec=0.00, result=[1, '', 0]
[rosmaster.master][INFO] 2026-08-30 02:25:47,070: publisherUpdate[/rosout] -> http://localhost:38789/ ['http://localhost:40315/', 'http://localhost:40029/', 'http://localhost:39597/', 'http://localhost:40355/', 'http://localhost:44507/', 'http://localhost:45889/', 'http://localhost:42185/', 'http://localhost:46783/', 'http://localhost:43021/', 'http://localhost:44311/', 'http://localhost:42905/']
[rosmaster.master][INFO] 2026-08-30 02:25:47,073: publisherUpdate[/rosout] -> http://localhost:38789/ ['http://localhost:40315/', 'http://localhost:40029/', 'http://localhost:39597/', 'http://localhost:40355/', 'http://localhost:44507/', 'http://localhost:45889/', 'http://localhost:42185/', 'http://localhost:46783/', 'http://localhost:43021/', 'http://localhost:44311/', 'http://localhost:42905/']: sec=0.00, result=[1, '', 0]
[rosmaster.master][INFO] 2026-08-30 02:26:51,852: +PUB [/rosout] /trajectory_planner http://localhost:45035/
[rosmaster.master][INFO] 2026-08-30 02:26:51,858: +SERVICE [/trajectory_planner/get_loggers] /trajectory_planner http://localhost:45035/
[rosmaster.master][INFO] 2026-08-30 02:26:51,859: +SERVICE [/trajectory_planner/set_logger_level] /trajectory_planner http://localhost:45035/
[rosmaster.master][INFO] 2026-08-30 02:26:51,865: +SUB [/mavros/local_position/odom] /trajectory_planner http://localhost:45035/
[rosmaster.master][INFO] 2026-08-30 02:26:51,866: publisherUpdate[/rosout] -> http://localhost:38789/ ['http://localhost:40315/', 'http://localhost:40029/', 'http://localhost:39597/', 'http://localhost:40355/', 'http://localhost:44507/', 'http://localhost:45889/', 'http://localhost:42185/', 'http://localhost:46783/', 'http://localhost:43021/', 'http://localhost:44311/', 'http://localhost:42905/', 'http://localhost:45035/']
[rosmaster.master][INFO] 2026-08-30 02:26:51,869: publisherUpdate[/rosout] -> http://localhost:38789/ ['http://localhost:40315/', 'http://localhost:40029/', 'http://localhost:39597/', 'http://localhost:40355/', 'http://localhost:44507/', 'http://localhost:45889/', 'http://localhost:42185/', 'http://localhost:46783/', 'http://localhost:43021/', 'http://localhost:44311/', 'http://localhost:42905/', 'http://localhost:45035/']: sec=0.00, result=[1, '', 0]
[rosmaster.master][INFO] 2026-08-30 02:26:51,870: -SUB [/mavros/local_position/odom] /trajectory_planner http://localhost:45035/
[rosmaster.master][INFO] 2026-08-30 02:26:51,870: -PUB [/rosout] /trajectory_planner http://localhost:45035/
[rosmaster.master][INFO] 2026-08-30 02:26:51,870: -SERVICE [/trajectory_planner/get_loggers] /trajectory_planner rosrpc://localhost:42135
[rosmaster.master][INFO] 2026-08-30 02:26:51,870: -SERVICE [/trajectory_planner/set_logger_level] /trajectory_planner rosrpc://localhost:42135
[rosmaster.master][INFO] 2026-08-30 02:26:51,916: publisherUpdate[/rosout] -> http://localhost:38789/ ['http://localhost:40315/', 'http://localhost:40029/', 'http://localhost:39597/', 'http://localhost:40355/', 'http://localhost:44507/', 'http://localhost:45889/', 'http://localhost:42185/', 'http://localhost:46783/', 'http://localhost:43021/', 'http://localhost:44311/', 'http://localhost:42905/']
[rosmaster.master][INFO] 2026-08-30 02:26:51,917: publisherUpdate[/rosout] -> http://localhost:38789/ ['http://localhost:40315/', 'http://localhost:40029/', 'http://localhost:39597/', 'http://localhost:40355/', 'http://localhost:44507/', 'http://localhost:45889/', 'http://localhost:42185/', 'http://localhost:46783/', 'http://localhost:43021/', 'http://localhost:44311/', 'http://localhost:42905/']: sec=0.00, result=[1, '', 0]
[rosmaster.master][INFO] 2026-08-30 02:27:56,457: +PUB [/rosout] /trajectory_planner http://localhost:41135/
[rosmaster.master][INFO] 2026-08-30 02:27:56,462: +SERVICE [/trajectory_planner/get_loggers] /trajectory_planner http://localhost:41135/
[rosmaster.master][INFO] 2026-08-30 02:27:56,463: +SERVICE [/trajectory_planner/set_logger_level] /trajectory_planner http://localhost:41135/
[rosmaster.master][INFO] 2026-08-30 02:27:56,468: +SUB [/mavros/local_position/odom] /trajectory_planner http://localhost:41135/
[rosmaster.master][INFO] 2026-08-30 02:27:56,472: -SUB [/mavros/local_position/odom] /trajectory_planner http://localhost:41135/
[rosmaster.master][INFO] 2026-08-30 02:27:56,473: -PUB [/rosout] /trajectory_planner http://localhost:41135/
[rosmaster.master][INFO] 2026-08-30 02:27:56,473: -SERVICE [/trajectory_planner/get_loggers] /trajectory_planner rosrpc://localhost:45051
[rosmaster.master][INFO] 2026-08-30 02:27:56,473: -SERVICE [/trajectory_planner/set_logger_level] /trajectory_planner rosrpc://localhost:45051
[rosmaster.master][INFO] 2026-08-30 02:27:56,476: publisherUpdate[/rosout] -> http://localhost:38789/ ['http://localhost:40315/', 'http://localhost:40029/', 'http://localhost:39597/', 'http://localhost:40355/', 'http://localhost:44507/', 'http://localhost:45889/', 'http://localhost:42185/', 'http://localhost:46783/', 'http://localhost:43021/', 'http://localhost:44311/', 'http://localhost:42905/', 'http://localhost:41135/']
[rosmaster.master][INFO] 2026-08-30 02:27:56,480: publisherUpdate[/rosout] -> http://localhost:38789/ ['http://localhost:40315/', 'http://localhost:40029/', 'http://localhost:39597/', 'http://localhost:40355/', 'http://localhost:44507/', 'http://localhost:45889/', 'http://localhost:42185/', 'http://localhost:46783/', 'http://localhost:43021/', 'http://localhost:44311/', 'http://localhost:42905/', 'http://localhost:41135/']: sec=0.00, result=[1, '', 0]
[rosmaster.master][INFO] 2026-08-30 02:27:56,480: publisherUpdate[/rosout] -> http://localhost:38789/ ['http://localhost:40315/', 'http://localhost:40029/', 'http://localhost:39597/', 'http://localhost:40355/', 'http://localhost:44507/', 'http://localhost:45889/', 'http://localhost:42185/', 'http://localhost:46783/', 'http://localhost:43021/', 'http://localhost:44311/', 'http://localhost:42905/']
[rosmaster.master][INFO] 2026-08-30 02:27:56,481: publisherUpdate[/rosout] -> http://localhost:38789/ ['http://localhost:40315/', 'http://localhost:40029/', 'http://localhost:39597/', 'http://localhost:40355/', 'http://localhost:44507/', 'http://localhost:45889/', 'http://localhost:42185/', 'http://localhost:46783/', 'http://localhost:43021/', 'http://localhost:44311/', 'http://localhost:42905/']: sec=0.00, result=[1, '', 0]
[rosmaster.master][INFO] 2026-08-30 02:29:01,211: +PUB [/rosout] /trajectory_planner http://localhost:33021/
[rosmaster.master][INFO] 2026-08-30 02:29:01,214: publisherUpdate[/rosout] -> http://localhost:38789/ ['http://localhost:40315/', 'http://localhost:40029/', 'http://localhost:39597/', 'http://localhost:40355/', 'http://localhost:44507/', 'http://localhost:45889/', 'http://localhost:42185/', 'http://localhost:46783/', 'http://localhost:43021/', 'http://localhost:44311/', 'http://localhost:42905/', 'http://localhost:33021/']
[rosmaster.master][INFO] 2026-08-30 02:29:01,217: publisherUpdate[/rosout] -> http://localhost:38789/ ['http://localhost:40315/', 'http://localhost:40029/', 'http://localhost:39597/', 'http://localhost:40355/', 'http://localhost:44507/', 'http://localhost:45889/', 'http://localhost:42185/', 'http://localhost:46783/', 'http://localhost:43021/', 'http://localhost:44311/', 'http://localhost:42905/', 'http://localhost:33021/']: sec=0.00, result=[1, '', 0]
[rosmaster.master][INFO] 2026-08-30 02:29:01,218: +SERVICE [/trajectory_planner/get_loggers] /trajectory_planner http://localhost:33021/
[rosmaster.master][INFO] 2026-08-30 02:29:01,219: +SERVICE [/trajectory_planner/set_logger_level] /trajectory_planner http://localhost:33021/
[rosmaster.master][INFO] 2026-08-30 02:29:01,224: +SUB [/mavros/local_position/odom] /trajectory_planner http://localhost:33021/
[rosmaster.master][INFO] 2026-08-30 02:29:01,230: -SUB [/mavros/local_position/odom] /trajectory_planner http://localhost:33021/
[rosmaster.master][INFO] 2026-08-30 02:29:01,230: -PUB [/rosout] /trajectory_planner http://localhost:33021/
[rosmaster.master][INFO] 2026-08-30 02:29:01,231: -SERVICE [/trajectory_planner/get_loggers] /trajectory_planner rosrpc://localhost:45621
[rosmaster.master][INFO] 2026-08-30 02:29:01,231: -SERVICE [/trajectory_planner/set_logger_level] /trajectory_planner rosrpc://localhost:45621
[rosmaster.master][INFO] 2026-08-30 02:29:01,245: publisherUpdate[/rosout] -> http://localhost:38789/ ['http://localhost:40315/', 'http://localhost:40029/', 'http://localhost:39597/', 'http://localhost:40355/', 'http://localhost:44507/', 'http://localhost:45889/', 'http://localhost:42185/', 'http://localhost:46783/', 'http://localhost:43021/', 'http://localhost:44311/', 'http://localhost:42905/']
[rosmaster.master][INFO] 2026-08-30 02:29:01,247: publisherUpdate[/rosout] -> http://localhost:38789/ ['http://localhost:40315/', 'http://localhost:40029/', 'http://localhost:39597/', 'http://localhost:40355/', 'http://localhost:44507/', 'http://localhost:45889/', 'http://localhost:42185/', 'http://localhost:46783/', 'http://localhost:43021/', 'http://localhost:44311/', 'http://localhost:42905/']: sec=0.00, result=[1, '', 0]
[rosmaster.master][INFO] 2026-08-30 02:30:06,260: +PUB [/rosout] /trajectory_planner http://localhost:39545/
[rosmaster.master][INFO] 2026-08-30 02:30:06,265: +SERVICE [/trajectory_planner/get_loggers] /trajectory_planner http://localhost:39545/
[rosmaster.master][INFO] 2026-08-30 02:30:06,266: +SERVICE [/trajectory_planner/set_logger_level] /trajectory_planner http://localhost:39545/
[rosmaster.master][INFO] 2026-08-30 02:30:06,271: +SUB [/mavros/local_position/odom] /trajectory_planner http://localhost:39545/
[rosmaster.master][INFO] 2026-08-30 02:30:06,271: publisherUpdate[/rosout] -> http://localhost:38789/ ['http://localhost:40315/', 'http://localhost:40029/', 'http://localhost:39597/', 'http://localhost:40355/', 'http://localhost:44507/', 'http://localhost:45889/', 'http://localhost:42185/', 'http://localhost:46783/', 'http://localhost:43021/', 'http://localhost:44311/', 'http://localhost:42905/', 'http://localhost:39545/']
[rosmaster.master][INFO] 2026-08-30 02:30:06,273: publisherUpdate[/rosout] -> http://localhost:38789/ ['http://localhost:40315/', 'http://localhost:40029/', 'http://localhost:39597/', 'http://localhost:40355/', 'http://localhost:44507/', 'http://localhost:45889/', 'http://localhost:42185/', 'http://localhost:46783/', 'http://localhost:43021/', 'http://localhost:44311/', 'http://localhost:42905/', 'http://localhost:39545/']: sec=0.00, result=[1, '', 0]
[rosmaster.master][INFO] 2026-08-30 02:30:06,276: -SUB [/mavros/local_position/odom] /trajectory_planner http://localhost:39545/
[rosmaster.master][INFO] 2026-08-30 02:30:06,276: -PUB [/rosout] /trajectory_planner http://localhost:39545/
[rosmaster.master][INFO] 2026-08-30 02:30:06,276: -SERVICE [/trajectory_planner/get_loggers] /trajectory_planner rosrpc://localhost:40333
[rosmaster.master][INFO] 2026-08-30 02:30:06,277: -SERVICE [/trajectory_planner/set_logger_level] /trajectory_planner rosrpc://localhost:40333
[rosmaster.master][INFO] 2026-08-30 02:30:06,327: publisherUpdate[/rosout] -> http://localhost:38789/ ['http://localhost:40315/', 'http://localhost:40029/', 'http://localhost:39597/', 'http://localhost:40355/', 'http://localhost:44507/', 'http://localhost:45889/', 'http://localhost:42185/', 'http://localhost:46783/', 'http://localhost:43021/', 'http://localhost:44311/', 'http://localhost:42905/']
[rosmaster.master][INFO] 2026-08-30 02:30:06,328: publisherUpdate[/rosout] -> http://localhost:38789/ ['http://localhost:40315/', 'http://localhost:40029/', 'http://localhost:39597/', 'http://localhost:40355/', 'http://localhost:44507/', 'http://localhost:45889/', 'http://localhost:42185/', 'http://localhost:46783/', 'http://localhost:43021/', 'http://localhost:44311/', 'http://localhost:42905/']: sec=0.00, result=[1, '', 0]
[rosmaster.master][INFO] 2026-08-30 02:31:11,086: +PUB [/rosout] /trajectory_planner http://localhost:34371/
[rosmaster.master][INFO] 2026-08-30 02:31:11,090: publisherUpdate[/rosout] -> http://localhost:38789/ ['http://localhost:40315/', 'http://localhost:40029/', 'http://localhost:39597/', 'http://localhost:40355/', 'http://localhost:44507/', 'http://localhost:45889/', 'http://localhost:42185/', 'http://localhost:46783/', 'http://localhost:43021/', 'http://localhost:44311/', 'http://localhost:42905/', 'http://localhost:34371/']
[rosmaster.master][INFO] 2026-08-30 02:31:11,091: publisherUpdate[/rosout] -> http://localhost:38789/ ['http://localhost:40315/', 'http://localhost:40029/', 'http://localhost:39597/', 'http://localhost:40355/', 'http://localhost:44507/', 'http://localhost:45889/', 'http://localhost:42185/', 'http://localhost:46783/', 'http://localhost:43021/', 'http://localhost:44311/', 'http://localhost:42905/', 'http://localhost:34371/']: sec=0.00, result=[1, '', 0]
[rosmaster.master][INFO] 2026-08-30 02:31:11,092: +SERVICE [/trajectory_planner/get_loggers] /trajectory_planner http://localhost:34371/
[rosmaster.master][INFO] 2026-08-30 02:31:11,093: +SERVICE [/trajectory_planner/set_logger_level] /trajectory_planner http://localhost:34371/
[rosmaster.master][INFO] 2026-08-30 02:31:11,098: +SUB [/mavros/local_position/odom] /trajectory_planner http://localhost:34371/
[rosmaster.master][INFO] 2026-08-30 02:31:11,102: -SUB [/mavros/local_position/odom] /trajectory_planner http://localhost:34371/
[rosmaster.master][INFO] 2026-08-30 02:31:11,102: -PUB [/rosout] /trajectory_planner http://localhost:34371/
[rosmaster.master][INFO] 2026-08-30 02:31:11,102: -SERVICE [/trajectory_planner/get_loggers] /trajectory_planner rosrpc://localhost:41987
[rosmaster.master][INFO] 2026-08-30 02:31:11,103: -SERVICE [/trajectory_planner/set_logger_level] /trajectory_planner rosrpc://localhost:41987
[rosmaster.master][INFO] 2026-08-30 02:31:11,191: publisherUpdate[/rosout] -> http://localhost:38789/ ['http://localhost:40315/', 'http://localhost:40029/', 'http://localhost:39597/', 'http://localhost:40355/', 'http://localhost:44507/', 'http://localhost:45889/', 'http://localhost:42185/', 'http://localhost:46783/', 'http://localhost:43021/', 'http://localhost:44311/', 'http://localhost:42905/']
[rosmaster.master][INFO] 2026-08-30 02:31:11,192: publisherUpdate[/rosout] -> http://localhost:38789/ ['http://localhost:40315/', 'http://localhost:40029/', 'http://localhost:39597/', 'http://localhost:40355/', 'http://localhost:44507/', 'http://localhost:45889/', 'http://localhost:42185/', 'http://localhost:46783/', 'http://localhost:43021/', 'http://localhost:44311/', 'http://localhost:42905/']: sec=0.00, result=[1, '', 0]
[rosmaster.master][INFO] 2026-08-30 02:32:02,074: -SUB [/health/check_all] /system_health_monitor http://localhost:45889/
[rosmaster.master][INFO] 2026-08-30 02:32:02,075: -PUB [/rosout] /system_health_monitor http://localhost:45889/
[rosmaster.master][INFO] 2026-08-30 02:32:02,075: -PUB [/system_health] /system_health_monitor http://localhost:45889/
[rosmaster.master][INFO] 2026-08-30 02:32:02,075: -PUB [/diagnostic_status] /system_health_monitor http://localhost:45889/
[rosmaster.master][INFO] 2026-08-30 02:32:02,076: -PUB [/performance_metrics] /system_health_monitor http://localhost:45889/
[rosmaster.master][INFO] 2026-08-30 02:32:02,081: -PUB [/system_alert] /system_health_monitor http://localhost:45889/
[rosmaster.master][INFO] 2026-08-30 02:32:02,081: -SERVICE [/system_health_monitor/get_loggers] /system_health_monitor rosrpc://localhost:44799
[rosmaster.master][INFO] 2026-08-30 02:32:02,082: -SERVICE [/system_health_monitor/set_logger_level] /system_health_monitor rosrpc://localhost:44799
[rosmaster.master][INFO] 2026-08-30 02:32:02,087: -SUB [/mavros/local_position/pose] /safety_monitor http://localhost:43021/
[rosmaster.master][INFO] 2026-08-30 02:32:02,088: -SUB [/mavros/local_position/velocity] /safety_monitor http://localhost:43021/
[rosmaster.master][INFO] 2026-08-30 02:32:02,088: -SUB [/mavros/state] /safety_monitor http://localhost:43021/
[rosmaster.master][INFO] 2026-08-30 02:32:02,088: -PUB [/rosout] /safety_monitor http://localhost:43021/
[rosmaster.master][INFO] 2026-08-30 02:32:02,088: -PUB [/safety_status] /safety_monitor http://localhost:43021/
[rosmaster.master][INFO] 2026-08-30 02:32:02,089: -SUB [/yolo_detector/node_health] /health_checker http://localhost:46783/
[rosmaster.master][INFO] 2026-08-30 02:32:02,089: -SUB [/target_tracking_controller/node_health] /health_checker http://localhost:46783/
[rosmaster.master][INFO] 2026-08-30 02:32:02,090: -SUB [/vehicle_state_monitor/node_health] /health_checker http://localhost:46783/
[rosmaster.master][INFO] 2026-08-30 02:32:02,090: -SUB [/mission_manager/node_health] /health_checker http://localhost:46783/
[rosmaster.master][INFO] 2026-08-30 02:32:02,096: -SUB [/safety_monitor/node_health] /health_checker http://localhost:46783/
[rosmaster.master][INFO] 2026-08-30 02:32:02,102: publisherUpdate[/rosout] -> http://localhost:38789/ ['http://localhost:40315/', 'http://localhost:40029/', 'http://localhost:39597/', 'http://localhost:40355/', 'http://localhost:44507/', 'http://localhost:42185/', 'http://localhost:46783/', 'http://localhost:43021/', 'http://localhost:44311/', 'http://localhost:42905/']
[rosmaster.master][INFO] 2026-08-30 02:32:02,103: -SUB [/drone_control/command] /command_interpreter http://localhost:40029/
[rosmaster.master][INFO] 2026-08-30 02:32:02,103: -PUB [/rosout] /command_interpreter http://localhost:40029/
[rosmaster.master][INFO] 2026-08-30 02:32:02,103: -PUB [/drone_control/command_response] /command_interpreter http://localhost:40029/
[rosmaster.master][INFO] 2026-08-30 02:32:02,103: -PUB [/command_interpreter/node_health] /command_interpreter http://localhost:40029/
[rosmaster.master][INFO] 2026-08-30 02:32:02,103: -SERVICE [/command_interpreter/get_loggers] /command_interpreter rosrpc://localhost:33853
[rosmaster.master][INFO] 2026-08-30 02:32:02,103: -SERVICE [/command_interpreter/set_logger_level] /command_interpreter rosrpc://localhost:33853
[rosmaster.master][INFO] 2026-08-30 02:32:02,106: -SUB [/mavros/local_position/odom] /target_tracking_controller http://localhost:44311/
[rosmaster.master][INFO] 2026-08-30 02:32:02,107: -SUB [/detected_objects] /target_tracking_controller http://localhost:44311/
[rosmaster.master][INFO] 2026-08-30 02:32:02,107: -SUB [/mavros/state] /target_tracking_controller http://localhost:44311/
[rosmaster.master][INFO] 2026-08-30 02:32:02,107: -SUB [/mission_status] /target_tracking_controller http://localhost:44311/
[rosmaster.master][INFO] 2026-08-30 02:32:02,108: -PUB [/safety_monitor/node_health] /safety_monitor http://localhost:43021/
[rosmaster.master][INFO] 2026-08-30 02:32:02,115: -PUB [/emergency_triggered] /safety_monitor http://localhost:43021/
[rosmaster.master][INFO] 2026-08-30 02:32:02,115: -PUB [/rosout] /camera_calibration http://localhost:39597/
[rosmaster.master][INFO] 2026-08-30 02:32:02,116: -PUB [/camera/camera_info] /camera_calibration http://localhost:39597/
[rosmaster.master][INFO] 2026-08-30 02:32:02,116: -PUB [/tf] /camera_calibration http://localhost:39597/
[rosmaster.master][INFO] 2026-08-30 02:32:02,116: -SERVICE [/camera_calibration/get_loggers] /camera_calibration rosrpc://localhost:35567
[rosmaster.master][INFO] 2026-08-30 02:32:02,116: -SUB [/mavros/state] /vehicle_state_monitor http://localhost:44507/
[rosmaster.master][INFO] 2026-08-30 02:32:02,118: -SUB [/mavros/battery] /vehicle_state_monitor http://localhost:44507/
[rosmaster.master][INFO] 2026-08-30 02:32:02,117: publisherUpdate[/rosout] -> http://localhost:38789/ ['http://localhost:40315/', 'http://localhost:40029/', 'http://localhost:39597/', 'http://localhost:40355/', 'http://localhost:44507/', 'http://localhost:42185/', 'http://localhost:46783/', 'http://localhost:43021/', 'http://localhost:44311/', 'http://localhost:42905/']: sec=0.02, result=[1, '', 0]
[rosmaster.master][INFO] 2026-08-30 02:32:02,118: -SUB [/drone_control/command] /yolo_detector http://localhost:42905/
[rosmaster.master][INFO] 2026-08-30 02:32:02,119: -SUB [/mission_status] /yolo_detector http://localhost:42905/
[rosmaster.master][INFO] 2026-08-30 02:32:02,121: -SUB [/camera/color/image_raw] /yolo_detector http://localhost:42905/
[rosmaster.master][INFO] 2026-08-30 02:32:02,119: publisherUpdate[/rosout] -> http://localhost:38789/ ['http://localhost:40315/', 'http://localhost:40029/', 'http://localhost:39597/', 'http://localhost:40355/', 'http://localhost:44507/', 'http://localhost:42185/', 'http://localhost:46783/', 'http://localhost:44311/', 'http://localhost:42905/']
[rosmaster.master][INFO] 2026-08-30 02:32:02,121: -SUB [/mavros/imu/data] /sensor_fusion http://localhost:42185/
[rosmaster.master][INFO] 2026-08-30 02:32:02,123: -SUB [/mavros/global_position/global] /sensor_fusion http://localhost:42185/
[rosmaster.master][INFO] 2026-08-30 02:32:02,123: -SUB [/mavros/local_position/pose] /sensor_fusion http://localhost:42185/
[rosmaster.master][INFO] 2026-08-30 02:32:02,123: -PUB [/rosout] /sensor_fusion http://localhost:42185/
[rosmaster.master][INFO] 2026-08-30 02:32:02,124: -PUB [/sensor_fusion/node_health] /sensor_fusion http://localhost:42185/
[rosmaster.master][INFO] 2026-08-30 02:32:02,124: -SERVICE [/sensor_fusion/get_loggers] /sensor_fusion rosrpc://localhost:38237
[rosmaster.master][INFO] 2026-08-30 02:32:02,124: -SERVICE [/sensor_fusion/set_logger_level] /sensor_fusion rosrpc://localhost:38237
[rosmaster.master][INFO] 2026-08-30 02:32:02,125: -PUB [/rosout] /yolo_detector http://localhost:42905/
[rosmaster.master][INFO] 2026-08-30 02:32:02,125: -PUB [/yolo_detector/node_health] /yolo_detector http://localhost:42905/
[rosmaster.master][INFO] 2026-08-30 02:32:02,127: publisherUpdate[/rosout] -> http://localhost:38789/ ['http://localhost:40315/', 'http://localhost:40029/', 'http://localhost:39597/', 'http://localhost:40355/', 'http://localhost:44507/', 'http://localhost:42185/', 'http://localhost:46783/', 'http://localhost:44311/', 'http://localhost:42905/']: sec=0.01, result=[1, '', 0]
[rosmaster.master][INFO] 2026-08-30 02:32:02,127: -SUB [/drone_control/command] /mission_manager http://localhost:40355/
[rosmaster.master][INFO] 2026-08-30 02:32:02,128: -SUB [/safety_status] /mission_manager http://localhost:40355/
[rosmaster.master][INFO] 2026-08-30 02:32:02,129: -PUB [/rosout] /target_tracking_controller http://localhost:44311/
[rosmaster.master][INFO] 2026-08-30 02:32:02,129: -PUB [/tracked_targets] /target_tracking_controller http://localhost:44311/
[rosmaster.master][INFO] 2026-08-30 02:32:02,129: -PUB [/mavros/setpoint_velocity/cmd_vel_unstamped] /target_tracking_controller http://localhost:44311/
[rosmaster.master][INFO] 2026-08-30 02:32:02,130: -PUB [/mavros/setpoint_raw/local] /target_tracking_controller http://localhost:44311/
[rosmaster.master][INFO] 2026-08-30 02:32:02,130: -PUB [/target_tracking_controller/node_health] /target_tracking_controller http://localhost:44311/
[rosmaster.master][INFO] 2026-08-30 02:32:02,130: -SERVICE [/target_tracking_controller/get_loggers] /target_tracking_controller rosrpc://localhost:38675
[rosmaster.master][INFO] 2026-08-30 02:32:02,128: publisherUpdate[/safety_status] -> http://localhost:40355/ []
[rosmaster.master][INFO] 2026-08-30 02:32:02,131: -SUB [/mavros/local_position/velocity] /vehicle_state_monitor http://localhost:44507/
[rosmaster.master][INFO] 2026-08-30 02:32:02,131: -PUB [/rosout] /vehicle_state_monitor http://localhost:44507/
[rosmaster.master][INFO] 2026-08-30 02:32:02,132: -PUB [/drone_status] /vehicle_state_monitor http://localhost:44507/
[rosmaster.master][INFO] 2026-08-30 02:32:02,132: -PUB [/diagnostic_status] /vehicle_state_monitor http://localhost:44507/
[rosmaster.master][INFO] 2026-08-30 02:32:02,132: -PUB [/vehicle_state_monitor/node_health] /vehicle_state_monitor http://localhost:44507/
[rosmaster.master][INFO] 2026-08-30 02:32:02,132: -PUB [/battery_percentage] /vehicle_state_monitor http://localhost:44507/
[rosmaster.master][INFO] 2026-08-30 02:32:02,132: -SERVICE [/vehicle_state_monitor/get_loggers] /vehicle_state_monitor rosrpc://localhost:41303
[rosmaster.master][INFO] 2026-08-30 02:32:02,133: -SERVICE [/vehicle_state_monitor/set_logger_level] /vehicle_state_monitor rosrpc://localhost:41303
[rosmaster.master][INFO] 2026-08-30 02:32:02,133: -SERVICE [/drone_emergency_stop] /vehicle_state_monitor rosrpc://localhost:41303
[rosmaster.master][INFO] 2026-08-30 02:32:02,133: -SERVICE [/drone_arm] /vehicle_state_monitor rosrpc://localhost:41303
[rosmaster.master][INFO] 2026-08-30 02:32:02,134: -SERVICE [/drone_disarm] /vehicle_state_monitor rosrpc://localhost:41303
[rosmaster.master][INFO] 2026-08-30 02:32:02,134: -SERVICE [/drone_get_status] /vehicle_state_monitor rosrpc://localhost:41303
[rosmaster.master][INFO] 2026-08-30 02:32:02,139: -SUB [/tracked_targets] /mission_manager http://localhost:40355/
[rosmaster.master][INFO] 2026-08-30 02:32:02,139: -PUB [/rosout] /mission_manager http://localhost:40355/
[rosmaster.master][INFO] 2026-08-30 02:32:02,139: -SUB [/command_interpreter/node_health] /health_checker http://localhost:46783/
[rosmaster.master][INFO] 2026-08-30 02:32:02,140: -PUB [/rosout] /health_checker http://localhost:46783/
[rosmaster.master][INFO] 2026-08-30 02:32:02,140: -PUB [/system_health] /health_checker http://localhost:46783/
[rosmaster.master][INFO] 2026-08-30 02:32:02,140: -SERVICE [/health_checker/get_loggers] /health_checker rosrpc://localhost:36253
[rosmaster.master][INFO] 2026-08-30 02:32:02,141: -SERVICE [/health_checker/set_logger_level] /health_checker rosrpc://localhost:36253
[rosmaster.master][INFO] 2026-08-30 02:32:02,141: -SERVICE [/health/check_all] /health_checker rosrpc://localhost:36253
[rosmaster.master][INFO] 2026-08-30 02:32:02,141: -SERVICE [/health/restart_node] /health_checker rosrpc://localhost:36253
[rosmaster.master][INFO] 2026-08-30 02:32:02,145: publisherUpdate[/safety_status] -> http://localhost:40355/ []: sec=0.01, result=[1, '', 0]
[rosmaster.master][INFO] 2026-08-30 02:32:02,145: publisherUpdate[/rosout] -> http://localhost:38789/ ['http://localhost:40315/', 'http://localhost:39597/', 'http://localhost:40355/', 'http://localhost:44507/', 'http://localhost:42185/', 'http://localhost:46783/', 'http://localhost:44311/', 'http://localhost:42905/']
[rosmaster.master][INFO] 2026-08-30 02:32:02,146: -SERVICE [/safety_monitor/get_loggers] /safety_monitor rosrpc://localhost:40911
[rosmaster.master][INFO] 2026-08-30 02:32:02,156: publisherUpdate[/rosout] -> http://localhost:38789/ ['http://localhost:40315/', 'http://localhost:39597/', 'http://localhost:40355/', 'http://localhost:44507/', 'http://localhost:42185/', 'http://localhost:46783/', 'http://localhost:44311/', 'http://localhost:42905/']: sec=0.01, result=[1, '', 0]
[rosmaster.master][INFO] 2026-08-30 02:32:02,158: -PUB [/command_response] /yolo_detector http://localhost:42905/
[rosmaster.master][INFO] 2026-08-30 02:32:02,158: publisherUpdate[/command_interpreter/node_health] -> http://localhost:46783/ []
[rosmaster.master][INFO] 2026-08-30 02:32:02,159: -SERVICE [/camera_calibration/set_logger_level] /camera_calibration rosrpc://localhost:35567
[rosmaster.master][INFO] 2026-08-30 02:32:02,161: -PUB [/mission_status] /mission_manager http://localhost:40355/
[rosmaster.master][INFO] 2026-08-30 02:32:02,162: -SERVICE [/target_tracking_controller/set_logger_level] /target_tracking_controller rosrpc://localhost:38675
[rosmaster.master][INFO] 2026-08-30 02:32:02,163: publisherUpdate[/rosout] -> http://localhost:38789/ ['http://localhost:40315/', 'http://localhost:40355/', 'http://localhost:44507/', 'http://localhost:42185/', 'http://localhost:46783/', 'http://localhost:44311/', 'http://localhost:42905/']
[rosmaster.master][INFO] 2026-08-30 02:32:02,165: publisherUpdate[/rosout] -> http://localhost:38789/ ['http://localhost:40315/', 'http://localhost:40355/', 'http://localhost:44507/', 'http://localhost:42185/', 'http://localhost:46783/', 'http://localhost:44311/', 'http://localhost:42905/']: sec=0.00, result=[1, '', 0]
[rosmaster.master][INFO] 2026-08-30 02:32:02,165: publisherUpdate[/rosout] -> http://localhost:38789/ ['http://localhost:40315/', 'http://localhost:40355/', 'http://localhost:44507/', 'http://localhost:46783/', 'http://localhost:44311/', 'http://localhost:42905/']
[rosmaster.master][INFO] 2026-08-30 02:32:02,166: publisherUpdate[/rosout] -> http://localhost:38789/ ['http://localhost:40315/', 'http://localhost:40355/', 'http://localhost:44507/', 'http://localhost:46783/', 'http://localhost:44311/', 'http://localhost:42905/']: sec=0.00, result=[1, '', 0]
[rosmaster.master][INFO] 2026-08-30 02:32:02,168: publisherUpdate[/rosout] -> http://localhost:38789/ ['http://localhost:40315/', 'http://localhost:40355/', 'http://localhost:44507/', 'http://localhost:46783/', 'http://localhost:44311/']
[rosmaster.master][INFO] 2026-08-30 02:32:02,166: -SERVICE [/safety_monitor/set_logger_level] /safety_monitor rosrpc://localhost:40911
[rosmaster.master][INFO] 2026-08-30 02:32:02,168: -SERVICE [/safety/geofence_enable] /safety_monitor rosrpc://localhost:40911
[rosmaster.master][INFO] 2026-08-30 02:32:02,168: -SERVICE [/safety/geofence_disable] /safety_monitor rosrpc://localhost:40911
[rosmaster.master][INFO] 2026-08-30 02:32:02,169: -SERVICE [/safety/check] /safety_monitor rosrpc://localhost:40911
[rosmaster.master][INFO] 2026-08-30 02:32:02,169: -SERVICE [/safety/status] /safety_monitor rosrpc://localhost:40911
[rosmaster.master][INFO] 2026-08-30 02:32:02,170: -PUB [/detected_objects] /yolo_detector http://localhost:42905/
[rosmaster.master][INFO] 2026-08-30 02:32:02,170: -SERVICE [/yolo_detector/get_loggers] /yolo_detector rosrpc://localhost:42311
[rosmaster.master][INFO] 2026-08-30 02:32:02,170: -SERVICE [/yolo_detector/set_logger_level] /yolo_detector rosrpc://localhost:42311
[rosmaster.master][INFO] 2026-08-30 02:32:02,167: publisherUpdate[/tracked_targets] -> http://localhost:40355/ []
[rosmaster.master][INFO] 2026-08-30 02:32:02,178: publisherUpdate[/command_interpreter/node_health] -> http://localhost:46783/ []: sec=0.02, exception=[Errno 111] Connection refused
[rosmaster.master][INFO] 2026-08-30 02:32:02,183: -PUB [/mission_manager/node_health] /mission_manager http://localhost:40355/
[rosmaster.master][INFO] 2026-08-30 02:32:02,196: -SERVICE [/mission_manager/get_loggers] /mission_manager rosrpc://localhost:37247
[rosmaster.master][INFO] 2026-08-30 02:32:02,196: -SERVICE [/mission_manager/set_logger_level] /mission_manager rosrpc://localhost:37247
[rosmaster.master][INFO] 2026-08-30 02:32:02,184: publisherUpdate[/rosout] -> http://localhost:38789/ ['http://localhost:40315/', 'http://localhost:40355/', 'http://localhost:44507/', 'http://localhost:46783/', 'http://localhost:44311/']: sec=0.02, result=[1, '', 0]
[rosmaster.master][INFO] 2026-08-30 02:32:02,198: publisherUpdate[/rosout] -> http://localhost:38789/ ['http://localhost:40315/', 'http://localhost:40355/', 'http://localhost:44507/', 'http://localhost:46783/']
[rosmaster.master][INFO] 2026-08-30 02:32:02,207: publisherUpdate[/tracked_targets] -> http://localhost:40355/ []: sec=0.03, result=[1, '', 0]
[rosmaster.master][INFO] 2026-08-30 02:32:02,209: publisherUpdate[/rosout] -> http://localhost:38789/ ['http://localhost:40315/', 'http://localhost:40355/', 'http://localhost:44507/', 'http://localhost:46783/']: sec=0.01, result=[1, '', 0]
[rosmaster.master][INFO] 2026-08-30 02:32:02,210: publisherUpdate[/rosout] -> http://localhost:38789/ ['http://localhost:40315/', 'http://localhost:40355/', 'http://localhost:46783/']
[rosmaster.master][INFO] 2026-08-30 02:32:02,213: publisherUpdate[/rosout] -> http://localhost:38789/ ['http://localhost:40315/', 'http://localhost:40355/', 'http://localhost:46783/']: sec=0.00, result=[1, '', 0]
[rosmaster.master][INFO] 2026-08-30 02:32:02,214: publisherUpdate[/rosout] -> http://localhost:38789/ ['http://localhost:40315/', 'http://localhost:46783/']
[rosmaster.master][INFO] 2026-08-30 02:32:02,217: publisherUpdate[/rosout] -> http://localhost:38789/ ['http://localhost:40315/', 'http://localhost:46783/']: sec=0.00, result=[1, '', 0]
[rosmaster.master][INFO] 2026-08-30 02:32:02,217: publisherUpdate[/rosout] -> http://localhost:38789/ ['http://localhost:40315/']
[rosmaster.master][INFO] 2026-08-30 02:32:02,219: publisherUpdate[/rosout] -> http://localhost:38789/ ['http://localhost:40315/']: sec=0.00, result=[1, '', 0]
[rosmaster.threadpool][ERROR] 2026-08-30 02:32:02,221: Traceback (most recent call last):
  File "/opt/ros/noetic/lib/python3/dist-packages/rosmaster/threadpool.py", line 218, in run
    result = cmd(*args)
  File "/opt/ros/noetic/lib/python3/dist-packages/rosmaster/master_api.py", line 210, in publisher_update_task
    ret = xmlrpcapi(api).publisherUpdate('/master', topic, pub_uris)
  File "/usr/lib/python3.8/xmlrpc/client.py", line 1109, in __call__
    return self.__send(self.__name, args)
  File "/usr/lib/python3.8/xmlrpc/client.py", line 1450, in __request
    response = self.__transport.request(
  File "/usr/lib/python3.8/xmlrpc/client.py", line 1153, in request
    return self.single_request(host, handler, request_body, verbose)
  File "/usr/lib/python3.8/xmlrpc/client.py", line 1165, in single_request
    http_conn = self.send_request(host, handler, request_body, verbose)
  File "/usr/lib/python3.8/xmlrpc/client.py", line 1278, in send_request
    self.send_content(connection, request_body)
  File "/usr/lib/python3.8/xmlrpc/client.py", line 1308, in send_content
    connection.endheaders(request_body)
  File "/usr/lib/python3.8/http/client.py", line 1251, in endheaders
    self._send_output(message_body, encode_chunked=encode_chunked)
  File "/usr/lib/python3.8/http/client.py", line 1011, in _send_output
    self.send(msg)
  File "/usr/lib/python3.8/http/client.py", line 951, in send
    self.connect()
  File "/usr/lib/python3.8/http/client.py", line 922, in connect
    self.sock = self._create_connection(
  File "/usr/lib/python3.8/socket.py", line 808, in create_connection
    raise err
  File "/usr/lib/python3.8/socket.py", line 796, in create_connection
    sock.connect(sa)
ConnectionRefusedError: [Errno 111] Connection refused

[rosmaster.master][INFO] 2026-08-30 02:32:03,082: -PUB [/rosout] /parameter_validator http://localhost:40315/
[rosmaster.master][INFO] 2026-08-30 02:32:03,082: -SERVICE [/parameter_validator/get_loggers] /parameter_validator rosrpc://localhost:35737
[rosmaster.master][INFO] 2026-08-30 02:32:03,083: -SERVICE [/parameter_validator/set_logger_level] /parameter_validator rosrpc://localhost:35737
[rosmaster.master][INFO] 2026-08-30 02:32:03,127: publisherUpdate[/rosout] -> http://localhost:38789/ []
[rosmaster.master][INFO] 2026-08-30 02:32:03,132: publisherUpdate[/rosout] -> http://localhost:38789/ []: sec=0.00, result=[1, '', 0]
[rosmaster.master][INFO] 2026-08-30 02:32:04,048: -PUB [/rosout_agg] /rosout http://localhost:38789/
[rosmaster.master][INFO] 2026-08-30 02:32:04,049: -SUB [/rosout] /rosout http://localhost:38789/
[rosmaster.master][INFO] 2026-08-30 02:32:04,051: -SERVICE [/rosout/get_loggers] /rosout rosrpc://localhost:40413
[rosmaster.master][INFO] 2026-08-30 02:32:04,051: -SERVICE [/rosout/set_logger_level] /rosout rosrpc://localhost:40413
[rosmaster.master][INFO] 2026-08-30 02:32:04,053: -CACHEDPARAM [/rosout/omit_topics] by /rosout
[rosmaster.main][INFO] 2026-08-30 02:32:04,100: keyboard interrupt, will exit
[rosmaster.main][INFO] 2026-08-30 02:32:04,100: stopping master...
[rospy.core][INFO] 2026-08-30 02:32:04,101: signal_shutdown [atexit]
