[rosmaster.main][INFO] 2026-08-30 10:53:16,868: initialization complete, waiting for shutdown
[rosmaster.main][INFO] 2026-08-30 10:53:16,872: Starting ROS Master Node
[xmlrpc][INFO] 2026-08-30 10:53:16,879: XML-RPC server binding to 0.0.0.0:11311
[xmlrpc][INFO] 2026-08-30 10:53:16,883: Started XML-RPC server [http://kamikaze:11311/]
[rosmaster.master][INFO] 2026-08-30 10:53:16,883: Master initialized: port[11311], uri[http://kamikaze:11311/]
[xmlrpc][INFO] 2026-08-30 10:53:16,884: xml rpc node: starting XML-RPC server
[rosmaster.master][INFO] 2026-08-30 10:53:16,942: +PARAM [/run_id] by /roslaunch
[rosmaster.master][INFO] 2026-08-30 10:53:16,945: +PARAM [/roslaunch/uris/host_kamikaze__38823] by /roslaunch
[rosmaster.master][INFO] 2026-08-30 10:53:17,138: +PARAM [/rosversion] by /roslaunch
[rosmaster.master][INFO] 2026-08-30 10:53:17,138: +PARAM [/rosdistro] by /roslaunch
[rosmaster.master][INFO] 2026-08-30 10:53:17,139: +PARAM [/target_params/detection/model/path] by /roslaunch
[rosmaster.master][INFO] 2026-08-30 10:53:17,139: +PARAM [/target_params/detection/model/device] by /roslaunch
[rosmaster.master][INFO] 2026-08-30 10:53:17,139: +PARAM [/target_params/detection/model/input_size] by /roslaunch
[rosmaster.master][INFO] 2026-08-30 10:53:17,140: +PARAM [/target_params/detection/model/batch_size] by /roslaunch
[rosmaster.master][INFO] 2026-08-30 10:53:17,140: +PARAM [/target_params/detection/confidence_threshold] by /roslaunch
[rosmaster.master][INFO] 2026-08-30 10:53:17,140: +PARAM [/target_params/detection/nms_threshold] by /roslaunch
[rosmaster.master][INFO] 2026-08-30 10:53:17,141: +PARAM [/target_params/detection/max_detections] by /roslaunch
[rosmaster.master][INFO] 2026-08-30 10:53:17,142: +PARAM [/target_params/detection/vehicle_classes] by /roslaunch
[rosmaster.master][INFO] 2026-08-30 10:53:17,143: +PARAM [/target_params/detection/class_thresholds/class_1] by /roslaunch
[rosmaster.master][INFO] 2026-08-30 10:53:17,146: +PARAM [/target_params/detection/class_thresholds/class_2] by /roslaunch
[rosmaster.master][INFO] 2026-08-30 10:53:17,147: +PARAM [/target_params/detection/class_thresholds/class_3] by /roslaunch
[rosmaster.master][INFO] 2026-08-30 10:53:17,147: +PARAM [/target_params/detection/class_thresholds/class_5] by /roslaunch
[rosmaster.master][INFO] 2026-08-30 10:53:17,147: +PARAM [/target_params/detection/class_thresholds/class_6] by /roslaunch
[rosmaster.master][INFO] 2026-08-30 10:53:17,147: +PARAM [/target_params/detection/class_thresholds/class_7] by /roslaunch
[rosmaster.master][INFO] 2026-08-30 10:53:17,148: +PARAM [/target_params/detection/class_thresholds/class_8] by /roslaunch
[rosmaster.master][INFO] 2026-08-30 10:53:17,149: +PARAM [/target_params/detection/performance/max_fps] by /roslaunch
[rosmaster.master][INFO] 2026-08-30 10:53:17,149: +PARAM [/target_params/detection/performance/frame_skip] by /roslaunch
[rosmaster.master][INFO] 2026-08-30 10:53:17,150: +PARAM [/target_params/detection/performance/parallel_inference] by /roslaunch
[rosmaster.master][INFO] 2026-08-30 10:53:17,152: +PARAM [/target_params/detection/performance/gpu_memory_limit] by /roslaunch
[rosmaster.master][INFO] 2026-08-30 10:53:17,152: +PARAM [/target_params/tracking/engagement_distance] by /roslaunch
[rosmaster.master][INFO] 2026-08-30 10:53:17,152: +PARAM [/target_params/tracking/attack_distance] by /roslaunch
[rosmaster.master][INFO] 2026-08-30 10:53:17,153: +PARAM [/target_params/tracking/disengagement_distance] by /roslaunch
[rosmaster.master][INFO] 2026-08-30 10:53:17,154: +PARAM [/target_params/tracking/max_tracks] by /roslaunch
[rosmaster.master][INFO] 2026-08-30 10:53:17,154: +PARAM [/target_params/tracking/max_lost_frames] by /roslaunch
[rosmaster.master][INFO] 2026-08-30 10:53:17,154: +PARAM [/target_params/tracking/min_track_length] by /roslaunch
[rosmaster.master][INFO] 2026-08-30 10:53:17,154: +PARAM [/target_params/tracking/track_confidence_threshold] by /roslaunch
[rosmaster.master][INFO] 2026-08-30 10:53:17,154: +PARAM [/target_params/tracking/association/iou_threshold] by /roslaunch
[rosmaster.master][INFO] 2026-08-30 10:53:17,155: +PARAM [/target_params/tracking/association/distance_threshold] by /roslaunch
[rosmaster.master][INFO] 2026-08-30 10:53:17,155: +PARAM [/target_params/tracking/association/appearance_weight] by /roslaunch
[rosmaster.master][INFO] 2026-08-30 10:53:17,156: +PARAM [/target_params/tracking/association/motion_weight] by /roslaunch
[rosmaster.master][INFO] 2026-08-30 10:53:17,156: +PARAM [/target_params/tracking/kalman/dt] by /roslaunch
[rosmaster.master][INFO] 2026-08-30 10:53:17,156: +PARAM [/target_params/tracking/kalman/process_noise] by /roslaunch
[rosmaster.master][INFO] 2026-08-30 10:53:17,156: +PARAM [/target_params/tracking/kalman/measurement_noise] by /roslaunch
[rosmaster.master][INFO] 2026-08-30 10:53:17,157: +PARAM [/target_params/tracking/kalman/initial_velocity] by /roslaunch
[rosmaster.master][INFO] 2026-08-30 10:53:17,157: +PARAM [/target_params/tracking/kalman/state_dim] by /roslaunch
[rosmaster.master][INFO] 2026-08-30 10:53:17,158: +PARAM [/target_params/tracking/kalman/measurement_dim] by /roslaunch
[rosmaster.master][INFO] 2026-08-30 10:53:17,158: +PARAM [/target_params/behavior/speed_classes/stationary] by /roslaunch
[rosmaster.master][INFO] 2026-08-30 10:53:17,159: +PARAM [/target_params/behavior/speed_classes/slow] by /roslaunch
[rosmaster.master][INFO] 2026-08-30 10:53:17,159: +PARAM [/target_params/behavior/speed_classes/medium] by /roslaunch
[rosmaster.master][INFO] 2026-08-30 10:53:17,160: +PARAM [/target_params/behavior/speed_classes/fast] by /roslaunch
[rosmaster.master][INFO] 2026-08-30 10:53:17,160: +PARAM [/target_params/behavior/speed_classes/extreme] by /roslaunch
[rosmaster.master][INFO] 2026-08-30 10:53:17,161: +PARAM [/target_params/behavior/models/random_walk/noise_scale] by /roslaunch
[rosmaster.master][INFO] 2026-08-30 10:53:17,162: +PARAM [/target_params/behavior/models/random_walk/persistence] by /roslaunch
[rosmaster.master][INFO] 2026-08-30 10:53:17,162: +PARAM [/target_params/behavior/models/pursuit/max_acceleration] by /roslaunch
[rosmaster.master][INFO] 2026-08-30 10:53:17,162: +PARAM [/target_params/behavior/models/pursuit/max_turn_rate] by /roslaunch
[rosmaster.master][INFO] 2026-08-30 10:53:17,162: +PARAM [/target_params/behavior/models/evasion/max_acceleration] by /roslaunch
[rosmaster.master][INFO] 2026-08-30 10:53:17,163: +PARAM [/target_params/behavior/models/evasion/max_turn_rate] by /roslaunch
[rosmaster.master][INFO] 2026-08-30 10:53:17,163: +PARAM [/target_params/behavior/threat/distance_weights] by /roslaunch
[rosmaster.master][INFO] 2026-08-30 10:53:17,164: +PARAM [/target_params/behavior/threat/speed_thresholds/low] by /roslaunch
[rosmaster.master][INFO] 2026-08-30 10:53:17,164: +PARAM [/target_params/behavior/threat/speed_thresholds/medium] by /roslaunch
[rosmaster.master][INFO] 2026-08-30 10:53:17,164: +PARAM [/target_params/behavior/threat/speed_thresholds/high] by /roslaunch
[rosmaster.master][INFO] 2026-08-30 10:53:17,164: +PARAM [/target_params/behavior/threat/priority_boost] by /roslaunch
[rosmaster.master][INFO] 2026-08-30 10:53:17,165: +PARAM [/target_params/performance/update_rates/detection] by /roslaunch
[rosmaster.master][INFO] 2026-08-30 10:53:17,165: +PARAM [/target_params/performance/update_rates/tracking] by /roslaunch
[rosmaster.master][INFO] 2026-08-30 10:53:17,165: +PARAM [/target_params/performance/update_rates/control] by /roslaunch
[rosmaster.master][INFO] 2026-08-30 10:53:17,165: +PARAM [/target_params/performance/update_rates/state] by /roslaunch
[rosmaster.master][INFO] 2026-08-30 10:53:17,166: +PARAM [/target_params/performance/latency/max_detection] by /roslaunch
[rosmaster.master][INFO] 2026-08-30 10:53:17,167: +PARAM [/target_params/performance/latency/max_tracking] by /roslaunch
[rosmaster.master][INFO] 2026-08-30 10:53:17,167: +PARAM [/target_params/performance/latency/max_control] by /roslaunch
[rosmaster.master][INFO] 2026-08-30 10:53:17,167: +PARAM [/target_params/performance/resources/max_memory_mb] by /roslaunch
[rosmaster.master][INFO] 2026-08-30 10:53:17,167: +PARAM [/target_params/performance/resources/max_cpu_percent] by /roslaunch
[rosmaster.master][INFO] 2026-08-30 10:53:17,168: +PARAM [/target_params/performance/resources/max_gpu_memory_mb] by /roslaunch
[rosmaster.master][INFO] 2026-08-30 10:53:17,168: +PARAM [/target_params/camera/fx] by /roslaunch
[rosmaster.master][INFO] 2026-08-30 10:53:17,168: +PARAM [/target_params/camera/fy] by /roslaunch
[rosmaster.master][INFO] 2026-08-30 10:53:17,168: +PARAM [/target_params/camera/cx] by /roslaunch
[rosmaster.master][INFO] 2026-08-30 10:53:17,169: +PARAM [/target_params/camera/cy] by /roslaunch
[rosmaster.master][INFO] 2026-08-30 10:53:17,169: +PARAM [/target_params/camera/width] by /roslaunch
[rosmaster.master][INFO] 2026-08-30 10:53:17,169: +PARAM [/target_params/camera/height] by /roslaunch
[rosmaster.master][INFO] 2026-08-30 10:53:17,169: +PARAM [/target_params/camera/fov] by /roslaunch
[rosmaster.master][INFO] 2026-08-30 10:53:17,169: +PARAM [/camera_calib/camera/id] by /roslaunch
[rosmaster.master][INFO] 2026-08-30 10:53:17,169: +PARAM [/camera_calib/camera/model] by /roslaunch
[rosmaster.master][INFO] 2026-08-30 10:53:17,170: +PARAM [/camera_calib/camera/width] by /roslaunch
[rosmaster.master][INFO] 2026-08-30 10:53:17,170: +PARAM [/camera_calib/camera/height] by /roslaunch
[rosmaster.master][INFO] 2026-08-30 10:53:17,170: +PARAM [/camera_calib/camera/intrinsic/fx] by /roslaunch
[rosmaster.master][INFO] 2026-08-30 10:53:17,170: +PARAM [/camera_calib/camera/intrinsic/fy] by /roslaunch
[rosmaster.master][INFO] 2026-08-30 10:53:17,171: +PARAM [/camera_calib/camera/intrinsic/cx] by /roslaunch
[rosmaster.master][INFO] 2026-08-30 10:53:17,171: +PARAM [/camera_calib/camera/intrinsic/cy] by /roslaunch
[rosmaster.master][INFO] 2026-08-30 10:53:17,172: +PARAM [/camera_calib/camera/intrinsic/fov] by /roslaunch
[rosmaster.master][INFO] 2026-08-30 10:53:17,172: +PARAM [/camera_calib/camera/distortion/model] by /roslaunch
[rosmaster.master][INFO] 2026-08-30 10:53:17,173: +PARAM [/camera_calib/camera/distortion/coefficients/k1] by /roslaunch
[rosmaster.master][INFO] 2026-08-30 10:53:17,173: +PARAM [/camera_calib/camera/distortion/coefficients/k2] by /roslaunch
[rosmaster.master][INFO] 2026-08-30 10:53:17,173: +PARAM [/camera_calib/camera/distortion/coefficients/p1] by /roslaunch
[rosmaster.master][INFO] 2026-08-30 10:53:17,174: +PARAM [/camera_calib/camera/distortion/coefficients/p2] by /roslaunch
[rosmaster.master][INFO] 2026-08-30 10:53:17,174: +PARAM [/camera_calib/camera/distortion/coefficients/k3] by /roslaunch
[rosmaster.master][INFO] 2026-08-30 10:53:17,174: +PARAM [/camera_calib/camera/projection/P] by /roslaunch
[rosmaster.master][INFO] 2026-08-30 10:53:17,175: +PARAM [/camera_calib/camera/rectification/R] by /roslaunch
[rosmaster.master][INFO] 2026-08-30 10:53:17,175: +PARAM [/camera_calib/camera/extrinsic/translation] by /roslaunch
[rosmaster.master][INFO] 2026-08-30 10:53:17,176: +PARAM [/camera_calib/camera/extrinsic/rotation] by /roslaunch
[rosmaster.master][INFO] 2026-08-30 10:53:17,176: +PARAM [/camera_calib/camera/extrinsic/rotation_matrix] by /roslaunch
[rosmaster.master][INFO] 2026-08-30 10:53:17,177: +PARAM [/camera_calib/camera/calibration/date] by /roslaunch
[rosmaster.master][INFO] 2026-08-30 10:53:17,177: +PARAM [/camera_calib/camera/calibration/method] by /roslaunch
[rosmaster.master][INFO] 2026-08-30 10:53:17,177: +PARAM [/camera_calib/camera/calibration/reprojection_error] by /roslaunch
[rosmaster.master][INFO] 2026-08-30 10:53:17,178: +PARAM [/camera_calib/camera/calibration/status] by /roslaunch
[rosmaster.master][INFO] 2026-08-30 10:53:17,178: +PARAM [/camera_calib/image_processing/preprocessing/resize] by /roslaunch
[rosmaster.master][INFO] 2026-08-30 10:53:17,178: +PARAM [/camera_calib/image_processing/preprocessing/normalize] by /roslaunch
[rosmaster.master][INFO] 2026-08-30 10:53:17,179: +PARAM [/camera_calib/image_processing/preprocessing/mean] by /roslaunch
[rosmaster.master][INFO] 2026-08-30 10:53:17,180: +PARAM [/camera_calib/image_processing/preprocessing/std] by /roslaunch
[rosmaster.master][INFO] 2026-08-30 10:53:17,180: +PARAM [/camera_calib/image_processing/color_space] by /roslaunch
[rosmaster.master][INFO] 2026-08-30 10:53:17,182: +PARAM [/camera_calib/image_processing/roi/enabled] by /roslaunch
[rosmaster.master][INFO] 2026-08-30 10:53:17,183: +PARAM [/camera_calib/image_processing/roi/x] by /roslaunch
[rosmaster.master][INFO] 2026-08-30 10:53:17,183: +PARAM [/camera_calib/image_processing/roi/y] by /roslaunch
[rosmaster.master][INFO] 2026-08-30 10:53:17,183: +PARAM [/camera_calib/image_processing/roi/width] by /roslaunch
[rosmaster.master][INFO] 2026-08-30 10:53:17,184: +PARAM [/camera_calib/image_processing/roi/height] by /roslaunch
[rosmaster.master][INFO] 2026-08-30 10:53:17,184: +PARAM [/camera_calib/image_processing/augmentation/horizontal_flip] by /roslaunch
[rosmaster.master][INFO] 2026-08-30 10:53:17,184: +PARAM [/camera_calib/image_processing/augmentation/rotation] by /roslaunch
[rosmaster.master][INFO] 2026-08-30 10:53:17,184: +PARAM [/camera_calib/image_processing/augmentation/scale] by /roslaunch
[rosmaster.master][INFO] 2026-08-30 10:53:17,185: +PARAM [/camera_calib/image_processing/augmentation/brightness] by /roslaunch
[rosmaster.master][INFO] 2026-08-30 10:53:17,185: +PARAM [/camera_calib/stereo/enabled] by /roslaunch
[rosmaster.master][INFO] 2026-08-30 10:53:17,185: +PARAM [/camera_calib/stereo/baseline] by /roslaunch
[rosmaster.master][INFO] 2026-08-30 10:53:17,185: +PARAM [/camera_calib/stereo/depth/min_distance] by /roslaunch
[rosmaster.master][INFO] 2026-08-30 10:53:17,185: +PARAM [/camera_calib/stereo/depth/max_distance] by /roslaunch
[rosmaster.master][INFO] 2026-08-30 10:53:17,186: +PARAM [/camera_calib/stereo/depth/disparity_range] by /roslaunch
[rosmaster.master][INFO] 2026-08-30 10:53:17,186: +PARAM [/camera_calib/stereo/matching/algorithm] by /roslaunch
[rosmaster.master][INFO] 2026-08-30 10:53:17,186: +PARAM [/camera_calib/stereo/matching/num_disparities] by /roslaunch
[rosmaster.master][INFO] 2026-08-30 10:53:17,186: +PARAM [/camera_calib/stereo/matching/block_size] by /roslaunch
[rosmaster.master][INFO] 2026-08-30 10:53:17,186: +PARAM [/camera_calib/stereo/matching/p1] by /roslaunch
[rosmaster.master][INFO] 2026-08-30 10:53:17,187: +PARAM [/camera_calib/stereo/matching/p2] by /roslaunch
[rosmaster.master][INFO] 2026-08-30 10:53:17,187: +PARAM [/flight_control/pid/position/x/p] by /roslaunch
[rosmaster.master][INFO] 2026-08-30 10:53:17,187: +PARAM [/flight_control/pid/position/x/i] by /roslaunch
[rosmaster.master][INFO] 2026-08-30 10:53:17,187: +PARAM [/flight_control/pid/position/x/d] by /roslaunch
[rosmaster.master][INFO] 2026-08-30 10:53:17,187: +PARAM [/flight_control/pid/position/x/integral_clamp] by /roslaunch
[rosmaster.master][INFO] 2026-08-30 10:53:17,188: +PARAM [/flight_control/pid/position/y/p] by /roslaunch
[rosmaster.master][INFO] 2026-08-30 10:53:17,188: +PARAM [/flight_control/pid/position/y/i] by /roslaunch
[rosmaster.master][INFO] 2026-08-30 10:53:17,188: +PARAM [/flight_control/pid/position/y/d] by /roslaunch
[rosmaster.master][INFO] 2026-08-30 10:53:17,189: +PARAM [/flight_control/pid/position/y/integral_clamp] by /roslaunch
[rosmaster.master][INFO] 2026-08-30 10:53:17,189: +PARAM [/flight_control/pid/position/z/p] by /roslaunch
[rosmaster.master][INFO] 2026-08-30 10:53:17,189: +PARAM [/flight_control/pid/position/z/i] by /roslaunch
[rosmaster.master][INFO] 2026-08-30 10:53:17,189: +PARAM [/flight_control/pid/position/z/d] by /roslaunch
[rosmaster.master][INFO] 2026-08-30 10:53:17,189: +PARAM [/flight_control/pid/position/z/integral_clamp] by /roslaunch
[rosmaster.master][INFO] 2026-08-30 10:53:17,190: +PARAM [/flight_control/pid/velocity/x/p] by /roslaunch
[rosmaster.master][INFO] 2026-08-30 10:53:17,191: +PARAM [/flight_control/pid/velocity/x/i] by /roslaunch
[rosmaster.master][INFO] 2026-08-30 10:53:17,191: +PARAM [/flight_control/pid/velocity/x/d] by /roslaunch
[rosmaster.master][INFO] 2026-08-30 10:53:17,192: +PARAM [/flight_control/pid/velocity/y/p] by /roslaunch
[rosmaster.master][INFO] 2026-08-30 10:53:17,192: +PARAM [/flight_control/pid/velocity/y/i] by /roslaunch
[rosmaster.master][INFO] 2026-08-30 10:53:17,192: +PARAM [/flight_control/pid/velocity/y/d] by /roslaunch
[rosmaster.master][INFO] 2026-08-30 10:53:17,193: +PARAM [/flight_control/pid/velocity/z/p] by /roslaunch
[rosmaster.master][INFO] 2026-08-30 10:53:17,194: +PARAM [/flight_control/pid/velocity/z/i] by /roslaunch
[rosmaster.master][INFO] 2026-08-30 10:53:17,194: +PARAM [/flight_control/pid/velocity/z/d] by /roslaunch
[rosmaster.master][INFO] 2026-08-30 10:53:17,194: +PARAM [/flight_control/pid/attitude/roll/p] by /roslaunch
[rosmaster.master][INFO] 2026-08-30 10:53:17,195: +PARAM [/flight_control/pid/attitude/roll/i] by /roslaunch
[rosmaster.master][INFO] 2026-08-30 10:53:17,195: +PARAM [/flight_control/pid/attitude/roll/d] by /roslaunch
[rosmaster.master][INFO] 2026-08-30 10:53:17,196: +PARAM [/flight_control/pid/attitude/pitch/p] by /roslaunch
[rosmaster.master][INFO] 2026-08-30 10:53:17,196: +PARAM [/flight_control/pid/attitude/pitch/i] by /roslaunch
[rosmaster.master][INFO] 2026-08-30 10:53:17,196: +PARAM [/flight_control/pid/attitude/pitch/d] by /roslaunch
[rosmaster.master][INFO] 2026-08-30 10:53:17,197: +PARAM [/flight_control/pid/attitude/yaw/p] by /roslaunch
[rosmaster.master][INFO] 2026-08-30 10:53:17,197: +PARAM [/flight_control/pid/attitude/yaw/i] by /roslaunch
[rosmaster.master][INFO] 2026-08-30 10:53:17,198: +PARAM [/flight_control/pid/attitude/yaw/d] by /roslaunch
[rosmaster.master][INFO] 2026-08-30 10:53:17,198: +PARAM [/flight_control/pid/rate/roll/p] by /roslaunch
[rosmaster.master][INFO] 2026-08-30 10:53:17,199: +PARAM [/flight_control/pid/rate/roll/i] by /roslaunch
[rosmaster.master][INFO] 2026-08-30 10:53:17,199: +PARAM [/flight_control/pid/rate/roll/d] by /roslaunch
[rosmaster.master][INFO] 2026-08-30 10:53:17,200: +PARAM [/flight_control/pid/rate/pitch/p] by /roslaunch
[rosmaster.master][INFO] 2026-08-30 10:53:17,200: +PARAM [/flight_control/pid/rate/pitch/i] by /roslaunch
[rosmaster.master][INFO] 2026-08-30 10:53:17,200: +PARAM [/flight_control/pid/rate/pitch/d] by /roslaunch
[rosmaster.master][INFO] 2026-08-30 10:53:17,200: +PARAM [/flight_control/pid/rate/yaw/p] by /roslaunch
[rosmaster.master][INFO] 2026-08-30 10:53:17,200: +PARAM [/flight_control/pid/rate/yaw/i] by /roslaunch
[rosmaster.master][INFO] 2026-08-30 10:53:17,201: +PARAM [/flight_control/pid/rate/yaw/d] by /roslaunch
[rosmaster.master][INFO] 2026-08-30 10:53:17,201: +PARAM [/flight_control/dynamics/constraints/max_velocity] by /roslaunch
[rosmaster.master][INFO] 2026-08-30 10:53:17,201: +PARAM [/flight_control/dynamics/constraints/max_acceleration] by /roslaunch
[rosmaster.master][INFO] 2026-08-30 10:53:17,201: +PARAM [/flight_control/dynamics/constraints/max_yaw_rate] by /roslaunch
[rosmaster.master][INFO] 2026-08-30 10:53:17,202: +PARAM [/flight_control/dynamics/safety_margins/min_altitude] by /roslaunch
[rosmaster.master][INFO] 2026-08-30 10:53:17,202: +PARAM [/flight_control/dynamics/safety_margins/max_altitude] by /roslaunch
[rosmaster.master][INFO] 2026-08-30 10:53:17,202: +PARAM [/flight_control/dynamics/safety_margins/max_tilt] by /roslaunch
[rosmaster.master][INFO] 2026-08-30 10:53:17,202: +PARAM [/flight_control/dynamics/safety_margins/max_rotation_rate] by /roslaunch
[rosmaster.master][INFO] 2026-08-30 10:53:17,202: +PARAM [/flight_control/dynamics/vehicle/mass] by /roslaunch
[rosmaster.master][INFO] 2026-08-30 10:53:17,203: +PARAM [/flight_control/dynamics/vehicle/moment_of_inertia] by /roslaunch
[rosmaster.master][INFO] 2026-08-30 10:53:17,203: +PARAM [/flight_control/dynamics/vehicle/thrust_to_weight] by /roslaunch
[rosmaster.master][INFO] 2026-08-30 10:53:17,203: +PARAM [/flight_control/dynamics/vehicle/max_thrust] by /roslaunch
[rosmaster.master][INFO] 2026-08-30 10:53:17,204: +PARAM [/flight_control/mission/search_patterns/type] by /roslaunch
[rosmaster.master][INFO] 2026-08-30 10:53:17,204: +PARAM [/flight_control/mission/search_patterns/params/radius] by /roslaunch
[rosmaster.master][INFO] 2026-08-30 10:53:17,204: +PARAM [/flight_control/mission/search_patterns/params/spacing] by /roslaunch
[rosmaster.master][INFO] 2026-08-30 10:53:17,205: +PARAM [/flight_control/mission/search_patterns/params/altitude] by /roslaunch
[rosmaster.master][INFO] 2026-08-30 10:53:17,207: +PARAM [/flight_control/mission/engagement/mode] by /roslaunch
[rosmaster.master][INFO] 2026-08-30 10:53:17,207: +PARAM [/flight_control/mission/engagement/priority_high] by /roslaunch
[rosmaster.master][INFO] 2026-08-30 10:53:17,207: +PARAM [/flight_control/mission/engagement/priority_low] by /roslaunch
[rosmaster.master][INFO] 2026-08-30 10:53:17,207: +PARAM [/flight_control/mission/collision_avoidance/enable] by /roslaunch
[rosmaster.master][INFO] 2026-08-30 10:53:17,208: +PARAM [/flight_control/mission/collision_avoidance/min_distance] by /roslaunch
[rosmaster.master][INFO] 2026-08-30 10:53:17,208: +PARAM [/flight_control/mission/collision_avoidance/safety_margin] by /roslaunch
[rosmaster.master][INFO] 2026-08-30 10:53:17,208: +PARAM [/flight_control/mission/collision_avoidance/avoidance_method] by /roslaunch
[rosmaster.master][INFO] 2026-08-30 10:53:17,211: +PARAM [/flight_control/mission/waypoints/tolerance] by /roslaunch
[rosmaster.master][INFO] 2026-08-30 10:53:17,211: +PARAM [/flight_control/mission/waypoints/loiter_time] by /roslaunch
[rosmaster.master][INFO] 2026-08-30 10:53:17,212: +PARAM [/flight_control/mission/waypoints/approach_speed] by /roslaunch
[rosmaster.master][INFO] 2026-08-30 10:53:17,212: +PARAM [/flight_control/simulation/physics/enable_gravity] by /roslaunch
[rosmaster.master][INFO] 2026-08-30 10:53:17,212: +PARAM [/flight_control/simulation/physics/enable_wind] by /roslaunch
[rosmaster.master][INFO] 2026-08-30 10:53:17,213: +PARAM [/flight_control/simulation/physics/enable_turbulence] by /roslaunch
[rosmaster.master][INFO] 2026-08-30 10:53:17,213: +PARAM [/flight_control/simulation/environment/wind_speed] by /roslaunch
[rosmaster.master][INFO] 2026-08-30 10:53:17,213: +PARAM [/flight_control/simulation/environment/wind_direction] by /roslaunch
[rosmaster.master][INFO] 2026-08-30 10:53:17,213: +PARAM [/flight_control/simulation/environment/turbulence_intensity] by /roslaunch
[rosmaster.master][INFO] 2026-08-30 10:53:17,214: +PARAM [/flight_control/simulation/noise/sensor_noise] by /roslaunch
[rosmaster.master][INFO] 2026-08-30 10:53:17,214: +PARAM [/flight_control/simulation/noise/actuator_noise] by /roslaunch
[rosmaster.master][INFO] 2026-08-30 10:53:17,215: +PARAM [/flight_control/simulation/noise/time_delay] by /roslaunch
[rosmaster.master][INFO] 2026-08-30 10:53:17,215: +PARAM [/flight_control/simulation/speed/simulation_speed] by /roslaunch
[rosmaster.master][INFO] 2026-08-30 10:53:17,215: +PARAM [/flight_control/simulation/speed/real_time_factor] by /roslaunch
[rosmaster.master][INFO] 2026-08-30 10:53:17,215: +PARAM [/kalman_filter/kalman_filter/type] by /roslaunch
[rosmaster.master][INFO] 2026-08-30 10:53:17,216: +PARAM [/kalman_filter/kalman_filter/state_dim] by /roslaunch
[rosmaster.master][INFO] 2026-08-30 10:53:17,216: +PARAM [/kalman_filter/kalman_filter/measurement_dim] by /roslaunch
[rosmaster.master][INFO] 2026-08-30 10:53:17,217: +PARAM [/kalman_filter/kalman_filter/noise/process/position] by /roslaunch
[rosmaster.master][INFO] 2026-08-30 10:53:17,217: +PARAM [/kalman_filter/kalman_filter/noise/process/velocity] by /roslaunch
[rosmaster.master][INFO] 2026-08-30 10:53:17,217: +PARAM [/kalman_filter/kalman_filter/noise/process/acceleration] by /roslaunch
[rosmaster.master][INFO] 2026-08-30 10:53:17,218: +PARAM [/kalman_filter/kalman_filter/noise/measurement/position] by /roslaunch
[rosmaster.master][INFO] 2026-08-30 10:53:17,218: +PARAM [/kalman_filter/kalman_filter/parameters/dt] by /roslaunch
[rosmaster.master][INFO] 2026-08-30 10:53:17,218: +PARAM [/kalman_filter/kalman_filter/parameters/adaptive/enabled] by /roslaunch
[rosmaster.master][INFO] 2026-08-30 10:53:17,218: +PARAM [/kalman_filter/kalman_filter/parameters/adaptive/update_rate] by /roslaunch
[rosmaster.master][INFO] 2026-08-30 10:53:17,219: +PARAM [/kalman_filter/kalman_filter/parameters/adaptive/innovation_threshold] by /roslaunch
[rosmaster.master][INFO] 2026-08-30 10:53:17,219: +PARAM [/kalman_filter/kalman_filter/parameters/outlier_rejection/enabled] by /roslaunch
[rosmaster.master][INFO] 2026-08-30 10:53:17,219: +PARAM [/kalman_filter/kalman_filter/parameters/outlier_rejection/mahalanobis_threshold] by /roslaunch
[rosmaster.master][INFO] 2026-08-30 10:53:17,219: +PARAM [/kalman_filter/kalman_filter/parameters/outlier_rejection/gating] by /roslaunch
[rosmaster.master][INFO] 2026-08-30 10:53:17,220: +PARAM [/kalman_filter/kalman_filter/parameters/initialization/max_measurements] by /roslaunch
[rosmaster.master][INFO] 2026-08-30 10:53:17,220: +PARAM [/kalman_filter/kalman_filter/parameters/initialization/min_velocity_samples] by /roslaunch
[rosmaster.master][INFO] 2026-08-30 10:53:17,220: +PARAM [/kalman_filter/kalman_filter/parameters/convergence/max_iterations] by /roslaunch
[rosmaster.master][INFO] 2026-08-30 10:53:17,220: +PARAM [/kalman_filter/kalman_filter/parameters/convergence/epsilon] by /roslaunch
[rosmaster.master][INFO] 2026-08-30 10:53:17,220: +PARAM [/kalman_filter/kalman_filter/multi_target/enabled] by /roslaunch
[rosmaster.master][INFO] 2026-08-30 10:53:17,221: +PARAM [/kalman_filter/kalman_filter/multi_target/max_targets] by /roslaunch
[rosmaster.master][INFO] 2026-08-30 10:53:17,221: +PARAM [/kalman_filter/kalman_filter/multi_target/association/method] by /roslaunch
[rosmaster.master][INFO] 2026-08-30 10:53:17,222: +PARAM [/kalman_filter/kalman_filter/multi_target/association/gating/enabled] by /roslaunch
[rosmaster.master][INFO] 2026-08-30 10:53:17,222: +PARAM [/kalman_filter/kalman_filter/multi_target/association/gating/gate_size] by /roslaunch
[rosmaster.master][INFO] 2026-08-30 10:53:17,222: +PARAM [/kalman_filter/kalman_filter/multi_target/association/gating/dynamic_gating] by /roslaunch
[rosmaster.master][INFO] 2026-08-30 10:53:17,223: +PARAM [/kalman_filter/kalman_filter/multi_target/association/track_management/birth_probability] by /roslaunch
[rosmaster.master][INFO] 2026-08-30 10:53:17,223: +PARAM [/kalman_filter/kalman_filter/multi_target/association/track_management/death_threshold] by /roslaunch
[rosmaster.master][INFO] 2026-08-30 10:53:17,224: +PARAM [/kalman_filter/kalman_filter/multi_target/association/track_management/merge_threshold] by /roslaunch
[rosmaster.master][INFO] 2026-08-30 10:53:17,224: +PARAM [/kalman_filter/kalman_filter/multi_target/scoring/position_weight] by /roslaunch
[rosmaster.master][INFO] 2026-08-30 10:53:17,224: +PARAM [/kalman_filter/kalman_filter/multi_target/scoring/velocity_weight] by /roslaunch
[rosmaster.master][INFO] 2026-08-30 10:53:17,225: +PARAM [/kalman_filter/kalman_filter/multi_target/scoring/appearance_weight] by /roslaunch
[rosmaster.master][INFO] 2026-08-30 10:53:17,226: +PARAM [/kalman_filter/kalman_filter/multi_target/scoring/history_length] by /roslaunch
[rosmaster.master][INFO] 2026-08-30 10:53:17,226: +PARAM [/kalman_filter/sensor_fusion/sensors] by /roslaunch
[rosmaster.master][INFO] 2026-08-30 10:53:17,227: +PARAM [/kalman_filter/sensor_fusion/algorithms/type] by /roslaunch
[rosmaster.master][INFO] 2026-08-30 10:53:17,228: +PARAM [/kalman_filter/sensor_fusion/algorithms/centralized/measurement_dim] by /roslaunch
[rosmaster.master][INFO] 2026-08-30 10:53:17,228: +PARAM [/kalman_filter/sensor_fusion/algorithms/track_to_track/covariance_intersection] by /roslaunch
[rosmaster.master][INFO] 2026-08-30 10:53:17,228: +PARAM [/kalman_filter/sensor_fusion/algorithms/track_to_track/gamma] by /roslaunch
[rosmaster.master][INFO] 2026-08-30 10:53:17,228: +PARAM [/system_params/ros/master/uri] by /roslaunch
[rosmaster.master][INFO] 2026-08-30 10:53:17,229: +PARAM [/system_params/ros/master/timeout] by /roslaunch
[rosmaster.master][INFO] 2026-08-30 10:53:17,229: +PARAM [/system_params/ros/node/name] by /roslaunch
[rosmaster.master][INFO] 2026-08-30 10:53:17,229: +PARAM [/system_params/ros/node/namespace] by /roslaunch
[rosmaster.master][INFO] 2026-08-30 10:53:17,229: +PARAM [/system_params/ros/topics/camera_image] by /roslaunch
[rosmaster.master][INFO] 2026-08-30 10:53:17,230: +PARAM [/system_params/ros/topics/camera_info] by /roslaunch
[rosmaster.master][INFO] 2026-08-30 10:53:17,230: +PARAM [/system_params/ros/topics/vehicle_state] by /roslaunch
[rosmaster.master][INFO] 2026-08-30 10:53:17,230: +PARAM [/system_params/ros/topics/vehicle_position] by /roslaunch
[rosmaster.master][INFO] 2026-08-30 10:53:17,230: +PARAM [/system_params/ros/topics/vehicle_velocity] by /roslaunch
[rosmaster.master][INFO] 2026-08-30 10:53:17,231: +PARAM [/system_params/ros/topics/vehicle_attitude] by /roslaunch
[rosmaster.master][INFO] 2026-08-30 10:53:17,231: +PARAM [/system_params/ros/topics/battery_status] by /roslaunch
[rosmaster.master][INFO] 2026-08-30 10:53:17,231: +PARAM [/system_params/ros/topics/detection_output] by /roslaunch
[rosmaster.master][INFO] 2026-08-30 10:53:17,231: +PARAM [/system_params/ros/topics/tracked_targets] by /roslaunch
[rosmaster.master][INFO] 2026-08-30 10:53:17,232: +PARAM [/system_params/ros/topics/control_command] by /roslaunch
[rosmaster.master][INFO] 2026-08-30 10:53:17,232: +PARAM [/system_params/ros/topics/safety_status] by /roslaunch
[rosmaster.master][INFO] 2026-08-30 10:53:17,232: +PARAM [/system_params/ros/topics/diagnostic_status] by /roslaunch
[rosmaster.master][INFO] 2026-08-30 10:53:17,232: +PARAM [/system_params/ros/topics/debug_info] by /roslaunch
[rosmaster.master][INFO] 2026-08-30 10:53:17,232: +PARAM [/system_params/ros/topics/performance_metrics] by /roslaunch
[rosmaster.master][INFO] 2026-08-30 10:53:17,233: +PARAM [/system_params/ros/topics/test_results] by /roslaunch
[rosmaster.master][INFO] 2026-08-30 10:53:17,233: +PARAM [/system_params/ros/topics/test_status] by /roslaunch
[rosmaster.master][INFO] 2026-08-30 10:53:17,233: +PARAM [/system_params/logging/level] by /roslaunch
[rosmaster.master][INFO] 2026-08-30 10:53:17,233: +PARAM [/system_params/logging/outputs/console] by /roslaunch
[rosmaster.master][INFO] 2026-08-30 10:53:17,233: +PARAM [/system_params/logging/outputs/file] by /roslaunch
[rosmaster.master][INFO] 2026-08-30 10:53:17,233: +PARAM [/system_params/logging/outputs/rosout] by /roslaunch
[rosmaster.master][INFO] 2026-08-30 10:53:17,233: +PARAM [/system_params/logging/file/directory] by /roslaunch
[rosmaster.master][INFO] 2026-08-30 10:53:17,234: +PARAM [/system_params/logging/file/max_size] by /roslaunch
[rosmaster.master][INFO] 2026-08-30 10:53:17,234: +PARAM [/system_params/logging/file/max_files] by /roslaunch
[rosmaster.master][INFO] 2026-08-30 10:53:17,234: +PARAM [/system_params/logging/file/format] by /roslaunch
[rosmaster.master][INFO] 2026-08-30 10:53:17,235: +PARAM [/system_params/logging/performance/enabled] by /roslaunch
[rosmaster.master][INFO] 2026-08-30 10:53:17,235: +PARAM [/system_params/logging/performance/interval] by /roslaunch
[rosmaster.master][INFO] 2026-08-30 10:53:17,235: +PARAM [/system_params/logging/performance/metrics] by /roslaunch
[rosmaster.master][INFO] 2026-08-30 10:53:17,235: +PARAM [/system_params/logging/performance/output_file] by /roslaunch
[rosmaster.master][INFO] 2026-08-30 10:53:17,235: +PARAM [/system_params/safety/geofence/enabled] by /roslaunch
[rosmaster.master][INFO] 2026-08-30 10:53:17,236: +PARAM [/system_params/safety/geofence/shape] by /roslaunch
[rosmaster.master][INFO] 2026-08-30 10:53:17,236: +PARAM [/system_params/safety/geofence/radius] by /roslaunch
[rosmaster.master][INFO] 2026-08-30 10:53:17,236: +PARAM [/system_params/safety/geofence/height] by /roslaunch
[rosmaster.master][INFO] 2026-08-30 10:53:17,236: +PARAM [/system_params/safety/emergency/action] by /roslaunch
[rosmaster.master][INFO] 2026-08-30 10:53:17,237: +PARAM [/system_params/safety/emergency/altitude_min] by /roslaunch
[rosmaster.master][INFO] 2026-08-30 10:53:17,237: +PARAM [/system_params/safety/emergency/altitude_max] by /roslaunch
[rosmaster.master][INFO] 2026-08-30 10:53:17,237: +PARAM [/system_params/safety/failsafe/battery_critical] by /roslaunch
[rosmaster.master][INFO] 2026-08-30 10:53:17,237: +PARAM [/system_params/safety/failsafe/lost_connection] by /roslaunch
[rosmaster.master][INFO] 2026-08-30 10:53:17,238: +PARAM [/system_params/safety/failsafe/gps_failure] by /roslaunch
[rosmaster.master][INFO] 2026-08-30 10:53:17,238: +PARAM [/system_params/safety/failsafe/sensor_failure] by /roslaunch
[rosmaster.master][INFO] 2026-08-30 10:53:17,238: +PARAM [/system_params/safety/failsafe/exceeded_geofence] by /roslaunch
[rosmaster.master][INFO] 2026-08-30 10:53:17,238: +PARAM [/system_params/safety/health/check_interval] by /roslaunch
[rosmaster.master][INFO] 2026-08-30 10:53:17,239: +PARAM [/system_params/safety/health/restart_on_failure] by /roslaunch
[rosmaster.master][INFO] 2026-08-30 10:53:17,239: +PARAM [/system_params/safety/health/max_restarts] by /roslaunch
[rosmaster.master][INFO] 2026-08-30 10:53:17,239: +PARAM [/system_params/safety/health/restart_delay] by /roslaunch
[rosmaster.master][INFO] 2026-08-30 10:53:17,240: +PARAM [/system_params/performance/threads/detection_pool] by /roslaunch
[rosmaster.master][INFO] 2026-08-30 10:53:17,240: +PARAM [/system_params/performance/threads/control_pool] by /roslaunch
[rosmaster.master][INFO] 2026-08-30 10:53:17,240: +PARAM [/system_params/performance/queues/input_queue_size] by /roslaunch
[rosmaster.master][INFO] 2026-08-30 10:53:17,240: +PARAM [/system_params/performance/queues/output_queue_size] by /roslaunch
[rosmaster.master][INFO] 2026-08-30 10:53:17,241: +PARAM [/system_params/performance/memory/cache_images] by /roslaunch
[rosmaster.master][INFO] 2026-08-30 10:53:17,242: +PARAM [/system_params/performance/memory/max_cache_size] by /roslaunch
[rosmaster.master][INFO] 2026-08-30 10:53:17,242: +PARAM [/system_params/performance/memory/max_cached_messages] by /roslaunch
[rosmaster.master][INFO] 2026-08-30 10:53:17,243: +PARAM [/system_params/performance/timing/use_sim_time] by /roslaunch
[rosmaster.master][INFO] 2026-08-30 10:53:17,243: +PARAM [/system_params/performance/timing/publish_rate] by /roslaunch
[rosmaster.master][INFO] 2026-08-30 10:53:17,243: +PARAM [/system_params/performance/timing/control_rate] by /roslaunch
[rosmaster.master][INFO] 2026-08-30 10:53:17,243: +PARAM [/system_params/network/px4/udp_port] by /roslaunch
[rosmaster.master][INFO] 2026-08-30 10:53:17,243: +PARAM [/system_params/network/px4/tcp_port] by /roslaunch
[rosmaster.master][INFO] 2026-08-30 10:53:17,243: +PARAM [/system_params/network/px4/heartbeat_rate] by /roslaunch
[rosmaster.master][INFO] 2026-08-30 10:53:17,244: +PARAM [/system_params/network/mavros/fcu_url] by /roslaunch
[rosmaster.master][INFO] 2026-08-30 10:53:17,244: +PARAM [/system_params/network/mavros/gcs_url] by /roslaunch
[rosmaster.master][INFO] 2026-08-30 10:53:17,244: +PARAM [/system_params/network/timeout] by /roslaunch
[rosmaster.master][INFO] 2026-08-30 10:53:17,244: +PARAM [/system_params/network/reconnect_attempts] by /roslaunch
[rosmaster.master][INFO] 2026-08-30 10:53:17,244: +PARAM [/system_params/network/reconnect_delay] by /roslaunch
[rosmaster.master][INFO] 2026-08-30 10:53:17,244: +PARAM [/system_params/performance/publish_rate] by /roslaunch
[rosmaster.master][INFO] 2026-08-30 10:53:17,244: +PARAM [/use_simulation] by /roslaunch
[rosmaster.master][INFO] 2026-08-30 10:53:17,245: +PARAM [/parameter_validator/config_dir] by /roslaunch
[rosmaster.master][INFO] 2026-08-30 10:53:17,245: +PARAM [/parameter_validator/validate_on_startup] by /roslaunch
[rosmaster.master][INFO] 2026-08-30 10:53:17,245: +PARAM [/mission_manager/mission_config] by /roslaunch
[rosmaster.master][INFO] 2026-08-30 10:53:17,245: +PARAM [/camera_calibration/simulation_mode] by /roslaunch
[rosmaster.master][INFO] 2026-08-30 10:53:17,245: +PARAM [/yolo_detector/model_path] by /roslaunch
[rosmaster.master][INFO] 2026-08-30 10:53:17,245: +PARAM [/yolo_detector/device] by /roslaunch
[rosmaster.master][INFO] 2026-08-30 10:53:17,246: +PARAM [/sensor_fusion/publish_rate] by /roslaunch
[rosmaster.master][INFO] 2026-08-30 10:53:17,246: +PARAM [/sensor_fusion/simulation_mode] by /roslaunch
[rosmaster.master][INFO] 2026-08-30 10:53:17,246: +PARAM [/target_tracking_controller/simulation_mode] by /roslaunch
[rosmaster.master][INFO] 2026-08-30 10:53:17,246: +PARAM [/vehicle_state_monitor/simulation_mode] by /roslaunch
[rosmaster.master][INFO] 2026-08-30 10:53:17,246: +PARAM [/safety_monitor/enable_geofence] by /roslaunch
[rosmaster.master][INFO] 2026-08-30 10:53:17,246: +PARAM [/safety_monitor/simulation_mode] by /roslaunch
[rosmaster.master][INFO] 2026-08-30 10:53:17,247: +PARAM [/system_health_monitor/monitoring_interval] by /roslaunch
[rosmaster.master][INFO] 2026-08-30 10:53:17,247: +PARAM [/system_health_monitor/critical_threshold_cpu] by /roslaunch
[rosmaster.master][INFO] 2026-08-30 10:53:17,247: +PARAM [/system_health_monitor/critical_threshold_memory] by /roslaunch
[rosmaster.master][INFO] 2026-08-30 10:53:17,247: +PARAM [/system_health_monitor/warning_threshold_cpu] by /roslaunch
[rosmaster.master][INFO] 2026-08-30 10:53:17,247: +PARAM [/system_health_monitor/warning_threshold_memory] by /roslaunch
[rosmaster.master][INFO] 2026-08-30 10:53:17,247: +PARAM [/system_health_monitor/enable_network_monitoring] by /roslaunch
[rosmaster.master][INFO] 2026-08-30 10:53:17,247: +PARAM [/system_health_monitor/enable_disk_monitoring] by /roslaunch
[rosmaster.master][INFO] 2026-08-30 10:53:17,247: +PARAM [/system_health_monitor/enable_process_monitoring] by /roslaunch
[rosmaster.master][INFO] 2026-08-30 10:53:17,248: +PARAM [/health_checker/monitored_nodes] by /roslaunch
[rosmaster.master][INFO] 2026-08-30 10:53:17,248: +PARAM [/health_checker/check_interval] by /roslaunch
[rosmaster.master][INFO] 2026-08-30 10:53:17,248: +PARAM [/health_checker/timeout_threshold] by /roslaunch
[rosmaster.master][INFO] 2026-08-30 10:53:17,248: +PARAM [/health_checker/restart_on_failure] by /roslaunch
[rosmaster.master][INFO] 2026-08-30 10:53:17,249: +PARAM [/health_checker/max_restarts] by /roslaunch
[rosmaster.master][INFO] 2026-08-30 10:53:17,295: +SERVICE [/rosout/get_loggers] /rosout http://kamikaze:40101/
[rosmaster.master][INFO] 2026-08-30 10:53:17,302: +SERVICE [/rosout/set_logger_level] /rosout http://kamikaze:40101/
[rosmaster.master][INFO] 2026-08-30 10:53:17,317: +PUB [/rosout_agg] /rosout http://kamikaze:40101/
[rosmaster.master][INFO] 2026-08-30 10:53:17,329: +SUB [/rosout] /rosout http://kamikaze:40101/
[rosmaster.master][INFO] 2026-08-30 10:53:20,925: +PUB [/rosout] /sensor_fusion http://kamikaze:44885/
[rosmaster.master][INFO] 2026-08-30 10:53:20,931: publisherUpdate[/rosout] -> http://kamikaze:40101/ ['http://kamikaze:44885/']
[rosmaster.master][INFO] 2026-08-30 10:53:21,009: +PUB [/rosout] /parameter_validator http://kamikaze:38225/
[rosmaster.master][INFO] 2026-08-30 10:53:21,017: +SERVICE [/sensor_fusion/get_loggers] /sensor_fusion http://kamikaze:44885/
[rosmaster.master][INFO] 2026-08-30 10:53:21,032: +SERVICE [/sensor_fusion/set_logger_level] /sensor_fusion http://kamikaze:44885/
[rosmaster.master][INFO] 2026-08-30 10:53:21,044: +SERVICE [/parameter_validator/get_loggers] /parameter_validator http://kamikaze:38225/
[rosmaster.master][INFO] 2026-08-30 10:53:21,106: +SERVICE [/parameter_validator/set_logger_level] /parameter_validator http://kamikaze:38225/
[rosmaster.master][INFO] 2026-08-30 10:53:21,122: +SUB [/mavros/imu/data] /sensor_fusion http://kamikaze:44885/
[rosmaster.master][INFO] 2026-08-30 10:53:21,149: publisherUpdate[/rosout] -> http://kamikaze:40101/ ['http://kamikaze:44885/']: sec=0.22, result=[1, '', 0]
[rosmaster.master][INFO] 2026-08-30 10:53:21,150: publisherUpdate[/rosout] -> http://kamikaze:40101/ ['http://kamikaze:44885/', 'http://kamikaze:38225/']
[rosmaster.master][INFO] 2026-08-30 10:53:21,155: publisherUpdate[/rosout] -> http://kamikaze:40101/ ['http://kamikaze:44885/', 'http://kamikaze:38225/']: sec=0.00, result=[1, '', 0]
[rosmaster.master][INFO] 2026-08-30 10:53:21,157: +SUB [/mavros/global_position/global] /sensor_fusion http://kamikaze:44885/
[rosmaster.master][INFO] 2026-08-30 10:53:21,218: +SUB [/mavros/local_position/pose] /sensor_fusion http://kamikaze:44885/
[rosmaster.master][INFO] 2026-08-30 10:53:21,243: +PUB [/sensor_fusion/node_health] /sensor_fusion http://kamikaze:44885/
[rosmaster.master][INFO] 2026-08-30 10:53:21,316: +CACHEDPARAM [/rosout_disable_topics_generation] by /sensor_fusion
[rosmaster.master][INFO] 2026-08-30 10:53:21,611: +CACHEDPARAM [/rosout_disable_topics_generation] by /parameter_validator
[rosmaster.master][INFO] 2026-08-30 10:53:21,616: +CACHEDPARAM [/rosout/omit_topics] by /rosout
[rosmaster.master][INFO] 2026-08-30 10:53:21,621: +CACHEDPARAM [/rosout_disable_topics_generation] by /parameter_validator
[rosmaster.master][INFO] 2026-08-30 10:53:22,154: +PUB [/rosout] /mission_manager http://kamikaze:39519/
[rosmaster.master][INFO] 2026-08-30 10:53:22,206: publisherUpdate[/rosout] -> http://kamikaze:40101/ ['http://kamikaze:44885/', 'http://kamikaze:38225/', 'http://kamikaze:39519/']
[rosmaster.master][INFO] 2026-08-30 10:53:22,210: publisherUpdate[/rosout] -> http://kamikaze:40101/ ['http://kamikaze:44885/', 'http://kamikaze:38225/', 'http://kamikaze:39519/']: sec=0.00, result=[1, '', 0]
[rosmaster.master][INFO] 2026-08-30 10:53:22,314: +SERVICE [/mission_manager/get_loggers] /mission_manager http://kamikaze:39519/
[rosmaster.master][INFO] 2026-08-30 10:53:22,317: +SERVICE [/mission_manager/set_logger_level] /mission_manager http://kamikaze:39519/
[rosmaster.master][INFO] 2026-08-30 10:53:22,416: +PUB [/mission_status] /mission_manager http://kamikaze:39519/
[rosmaster.master][INFO] 2026-08-30 10:53:22,421: +PUB [/mission_manager/node_health] /mission_manager http://kamikaze:39519/
[rosmaster.master][INFO] 2026-08-30 10:53:22,454: +SUB [/drone_control/command] /mission_manager http://kamikaze:39519/
[rosmaster.master][INFO] 2026-08-30 10:53:22,507: +SUB [/safety_status] /mission_manager http://kamikaze:39519/
[rosmaster.master][INFO] 2026-08-30 10:53:22,520: +SUB [/tracked_targets] /mission_manager http://kamikaze:39519/
[rosmaster.master][INFO] 2026-08-30 10:53:22,531: +CACHEDPARAM [/rosout_disable_topics_generation] by /mission_manager
[rosmaster.master][INFO] 2026-08-30 10:53:22,761: +PUB [/rosout] /command_interpreter http://kamikaze:46565/
[rosmaster.master][INFO] 2026-08-30 10:53:22,767: publisherUpdate[/rosout] -> http://kamikaze:40101/ ['http://kamikaze:44885/', 'http://kamikaze:38225/', 'http://kamikaze:39519/', 'http://kamikaze:46565/']
[rosmaster.master][INFO] 2026-08-30 10:53:22,771: publisherUpdate[/rosout] -> http://kamikaze:40101/ ['http://kamikaze:44885/', 'http://kamikaze:38225/', 'http://kamikaze:39519/', 'http://kamikaze:46565/']: sec=0.00, result=[1, '', 0]
[rosmaster.master][INFO] 2026-08-30 10:53:22,780: +SERVICE [/command_interpreter/get_loggers] /command_interpreter http://kamikaze:46565/
[rosmaster.master][INFO] 2026-08-30 10:53:22,783: +SERVICE [/command_interpreter/set_logger_level] /command_interpreter http://kamikaze:46565/
[rosmaster.master][INFO] 2026-08-30 10:53:22,807: +SUB [/drone_control/command] /command_interpreter http://kamikaze:46565/
[rosmaster.master][INFO] 2026-08-30 10:53:22,815: +PUB [/drone_control/command_response] /command_interpreter http://kamikaze:46565/
[rosmaster.master][INFO] 2026-08-30 10:53:22,817: +PUB [/rosout] /safety_monitor http://kamikaze:41513/
[rosmaster.master][INFO] 2026-08-30 10:53:22,821: +PUB [/command_interpreter/node_health] /command_interpreter http://kamikaze:46565/
[rosmaster.master][INFO] 2026-08-30 10:53:22,828: publisherUpdate[/rosout] -> http://kamikaze:40101/ ['http://kamikaze:44885/', 'http://kamikaze:38225/', 'http://kamikaze:39519/', 'http://kamikaze:46565/', 'http://kamikaze:41513/']
[rosmaster.master][INFO] 2026-08-30 10:53:22,832: +CACHEDPARAM [/rosout_disable_topics_generation] by /command_interpreter
[rosmaster.master][INFO] 2026-08-30 10:53:22,847: publisherUpdate[/rosout] -> http://kamikaze:40101/ ['http://kamikaze:44885/', 'http://kamikaze:38225/', 'http://kamikaze:39519/', 'http://kamikaze:46565/', 'http://kamikaze:41513/']: sec=0.01, result=[1, '', 0]
[rosmaster.master][INFO] 2026-08-30 10:53:22,854: +SERVICE [/safety_monitor/get_loggers] /safety_monitor http://kamikaze:41513/
[rosmaster.master][INFO] 2026-08-30 10:53:22,860: +SERVICE [/safety_monitor/set_logger_level] /safety_monitor http://kamikaze:41513/
[rosmaster.master][INFO] 2026-08-30 10:53:22,867: +PUB [/rosout] /vehicle_state_monitor http://kamikaze:45503/
[rosmaster.master][INFO] 2026-08-30 10:53:22,910: publisherUpdate[/rosout] -> http://kamikaze:40101/ ['http://kamikaze:44885/', 'http://kamikaze:38225/', 'http://kamikaze:39519/', 'http://kamikaze:46565/', 'http://kamikaze:41513/', 'http://kamikaze:45503/']
[rosmaster.master][INFO] 2026-08-30 10:53:22,933: publisherUpdate[/rosout] -> http://kamikaze:40101/ ['http://kamikaze:44885/', 'http://kamikaze:38225/', 'http://kamikaze:39519/', 'http://kamikaze:46565/', 'http://kamikaze:41513/', 'http://kamikaze:45503/']: sec=0.02, result=[1, '', 0]
[rosmaster.master][INFO] 2026-08-30 10:53:22,939: +PUB [/rosout] /camera_calibration http://kamikaze:36139/
[rosmaster.master][INFO] 2026-08-30 10:53:22,942: +SERVICE [/vehicle_state_monitor/get_loggers] /vehicle_state_monitor http://kamikaze:45503/
[rosmaster.master][INFO] 2026-08-30 10:53:22,946: +SERVICE [/vehicle_state_monitor/set_logger_level] /vehicle_state_monitor http://kamikaze:45503/
[rosmaster.master][INFO] 2026-08-30 10:53:22,951: publisherUpdate[/rosout] -> http://kamikaze:40101/ ['http://kamikaze:44885/', 'http://kamikaze:38225/', 'http://kamikaze:39519/', 'http://kamikaze:46565/', 'http://kamikaze:41513/', 'http://kamikaze:45503/', 'http://kamikaze:36139/']
[rosmaster.master][INFO] 2026-08-30 10:53:22,953: +SUB [/mavros/local_position/pose] /safety_monitor http://kamikaze:41513/
[rosmaster.master][INFO] 2026-08-30 10:53:22,958: publisherUpdate[/rosout] -> http://kamikaze:40101/ ['http://kamikaze:44885/', 'http://kamikaze:38225/', 'http://kamikaze:39519/', 'http://kamikaze:46565/', 'http://kamikaze:41513/', 'http://kamikaze:45503/', 'http://kamikaze:36139/']: sec=0.01, result=[1, '', 0]
[rosmaster.master][INFO] 2026-08-30 10:53:23,010: +SUB [/mavros/state] /vehicle_state_monitor http://kamikaze:45503/
[rosmaster.master][INFO] 2026-08-30 10:53:23,012: +SERVICE [/camera_calibration/get_loggers] /camera_calibration http://kamikaze:36139/
[rosmaster.master][INFO] 2026-08-30 10:53:23,013: +SUB [/mavros/local_position/velocity] /safety_monitor http://kamikaze:41513/
[rosmaster.master][INFO] 2026-08-30 10:53:23,019: +SUB [/mavros/battery] /vehicle_state_monitor http://kamikaze:45503/
[rosmaster.master][INFO] 2026-08-30 10:53:23,020: +SUB [/mavros/state] /safety_monitor http://kamikaze:41513/
[rosmaster.master][INFO] 2026-08-30 10:53:23,021: +SERVICE [/camera_calibration/set_logger_level] /camera_calibration http://kamikaze:36139/
[rosmaster.master][INFO] 2026-08-30 10:53:23,024: +SUB [/mavros/local_position/velocity] /vehicle_state_monitor http://kamikaze:45503/
[rosmaster.master][INFO] 2026-08-30 10:53:23,026: +PUB [/camera/camera_info] /camera_calibration http://kamikaze:36139/
[rosmaster.master][INFO] 2026-08-30 10:53:23,032: +PUB [/safety_status] /safety_monitor http://kamikaze:41513/
[rosmaster.master][INFO] 2026-08-30 10:53:23,034: +PUB [/drone_status] /vehicle_state_monitor http://kamikaze:45503/
[rosmaster.master][INFO] 2026-08-30 10:53:23,034: publisherUpdate[/safety_status] -> http://kamikaze:39519/ ['http://kamikaze:41513/']
[rosmaster.master][INFO] 2026-08-30 10:53:23,038: +PUB [/safety_monitor/node_health] /safety_monitor http://kamikaze:41513/
[rosmaster.master][INFO] 2026-08-30 10:53:23,046: +PUB [/diagnostic_status] /vehicle_state_monitor http://kamikaze:45503/
[rosmaster.master][INFO] 2026-08-30 10:53:23,048: +PUB [/tf] /camera_calibration http://kamikaze:36139/
[rosmaster.master][INFO] 2026-08-30 10:53:23,050: publisherUpdate[/safety_status] -> http://kamikaze:39519/ ['http://kamikaze:41513/']: sec=0.01, result=[1, '', 0]
[rosmaster.master][INFO] 2026-08-30 10:53:23,052: +PUB [/emergency_triggered] /safety_monitor http://kamikaze:41513/
[rosmaster.master][INFO] 2026-08-30 10:53:23,055: +PUB [/vehicle_state_monitor/node_health] /vehicle_state_monitor http://kamikaze:45503/
[rosmaster.master][INFO] 2026-08-30 10:53:23,055: +CACHEDPARAM [/rosout_disable_topics_generation] by /camera_calibration
[rosmaster.master][INFO] 2026-08-30 10:53:23,059: +PUB [/battery_percentage] /vehicle_state_monitor http://kamikaze:45503/
[rosmaster.master][INFO] 2026-08-30 10:53:23,061: +SERVICE [/safety/geofence_enable] /safety_monitor http://kamikaze:41513/
[rosmaster.master][INFO] 2026-08-30 10:53:23,063: +SERVICE [/drone_emergency_stop] /vehicle_state_monitor http://kamikaze:45503/
[rosmaster.master][INFO] 2026-08-30 10:53:23,066: +SERVICE [/safety/geofence_disable] /safety_monitor http://kamikaze:41513/
[rosmaster.master][INFO] 2026-08-30 10:53:23,069: +SERVICE [/drone_arm] /vehicle_state_monitor http://kamikaze:45503/
[rosmaster.master][INFO] 2026-08-30 10:53:23,105: +SERVICE [/drone_disarm] /vehicle_state_monitor http://kamikaze:45503/
[rosmaster.master][INFO] 2026-08-30 10:53:23,107: +SERVICE [/safety/check] /safety_monitor http://kamikaze:41513/
[rosmaster.master][INFO] 2026-08-30 10:53:23,111: +SERVICE [/drone_get_status] /vehicle_state_monitor http://kamikaze:45503/
[rosmaster.master][INFO] 2026-08-30 10:53:23,114: +SERVICE [/safety/status] /safety_monitor http://kamikaze:41513/
[rosmaster.master][INFO] 2026-08-30 10:53:23,125: +CACHEDPARAM [/rosout_disable_topics_generation] by /safety_monitor
[rosmaster.master][INFO] 2026-08-30 10:53:23,148: +CACHEDPARAM [/rosout_disable_topics_generation] by /safety_monitor
[rosmaster.master][INFO] 2026-08-30 10:53:23,155: +CACHEDPARAM [/rosout_disable_topics_generation] by /vehicle_state_monitor
[rosmaster.master][INFO] 2026-08-30 10:53:23,395: +PUB [/rosout] /system_health_monitor http://kamikaze:45849/
[rosmaster.master][INFO] 2026-08-30 10:53:23,409: +SERVICE [/system_health_monitor/get_loggers] /system_health_monitor http://kamikaze:45849/
[rosmaster.master][INFO] 2026-08-30 10:53:23,413: +SERVICE [/system_health_monitor/set_logger_level] /system_health_monitor http://kamikaze:45849/
[rosmaster.master][INFO] 2026-08-30 10:53:23,431: +SUB [/health/check_all] /system_health_monitor http://kamikaze:45849/
[rosmaster.master][INFO] 2026-08-30 10:53:23,433: +PUB [/system_health] /system_health_monitor http://kamikaze:45849/
[rosmaster.master][INFO] 2026-08-30 10:53:23,436: +PUB [/diagnostic_status] /system_health_monitor http://kamikaze:45849/
[rosmaster.master][INFO] 2026-08-30 10:53:23,439: +PUB [/performance_metrics] /system_health_monitor http://kamikaze:45849/
[rosmaster.master][INFO] 2026-08-30 10:53:23,441: +PUB [/system_alert] /system_health_monitor http://kamikaze:45849/
[rosmaster.master][INFO] 2026-08-30 10:53:23,447: +CACHEDPARAM [/rosout_disable_topics_generation] by /system_health_monitor
[rosmaster.master][INFO] 2026-08-30 10:53:23,457: publisherUpdate[/rosout] -> http://kamikaze:40101/ ['http://kamikaze:44885/', 'http://kamikaze:38225/', 'http://kamikaze:39519/', 'http://kamikaze:46565/', 'http://kamikaze:41513/', 'http://kamikaze:45503/', 'http://kamikaze:36139/', 'http://kamikaze:45849/']
[rosmaster.master][INFO] 2026-08-30 10:53:23,463: publisherUpdate[/rosout] -> http://kamikaze:40101/ ['http://kamikaze:44885/', 'http://kamikaze:38225/', 'http://kamikaze:39519/', 'http://kamikaze:46565/', 'http://kamikaze:41513/', 'http://kamikaze:45503/', 'http://kamikaze:36139/', 'http://kamikaze:45849/']: sec=0.01, result=[1, '', 0]
[rosmaster.master][INFO] 2026-08-30 10:53:23,482: +PUB [/rosout] /health_checker http://kamikaze:37909/
[rosmaster.master][INFO] 2026-08-30 10:53:23,497: +SERVICE [/health_checker/get_loggers] /health_checker http://kamikaze:37909/
[rosmaster.master][INFO] 2026-08-30 10:53:23,499: +SERVICE [/health_checker/set_logger_level] /health_checker http://kamikaze:37909/
[rosmaster.master][INFO] 2026-08-30 10:53:23,511: +SUB [/yolo_detector/node_health] /health_checker http://kamikaze:37909/
[rosmaster.master][INFO] 2026-08-30 10:53:23,514: +SUB [/target_tracking_controller/node_health] /health_checker http://kamikaze:37909/
[rosmaster.master][INFO] 2026-08-30 10:53:23,524: +SUB [/vehicle_state_monitor/node_health] /health_checker http://kamikaze:37909/
[rosmaster.master][INFO] 2026-08-30 10:53:23,528: +SUB [/mission_manager/node_health] /health_checker http://kamikaze:37909/
[rosmaster.master][INFO] 2026-08-30 10:53:23,533: +SUB [/safety_monitor/node_health] /health_checker http://kamikaze:37909/
[rosmaster.master][INFO] 2026-08-30 10:53:23,541: +SUB [/command_interpreter/node_health] /health_checker http://kamikaze:37909/
[rosmaster.master][INFO] 2026-08-30 10:53:23,544: +PUB [/system_health] /health_checker http://kamikaze:37909/
[rosmaster.master][INFO] 2026-08-30 10:53:23,547: +SERVICE [/health/check_all] /health_checker http://kamikaze:37909/
[rosmaster.master][INFO] 2026-08-30 10:53:23,557: +SERVICE [/health/restart_node] /health_checker http://kamikaze:37909/
[rosmaster.master][INFO] 2026-08-30 10:53:23,565: publisherUpdate[/rosout] -> http://kamikaze:40101/ ['http://kamikaze:44885/', 'http://kamikaze:38225/', 'http://kamikaze:39519/', 'http://kamikaze:46565/', 'http://kamikaze:41513/', 'http://kamikaze:45503/', 'http://kamikaze:36139/', 'http://kamikaze:45849/', 'http://kamikaze:37909/']
[rosmaster.master][INFO] 2026-08-30 10:53:23,571: publisherUpdate[/rosout] -> http://kamikaze:40101/ ['http://kamikaze:44885/', 'http://kamikaze:38225/', 'http://kamikaze:39519/', 'http://kamikaze:46565/', 'http://kamikaze:41513/', 'http://kamikaze:45503/', 'http://kamikaze:36139/', 'http://kamikaze:45849/', 'http://kamikaze:37909/']: sec=0.01, result=[1, '', 0]
[rosmaster.master][INFO] 2026-08-30 10:53:23,574: +CACHEDPARAM [/rosout_disable_topics_generation] by /health_checker
[rosmaster.master][INFO] 2026-08-30 10:53:24,219: +PUB [/rosout] /target_tracking_controller http://kamikaze:40647/
[rosmaster.master][INFO] 2026-08-30 10:53:24,237: +SERVICE [/target_tracking_controller/get_loggers] /target_tracking_controller http://kamikaze:40647/
[rosmaster.master][INFO] 2026-08-30 10:53:24,241: +SERVICE [/target_tracking_controller/set_logger_level] /target_tracking_controller http://kamikaze:40647/
[rosmaster.master][INFO] 2026-08-30 10:53:24,271: +SUB [/mavros/local_position/odom] /target_tracking_controller http://kamikaze:40647/
[rosmaster.master][INFO] 2026-08-30 10:53:24,277: publisherUpdate[/rosout] -> http://kamikaze:40101/ ['http://kamikaze:44885/', 'http://kamikaze:38225/', 'http://kamikaze:39519/', 'http://kamikaze:46565/', 'http://kamikaze:41513/', 'http://kamikaze:45503/', 'http://kamikaze:36139/', 'http://kamikaze:45849/', 'http://kamikaze:37909/', 'http://kamikaze:40647/']
[rosmaster.master][INFO] 2026-08-30 10:53:24,280: publisherUpdate[/rosout] -> http://kamikaze:40101/ ['http://kamikaze:44885/', 'http://kamikaze:38225/', 'http://kamikaze:39519/', 'http://kamikaze:46565/', 'http://kamikaze:41513/', 'http://kamikaze:45503/', 'http://kamikaze:36139/', 'http://kamikaze:45849/', 'http://kamikaze:37909/', 'http://kamikaze:40647/']: sec=0.00, result=[1, '', 0]
[rosmaster.master][INFO] 2026-08-30 10:53:24,283: +SUB [/detected_objects] /target_tracking_controller http://kamikaze:40647/
[rosmaster.master][INFO] 2026-08-30 10:53:24,292: +SUB [/mavros/state] /target_tracking_controller http://kamikaze:40647/
[rosmaster.master][INFO] 2026-08-30 10:53:24,301: +SUB [/mission_status] /target_tracking_controller http://kamikaze:40647/
[rosmaster.master][INFO] 2026-08-30 10:53:24,305: +PUB [/tracked_targets] /target_tracking_controller http://kamikaze:40647/
[rosmaster.master][INFO] 2026-08-30 10:53:24,310: +PUB [/mavros/setpoint_velocity/cmd_vel_unstamped] /target_tracking_controller http://kamikaze:40647/
[rosmaster.master][INFO] 2026-08-30 10:53:24,316: +PUB [/mavros/setpoint_raw/local] /target_tracking_controller http://kamikaze:40647/
[rosmaster.master][INFO] 2026-08-30 10:53:24,327: +PUB [/target_tracking_controller/node_health] /target_tracking_controller http://kamikaze:40647/
[rosmaster.master][INFO] 2026-08-30 10:53:24,382: publisherUpdate[/tracked_targets] -> http://kamikaze:39519/ ['http://kamikaze:40647/']
[rosmaster.master][INFO] 2026-08-30 10:53:24,386: publisherUpdate[/tracked_targets] -> http://kamikaze:39519/ ['http://kamikaze:40647/']: sec=0.00, result=[1, '', 0]
[rosmaster.master][INFO] 2026-08-30 10:53:24,387: publisherUpdate[/target_tracking_controller/node_health] -> http://kamikaze:37909/ ['http://kamikaze:40647/']
[rosmaster.master][INFO] 2026-08-30 10:53:24,400: publisherUpdate[/target_tracking_controller/node_health] -> http://kamikaze:37909/ ['http://kamikaze:40647/']: sec=0.01, result=[1, '', 0]
[rosmaster.master][INFO] 2026-08-30 10:53:26,469: +CACHEDPARAM [/rosout_disable_topics_generation] by /target_tracking_controller
[rosmaster.master][INFO] 2026-08-30 10:53:28,577: +CACHEDPARAM [/rosout_disable_topics_generation] by /health_checker
[rosmaster.master][INFO] 2026-08-30 10:53:28,584: +CACHEDPARAM [/rosout_disable_topics_generation] by /health_checker
[rosmaster.master][INFO] 2026-08-30 10:53:28,588: +CACHEDPARAM [/rosout_disable_topics_generation] by /health_checker
[rosmaster.master][INFO] 2026-08-30 10:53:28,609: +CACHEDPARAM [/rosout_disable_topics_generation] by /target_tracking_controller
[rosmaster.master][INFO] 2026-08-30 10:53:28,617: +CACHEDPARAM [/rosout_disable_topics_generation] by /target_tracking_controller
[rosmaster.master][INFO] 2026-08-30 10:53:28,707: +PUB [/rosout] /trajectory_planner http://trajectory:36977/
[rosmaster.master][INFO] 2026-08-30 10:53:28,718: +SERVICE [/trajectory_planner/get_loggers] /trajectory_planner http://trajectory:36977/
[rosmaster.master][INFO] 2026-08-30 10:53:28,721: +SERVICE [/trajectory_planner/set_logger_level] /trajectory_planner http://trajectory:36977/
[rosmaster.master][INFO] 2026-08-30 10:53:28,721: publisherUpdate[/rosout] -> http://kamikaze:40101/ ['http://kamikaze:44885/', 'http://kamikaze:38225/', 'http://kamikaze:39519/', 'http://kamikaze:46565/', 'http://kamikaze:41513/', 'http://kamikaze:45503/', 'http://kamikaze:36139/', 'http://kamikaze:45849/', 'http://kamikaze:37909/', 'http://kamikaze:40647/', 'http://trajectory:36977/']
[rosmaster.master][INFO] 2026-08-30 10:53:28,732: publisherUpdate[/rosout] -> http://kamikaze:40101/ ['http://kamikaze:44885/', 'http://kamikaze:38225/', 'http://kamikaze:39519/', 'http://kamikaze:46565/', 'http://kamikaze:41513/', 'http://kamikaze:45503/', 'http://kamikaze:36139/', 'http://kamikaze:45849/', 'http://kamikaze:37909/', 'http://kamikaze:40647/', 'http://trajectory:36977/']: sec=0.01, result=[1, '', 0]
[rosmaster.master][INFO] 2026-08-30 10:53:28,738: +SUB [/mavros/local_position/odom] /trajectory_planner http://trajectory:36977/
[rosmaster.master][INFO] 2026-08-30 10:53:28,742: +SUB [/tracked_targets] /trajectory_planner http://trajectory:36977/
[rosmaster.master][INFO] 2026-08-30 10:53:28,751: +SUB [/mission_status] /trajectory_planner http://trajectory:36977/
[rosmaster.master][INFO] 2026-08-30 10:53:28,754: +PUB [/planned_trajectory] /trajectory_planner http://trajectory:36977/
[rosmaster.master][INFO] 2026-08-30 10:53:28,761: +PUB [/waypoints] /trajectory_planner http://trajectory:36977/
[rosmaster.master][INFO] 2026-08-30 10:53:28,764: +PUB [/path] /trajectory_planner http://trajectory:36977/
[rosmaster.master][INFO] 2026-08-30 10:53:28,768: +PUB [/planner_status] /trajectory_planner http://trajectory:36977/
[rosmaster.master][INFO] 2026-08-30 10:53:28,788: +CACHEDPARAM [/rosout_disable_topics_generation] by /trajectory_planner
[rosmaster.master][INFO] 2026-08-30 10:53:28,871: +PUB [/rosout] /performance_monitor http://performance:35789/
[rosmaster.master][INFO] 2026-08-30 10:53:28,881: +SERVICE [/performance_monitor/get_loggers] /performance_monitor http://performance:35789/
[rosmaster.master][INFO] 2026-08-30 10:53:28,883: +SERVICE [/performance_monitor/set_logger_level] /performance_monitor http://performance:35789/
[rosmaster.master][INFO] 2026-08-30 10:53:28,896: +SUB [/performance/command] /performance_monitor http://performance:35789/
[rosmaster.master][INFO] 2026-08-30 10:53:28,899: +SUB [/performance/benchmark] /performance_monitor http://performance:35789/
[rosmaster.master][INFO] 2026-08-30 10:53:28,901: +PUB [/performance/metrics] /performance_monitor http://performance:35789/
[rosmaster.master][INFO] 2026-08-30 10:53:28,903: +PUB [/performance/benchmark_results] /performance_monitor http://performance:35789/
[rosmaster.master][INFO] 2026-08-30 10:53:28,905: +PUB [/performance/alert] /performance_monitor http://performance:35789/
[rosmaster.master][INFO] 2026-08-30 10:53:28,907: +PUB [/diagnostic_status] /performance_monitor http://performance:35789/
[rosmaster.master][INFO] 2026-08-30 10:53:28,910: +CACHEDPARAM [/rosout_disable_topics_generation] by /performance_monitor
[rosmaster.master][INFO] 2026-08-30 10:53:28,936: publisherUpdate[/rosout] -> http://kamikaze:40101/ ['http://kamikaze:44885/', 'http://kamikaze:38225/', 'http://kamikaze:39519/', 'http://kamikaze:46565/', 'http://kamikaze:41513/', 'http://kamikaze:45503/', 'http://kamikaze:36139/', 'http://kamikaze:45849/', 'http://kamikaze:37909/', 'http://kamikaze:40647/', 'http://trajectory:36977/', 'http://performance:35789/']
[rosmaster.master][INFO] 2026-08-30 10:53:28,940: publisherUpdate[/rosout] -> http://kamikaze:40101/ ['http://kamikaze:44885/', 'http://kamikaze:38225/', 'http://kamikaze:39519/', 'http://kamikaze:46565/', 'http://kamikaze:41513/', 'http://kamikaze:45503/', 'http://kamikaze:36139/', 'http://kamikaze:45849/', 'http://kamikaze:37909/', 'http://kamikaze:40647/', 'http://trajectory:36977/', 'http://performance:35789/']: sec=0.00, result=[1, '', 0]
[rosmaster.master][INFO] 2026-08-30 10:53:29,536: +PUB [/rosout] /yolo_detector http://kamikaze:34589/
[rosmaster.master][INFO] 2026-08-30 10:53:29,541: +SERVICE [/yolo_detector/get_loggers] /yolo_detector http://kamikaze:34589/
[rosmaster.master][INFO] 2026-08-30 10:53:29,542: +SERVICE [/yolo_detector/set_logger_level] /yolo_detector http://kamikaze:34589/
[rosmaster.master][INFO] 2026-08-30 10:53:29,550: +PUB [/yolo_detector/node_health] /yolo_detector http://kamikaze:34589/
[rosmaster.master][INFO] 2026-08-30 10:53:29,552: +SUB [/drone_control/command] /yolo_detector http://kamikaze:34589/
[rosmaster.master][INFO] 2026-08-30 10:53:29,554: +PUB [/command_response] /yolo_detector http://kamikaze:34589/
[rosmaster.master][INFO] 2026-08-30 10:53:29,556: +SUB [/mission_status] /yolo_detector http://kamikaze:34589/
[rosmaster.master][INFO] 2026-08-30 10:53:29,558: +CACHEDPARAM [/rosout_disable_topics_generation] by /yolo_detector
[rosmaster.master][INFO] 2026-08-30 10:53:29,563: publisherUpdate[/rosout] -> http://kamikaze:40101/ ['http://kamikaze:44885/', 'http://kamikaze:38225/', 'http://kamikaze:39519/', 'http://kamikaze:46565/', 'http://kamikaze:41513/', 'http://kamikaze:45503/', 'http://kamikaze:36139/', 'http://kamikaze:45849/', 'http://kamikaze:37909/', 'http://kamikaze:40647/', 'http://trajectory:36977/', 'http://performance:35789/', 'http://kamikaze:34589/']
[rosmaster.master][INFO] 2026-08-30 10:53:29,564: publisherUpdate[/yolo_detector/node_health] -> http://kamikaze:37909/ ['http://kamikaze:34589/']
[rosmaster.master][INFO] 2026-08-30 10:53:29,566: publisherUpdate[/rosout] -> http://kamikaze:40101/ ['http://kamikaze:44885/', 'http://kamikaze:38225/', 'http://kamikaze:39519/', 'http://kamikaze:46565/', 'http://kamikaze:41513/', 'http://kamikaze:45503/', 'http://kamikaze:36139/', 'http://kamikaze:45849/', 'http://kamikaze:37909/', 'http://kamikaze:40647/', 'http://trajectory:36977/', 'http://performance:35789/', 'http://kamikaze:34589/']: sec=0.00, result=[1, '', 0]
[rosmaster.master][INFO] 2026-08-30 10:53:29,567: publisherUpdate[/yolo_detector/node_health] -> http://kamikaze:37909/ ['http://kamikaze:34589/']: sec=0.00, result=[1, '', 0]
[rosmaster.master][INFO] 2026-08-30 10:53:29,769: +CACHEDPARAM [/rosout_disable_topics_generation] by /yolo_detector
[rosmaster.master][INFO] 2026-08-30 10:53:29,773: +SUB [/camera/color/image_raw] /yolo_detector http://kamikaze:34589/
[rosmaster.master][INFO] 2026-08-30 10:53:29,775: +PUB [/detected_objects] /yolo_detector http://kamikaze:34589/
[rosmaster.master][INFO] 2026-08-30 10:53:29,779: +CACHEDPARAM [/rosout_disable_topics_generation] by /yolo_detector
[rosmaster.master][INFO] 2026-08-30 10:53:29,781: +CACHEDPARAM [/rosout_disable_topics_generation] by /yolo_detector
[rosmaster.master][INFO] 2026-08-30 10:53:29,785: publisherUpdate[/detected_objects] -> http://kamikaze:40647/ ['http://kamikaze:34589/']
[rosmaster.master][INFO] 2026-08-30 10:53:29,789: publisherUpdate[/detected_objects] -> http://kamikaze:40647/ ['http://kamikaze:34589/']: sec=0.00, result=[1, '', 0]
[rosmaster.master][INFO] 2026-08-30 10:53:30,915: +CACHEDPARAM [/rosout_disable_topics_generation] by /performance_monitor
[rosmaster.master][INFO] 2026-08-30 10:53:35,917: +CACHEDPARAM [/rosout_disable_topics_generation] by /performance_monitor
[rosmaster.master][INFO] 2026-08-30 10:53:40,924: +CACHEDPARAM [/rosout_disable_topics_generation] by /performance_monitor
[rosmaster.master][INFO] 2026-08-30 10:53:42,167: +CACHEDPARAM [/rosout_disable_topics_generation] by /performance_monitor
[rosmaster.master][INFO] 2026-08-30 10:53:43,017: +CACHEDPARAM [/rosout_disable_topics_generation] by /performance_monitor
[rosmaster.master][INFO] 2026-08-30 10:53:44,181: +CACHEDPARAM [/rosout_disable_topics_generation] by /performance_monitor
[rosmaster.master][INFO] 2026-08-30 10:53:44,243: +CACHEDPARAM [/rosout_disable_topics_generation] by /performance_monitor
[rosmaster.master][INFO] 2026-08-30 10:53:44,247: +CACHEDPARAM [/rosout_disable_topics_generation] by /performance_monitor
[rosmaster.master][INFO] 2026-08-30 10:53:49,251: +CACHEDPARAM [/rosout_disable_topics_generation] by /performance_monitor
[rosmaster.master][INFO] 2026-08-30 10:53:50,558: +CACHEDPARAM [/rosout_disable_topics_generation] by /performance_monitor
[rosmaster.master][INFO] 2026-08-30 10:53:51,293: +CACHEDPARAM [/rosout_disable_topics_generation] by /performance_monitor
[rosmaster.master][INFO] 2026-08-30 10:53:52,409: +CACHEDPARAM [/rosout_disable_topics_generation] by /performance_monitor
[rosmaster.master][INFO] 2026-08-30 10:53:52,477: +CACHEDPARAM [/rosout_disable_topics_generation] by /performance_monitor
[rosmaster.master][INFO] 2026-08-30 10:53:52,482: +CACHEDPARAM [/rosout_disable_topics_generation] by /performance_monitor
[rosmaster.master][INFO] 2026-08-30 10:53:57,489: +CACHEDPARAM [/rosout_disable_topics_generation] by /performance_monitor
[rosmaster.master][INFO] 2026-08-30 10:53:58,748: +CACHEDPARAM [/rosout_disable_topics_generation] by /performance_monitor
[rosmaster.master][INFO] 2026-08-30 10:53:59,434: +CACHEDPARAM [/rosout_disable_topics_generation] by /performance_monitor
[rosmaster.master][INFO] 2026-08-30 10:54:00,609: +CACHEDPARAM [/rosout_disable_topics_generation] by /performance_monitor
[rosmaster.master][INFO] 2026-08-30 10:54:00,665: +CACHEDPARAM [/rosout_disable_topics_generation] by /performance_monitor
[rosmaster.master][INFO] 2026-08-30 10:54:00,670: +CACHEDPARAM [/rosout_disable_topics_generation] by /performance_monitor
[rosmaster.master][INFO] 2026-08-30 10:54:05,673: +CACHEDPARAM [/rosout_disable_topics_generation] by /performance_monitor
[rosmaster.master][INFO] 2026-08-30 10:54:06,907: +CACHEDPARAM [/rosout_disable_topics_generation] by /performance_monitor
[rosmaster.master][INFO] 2026-08-30 10:54:07,612: +CACHEDPARAM [/rosout_disable_topics_generation] by /performance_monitor
[rosmaster.master][INFO] 2026-08-30 10:54:08,809: +CACHEDPARAM [/rosout_disable_topics_generation] by /performance_monitor
[rosmaster.master][INFO] 2026-08-30 10:54:08,863: +CACHEDPARAM [/rosout_disable_topics_generation] by /performance_monitor
[rosmaster.master][INFO] 2026-08-30 10:54:08,866: +CACHEDPARAM [/rosout_disable_topics_generation] by /performance_monitor
[rosmaster.master][INFO] 2026-08-30 10:54:13,870: +CACHEDPARAM [/rosout_disable_topics_generation] by /performance_monitor
[rosmaster.master][INFO] 2026-08-30 10:54:15,126: +CACHEDPARAM [/rosout_disable_topics_generation] by /performance_monitor
[rosmaster.master][INFO] 2026-08-30 10:54:15,839: +CACHEDPARAM [/rosout_disable_topics_generation] by /performance_monitor
[rosmaster.master][INFO] 2026-08-30 10:54:17,036: +CACHEDPARAM [/rosout_disable_topics_generation] by /performance_monitor
[rosmaster.master][INFO] 2026-08-30 10:54:17,091: +CACHEDPARAM [/rosout_disable_topics_generation] by /performance_monitor
[rosmaster.master][INFO] 2026-08-30 10:54:17,093: +CACHEDPARAM [/rosout_disable_topics_generation] by /performance_monitor
[rosmaster.master][INFO] 2026-08-30 10:54:22,096: +CACHEDPARAM [/rosout_disable_topics_generation] by /performance_monitor
[rosmaster.master][INFO] 2026-08-30 10:54:23,339: +CACHEDPARAM [/rosout_disable_topics_generation] by /performance_monitor
[rosmaster.master][INFO] 2026-08-30 10:54:24,056: +CACHEDPARAM [/rosout_disable_topics_generation] by /performance_monitor
[rosmaster.master][INFO] 2026-08-30 10:54:25,257: +CACHEDPARAM [/rosout_disable_topics_generation] by /performance_monitor
[rosmaster.master][INFO] 2026-08-30 10:54:25,315: +CACHEDPARAM [/rosout_disable_topics_generation] by /performance_monitor
[rosmaster.master][INFO] 2026-08-30 10:54:25,318: +CACHEDPARAM [/rosout_disable_topics_generation] by /performance_monitor
[rosmaster.master][INFO] 2026-08-30 10:54:30,321: +CACHEDPARAM [/rosout_disable_topics_generation] by /performance_monitor
[rosmaster.master][INFO] 2026-08-30 10:54:31,574: +CACHEDPARAM [/rosout_disable_topics_generation] by /performance_monitor
[rosmaster.master][INFO] 2026-08-30 10:54:32,252: +CACHEDPARAM [/rosout_disable_topics_generation] by /performance_monitor
[rosmaster.master][INFO] 2026-08-30 10:54:33,432: +CACHEDPARAM [/rosout_disable_topics_generation] by /performance_monitor
[rosmaster.master][INFO] 2026-08-30 10:54:33,487: +CACHEDPARAM [/rosout_disable_topics_generation] by /performance_monitor
[rosmaster.master][INFO] 2026-08-30 10:54:33,490: +CACHEDPARAM [/rosout_disable_topics_generation] by /performance_monitor
[rosmaster.master][INFO] 2026-08-30 10:54:38,493: +CACHEDPARAM [/rosout_disable_topics_generation] by /performance_monitor
[rosmaster.master][INFO] 2026-08-30 10:54:40,132: +CACHEDPARAM [/rosout_disable_topics_generation] by /performance_monitor
[rosmaster.master][INFO] 2026-08-30 10:54:40,828: +CACHEDPARAM [/rosout_disable_topics_generation] by /performance_monitor
[rosmaster.master][INFO] 2026-08-30 10:54:42,014: +CACHEDPARAM [/rosout_disable_topics_generation] by /performance_monitor
[rosmaster.master][INFO] 2026-08-30 10:54:42,067: +CACHEDPARAM [/rosout_disable_topics_generation] by /performance_monitor
[rosmaster.master][INFO] 2026-08-30 10:54:42,070: +CACHEDPARAM [/rosout_disable_topics_generation] by /performance_monitor
[rosmaster.master][INFO] 2026-08-30 10:54:47,072: +CACHEDPARAM [/rosout_disable_topics_generation] by /performance_monitor
[rosmaster.master][INFO] 2026-08-30 10:54:48,328: +CACHEDPARAM [/rosout_disable_topics_generation] by /performance_monitor
[rosmaster.master][INFO] 2026-08-30 10:54:49,016: +CACHEDPARAM [/rosout_disable_topics_generation] by /performance_monitor
[rosmaster.master][INFO] 2026-08-30 10:54:50,202: +CACHEDPARAM [/rosout_disable_topics_generation] by /performance_monitor
[rosmaster.master][INFO] 2026-08-30 10:54:50,257: +CACHEDPARAM [/rosout_disable_topics_generation] by /performance_monitor
[rosmaster.master][INFO] 2026-08-30 10:54:50,259: +CACHEDPARAM [/rosout_disable_topics_generation] by /performance_monitor
[rosmaster.master][INFO] 2026-08-30 10:54:55,263: +CACHEDPARAM [/rosout_disable_topics_generation] by /performance_monitor
[rosmaster.master][INFO] 2026-08-30 10:54:56,560: +CACHEDPARAM [/rosout_disable_topics_generation] by /performance_monitor
[rosmaster.master][INFO] 2026-08-30 10:54:57,259: +CACHEDPARAM [/rosout_disable_topics_generation] by /performance_monitor
[rosmaster.master][INFO] 2026-08-30 10:54:58,412: +CACHEDPARAM [/rosout_disable_topics_generation] by /performance_monitor
[rosmaster.master][INFO] 2026-08-30 10:54:58,464: +CACHEDPARAM [/rosout_disable_topics_generation] by /performance_monitor
[rosmaster.master][INFO] 2026-08-30 10:54:58,466: +CACHEDPARAM [/rosout_disable_topics_generation] by /performance_monitor
[rosmaster.master][INFO] 2026-08-30 10:55:03,469: +CACHEDPARAM [/rosout_disable_topics_generation] by /performance_monitor
[rosmaster.master][INFO] 2026-08-30 10:55:04,723: +CACHEDPARAM [/rosout_disable_topics_generation] by /performance_monitor
[rosmaster.master][INFO] 2026-08-30 10:55:05,406: +CACHEDPARAM [/rosout_disable_topics_generation] by /performance_monitor
[rosmaster.master][INFO] 2026-08-30 10:55:06,530: +CACHEDPARAM [/rosout_disable_topics_generation] by /performance_monitor
[rosmaster.master][INFO] 2026-08-30 10:55:06,578: +CACHEDPARAM [/rosout_disable_topics_generation] by /performance_monitor
[rosmaster.master][INFO] 2026-08-30 10:55:06,580: +CACHEDPARAM [/rosout_disable_topics_generation] by /performance_monitor
[rosmaster.master][INFO] 2026-08-30 10:55:11,584: +CACHEDPARAM [/rosout_disable_topics_generation] by /performance_monitor
[rosmaster.master][INFO] 2026-08-30 10:55:12,836: +CACHEDPARAM [/rosout_disable_topics_generation] by /performance_monitor
[rosmaster.master][INFO] 2026-08-30 10:55:13,535: +CACHEDPARAM [/rosout_disable_topics_generation] by /performance_monitor
[rosmaster.master][INFO] 2026-08-30 10:55:14,736: +CACHEDPARAM [/rosout_disable_topics_generation] by /performance_monitor
[rosmaster.master][INFO] 2026-08-30 10:55:14,788: +CACHEDPARAM [/rosout_disable_topics_generation] by /performance_monitor
[rosmaster.master][INFO] 2026-08-30 10:55:14,790: +CACHEDPARAM [/rosout_disable_topics_generation] by /performance_monitor
[rosmaster.master][INFO] 2026-08-30 10:55:19,793: +CACHEDPARAM [/rosout_disable_topics_generation] by /performance_monitor
[rosmaster.master][INFO] 2026-08-30 10:55:21,054: +CACHEDPARAM [/rosout_disable_topics_generation] by /performance_monitor
[rosmaster.master][INFO] 2026-08-30 10:55:21,806: +CACHEDPARAM [/rosout_disable_topics_generation] by /performance_monitor
[rosmaster.master][INFO] 2026-08-30 10:55:23,014: +CACHEDPARAM [/rosout_disable_topics_generation] by /performance_monitor
[rosmaster.master][INFO] 2026-08-30 10:55:23,080: +CACHEDPARAM [/rosout_disable_topics_generation] by /performance_monitor
[rosmaster.master][INFO] 2026-08-30 10:55:23,082: +CACHEDPARAM [/rosout_disable_topics_generation] by /performance_monitor
[rosmaster.master][INFO] 2026-08-30 10:55:28,084: +CACHEDPARAM [/rosout_disable_topics_generation] by /performance_monitor
[rosmaster.master][INFO] 2026-08-30 10:55:29,398: +CACHEDPARAM [/rosout_disable_topics_generation] by /performance_monitor
[rosmaster.master][INFO] 2026-08-30 10:55:30,126: +CACHEDPARAM [/rosout_disable_topics_generation] by /performance_monitor
[rosmaster.master][INFO] 2026-08-30 10:55:31,367: +CACHEDPARAM [/rosout_disable_topics_generation] by /performance_monitor
[rosmaster.master][INFO] 2026-08-30 10:55:31,418: +CACHEDPARAM [/rosout_disable_topics_generation] by /performance_monitor
[rosmaster.master][INFO] 2026-08-30 10:55:31,419: +CACHEDPARAM [/rosout_disable_topics_generation] by /performance_monitor
[rosmaster.master][INFO] 2026-08-30 10:55:36,422: +CACHEDPARAM [/rosout_disable_topics_generation] by /performance_monitor
[rosmaster.master][INFO] 2026-08-30 10:55:37,667: +CACHEDPARAM [/rosout_disable_topics_generation] by /performance_monitor
[rosmaster.master][INFO] 2026-08-30 10:55:38,367: +CACHEDPARAM [/rosout_disable_topics_generation] by /performance_monitor
[rosmaster.master][INFO] 2026-08-30 10:55:39,652: +CACHEDPARAM [/rosout_disable_topics_generation] by /performance_monitor
[rosmaster.master][INFO] 2026-08-30 10:55:39,700: +CACHEDPARAM [/rosout_disable_topics_generation] by /performance_monitor
[rosmaster.master][INFO] 2026-08-30 10:55:39,702: +CACHEDPARAM [/rosout_disable_topics_generation] by /performance_monitor
[rosmaster.master][INFO] 2026-08-30 10:55:44,703: +CACHEDPARAM [/rosout_disable_topics_generation] by /performance_monitor
[rosmaster.master][INFO] 2026-08-30 10:55:45,943: +CACHEDPARAM [/rosout_disable_topics_generation] by /performance_monitor
[rosmaster.master][INFO] 2026-08-30 10:55:46,632: +CACHEDPARAM [/rosout_disable_topics_generation] by /performance_monitor
[rosmaster.master][INFO] 2026-08-30 10:55:47,896: +CACHEDPARAM [/rosout_disable_topics_generation] by /performance_monitor
[rosmaster.master][INFO] 2026-08-30 10:55:47,952: +CACHEDPARAM [/rosout_disable_topics_generation] by /performance_monitor
[rosmaster.master][INFO] 2026-08-30 10:55:47,954: +CACHEDPARAM [/rosout_disable_topics_generation] by /performance_monitor
[rosmaster.master][INFO] 2026-08-30 10:55:52,957: +CACHEDPARAM [/rosout_disable_topics_generation] by /performance_monitor
[rosmaster.master][INFO] 2026-08-30 10:55:54,193: +CACHEDPARAM [/rosout_disable_topics_generation] by /performance_monitor
[rosmaster.master][INFO] 2026-08-30 10:55:54,879: +CACHEDPARAM [/rosout_disable_topics_generation] by /performance_monitor
[rosmaster.master][INFO] 2026-08-30 10:55:56,165: +CACHEDPARAM [/rosout_disable_topics_generation] by /performance_monitor
[rosmaster.master][INFO] 2026-08-30 10:55:56,215: +CACHEDPARAM [/rosout_disable_topics_generation] by /performance_monitor
[rosmaster.master][INFO] 2026-08-30 10:55:56,217: +CACHEDPARAM [/rosout_disable_topics_generation] by /performance_monitor
[rosmaster.master][INFO] 2026-08-30 10:56:01,219: +CACHEDPARAM [/rosout_disable_topics_generation] by /performance_monitor
[rosmaster.master][INFO] 2026-08-30 10:56:02,493: +CACHEDPARAM [/rosout_disable_topics_generation] by /performance_monitor
[rosmaster.master][INFO] 2026-08-30 10:56:03,185: +CACHEDPARAM [/rosout_disable_topics_generation] by /performance_monitor
[rosmaster.master][INFO] 2026-08-30 10:56:04,537: +CACHEDPARAM [/rosout_disable_topics_generation] by /performance_monitor
[rosmaster.master][INFO] 2026-08-30 10:56:04,593: +CACHEDPARAM [/rosout_disable_topics_generation] by /performance_monitor
[rosmaster.master][INFO] 2026-08-30 10:56:04,598: +CACHEDPARAM [/rosout_disable_topics_generation] by /performance_monitor
[rosmaster.master][INFO] 2026-08-30 10:56:09,601: +CACHEDPARAM [/rosout_disable_topics_generation] by /performance_monitor
[rosmaster.master][INFO] 2026-08-30 10:56:10,824: +CACHEDPARAM [/rosout_disable_topics_generation] by /performance_monitor
[rosmaster.master][INFO] 2026-08-30 10:56:11,505: +CACHEDPARAM [/rosout_disable_topics_generation] by /performance_monitor
[rosmaster.master][INFO] 2026-08-30 10:56:12,851: +CACHEDPARAM [/rosout_disable_topics_generation] by /performance_monitor
[rosmaster.master][INFO] 2026-08-30 10:56:12,905: +CACHEDPARAM [/rosout_disable_topics_generation] by /performance_monitor
[rosmaster.master][INFO] 2026-08-30 10:56:12,906: +CACHEDPARAM [/rosout_disable_topics_generation] by /performance_monitor
[rosmaster.master][INFO] 2026-08-30 10:56:17,909: +CACHEDPARAM [/rosout_disable_topics_generation] by /performance_monitor
[rosmaster.master][INFO] 2026-08-30 10:56:19,144: +CACHEDPARAM [/rosout_disable_topics_generation] by /performance_monitor
[rosmaster.master][INFO] 2026-08-30 10:56:19,839: +CACHEDPARAM [/rosout_disable_topics_generation] by /performance_monitor
[rosmaster.master][INFO] 2026-08-30 10:56:21,163: +CACHEDPARAM [/rosout_disable_topics_generation] by /performance_monitor
[rosmaster.master][INFO] 2026-08-30 10:56:21,226: +CACHEDPARAM [/rosout_disable_topics_generation] by /performance_monitor
[rosmaster.master][INFO] 2026-08-30 10:56:21,227: +CACHEDPARAM [/rosout_disable_topics_generation] by /performance_monitor
[rosmaster.master][INFO] 2026-08-30 10:56:26,229: +CACHEDPARAM [/rosout_disable_topics_generation] by /performance_monitor
[rosmaster.master][INFO] 2026-08-30 10:56:27,473: +CACHEDPARAM [/rosout_disable_topics_generation] by /performance_monitor
[rosmaster.master][INFO] 2026-08-30 10:56:28,165: +CACHEDPARAM [/rosout_disable_topics_generation] by /performance_monitor
[rosmaster.master][INFO] 2026-08-30 10:56:29,490: +CACHEDPARAM [/rosout_disable_topics_generation] by /performance_monitor
[rosmaster.master][INFO] 2026-08-30 10:56:29,550: +CACHEDPARAM [/rosout_disable_topics_generation] by /performance_monitor
[rosmaster.master][INFO] 2026-08-30 10:56:29,552: +CACHEDPARAM [/rosout_disable_topics_generation] by /performance_monitor
[rosmaster.master][INFO] 2026-08-30 11:52:31,373: +CACHEDPARAM [/rosout_disable_topics_generation] by /performance_monitor
[rosmaster.master][INFO] 2026-08-30 11:52:31,631: +CACHEDPARAM [/rosout_disable_topics_generation] by /health_checker
[rosmaster.master][INFO] 2026-08-30 11:52:31,709: +CACHEDPARAM [/rosout_disable_topics_generation] by /health_checker
[rosmaster.master][INFO] 2026-08-30 11:52:31,729: +CACHEDPARAM [/rosout_disable_topics_generation] by /health_checker
[rosmaster.master][INFO] 2026-08-30 11:52:31,762: +CACHEDPARAM [/rosout_disable_topics_generation] by /health_checker
[rosmaster.master][INFO] 2026-08-30 11:52:31,823: +CACHEDPARAM [/rosout_disable_topics_generation] by /health_checker
[rosmaster.master][INFO] 2026-08-30 11:52:31,828: +CACHEDPARAM [/rosout_disable_topics_generation] by /health_checker
[rosmaster.master][INFO] 2026-08-30 11:52:31,833: +CACHEDPARAM [/rosout_disable_topics_generation] by /health_checker
[rosmaster.master][INFO] 2026-08-30 11:52:31,844: +CACHEDPARAM [/rosout_disable_topics_generation] by /health_checker
[rosmaster.master][INFO] 2026-08-30 11:52:31,859: +CACHEDPARAM [/rosout_disable_topics_generation] by /health_checker
[rosmaster.master][INFO] 2026-08-30 11:52:31,877: +CACHEDPARAM [/rosout_disable_topics_generation] by /health_checker
[rosmaster.master][INFO] 2026-08-30 11:52:34,269: +CACHEDPARAM [/rosout_disable_topics_generation] by /performance_monitor
[rosmaster.master][INFO] 2026-08-30 11:52:35,625: +CACHEDPARAM [/rosout_disable_topics_generation] by /performance_monitor
[rosmaster.master][INFO] 2026-08-30 11:52:36,854: +CACHEDPARAM [/rosout_disable_topics_generation] by /performance_monitor
[rosmaster.master][INFO] 2026-08-30 11:52:36,908: +CACHEDPARAM [/rosout_disable_topics_generation] by /performance_monitor
[rosmaster.master][INFO] 2026-08-30 11:52:36,911: +CACHEDPARAM [/rosout_disable_topics_generation] by /performance_monitor
[rosmaster.master][INFO] 2026-08-30 11:52:41,914: +CACHEDPARAM [/rosout_disable_topics_generation] by /performance_monitor
[rosmaster.master][INFO] 2026-08-30 11:52:43,147: +CACHEDPARAM [/rosout_disable_topics_generation] by /performance_monitor
[rosmaster.master][INFO] 2026-08-30 11:52:43,836: +CACHEDPARAM [/rosout_disable_topics_generation] by /performance_monitor
[rosmaster.master][INFO] 2026-08-30 11:52:45,094: +CACHEDPARAM [/rosout_disable_topics_generation] by /performance_monitor
[rosmaster.master][INFO] 2026-08-30 11:52:45,151: +CACHEDPARAM [/rosout_disable_topics_generation] by /performance_monitor
[rosmaster.master][INFO] 2026-08-30 11:52:45,153: +CACHEDPARAM [/rosout_disable_topics_generation] by /performance_monitor
[rosmaster.master][INFO] 2026-08-30 11:52:50,158: +CACHEDPARAM [/rosout_disable_topics_generation] by /performance_monitor
[rosmaster.master][INFO] 2026-08-30 11:52:51,397: +CACHEDPARAM [/rosout_disable_topics_generation] by /performance_monitor
[rosmaster.master][INFO] 2026-08-30 11:52:52,086: +CACHEDPARAM [/rosout_disable_topics_generation] by /performance_monitor
[rosmaster.master][INFO] 2026-08-30 11:52:53,415: +CACHEDPARAM [/rosout_disable_topics_generation] by /performance_monitor
[rosmaster.master][INFO] 2026-08-30 11:52:53,470: +CACHEDPARAM [/rosout_disable_topics_generation] by /performance_monitor
[rosmaster.master][INFO] 2026-08-30 11:52:53,472: +CACHEDPARAM [/rosout_disable_topics_generation] by /performance_monitor
[rosmaster.master][INFO] 2026-08-30 11:52:58,474: +CACHEDPARAM [/rosout_disable_topics_generation] by /performance_monitor
[rosmaster.master][INFO] 2026-08-30 11:52:59,789: +CACHEDPARAM [/rosout_disable_topics_generation] by /performance_monitor
[rosmaster.master][INFO] 2026-08-30 11:53:00,469: +CACHEDPARAM [/rosout_disable_topics_generation] by /performance_monitor
[rosmaster.master][INFO] 2026-08-30 11:53:01,810: +CACHEDPARAM [/rosout_disable_topics_generation] by /performance_monitor
[rosmaster.master][INFO] 2026-08-30 11:53:01,866: +CACHEDPARAM [/rosout_disable_topics_generation] by /performance_monitor
[rosmaster.master][INFO] 2026-08-30 11:53:01,868: +CACHEDPARAM [/rosout_disable_topics_generation] by /performance_monitor
[rosmaster.master][INFO] 2026-08-30 11:53:06,869: +CACHEDPARAM [/rosout_disable_topics_generation] by /performance_monitor
[rosmaster.master][INFO] 2026-08-30 11:53:08,104: +CACHEDPARAM [/rosout_disable_topics_generation] by /performance_monitor
[rosmaster.master][INFO] 2026-08-30 11:53:08,797: +CACHEDPARAM [/rosout_disable_topics_generation] by /performance_monitor
[rosmaster.master][INFO] 2026-08-30 11:53:10,120: +CACHEDPARAM [/rosout_disable_topics_generation] by /performance_monitor
[rosmaster.master][INFO] 2026-08-30 11:53:10,176: +CACHEDPARAM [/rosout_disable_topics_generation] by /performance_monitor
[rosmaster.master][INFO] 2026-08-30 11:53:10,178: +CACHEDPARAM [/rosout_disable_topics_generation] by /performance_monitor
[rosmaster.master][INFO] 2026-08-30 11:53:15,180: +CACHEDPARAM [/rosout_disable_topics_generation] by /performance_monitor
[rosmaster.master][INFO] 2026-08-30 11:53:16,439: +CACHEDPARAM [/rosout_disable_topics_generation] by /performance_monitor
[rosmaster.master][INFO] 2026-08-30 11:53:17,155: +CACHEDPARAM [/rosout_disable_topics_generation] by /performance_monitor
[rosmaster.master][INFO] 2026-08-30 11:53:18,476: +CACHEDPARAM [/rosout_disable_topics_generation] by /performance_monitor
[rosmaster.master][INFO] 2026-08-30 11:53:18,525: +CACHEDPARAM [/rosout_disable_topics_generation] by /performance_monitor
[rosmaster.master][INFO] 2026-08-30 11:53:18,527: +CACHEDPARAM [/rosout_disable_topics_generation] by /performance_monitor
[rosmaster.master][INFO] 2026-08-30 11:53:23,530: +CACHEDPARAM [/rosout_disable_topics_generation] by /performance_monitor
[rosmaster.master][INFO] 2026-08-30 11:53:24,771: +CACHEDPARAM [/rosout_disable_topics_generation] by /performance_monitor
[rosmaster.master][INFO] 2026-08-30 11:53:25,454: +CACHEDPARAM [/rosout_disable_topics_generation] by /performance_monitor
[rosmaster.master][INFO] 2026-08-30 11:53:26,710: +CACHEDPARAM [/rosout_disable_topics_generation] by /performance_monitor
[rosmaster.master][INFO] 2026-08-30 11:53:26,758: +CACHEDPARAM [/rosout_disable_topics_generation] by /performance_monitor
[rosmaster.master][INFO] 2026-08-30 11:53:26,760: +CACHEDPARAM [/rosout_disable_topics_generation] by /performance_monitor
[rosmaster.master][INFO] 2026-08-30 11:53:31,763: +CACHEDPARAM [/rosout_disable_topics_generation] by /performance_monitor
[rosmaster.master][INFO] 2026-08-30 11:53:32,994: +CACHEDPARAM [/rosout_disable_topics_generation] by /performance_monitor
[rosmaster.master][INFO] 2026-08-30 11:53:33,684: +CACHEDPARAM [/rosout_disable_topics_generation] by /performance_monitor
[rosmaster.master][INFO] 2026-08-30 11:53:35,000: +CACHEDPARAM [/rosout_disable_topics_generation] by /performance_monitor
[rosmaster.master][INFO] 2026-08-30 11:53:35,054: +CACHEDPARAM [/rosout_disable_topics_generation] by /performance_monitor
[rosmaster.master][INFO] 2026-08-30 11:53:35,056: +CACHEDPARAM [/rosout_disable_topics_generation] by /performance_monitor
[rosmaster.master][INFO] 2026-08-30 16:50:37,181: +CACHEDPARAM [/rosout_disable_topics_generation] by /performance_monitor
[rosmaster.master][INFO] 2026-08-30 16:50:42,732: +CACHEDPARAM [/rosout_disable_topics_generation] by /performance_monitor
[rosmaster.master][INFO] 2026-08-30 16:50:44,152: +CACHEDPARAM [/rosout_disable_topics_generation] by /performance_monitor
[rosmaster.master][INFO] 2026-08-30 16:50:45,360: +CACHEDPARAM [/rosout_disable_topics_generation] by /performance_monitor
[rosmaster.master][INFO] 2026-08-30 16:50:45,415: +CACHEDPARAM [/rosout_disable_topics_generation] by /performance_monitor
[rosmaster.master][INFO] 2026-08-30 16:50:45,417: +CACHEDPARAM [/rosout_disable_topics_generation] by /performance_monitor
[rosmaster.master][INFO] 2026-08-30 16:50:50,420: +CACHEDPARAM [/rosout_disable_topics_generation] by /performance_monitor
[rosmaster.master][INFO] 2026-08-30 16:50:51,738: +CACHEDPARAM [/rosout_disable_topics_generation] by /performance_monitor
[rosmaster.master][INFO] 2026-08-30 16:50:52,590: +CACHEDPARAM [/rosout_disable_topics_generation] by /performance_monitor
[rosmaster.master][INFO] 2026-08-30 16:50:53,796: +CACHEDPARAM [/rosout_disable_topics_generation] by /performance_monitor
[rosmaster.master][INFO] 2026-08-30 16:50:53,852: +CACHEDPARAM [/rosout_disable_topics_generation] by /performance_monitor
[rosmaster.master][INFO] 2026-08-30 16:50:53,854: +CACHEDPARAM [/rosout_disable_topics_generation] by /performance_monitor
[rosmaster.master][INFO] 2026-08-30 16:50:58,857: +CACHEDPARAM [/rosout_disable_topics_generation] by /performance_monitor
[rosmaster.master][INFO] 2026-08-30 16:51:00,134: +CACHEDPARAM [/rosout_disable_topics_generation] by /performance_monitor
[rosmaster.master][INFO] 2026-08-30 16:51:00,852: +CACHEDPARAM [/rosout_disable_topics_generation] by /performance_monitor
[rosmaster.master][INFO] 2026-08-30 16:51:02,052: +CACHEDPARAM [/rosout_disable_topics_generation] by /performance_monitor
[rosmaster.master][INFO] 2026-08-30 16:51:02,101: +CACHEDPARAM [/rosout_disable_topics_generation] by /performance_monitor
[rosmaster.master][INFO] 2026-08-30 16:51:02,103: +CACHEDPARAM [/rosout_disable_topics_generation] by /performance_monitor
[rosmaster.master][INFO] 2026-08-30 16:51:07,108: +CACHEDPARAM [/rosout_disable_topics_generation] by /performance_monitor
[rosmaster.master][INFO] 2026-08-30 16:51:08,355: +CACHEDPARAM [/rosout_disable_topics_generation] by /performance_monitor
[rosmaster.master][INFO] 2026-08-30 16:51:09,046: +CACHEDPARAM [/rosout_disable_topics_generation] by /performance_monitor
[rosmaster.master][INFO] 2026-08-30 16:51:10,241: +CACHEDPARAM [/rosout_disable_topics_generation] by /performance_monitor
[rosmaster.master][INFO] 2026-08-30 16:51:10,289: +CACHEDPARAM [/rosout_disable_topics_generation] by /performance_monitor
[rosmaster.master][INFO] 2026-08-30 16:51:10,291: +CACHEDPARAM [/rosout_disable_topics_generation] by /performance_monitor
[rosmaster.master][INFO] 2026-08-30 16:51:15,294: +CACHEDPARAM [/rosout_disable_topics_generation] by /performance_monitor
[rosmaster.master][INFO] 2026-08-30 16:51:16,575: +CACHEDPARAM [/rosout_disable_topics_generation] by /performance_monitor
[rosmaster.master][INFO] 2026-08-30 16:51:17,277: +CACHEDPARAM [/rosout_disable_topics_generation] by /performance_monitor
[rosmaster.master][INFO] 2026-08-30 16:51:18,434: +CACHEDPARAM [/rosout_disable_topics_generation] by /performance_monitor
[rosmaster.master][INFO] 2026-08-30 16:51:18,493: +CACHEDPARAM [/rosout_disable_topics_generation] by /performance_monitor
[rosmaster.master][INFO] 2026-08-30 16:51:18,499: +CACHEDPARAM [/rosout_disable_topics_generation] by /performance_monitor
[rosmaster.master][INFO] 2026-08-30 16:51:23,522: +CACHEDPARAM [/rosout_disable_topics_generation] by /performance_monitor
[rosmaster.master][INFO] 2026-08-30 16:51:24,772: +CACHEDPARAM [/rosout_disable_topics_generation] by /performance_monitor
[rosmaster.master][INFO] 2026-08-30 16:51:25,461: +CACHEDPARAM [/rosout_disable_topics_generation] by /performance_monitor
[rosmaster.master][INFO] 2026-08-30 16:51:26,652: +CACHEDPARAM [/rosout_disable_topics_generation] by /performance_monitor
[rosmaster.master][INFO] 2026-08-30 16:51:26,705: +CACHEDPARAM [/rosout_disable_topics_generation] by /performance_monitor
[rosmaster.master][INFO] 2026-08-30 16:51:26,707: +CACHEDPARAM [/rosout_disable_topics_generation] by /performance_monitor
[rosmaster.master][INFO] 2026-08-30 16:51:31,710: +CACHEDPARAM [/rosout_disable_topics_generation] by /performance_monitor
[rosmaster.master][INFO] 2026-08-30 16:51:32,978: +CACHEDPARAM [/rosout_disable_topics_generation] by /performance_monitor
[rosmaster.master][INFO] 2026-08-30 16:51:33,668: +CACHEDPARAM [/rosout_disable_topics_generation] by /performance_monitor
[rosmaster.master][INFO] 2026-08-30 16:51:34,871: +CACHEDPARAM [/rosout_disable_topics_generation] by /performance_monitor
[rosmaster.master][INFO] 2026-08-30 16:51:34,926: +CACHEDPARAM [/rosout_disable_topics_generation] by /performance_monitor
[rosmaster.master][INFO] 2026-08-30 16:51:34,928: +CACHEDPARAM [/rosout_disable_topics_generation] by /performance_monitor
[rosmaster.master][INFO] 2026-08-30 16:51:39,930: +CACHEDPARAM [/rosout_disable_topics_generation] by /performance_monitor
[rosmaster.master][INFO] 2026-08-30 16:51:41,197: +CACHEDPARAM [/rosout_disable_topics_generation] by /performance_monitor
[rosmaster.master][INFO] 2026-08-30 16:51:41,896: +CACHEDPARAM [/rosout_disable_topics_generation] by /performance_monitor
[rosmaster.master][INFO] 2026-08-30 16:51:43,046: +CACHEDPARAM [/rosout_disable_topics_generation] by /performance_monitor
[rosmaster.master][INFO] 2026-08-30 16:51:43,106: +CACHEDPARAM [/rosout_disable_topics_generation] by /performance_monitor
[rosmaster.master][INFO] 2026-08-30 16:51:43,108: +CACHEDPARAM [/rosout_disable_topics_generation] by /performance_monitor
[rosmaster.master][INFO] 2026-08-30 16:51:48,111: +CACHEDPARAM [/rosout_disable_topics_generation] by /performance_monitor
[rosmaster.master][INFO] 2026-08-30 16:51:49,359: +CACHEDPARAM [/rosout_disable_topics_generation] by /performance_monitor
[rosmaster.master][INFO] 2026-08-30 16:51:50,044: +CACHEDPARAM [/rosout_disable_topics_generation] by /performance_monitor
[rosmaster.master][INFO] 2026-08-30 16:51:51,245: +CACHEDPARAM [/rosout_disable_topics_generation] by /performance_monitor
[rosmaster.master][INFO] 2026-08-30 16:51:51,302: +CACHEDPARAM [/rosout_disable_topics_generation] by /performance_monitor
[rosmaster.master][INFO] 2026-08-30 16:51:51,305: +CACHEDPARAM [/rosout_disable_topics_generation] by /performance_monitor
[rosmaster.master][INFO] 2026-08-30 16:51:56,307: +CACHEDPARAM [/rosout_disable_topics_generation] by /performance_monitor
[rosmaster.master][INFO] 2026-08-30 16:51:57,567: +CACHEDPARAM [/rosout_disable_topics_generation] by /performance_monitor
[rosmaster.master][INFO] 2026-08-30 16:51:58,257: +CACHEDPARAM [/rosout_disable_topics_generation] by /performance_monitor
[rosmaster.master][INFO] 2026-08-30 16:51:59,463: +CACHEDPARAM [/rosout_disable_topics_generation] by /performance_monitor
[rosmaster.master][INFO] 2026-08-30 16:51:59,511: +CACHEDPARAM [/rosout_disable_topics_generation] by /performance_monitor
[rosmaster.master][INFO] 2026-08-30 16:51:59,513: +CACHEDPARAM [/rosout_disable_topics_generation] by /performance_monitor
[rosmaster.master][INFO] 2026-08-30 16:52:04,516: +CACHEDPARAM [/rosout_disable_topics_generation] by /performance_monitor
[rosmaster.master][INFO] 2026-08-30 16:52:05,888: +CACHEDPARAM [/rosout_disable_topics_generation] by /performance_monitor
[rosmaster.master][INFO] 2026-08-30 16:52:06,581: +CACHEDPARAM [/rosout_disable_topics_generation] by /performance_monitor
[rosmaster.master][INFO] 2026-08-30 16:52:07,765: +CACHEDPARAM [/rosout_disable_topics_generation] by /performance_monitor
[rosmaster.master][INFO] 2026-08-30 16:52:07,823: +CACHEDPARAM [/rosout_disable_topics_generation] by /performance_monitor
[rosmaster.master][INFO] 2026-08-30 16:52:07,825: +CACHEDPARAM [/rosout_disable_topics_generation] by /performance_monitor
[rosmaster.master][INFO] 2026-08-30 16:52:12,829: +CACHEDPARAM [/rosout_disable_topics_generation] by /performance_monitor
[rosmaster.master][INFO] 2026-08-30 16:52:14,199: +CACHEDPARAM [/rosout_disable_topics_generation] by /performance_monitor
[rosmaster.master][INFO] 2026-08-30 16:52:14,917: +CACHEDPARAM [/rosout_disable_topics_generation] by /performance_monitor
[rosmaster.master][INFO] 2026-08-30 16:52:16,055: +CACHEDPARAM [/rosout_disable_topics_generation] by /performance_monitor
[rosmaster.master][INFO] 2026-08-30 16:52:16,104: +CACHEDPARAM [/rosout_disable_topics_generation] by /performance_monitor
[rosmaster.master][INFO] 2026-08-30 16:52:16,105: +CACHEDPARAM [/rosout_disable_topics_generation] by /performance_monitor
[rosmaster.master][INFO] 2026-08-30 16:52:21,108: +CACHEDPARAM [/rosout_disable_topics_generation] by /performance_monitor
[rosmaster.master][INFO] 2026-08-30 16:52:22,363: +CACHEDPARAM [/rosout_disable_topics_generation] by /performance_monitor
[rosmaster.master][INFO] 2026-08-30 16:52:23,054: +CACHEDPARAM [/rosout_disable_topics_generation] by /performance_monitor
[rosmaster.master][INFO] 2026-08-30 16:52:24,254: +CACHEDPARAM [/rosout_disable_topics_generation] by /performance_monitor
[rosmaster.master][INFO] 2026-08-30 16:52:24,311: +CACHEDPARAM [/rosout_disable_topics_generation] by /performance_monitor
[rosmaster.master][INFO] 2026-08-30 16:52:24,314: +CACHEDPARAM [/rosout_disable_topics_generation] by /performance_monitor
[rosmaster.master][INFO] 2026-08-30 16:52:29,319: +CACHEDPARAM [/rosout_disable_topics_generation] by /performance_monitor
[rosmaster.master][INFO] 2026-08-30 16:52:30,617: +CACHEDPARAM [/rosout_disable_topics_generation] by /performance_monitor
[rosmaster.master][INFO] 2026-08-30 16:52:31,307: +CACHEDPARAM [/rosout_disable_topics_generation] by /performance_monitor
[rosmaster.master][INFO] 2026-08-30 16:52:32,479: +CACHEDPARAM [/rosout_disable_topics_generation] by /performance_monitor
[rosmaster.master][INFO] 2026-08-30 16:52:32,528: +CACHEDPARAM [/rosout_disable_topics_generation] by /performance_monitor
[rosmaster.master][INFO] 2026-08-30 16:52:32,529: +CACHEDPARAM [/rosout_disable_topics_generation] by /performance_monitor
[rosmaster.master][INFO] 2026-08-30 16:52:37,533: +CACHEDPARAM [/rosout_disable_topics_generation] by /performance_monitor
[rosmaster.master][INFO] 2026-08-30 16:52:38,860: +CACHEDPARAM [/rosout_disable_topics_generation] by /performance_monitor
[rosmaster.master][INFO] 2026-08-30 16:52:39,546: +CACHEDPARAM [/rosout_disable_topics_generation] by /performance_monitor
[rosmaster.master][INFO] 2026-08-30 16:52:40,700: +CACHEDPARAM [/rosout_disable_topics_generation] by /performance_monitor
[rosmaster.master][INFO] 2026-08-30 16:52:40,754: +CACHEDPARAM [/rosout_disable_topics_generation] by /performance_monitor
[rosmaster.master][INFO] 2026-08-30 16:52:40,756: +CACHEDPARAM [/rosout_disable_topics_generation] by /performance_monitor
[rosmaster.master][INFO] 2026-08-30 16:52:45,758: +CACHEDPARAM [/rosout_disable_topics_generation] by /performance_monitor
[rosmaster.master][INFO] 2026-08-30 16:52:47,009: +CACHEDPARAM [/rosout_disable_topics_generation] by /performance_monitor
[rosmaster.master][INFO] 2026-08-30 16:52:47,703: +CACHEDPARAM [/rosout_disable_topics_generation] by /performance_monitor
[rosmaster.master][INFO] 2026-08-30 16:52:48,878: +CACHEDPARAM [/rosout_disable_topics_generation] by /performance_monitor
[rosmaster.master][INFO] 2026-08-30 16:52:48,926: +CACHEDPARAM [/rosout_disable_topics_generation] by /performance_monitor
[rosmaster.master][INFO] 2026-08-30 16:52:48,928: +CACHEDPARAM [/rosout_disable_topics_generation] by /performance_monitor
[rosmaster.master][INFO] 2026-08-30 16:52:53,932: +CACHEDPARAM [/rosout_disable_topics_generation] by /performance_monitor
[rosmaster.master][INFO] 2026-08-30 16:52:55,370: +CACHEDPARAM [/rosout_disable_topics_generation] by /performance_monitor
[rosmaster.master][INFO] 2026-08-30 16:52:56,052: +CACHEDPARAM [/rosout_disable_topics_generation] by /performance_monitor
[rosmaster.master][INFO] 2026-08-30 16:52:57,257: +CACHEDPARAM [/rosout_disable_topics_generation] by /performance_monitor
[rosmaster.master][INFO] 2026-08-30 16:52:57,305: +CACHEDPARAM [/rosout_disable_topics_generation] by /performance_monitor
[rosmaster.master][INFO] 2026-08-30 16:52:57,307: +CACHEDPARAM [/rosout_disable_topics_generation] by /performance_monitor
[rosmaster.master][INFO] 2026-08-30 16:53:02,311: +CACHEDPARAM [/rosout_disable_topics_generation] by /performance_monitor
[rosmaster.master][INFO] 2026-08-30 16:53:03,569: +CACHEDPARAM [/rosout_disable_topics_generation] by /performance_monitor
[rosmaster.master][INFO] 2026-08-30 16:53:04,260: +CACHEDPARAM [/rosout_disable_topics_generation] by /performance_monitor
[rosmaster.master][INFO] 2026-08-30 16:53:05,452: +CACHEDPARAM [/rosout_disable_topics_generation] by /performance_monitor
[rosmaster.master][INFO] 2026-08-30 16:53:05,507: +CACHEDPARAM [/rosout_disable_topics_generation] by /performance_monitor
[rosmaster.master][INFO] 2026-08-30 16:53:05,508: +CACHEDPARAM [/rosout_disable_topics_generation] by /performance_monitor
[rosmaster.master][INFO] 2026-08-30 16:53:10,511: +CACHEDPARAM [/rosout_disable_topics_generation] by /performance_monitor
[rosmaster.master][INFO] 2026-08-30 16:53:11,815: +CACHEDPARAM [/rosout_disable_topics_generation] by /performance_monitor
[rosmaster.master][INFO] 2026-08-30 16:53:12,496: +CACHEDPARAM [/rosout_disable_topics_generation] by /performance_monitor
[rosmaster.master][INFO] 2026-08-30 16:53:13,633: +CACHEDPARAM [/rosout_disable_topics_generation] by /performance_monitor
[rosmaster.master][INFO] 2026-08-30 16:53:13,684: +CACHEDPARAM [/rosout_disable_topics_generation] by /performance_monitor
[rosmaster.master][INFO] 2026-08-30 16:53:13,686: +CACHEDPARAM [/rosout_disable_topics_generation] by /performance_monitor
[rosmaster.master][INFO] 2026-08-30 16:53:18,690: +CACHEDPARAM [/rosout_disable_topics_generation] by /performance_monitor
[rosmaster.master][INFO] 2026-08-30 16:53:19,937: +CACHEDPARAM [/rosout_disable_topics_generation] by /performance_monitor
[rosmaster.master][INFO] 2026-08-30 16:53:20,671: +CACHEDPARAM [/rosout_disable_topics_generation] by /performance_monitor
[rosmaster.master][INFO] 2026-08-30 16:53:21,828: +CACHEDPARAM [/rosout_disable_topics_generation] by /performance_monitor
[rosmaster.master][INFO] 2026-08-30 16:53:21,883: +CACHEDPARAM [/rosout_disable_topics_generation] by /performance_monitor
[rosmaster.master][INFO] 2026-08-30 16:53:21,884: +CACHEDPARAM [/rosout_disable_topics_generation] by /performance_monitor
[rosmaster.master][INFO] 2026-08-30 16:53:26,886: +CACHEDPARAM [/rosout_disable_topics_generation] by /performance_monitor
[rosmaster.master][INFO] 2026-08-30 16:53:28,160: +CACHEDPARAM [/rosout_disable_topics_generation] by /performance_monitor
[rosmaster.master][INFO] 2026-08-30 16:53:28,847: +CACHEDPARAM [/rosout_disable_topics_generation] by /performance_monitor
[rosmaster.master][INFO] 2026-08-30 16:53:30,042: +CACHEDPARAM [/rosout_disable_topics_generation] by /performance_monitor
[rosmaster.master][INFO] 2026-08-30 16:53:30,095: +CACHEDPARAM [/rosout_disable_topics_generation] by /performance_monitor
[rosmaster.master][INFO] 2026-08-30 16:53:30,097: +CACHEDPARAM [/rosout_disable_topics_generation] by /performance_monitor
[rosmaster.master][INFO] 2026-08-30 16:53:35,100: +CACHEDPARAM [/rosout_disable_topics_generation] by /performance_monitor
[rosmaster.master][INFO] 2026-08-30 16:53:36,377: +CACHEDPARAM [/rosout_disable_topics_generation] by /performance_monitor
[rosmaster.master][INFO] 2026-08-30 16:53:37,103: +CACHEDPARAM [/rosout_disable_topics_generation] by /performance_monitor
[rosmaster.master][INFO] 2026-08-30 16:53:38,294: +CACHEDPARAM [/rosout_disable_topics_generation] by /performance_monitor
[rosmaster.master][INFO] 2026-08-30 16:53:38,345: +CACHEDPARAM [/rosout_disable_topics_generation] by /performance_monitor
[rosmaster.master][INFO] 2026-08-30 16:53:38,347: +CACHEDPARAM [/rosout_disable_topics_generation] by /performance_monitor
[rosmaster.master][INFO] 2026-08-30 16:53:43,351: +CACHEDPARAM [/rosout_disable_topics_generation] by /performance_monitor
[rosmaster.master][INFO] 2026-08-30 16:53:44,686: +CACHEDPARAM [/rosout_disable_topics_generation] by /performance_monitor
[rosmaster.master][INFO] 2026-08-30 16:53:45,371: +CACHEDPARAM [/rosout_disable_topics_generation] by /performance_monitor
[rosmaster.master][INFO] 2026-08-30 16:53:46,713: +CACHEDPARAM [/rosout_disable_topics_generation] by /performance_monitor
[rosmaster.master][INFO] 2026-08-30 16:53:46,789: +CACHEDPARAM [/rosout_disable_topics_generation] by /performance_monitor
[rosmaster.master][INFO] 2026-08-30 16:53:46,791: +CACHEDPARAM [/rosout_disable_topics_generation] by /performance_monitor
[rosmaster.master][INFO] 2026-08-30 16:53:51,795: +CACHEDPARAM [/rosout_disable_topics_generation] by /performance_monitor
[rosmaster.master][INFO] 2026-08-30 16:53:53,257: +CACHEDPARAM [/rosout_disable_topics_generation] by /performance_monitor
[rosmaster.master][INFO] 2026-08-30 16:53:53,958: +CACHEDPARAM [/rosout_disable_topics_generation] by /performance_monitor
[rosmaster.master][INFO] 2026-08-30 16:53:55,097: +CACHEDPARAM [/rosout_disable_topics_generation] by /performance_monitor
[rosmaster.master][INFO] 2026-08-30 16:53:55,151: +CACHEDPARAM [/rosout_disable_topics_generation] by /performance_monitor
[rosmaster.master][INFO] 2026-08-30 16:53:55,153: +CACHEDPARAM [/rosout_disable_topics_generation] by /performance_monitor
[rosmaster.master][INFO] 2026-08-30 16:54:00,158: +CACHEDPARAM [/rosout_disable_topics_generation] by /performance_monitor
[rosmaster.master][INFO] 2026-08-30 16:54:01,435: +CACHEDPARAM [/rosout_disable_topics_generation] by /performance_monitor
[rosmaster.master][INFO] 2026-08-30 16:54:02,129: +CACHEDPARAM [/rosout_disable_topics_generation] by /performance_monitor
[rosmaster.master][INFO] 2026-08-30 16:54:03,311: +CACHEDPARAM [/rosout_disable_topics_generation] by /performance_monitor
[rosmaster.master][INFO] 2026-08-30 16:54:03,373: +CACHEDPARAM [/rosout_disable_topics_generation] by /performance_monitor
[rosmaster.master][INFO] 2026-08-30 16:54:03,375: +CACHEDPARAM [/rosout_disable_topics_generation] by /performance_monitor
[rosmaster.master][INFO] 2026-08-30 16:54:08,383: +CACHEDPARAM [/rosout_disable_topics_generation] by /performance_monitor
[rosmaster.master][INFO] 2026-08-30 16:54:09,630: +CACHEDPARAM [/rosout_disable_topics_generation] by /performance_monitor
[rosmaster.master][INFO] 2026-08-30 16:54:10,322: +CACHEDPARAM [/rosout_disable_topics_generation] by /performance_monitor
[rosmaster.master][INFO] 2026-08-30 16:54:11,530: +CACHEDPARAM [/rosout_disable_topics_generation] by /performance_monitor
[rosmaster.master][INFO] 2026-08-30 16:54:11,585: +CACHEDPARAM [/rosout_disable_topics_generation] by /performance_monitor
[rosmaster.master][INFO] 2026-08-30 16:54:11,587: +CACHEDPARAM [/rosout_disable_topics_generation] by /performance_monitor
[rosmaster.master][INFO] 2026-08-30 16:54:16,589: +CACHEDPARAM [/rosout_disable_topics_generation] by /performance_monitor
[rosmaster.master][INFO] 2026-08-30 16:54:17,861: +CACHEDPARAM [/rosout_disable_topics_generation] by /performance_monitor
[rosmaster.master][INFO] 2026-08-30 16:54:18,556: +CACHEDPARAM [/rosout_disable_topics_generation] by /performance_monitor
[rosmaster.master][INFO] 2026-08-30 16:54:19,750: +CACHEDPARAM [/rosout_disable_topics_generation] by /performance_monitor
[rosmaster.master][INFO] 2026-08-30 16:54:19,800: +CACHEDPARAM [/rosout_disable_topics_generation] by /performance_monitor
[rosmaster.master][INFO] 2026-08-30 16:54:19,801: +CACHEDPARAM [/rosout_disable_topics_generation] by /performance_monitor
[rosmaster.master][INFO] 2026-08-30 16:54:24,803: +CACHEDPARAM [/rosout_disable_topics_generation] by /performance_monitor
[rosmaster.master][INFO] 2026-08-30 16:54:26,050: +CACHEDPARAM [/rosout_disable_topics_generation] by /performance_monitor
[rosmaster.master][INFO] 2026-08-30 16:54:26,743: +CACHEDPARAM [/rosout_disable_topics_generation] by /performance_monitor
[rosmaster.master][INFO] 2026-08-30 16:54:27,896: +CACHEDPARAM [/rosout_disable_topics_generation] by /performance_monitor
[rosmaster.master][INFO] 2026-08-30 16:54:27,951: +CACHEDPARAM [/rosout_disable_topics_generation] by /performance_monitor
[rosmaster.master][INFO] 2026-08-30 16:54:27,954: +CACHEDPARAM [/rosout_disable_topics_generation] by /performance_monitor
[rosmaster.master][INFO] 2026-08-30 16:54:32,960: +CACHEDPARAM [/rosout_disable_topics_generation] by /performance_monitor
[rosmaster.master][INFO] 2026-08-30 16:54:34,209: +CACHEDPARAM [/rosout_disable_topics_generation] by /performance_monitor
[rosmaster.master][INFO] 2026-08-30 16:54:34,940: +CACHEDPARAM [/rosout_disable_topics_generation] by /performance_monitor
[rosmaster.master][INFO] 2026-08-30 16:54:36,104: +CACHEDPARAM [/rosout_disable_topics_generation] by /performance_monitor
[rosmaster.master][INFO] 2026-08-30 16:54:36,160: +CACHEDPARAM [/rosout_disable_topics_generation] by /performance_monitor
[rosmaster.master][INFO] 2026-08-30 16:54:36,163: +CACHEDPARAM [/rosout_disable_topics_generation] by /performance_monitor
[rosmaster.master][INFO] 2026-08-30 16:54:41,167: +CACHEDPARAM [/rosout_disable_topics_generation] by /performance_monitor
[rosmaster.master][INFO] 2026-08-30 16:54:42,427: +CACHEDPARAM [/rosout_disable_topics_generation] by /performance_monitor
[rosmaster.master][INFO] 2026-08-30 16:54:43,116: +CACHEDPARAM [/rosout_disable_topics_generation] by /performance_monitor
[rosmaster.master][INFO] 2026-08-30 16:54:44,278: +CACHEDPARAM [/rosout_disable_topics_generation] by /performance_monitor
[rosmaster.master][INFO] 2026-08-30 16:54:44,340: +CACHEDPARAM [/rosout_disable_topics_generation] by /performance_monitor
[rosmaster.master][INFO] 2026-08-30 16:54:44,342: +CACHEDPARAM [/rosout_disable_topics_generation] by /performance_monitor
[rosmaster.master][INFO] 2026-08-30 16:54:49,346: +CACHEDPARAM [/rosout_disable_topics_generation] by /performance_monitor
[rosmaster.master][INFO] 2026-08-30 16:54:50,601: +CACHEDPARAM [/rosout_disable_topics_generation] by /performance_monitor
[rosmaster.master][INFO] 2026-08-30 16:54:51,283: +CACHEDPARAM [/rosout_disable_topics_generation] by /performance_monitor
[rosmaster.master][INFO] 2026-08-30 16:54:52,475: +CACHEDPARAM [/rosout_disable_topics_generation] by /performance_monitor
[rosmaster.master][INFO] 2026-08-30 16:54:52,548: +CACHEDPARAM [/rosout_disable_topics_generation] by /performance_monitor
[rosmaster.master][INFO] 2026-08-30 16:54:52,554: +CACHEDPARAM [/rosout_disable_topics_generation] by /performance_monitor
[rosmaster.master][INFO] 2026-08-30 16:54:57,558: +CACHEDPARAM [/rosout_disable_topics_generation] by /performance_monitor
[rosmaster.master][INFO] 2026-08-30 16:54:58,854: +CACHEDPARAM [/rosout_disable_topics_generation] by /performance_monitor
[rosmaster.master][INFO] 2026-08-30 16:54:59,548: +CACHEDPARAM [/rosout_disable_topics_generation] by /performance_monitor
[rosmaster.master][INFO] 2026-08-30 16:55:00,757: +CACHEDPARAM [/rosout_disable_topics_generation] by /performance_monitor
[rosmaster.master][INFO] 2026-08-30 16:55:00,814: +CACHEDPARAM [/rosout_disable_topics_generation] by /performance_monitor
[rosmaster.master][INFO] 2026-08-30 16:55:00,816: +CACHEDPARAM [/rosout_disable_topics_generation] by /performance_monitor
[rosmaster.master][INFO] 2026-08-30 16:55:05,820: +CACHEDPARAM [/rosout_disable_topics_generation] by /performance_monitor
[rosmaster.master][INFO] 2026-08-30 16:55:07,206: +CACHEDPARAM [/rosout_disable_topics_generation] by /performance_monitor
[rosmaster.master][INFO] 2026-08-30 16:55:07,895: +CACHEDPARAM [/rosout_disable_topics_generation] by /performance_monitor
[rosmaster.master][INFO] 2026-08-30 16:55:09,047: +CACHEDPARAM [/rosout_disable_topics_generation] by /performance_monitor
[rosmaster.master][INFO] 2026-08-30 16:55:09,098: +CACHEDPARAM [/rosout_disable_topics_generation] by /performance_monitor
[rosmaster.master][INFO] 2026-08-30 16:55:09,100: +CACHEDPARAM [/rosout_disable_topics_generation] by /performance_monitor
[rosmaster.master][INFO] 2026-08-30 16:55:14,102: +CACHEDPARAM [/rosout_disable_topics_generation] by /performance_monitor
[rosmaster.master][INFO] 2026-08-30 16:55:15,529: +CACHEDPARAM [/rosout_disable_topics_generation] by /performance_monitor
[rosmaster.master][INFO] 2026-08-30 16:55:16,278: +CACHEDPARAM [/rosout_disable_topics_generation] by /performance_monitor
[rosmaster.master][INFO] 2026-08-30 16:55:17,466: +CACHEDPARAM [/rosout_disable_topics_generation] by /performance_monitor
[rosmaster.master][INFO] 2026-08-30 16:55:17,515: +CACHEDPARAM [/rosout_disable_topics_generation] by /performance_monitor
[rosmaster.master][INFO] 2026-08-30 16:55:17,517: +CACHEDPARAM [/rosout_disable_topics_generation] by /performance_monitor
[rosmaster.master][INFO] 2026-08-30 16:55:22,521: +CACHEDPARAM [/rosout_disable_topics_generation] by /performance_monitor
[rosmaster.master][INFO] 2026-08-30 16:55:23,780: +CACHEDPARAM [/rosout_disable_topics_generation] by /performance_monitor
[rosmaster.master][INFO] 2026-08-30 16:55:24,474: +CACHEDPARAM [/rosout_disable_topics_generation] by /performance_monitor
[rosmaster.master][INFO] 2026-08-30 16:55:25,651: +CACHEDPARAM [/rosout_disable_topics_generation] by /performance_monitor
[rosmaster.master][INFO] 2026-08-30 16:55:25,704: +CACHEDPARAM [/rosout_disable_topics_generation] by /performance_monitor
[rosmaster.master][INFO] 2026-08-30 16:55:25,706: +CACHEDPARAM [/rosout_disable_topics_generation] by /performance_monitor
[rosmaster.master][INFO] 2026-08-30 16:55:30,713: +CACHEDPARAM [/rosout_disable_topics_generation] by /performance_monitor
[rosmaster.master][INFO] 2026-08-30 16:55:32,074: +CACHEDPARAM [/rosout_disable_topics_generation] by /performance_monitor
[rosmaster.master][INFO] 2026-08-30 16:55:32,780: +CACHEDPARAM [/rosout_disable_topics_generation] by /performance_monitor
[rosmaster.master][INFO] 2026-08-30 16:55:33,930: +CACHEDPARAM [/rosout_disable_topics_generation] by /performance_monitor
[rosmaster.master][INFO] 2026-08-30 16:55:33,992: +CACHEDPARAM [/rosout_disable_topics_generation] by /performance_monitor
[rosmaster.master][INFO] 2026-08-30 16:55:33,998: +CACHEDPARAM [/rosout_disable_topics_generation] by /performance_monitor
[rosmaster.master][INFO] 2026-08-30 16:55:39,000: +CACHEDPARAM [/rosout_disable_topics_generation] by /performance_monitor
[rosmaster.master][INFO] 2026-08-30 16:55:40,263: +CACHEDPARAM [/rosout_disable_topics_generation] by /performance_monitor
[rosmaster.master][INFO] 2026-08-30 16:55:41,097: +CACHEDPARAM [/rosout_disable_topics_generation] by /performance_monitor
[rosmaster.master][INFO] 2026-08-30 16:55:42,267: +CACHEDPARAM [/rosout_disable_topics_generation] by /performance_monitor
[rosmaster.master][INFO] 2026-08-30 16:55:42,315: +CACHEDPARAM [/rosout_disable_topics_generation] by /performance_monitor
[rosmaster.master][INFO] 2026-08-30 16:55:42,316: +CACHEDPARAM [/rosout_disable_topics_generation] by /performance_monitor
[rosmaster.master][INFO] 2026-08-30 16:55:47,318: +CACHEDPARAM [/rosout_disable_topics_generation] by /performance_monitor
[rosmaster.master][INFO] 2026-08-30 16:55:48,653: +CACHEDPARAM [/rosout_disable_topics_generation] by /performance_monitor
[rosmaster.master][INFO] 2026-08-30 16:55:49,346: +CACHEDPARAM [/rosout_disable_topics_generation] by /performance_monitor
[rosmaster.master][INFO] 2026-08-30 16:55:50,526: +CACHEDPARAM [/rosout_disable_topics_generation] by /performance_monitor
[rosmaster.master][INFO] 2026-08-30 16:55:50,583: +CACHEDPARAM [/rosout_disable_topics_generation] by /performance_monitor
[rosmaster.master][INFO] 2026-08-30 16:55:50,585: +CACHEDPARAM [/rosout_disable_topics_generation] by /performance_monitor
[rosmaster.master][INFO] 2026-08-30 16:55:55,588: +CACHEDPARAM [/rosout_disable_topics_generation] by /performance_monitor
[rosmaster.master][INFO] 2026-08-30 16:55:56,889: +CACHEDPARAM [/rosout_disable_topics_generation] by /performance_monitor
[rosmaster.master][INFO] 2026-08-30 16:55:57,587: +CACHEDPARAM [/rosout_disable_topics_generation] by /performance_monitor
[rosmaster.master][INFO] 2026-08-30 16:55:58,790: +CACHEDPARAM [/rosout_disable_topics_generation] by /performance_monitor
[rosmaster.master][INFO] 2026-08-30 16:55:58,844: +CACHEDPARAM [/rosout_disable_topics_generation] by /performance_monitor
[rosmaster.master][INFO] 2026-08-30 16:55:58,845: +CACHEDPARAM [/rosout_disable_topics_generation] by /performance_monitor
[rosmaster.master][INFO] 2026-08-30 16:56:03,848: +CACHEDPARAM [/rosout_disable_topics_generation] by /performance_monitor
[rosmaster.master][INFO] 2026-08-30 16:56:05,244: +CACHEDPARAM [/rosout_disable_topics_generation] by /performance_monitor
[rosmaster.master][INFO] 2026-08-30 16:56:05,960: +CACHEDPARAM [/rosout_disable_topics_generation] by /performance_monitor
[rosmaster.master][INFO] 2026-08-30 16:56:07,172: +CACHEDPARAM [/rosout_disable_topics_generation] by /performance_monitor
[rosmaster.master][INFO] 2026-08-30 16:56:07,221: +CACHEDPARAM [/rosout_disable_topics_generation] by /performance_monitor
[rosmaster.master][INFO] 2026-08-30 16:56:07,223: +CACHEDPARAM [/rosout_disable_topics_generation] by /performance_monitor
[rosmaster.master][INFO] 2026-08-30 16:56:12,226: +CACHEDPARAM [/rosout_disable_topics_generation] by /performance_monitor
[rosmaster.master][INFO] 2026-08-30 16:56:13,492: +CACHEDPARAM [/rosout_disable_topics_generation] by /performance_monitor
[rosmaster.master][INFO] 2026-08-30 16:56:14,175: +CACHEDPARAM [/rosout_disable_topics_generation] by /performance_monitor
[rosmaster.master][INFO] 2026-08-30 16:56:15,301: +CACHEDPARAM [/rosout_disable_topics_generation] by /performance_monitor
[rosmaster.master][INFO] 2026-08-30 16:56:15,353: +CACHEDPARAM [/rosout_disable_topics_generation] by /performance_monitor
[rosmaster.master][INFO] 2026-08-30 16:56:15,356: +CACHEDPARAM [/rosout_disable_topics_generation] by /performance_monitor
[rosmaster.master][INFO] 2026-08-30 16:56:20,361: +CACHEDPARAM [/rosout_disable_topics_generation] by /performance_monitor
[rosmaster.master][INFO] 2026-08-30 16:56:21,621: +CACHEDPARAM [/rosout_disable_topics_generation] by /performance_monitor
[rosmaster.master][INFO] 2026-08-30 16:56:22,309: +CACHEDPARAM [/rosout_disable_topics_generation] by /performance_monitor
[rosmaster.master][INFO] 2026-08-30 16:56:23,506: +CACHEDPARAM [/rosout_disable_topics_generation] by /performance_monitor
[rosmaster.master][INFO] 2026-08-30 16:56:23,559: +CACHEDPARAM [/rosout_disable_topics_generation] by /performance_monitor
[rosmaster.master][INFO] 2026-08-30 16:56:23,560: +CACHEDPARAM [/rosout_disable_topics_generation] by /performance_monitor
[rosmaster.master][INFO] 2026-08-30 16:56:28,563: +CACHEDPARAM [/rosout_disable_topics_generation] by /performance_monitor
[rosmaster.master][INFO] 2026-08-30 16:56:29,866: +CACHEDPARAM [/rosout_disable_topics_generation] by /performance_monitor
[rosmaster.master][INFO] 2026-08-30 16:56:30,553: +CACHEDPARAM [/rosout_disable_topics_generation] by /performance_monitor
[rosmaster.master][INFO] 2026-08-30 16:56:31,747: +CACHEDPARAM [/rosout_disable_topics_generation] by /performance_monitor
[rosmaster.master][INFO] 2026-08-30 16:56:31,805: +CACHEDPARAM [/rosout_disable_topics_generation] by /performance_monitor
[rosmaster.master][INFO] 2026-08-30 16:56:31,810: +CACHEDPARAM [/rosout_disable_topics_generation] by /performance_monitor
[rosmaster.master][INFO] 2026-08-30 16:56:36,813: +CACHEDPARAM [/rosout_disable_topics_generation] by /performance_monitor
[rosmaster.master][INFO] 2026-08-30 16:56:38,098: +CACHEDPARAM [/rosout_disable_topics_generation] by /performance_monitor
[rosmaster.master][INFO] 2026-08-30 16:56:38,787: +CACHEDPARAM [/rosout_disable_topics_generation] by /performance_monitor
[rosmaster.master][INFO] 2026-08-30 16:56:39,973: +CACHEDPARAM [/rosout_disable_topics_generation] by /performance_monitor
[rosmaster.master][INFO] 2026-08-30 16:56:40,025: +CACHEDPARAM [/rosout_disable_topics_generation] by /performance_monitor
[rosmaster.master][INFO] 2026-08-30 16:56:40,027: +CACHEDPARAM [/rosout_disable_topics_generation] by /performance_monitor
[rosmaster.master][INFO] 2026-08-30 16:56:45,040: +CACHEDPARAM [/rosout_disable_topics_generation] by /performance_monitor
[rosmaster.master][INFO] 2026-08-30 16:56:46,454: +CACHEDPARAM [/rosout_disable_topics_generation] by /performance_monitor
[rosmaster.master][INFO] 2026-08-30 16:56:47,205: +CACHEDPARAM [/rosout_disable_topics_generation] by /performance_monitor
[rosmaster.master][INFO] 2026-08-30 16:56:48,403: +CACHEDPARAM [/rosout_disable_topics_generation] by /performance_monitor
[rosmaster.master][INFO] 2026-08-30 16:56:48,463: +CACHEDPARAM [/rosout_disable_topics_generation] by /performance_monitor
[rosmaster.master][INFO] 2026-08-30 16:56:48,465: +CACHEDPARAM [/rosout_disable_topics_generation] by /performance_monitor
[rosmaster.master][INFO] 2026-08-30 16:56:53,467: +CACHEDPARAM [/rosout_disable_topics_generation] by /performance_monitor
[rosmaster.master][INFO] 2026-08-30 16:56:54,777: +CACHEDPARAM [/rosout_disable_topics_generation] by /performance_monitor
[rosmaster.master][INFO] 2026-08-30 16:56:55,468: +CACHEDPARAM [/rosout_disable_topics_generation] by /performance_monitor
[rosmaster.master][INFO] 2026-08-30 16:56:56,661: +CACHEDPARAM [/rosout_disable_topics_generation] by /performance_monitor
[rosmaster.master][INFO] 2026-08-30 16:56:56,727: +CACHEDPARAM [/rosout_disable_topics_generation] by /performance_monitor
[rosmaster.master][INFO] 2026-08-30 16:56:56,731: +CACHEDPARAM [/rosout_disable_topics_generation] by /performance_monitor
[rosmaster.master][INFO] 2026-08-30 16:57:01,734: +CACHEDPARAM [/rosout_disable_topics_generation] by /performance_monitor
[rosmaster.master][INFO] 2026-08-30 16:57:03,061: +CACHEDPARAM [/rosout_disable_topics_generation] by /performance_monitor
[rosmaster.master][INFO] 2026-08-30 16:57:04,049: +CACHEDPARAM [/rosout_disable_topics_generation] by /performance_monitor
[rosmaster.master][INFO] 2026-08-30 16:57:05,211: +CACHEDPARAM [/rosout_disable_topics_generation] by /performance_monitor
[rosmaster.master][INFO] 2026-08-30 16:57:05,266: +CACHEDPARAM [/rosout_disable_topics_generation] by /performance_monitor
[rosmaster.master][INFO] 2026-08-30 16:57:05,268: +CACHEDPARAM [/rosout_disable_topics_generation] by /performance_monitor
[rosmaster.master][INFO] 2026-08-30 16:57:10,271: +CACHEDPARAM [/rosout_disable_topics_generation] by /performance_monitor
[rosmaster.master][INFO] 2026-08-30 16:57:11,585: +CACHEDPARAM [/rosout_disable_topics_generation] by /performance_monitor
[rosmaster.master][INFO] 2026-08-30 16:57:12,269: +CACHEDPARAM [/rosout_disable_topics_generation] by /performance_monitor
[rosmaster.master][INFO] 2026-08-30 16:57:13,433: +CACHEDPARAM [/rosout_disable_topics_generation] by /performance_monitor
[rosmaster.master][INFO] 2026-08-30 16:57:13,488: +CACHEDPARAM [/rosout_disable_topics_generation] by /performance_monitor
[rosmaster.master][INFO] 2026-08-30 16:57:13,490: +CACHEDPARAM [/rosout_disable_topics_generation] by /performance_monitor
[rosmaster.master][INFO] 2026-08-30 16:57:18,493: +CACHEDPARAM [/rosout_disable_topics_generation] by /performance_monitor
[rosmaster.master][INFO] 2026-08-30 16:57:19,847: +CACHEDPARAM [/rosout_disable_topics_generation] by /performance_monitor
[rosmaster.master][INFO] 2026-08-30 16:57:20,528: +CACHEDPARAM [/rosout_disable_topics_generation] by /performance_monitor
[rosmaster.master][INFO] 2026-08-30 16:57:21,752: +CACHEDPARAM [/rosout_disable_topics_generation] by /performance_monitor
[rosmaster.master][INFO] 2026-08-30 16:57:21,801: +CACHEDPARAM [/rosout_disable_topics_generation] by /performance_monitor
[rosmaster.master][INFO] 2026-08-30 16:57:21,803: +CACHEDPARAM [/rosout_disable_topics_generation] by /performance_monitor
[rosmaster.master][INFO] 2026-08-30 16:57:26,810: +CACHEDPARAM [/rosout_disable_topics_generation] by /performance_monitor
[rosmaster.master][INFO] 2026-08-30 16:57:28,088: +CACHEDPARAM [/rosout_disable_topics_generation] by /performance_monitor
[rosmaster.master][INFO] 2026-08-30 16:57:28,802: +CACHEDPARAM [/rosout_disable_topics_generation] by /performance_monitor
[rosmaster.master][INFO] 2026-08-30 16:57:30,003: +CACHEDPARAM [/rosout_disable_topics_generation] by /performance_monitor
[rosmaster.master][INFO] 2026-08-30 16:57:30,054: +CACHEDPARAM [/rosout_disable_topics_generation] by /performance_monitor
[rosmaster.master][INFO] 2026-08-30 16:57:30,057: +CACHEDPARAM [/rosout_disable_topics_generation] by /performance_monitor
[rosmaster.master][INFO] 2026-08-30 16:57:35,062: +CACHEDPARAM [/rosout_disable_topics_generation] by /performance_monitor
[rosmaster.master][INFO] 2026-08-30 16:57:36,729: +CACHEDPARAM [/rosout_disable_topics_generation] by /performance_monitor
[rosmaster.master][INFO] 2026-08-30 16:57:37,516: +CACHEDPARAM [/rosout_disable_topics_generation] by /performance_monitor
[rosmaster.master][INFO] 2026-08-30 16:57:38,713: +CACHEDPARAM [/rosout_disable_topics_generation] by /performance_monitor
[rosmaster.master][INFO] 2026-08-30 16:57:38,767: +CACHEDPARAM [/rosout_disable_topics_generation] by /performance_monitor
[rosmaster.master][INFO] 2026-08-30 16:57:38,769: +CACHEDPARAM [/rosout_disable_topics_generation] by /performance_monitor
[rosmaster.master][INFO] 2026-08-30 16:57:43,772: +CACHEDPARAM [/rosout_disable_topics_generation] by /performance_monitor
[rosmaster.master][INFO] 2026-08-30 16:57:45,084: +CACHEDPARAM [/rosout_disable_topics_generation] by /performance_monitor
[rosmaster.master][INFO] 2026-08-30 16:57:45,793: +CACHEDPARAM [/rosout_disable_topics_generation] by /performance_monitor
[rosmaster.master][INFO] 2026-08-30 16:57:47,012: +CACHEDPARAM [/rosout_disable_topics_generation] by /performance_monitor
[rosmaster.master][INFO] 2026-08-30 16:57:47,066: +CACHEDPARAM [/rosout_disable_topics_generation] by /performance_monitor
[rosmaster.master][INFO] 2026-08-30 16:57:47,067: +CACHEDPARAM [/rosout_disable_topics_generation] by /performance_monitor
[rosmaster.master][INFO] 2026-08-30 16:57:52,074: +CACHEDPARAM [/rosout_disable_topics_generation] by /performance_monitor
[rosmaster.master][INFO] 2026-08-30 16:57:53,331: +CACHEDPARAM [/rosout_disable_topics_generation] by /performance_monitor
[rosmaster.master][INFO] 2026-08-30 16:57:54,016: +CACHEDPARAM [/rosout_disable_topics_generation] by /performance_monitor
[rosmaster.master][INFO] 2026-08-30 16:57:55,180: +CACHEDPARAM [/rosout_disable_topics_generation] by /performance_monitor
[rosmaster.master][INFO] 2026-08-30 16:57:55,228: +CACHEDPARAM [/rosout_disable_topics_generation] by /performance_monitor
[rosmaster.master][INFO] 2026-08-30 16:57:55,230: +CACHEDPARAM [/rosout_disable_topics_generation] by /performance_monitor
[rosmaster.master][INFO] 2026-08-30 16:58:00,232: +CACHEDPARAM [/rosout_disable_topics_generation] by /performance_monitor
[rosmaster.master][INFO] 2026-08-30 16:58:01,634: +CACHEDPARAM [/rosout_disable_topics_generation] by /performance_monitor
[rosmaster.master][INFO] 2026-08-30 16:58:02,334: +CACHEDPARAM [/rosout_disable_topics_generation] by /performance_monitor
[rosmaster.master][INFO] 2026-08-30 16:58:03,528: +CACHEDPARAM [/rosout_disable_topics_generation] by /performance_monitor
[rosmaster.master][INFO] 2026-08-30 16:58:03,582: +CACHEDPARAM [/rosout_disable_topics_generation] by /performance_monitor
[rosmaster.master][INFO] 2026-08-30 16:58:03,584: +CACHEDPARAM [/rosout_disable_topics_generation] by /performance_monitor
[rosmaster.master][INFO] 2026-08-30 16:58:08,589: +CACHEDPARAM [/rosout_disable_topics_generation] by /performance_monitor
[rosmaster.master][INFO] 2026-08-30 16:58:09,832: +CACHEDPARAM [/rosout_disable_topics_generation] by /performance_monitor
[rosmaster.master][INFO] 2026-08-30 16:58:10,511: +CACHEDPARAM [/rosout_disable_topics_generation] by /performance_monitor
[rosmaster.master][INFO] 2026-08-30 16:58:11,681: +CACHEDPARAM [/rosout_disable_topics_generation] by /performance_monitor
[rosmaster.master][INFO] 2026-08-30 16:58:11,737: +CACHEDPARAM [/rosout_disable_topics_generation] by /performance_monitor
[rosmaster.master][INFO] 2026-08-30 16:58:11,741: +CACHEDPARAM [/rosout_disable_topics_generation] by /performance_monitor
[rosmaster.master][INFO] 2026-08-30 16:58:16,744: +CACHEDPARAM [/rosout_disable_topics_generation] by /performance_monitor
[rosmaster.master][INFO] 2026-08-30 16:58:18,038: +CACHEDPARAM [/rosout_disable_topics_generation] by /performance_monitor
[rosmaster.master][INFO] 2026-08-30 16:58:18,738: +CACHEDPARAM [/rosout_disable_topics_generation] by /performance_monitor
[rosmaster.master][INFO] 2026-08-30 16:58:19,943: +CACHEDPARAM [/rosout_disable_topics_generation] by /performance_monitor
[rosmaster.master][INFO] 2026-08-30 16:58:19,992: +CACHEDPARAM [/rosout_disable_topics_generation] by /performance_monitor
[rosmaster.master][INFO] 2026-08-30 16:58:19,993: +CACHEDPARAM [/rosout_disable_topics_generation] by /performance_monitor
[rosmaster.master][INFO] 2026-08-30 16:58:25,000: +CACHEDPARAM [/rosout_disable_topics_generation] by /performance_monitor
[rosmaster.master][INFO] 2026-08-30 16:58:26,271: +CACHEDPARAM [/rosout_disable_topics_generation] by /performance_monitor
[rosmaster.master][INFO] 2026-08-30 16:58:26,968: +CACHEDPARAM [/rosout_disable_topics_generation] by /performance_monitor
[rosmaster.master][INFO] 2026-08-30 16:58:28,141: +CACHEDPARAM [/rosout_disable_topics_generation] by /performance_monitor
[rosmaster.master][INFO] 2026-08-30 16:58:28,193: +CACHEDPARAM [/rosout_disable_topics_generation] by /performance_monitor
[rosmaster.master][INFO] 2026-08-30 16:58:28,198: +CACHEDPARAM [/rosout_disable_topics_generation] by /performance_monitor
[rosmaster.master][INFO] 2026-08-30 16:58:33,201: +CACHEDPARAM [/rosout_disable_topics_generation] by /performance_monitor
[rosmaster.master][INFO] 2026-08-30 16:58:34,526: +CACHEDPARAM [/rosout_disable_topics_generation] by /performance_monitor
[rosmaster.master][INFO] 2026-08-30 16:58:35,240: +CACHEDPARAM [/rosout_disable_topics_generation] by /performance_monitor
[rosmaster.master][INFO] 2026-08-30 16:58:36,443: +CACHEDPARAM [/rosout_disable_topics_generation] by /performance_monitor
[rosmaster.master][INFO] 2026-08-30 16:58:36,505: +CACHEDPARAM [/rosout_disable_topics_generation] by /performance_monitor
[rosmaster.master][INFO] 2026-08-30 16:58:36,508: +CACHEDPARAM [/rosout_disable_topics_generation] by /performance_monitor
[rosmaster.master][INFO] 2026-08-30 16:58:41,511: +CACHEDPARAM [/rosout_disable_topics_generation] by /performance_monitor
[rosmaster.master][INFO] 2026-08-30 16:58:42,780: +CACHEDPARAM [/rosout_disable_topics_generation] by /performance_monitor
[rosmaster.master][INFO] 2026-08-30 16:58:43,498: +CACHEDPARAM [/rosout_disable_topics_generation] by /performance_monitor
[rosmaster.master][INFO] 2026-08-30 16:58:44,632: +CACHEDPARAM [/rosout_disable_topics_generation] by /performance_monitor
[rosmaster.master][INFO] 2026-08-30 16:58:44,682: +CACHEDPARAM [/rosout_disable_topics_generation] by /performance_monitor
[rosmaster.master][INFO] 2026-08-30 16:58:44,683: +CACHEDPARAM [/rosout_disable_topics_generation] by /performance_monitor
[rosmaster.master][INFO] 2026-08-30 16:58:49,685: +CACHEDPARAM [/rosout_disable_topics_generation] by /performance_monitor
[rosmaster.master][INFO] 2026-08-30 16:58:50,957: +CACHEDPARAM [/rosout_disable_topics_generation] by /performance_monitor
[rosmaster.master][INFO] 2026-08-30 16:58:51,654: +CACHEDPARAM [/rosout_disable_topics_generation] by /performance_monitor
[rosmaster.master][INFO] 2026-08-30 16:58:52,830: +CACHEDPARAM [/rosout_disable_topics_generation] by /performance_monitor
[rosmaster.master][INFO] 2026-08-30 16:58:52,885: +CACHEDPARAM [/rosout_disable_topics_generation] by /performance_monitor
[rosmaster.master][INFO] 2026-08-30 16:58:52,888: +CACHEDPARAM [/rosout_disable_topics_generation] by /performance_monitor
[rosmaster.master][INFO] 2026-08-30 16:58:57,894: +CACHEDPARAM [/rosout_disable_topics_generation] by /performance_monitor
[rosmaster.master][INFO] 2026-08-30 16:58:59,137: +CACHEDPARAM [/rosout_disable_topics_generation] by /performance_monitor
[rosmaster.master][INFO] 2026-08-30 16:58:59,831: +CACHEDPARAM [/rosout_disable_topics_generation] by /performance_monitor
[rosmaster.master][INFO] 2026-08-30 16:59:01,017: +CACHEDPARAM [/rosout_disable_topics_generation] by /performance_monitor
[rosmaster.master][INFO] 2026-08-30 16:59:01,067: +CACHEDPARAM [/rosout_disable_topics_generation] by /performance_monitor
[rosmaster.master][INFO] 2026-08-30 16:59:01,068: +CACHEDPARAM [/rosout_disable_topics_generation] by /performance_monitor
[rosmaster.master][INFO] 2026-08-30 16:59:06,070: +CACHEDPARAM [/rosout_disable_topics_generation] by /performance_monitor
[rosmaster.master][INFO] 2026-08-30 16:59:07,352: +CACHEDPARAM [/rosout_disable_topics_generation] by /performance_monitor
[rosmaster.master][INFO] 2026-08-30 16:59:08,039: +CACHEDPARAM [/rosout_disable_topics_generation] by /performance_monitor
[rosmaster.master][INFO] 2026-08-30 16:59:09,238: +CACHEDPARAM [/rosout_disable_topics_generation] by /performance_monitor
[rosmaster.master][INFO] 2026-08-30 16:59:09,289: +CACHEDPARAM [/rosout_disable_topics_generation] by /performance_monitor
[rosmaster.master][INFO] 2026-08-30 16:59:09,291: +CACHEDPARAM [/rosout_disable_topics_generation] by /performance_monitor
[rosmaster.master][INFO] 2026-08-30 16:59:14,293: +CACHEDPARAM [/rosout_disable_topics_generation] by /performance_monitor
[rosmaster.master][INFO] 2026-08-30 16:59:15,810: +CACHEDPARAM [/rosout_disable_topics_generation] by /performance_monitor
[rosmaster.master][INFO] 2026-08-30 16:59:16,884: +CACHEDPARAM [/rosout_disable_topics_generation] by /performance_monitor
[rosmaster.master][INFO] 2026-08-30 16:59:18,106: +CACHEDPARAM [/rosout_disable_topics_generation] by /performance_monitor
[rosmaster.master][INFO] 2026-08-30 16:59:18,164: +CACHEDPARAM [/rosout_disable_topics_generation] by /performance_monitor
[rosmaster.master][INFO] 2026-08-30 16:59:18,167: +CACHEDPARAM [/rosout_disable_topics_generation] by /performance_monitor
[rosmaster.master][INFO] 2026-08-30 16:59:23,169: +CACHEDPARAM [/rosout_disable_topics_generation] by /performance_monitor
[rosmaster.master][INFO] 2026-08-30 16:59:24,440: +CACHEDPARAM [/rosout_disable_topics_generation] by /performance_monitor
[rosmaster.master][INFO] 2026-08-30 16:59:25,152: +CACHEDPARAM [/rosout_disable_topics_generation] by /performance_monitor
[rosmaster.master][INFO] 2026-08-30 16:59:26,336: +CACHEDPARAM [/rosout_disable_topics_generation] by /performance_monitor
[rosmaster.master][INFO] 2026-08-30 16:59:26,388: +CACHEDPARAM [/rosout_disable_topics_generation] by /performance_monitor
[rosmaster.master][INFO] 2026-08-30 16:59:26,390: +CACHEDPARAM [/rosout_disable_topics_generation] by /performance_monitor
[rosmaster.master][INFO] 2026-08-30 16:59:31,393: +CACHEDPARAM [/rosout_disable_topics_generation] by /performance_monitor
[rosmaster.master][INFO] 2026-08-30 16:59:32,639: +CACHEDPARAM [/rosout_disable_topics_generation] by /performance_monitor
[rosmaster.master][INFO] 2026-08-30 16:59:33,328: +CACHEDPARAM [/rosout_disable_topics_generation] by /performance_monitor
[rosmaster.master][INFO] 2026-08-30 16:59:34,502: +CACHEDPARAM [/rosout_disable_topics_generation] by /performance_monitor
[rosmaster.master][INFO] 2026-08-30 16:59:34,556: +CACHEDPARAM [/rosout_disable_topics_generation] by /performance_monitor
[rosmaster.master][INFO] 2026-08-30 16:59:34,558: +CACHEDPARAM [/rosout_disable_topics_generation] by /performance_monitor
[rosmaster.master][INFO] 2026-08-30 16:59:39,561: +CACHEDPARAM [/rosout_disable_topics_generation] by /performance_monitor
[rosmaster.master][INFO] 2026-08-30 16:59:41,044: +CACHEDPARAM [/rosout_disable_topics_generation] by /performance_monitor
[rosmaster.master][INFO] 2026-08-30 16:59:41,812: +CACHEDPARAM [/rosout_disable_topics_generation] by /performance_monitor
[rosmaster.master][INFO] 2026-08-30 16:59:42,950: +CACHEDPARAM [/rosout_disable_topics_generation] by /performance_monitor
[rosmaster.master][INFO] 2026-08-30 16:59:42,998: +CACHEDPARAM [/rosout_disable_topics_generation] by /performance_monitor
[rosmaster.master][INFO] 2026-08-30 16:59:43,000: +CACHEDPARAM [/rosout_disable_topics_generation] by /performance_monitor
[rosmaster.master][INFO] 2026-08-30 16:59:48,003: +CACHEDPARAM [/rosout_disable_topics_generation] by /performance_monitor
[rosmaster.master][INFO] 2026-08-30 16:59:49,444: +CACHEDPARAM [/rosout_disable_topics_generation] by /performance_monitor
[rosmaster.master][INFO] 2026-08-30 16:59:50,139: +CACHEDPARAM [/rosout_disable_topics_generation] by /performance_monitor
[rosmaster.master][INFO] 2026-08-30 16:59:51,360: +CACHEDPARAM [/rosout_disable_topics_generation] by /performance_monitor
[rosmaster.master][INFO] 2026-08-30 16:59:51,413: +CACHEDPARAM [/rosout_disable_topics_generation] by /performance_monitor
[rosmaster.master][INFO] 2026-08-30 16:59:51,415: +CACHEDPARAM [/rosout_disable_topics_generation] by /performance_monitor
[rosmaster.master][INFO] 2026-08-30 16:59:56,418: +CACHEDPARAM [/rosout_disable_topics_generation] by /performance_monitor
[rosmaster.master][INFO] 2026-08-30 16:59:57,830: +CACHEDPARAM [/rosout_disable_topics_generation] by /performance_monitor
[rosmaster.master][INFO] 2026-08-30 16:59:58,521: +CACHEDPARAM [/rosout_disable_topics_generation] by /performance_monitor
[rosmaster.master][INFO] 2026-08-30 16:59:59,652: +CACHEDPARAM [/rosout_disable_topics_generation] by /performance_monitor
[rosmaster.master][INFO] 2026-08-30 16:59:59,701: +CACHEDPARAM [/rosout_disable_topics_generation] by /performance_monitor
[rosmaster.master][INFO] 2026-08-30 16:59:59,703: +CACHEDPARAM [/rosout_disable_topics_generation] by /performance_monitor
[rosmaster.master][INFO] 2026-08-30 17:00:04,706: +CACHEDPARAM [/rosout_disable_topics_generation] by /performance_monitor
[rosmaster.master][INFO] 2026-08-30 17:00:05,962: +CACHEDPARAM [/rosout_disable_topics_generation] by /performance_monitor
[rosmaster.master][INFO] 2026-08-30 17:00:06,685: +CACHEDPARAM [/rosout_disable_topics_generation] by /performance_monitor
[rosmaster.master][INFO] 2026-08-30 17:00:07,851: +CACHEDPARAM [/rosout_disable_topics_generation] by /performance_monitor
[rosmaster.master][INFO] 2026-08-30 17:00:07,907: +CACHEDPARAM [/rosout_disable_topics_generation] by /performance_monitor
[rosmaster.master][INFO] 2026-08-30 17:00:07,908: +CACHEDPARAM [/rosout_disable_topics_generation] by /performance_monitor
[rosmaster.master][INFO] 2026-08-30 17:00:12,910: +CACHEDPARAM [/rosout_disable_topics_generation] by /performance_monitor
[rosmaster.master][INFO] 2026-08-30 17:00:14,200: +CACHEDPARAM [/rosout_disable_topics_generation] by /performance_monitor
[rosmaster.master][INFO] 2026-08-30 17:00:15,076: +CACHEDPARAM [/rosout_disable_topics_generation] by /performance_monitor
[rosmaster.master][INFO] 2026-08-30 17:00:16,279: +CACHEDPARAM [/rosout_disable_topics_generation] by /performance_monitor
[rosmaster.master][INFO] 2026-08-30 17:00:16,328: +CACHEDPARAM [/rosout_disable_topics_generation] by /performance_monitor
[rosmaster.master][INFO] 2026-08-30 17:00:16,331: +CACHEDPARAM [/rosout_disable_topics_generation] by /performance_monitor
[rosmaster.master][INFO] 2026-08-30 17:00:21,334: +CACHEDPARAM [/rosout_disable_topics_generation] by /performance_monitor
[rosmaster.master][INFO] 2026-08-30 17:00:22,583: +CACHEDPARAM [/rosout_disable_topics_generation] by /performance_monitor
[rosmaster.master][INFO] 2026-08-30 17:00:23,272: +CACHEDPARAM [/rosout_disable_topics_generation] by /performance_monitor
[rosmaster.master][INFO] 2026-08-30 17:00:24,471: +CACHEDPARAM [/rosout_disable_topics_generation] by /performance_monitor
[rosmaster.master][INFO] 2026-08-30 17:00:24,554: +CACHEDPARAM [/rosout_disable_topics_generation] by /performance_monitor
[rosmaster.master][INFO] 2026-08-30 17:00:24,562: +CACHEDPARAM [/rosout_disable_topics_generation] by /performance_monitor
[rosmaster.master][INFO] 2026-08-30 17:00:29,573: +CACHEDPARAM [/rosout_disable_topics_generation] by /performance_monitor
[rosmaster.master][INFO] 2026-08-30 17:00:31,031: +CACHEDPARAM [/rosout_disable_topics_generation] by /performance_monitor
[rosmaster.master][INFO] 2026-08-30 17:00:31,732: +CACHEDPARAM [/rosout_disable_topics_generation] by /performance_monitor
[rosmaster.master][INFO] 2026-08-30 17:00:32,934: +CACHEDPARAM [/rosout_disable_topics_generation] by /performance_monitor
[rosmaster.master][INFO] 2026-08-30 17:00:32,989: +CACHEDPARAM [/rosout_disable_topics_generation] by /performance_monitor
[rosmaster.master][INFO] 2026-08-30 17:00:32,991: +CACHEDPARAM [/rosout_disable_topics_generation] by /performance_monitor
[rosmaster.master][INFO] 2026-08-30 17:00:37,995: +CACHEDPARAM [/rosout_disable_topics_generation] by /performance_monitor
[rosmaster.master][INFO] 2026-08-30 17:00:39,748: +CACHEDPARAM [/rosout_disable_topics_generation] by /performance_monitor
[rosmaster.master][INFO] 2026-08-30 17:00:40,528: +CACHEDPARAM [/rosout_disable_topics_generation] by /performance_monitor
[rosmaster.master][INFO] 2026-08-30 17:00:41,808: +CACHEDPARAM [/rosout_disable_topics_generation] by /performance_monitor
[rosmaster.master][INFO] 2026-08-30 17:00:41,873: +CACHEDPARAM [/rosout_disable_topics_generation] by /performance_monitor
[rosmaster.master][INFO] 2026-08-30 17:00:41,875: +CACHEDPARAM [/rosout_disable_topics_generation] by /performance_monitor
[rosmaster.master][INFO] 2026-08-30 17:00:46,879: +CACHEDPARAM [/rosout_disable_topics_generation] by /performance_monitor
[rosmaster.master][INFO] 2026-08-30 17:00:48,674: +CACHEDPARAM [/rosout_disable_topics_generation] by /performance_monitor
[rosmaster.master][INFO] 2026-08-30 17:00:49,511: +CACHEDPARAM [/rosout_disable_topics_generation] by /performance_monitor
[rosmaster.master][INFO] 2026-08-30 17:00:50,707: +CACHEDPARAM [/rosout_disable_topics_generation] by /performance_monitor
[rosmaster.master][INFO] 2026-08-30 17:00:50,764: +CACHEDPARAM [/rosout_disable_topics_generation] by /performance_monitor
[rosmaster.master][INFO] 2026-08-30 17:00:50,766: +CACHEDPARAM [/rosout_disable_topics_generation] by /performance_monitor
[rosmaster.master][INFO] 2026-08-30 17:00:55,768: +CACHEDPARAM [/rosout_disable_topics_generation] by /performance_monitor
[rosmaster.master][INFO] 2026-08-30 17:00:57,046: +CACHEDPARAM [/rosout_disable_topics_generation] by /performance_monitor
[rosmaster.master][INFO] 2026-08-30 17:00:57,732: +CACHEDPARAM [/rosout_disable_topics_generation] by /performance_monitor
[rosmaster.master][INFO] 2026-08-30 17:00:58,916: +CACHEDPARAM [/rosout_disable_topics_generation] by /performance_monitor
[rosmaster.master][INFO] 2026-08-30 17:00:58,975: +CACHEDPARAM [/rosout_disable_topics_generation] by /performance_monitor
[rosmaster.master][INFO] 2026-08-30 17:00:58,977: +CACHEDPARAM [/rosout_disable_topics_generation] by /performance_monitor
[rosmaster.master][INFO] 2026-08-30 17:01:03,982: +CACHEDPARAM [/rosout_disable_topics_generation] by /performance_monitor
[rosmaster.master][INFO] 2026-08-30 17:01:05,275: +CACHEDPARAM [/rosout_disable_topics_generation] by /performance_monitor
[rosmaster.master][INFO] 2026-08-30 17:01:05,968: +CACHEDPARAM [/rosout_disable_topics_generation] by /performance_monitor
[rosmaster.master][INFO] 2026-08-30 17:01:07,205: +CACHEDPARAM [/rosout_disable_topics_generation] by /performance_monitor
[rosmaster.master][INFO] 2026-08-30 17:01:07,259: +CACHEDPARAM [/rosout_disable_topics_generation] by /performance_monitor
[rosmaster.master][INFO] 2026-08-30 17:01:07,261: +CACHEDPARAM [/rosout_disable_topics_generation] by /performance_monitor
[rosmaster.master][INFO] 2026-08-30 17:01:12,264: +CACHEDPARAM [/rosout_disable_topics_generation] by /performance_monitor
[rosmaster.master][INFO] 2026-08-30 17:01:14,139: +CACHEDPARAM [/rosout_disable_topics_generation] by /performance_monitor
[rosmaster.master][INFO] 2026-08-30 17:01:14,875: +CACHEDPARAM [/rosout_disable_topics_generation] by /performance_monitor
[rosmaster.master][INFO] 2026-08-30 17:01:16,061: +CACHEDPARAM [/rosout_disable_topics_generation] by /performance_monitor
[rosmaster.master][INFO] 2026-08-30 17:01:16,111: +CACHEDPARAM [/rosout_disable_topics_generation] by /performance_monitor
[rosmaster.master][INFO] 2026-08-30 17:01:16,114: +CACHEDPARAM [/rosout_disable_topics_generation] by /performance_monitor
[rosmaster.master][INFO] 2026-08-30 17:01:21,120: +CACHEDPARAM [/rosout_disable_topics_generation] by /performance_monitor
[rosmaster.master][INFO] 2026-08-30 17:01:22,404: +CACHEDPARAM [/rosout_disable_topics_generation] by /performance_monitor
[rosmaster.master][INFO] 2026-08-30 17:01:23,095: +CACHEDPARAM [/rosout_disable_topics_generation] by /performance_monitor
[rosmaster.master][INFO] 2026-08-30 17:01:24,305: +CACHEDPARAM [/rosout_disable_topics_generation] by /performance_monitor
[rosmaster.master][INFO] 2026-08-30 17:01:24,357: +CACHEDPARAM [/rosout_disable_topics_generation] by /performance_monitor
[rosmaster.master][INFO] 2026-08-30 17:01:24,359: +CACHEDPARAM [/rosout_disable_topics_generation] by /performance_monitor
[rosmaster.master][INFO] 2026-08-30 17:01:29,361: +CACHEDPARAM [/rosout_disable_topics_generation] by /performance_monitor
[rosmaster.master][INFO] 2026-08-30 17:01:30,678: +CACHEDPARAM [/rosout_disable_topics_generation] by /performance_monitor
[rosmaster.master][INFO] 2026-08-30 17:01:31,371: +CACHEDPARAM [/rosout_disable_topics_generation] by /performance_monitor
[rosmaster.master][INFO] 2026-08-30 17:01:32,539: +CACHEDPARAM [/rosout_disable_topics_generation] by /performance_monitor
[rosmaster.master][INFO] 2026-08-30 17:01:32,593: +CACHEDPARAM [/rosout_disable_topics_generation] by /performance_monitor
[rosmaster.master][INFO] 2026-08-30 17:01:32,595: +CACHEDPARAM [/rosout_disable_topics_generation] by /performance_monitor
[rosmaster.master][INFO] 2026-08-30 17:01:37,597: +CACHEDPARAM [/rosout_disable_topics_generation] by /performance_monitor
[rosmaster.master][INFO] 2026-08-30 17:01:38,899: +CACHEDPARAM [/rosout_disable_topics_generation] by /performance_monitor
[rosmaster.master][INFO] 2026-08-30 17:01:39,584: +CACHEDPARAM [/rosout_disable_topics_generation] by /performance_monitor
[rosmaster.master][INFO] 2026-08-30 17:01:40,775: +CACHEDPARAM [/rosout_disable_topics_generation] by /performance_monitor
[rosmaster.master][INFO] 2026-08-30 17:01:40,832: +CACHEDPARAM [/rosout_disable_topics_generation] by /performance_monitor
[rosmaster.master][INFO] 2026-08-30 17:01:40,834: +CACHEDPARAM [/rosout_disable_topics_generation] by /performance_monitor
[rosmaster.master][INFO] 2026-08-30 17:01:45,836: +CACHEDPARAM [/rosout_disable_topics_generation] by /performance_monitor
[rosmaster.master][INFO] 2026-08-30 17:01:47,423: +CACHEDPARAM [/rosout_disable_topics_generation] by /performance_monitor
[rosmaster.master][INFO] 2026-08-30 17:01:48,238: +CACHEDPARAM [/rosout_disable_topics_generation] by /performance_monitor
[rosmaster.master][INFO] 2026-08-30 17:01:49,445: +CACHEDPARAM [/rosout_disable_topics_generation] by /performance_monitor
[rosmaster.master][INFO] 2026-08-30 17:01:49,510: +CACHEDPARAM [/rosout_disable_topics_generation] by /performance_monitor
[rosmaster.master][INFO] 2026-08-30 17:01:49,512: +CACHEDPARAM [/rosout_disable_topics_generation] by /performance_monitor
[rosmaster.master][INFO] 2026-08-30 17:01:54,517: +CACHEDPARAM [/rosout_disable_topics_generation] by /performance_monitor
[rosmaster.master][INFO] 2026-08-30 17:01:55,805: +CACHEDPARAM [/rosout_disable_topics_generation] by /performance_monitor
[rosmaster.master][INFO] 2026-08-30 17:01:56,507: +CACHEDPARAM [/rosout_disable_topics_generation] by /performance_monitor
[rosmaster.master][INFO] 2026-08-30 17:01:57,620: +CACHEDPARAM [/rosout_disable_topics_generation] by /performance_monitor
[rosmaster.master][INFO] 2026-08-30 17:01:57,672: +CACHEDPARAM [/rosout_disable_topics_generation] by /performance_monitor
[rosmaster.master][INFO] 2026-08-30 17:01:57,673: +CACHEDPARAM [/rosout_disable_topics_generation] by /performance_monitor
[rosmaster.master][INFO] 2026-08-30 17:02:02,675: +CACHEDPARAM [/rosout_disable_topics_generation] by /performance_monitor
[rosmaster.master][INFO] 2026-08-30 17:02:03,963: +CACHEDPARAM [/rosout_disable_topics_generation] by /performance_monitor
[rosmaster.master][INFO] 2026-08-30 17:02:04,702: +CACHEDPARAM [/rosout_disable_topics_generation] by /performance_monitor
[rosmaster.master][INFO] 2026-08-30 17:02:05,888: +CACHEDPARAM [/rosout_disable_topics_generation] by /performance_monitor
[rosmaster.master][INFO] 2026-08-30 17:02:05,941: +CACHEDPARAM [/rosout_disable_topics_generation] by /performance_monitor
[rosmaster.master][INFO] 2026-08-30 17:02:05,942: +CACHEDPARAM [/rosout_disable_topics_generation] by /performance_monitor
[rosmaster.master][INFO] 2026-08-30 17:02:10,945: +CACHEDPARAM [/rosout_disable_topics_generation] by /performance_monitor
[rosmaster.master][INFO] 2026-08-30 17:02:12,228: +CACHEDPARAM [/rosout_disable_topics_generation] by /performance_monitor
[rosmaster.master][INFO] 2026-08-30 17:02:12,926: +CACHEDPARAM [/rosout_disable_topics_generation] by /performance_monitor
[rosmaster.master][INFO] 2026-08-30 17:02:14,146: +CACHEDPARAM [/rosout_disable_topics_generation] by /performance_monitor
[rosmaster.master][INFO] 2026-08-30 17:02:14,198: +CACHEDPARAM [/rosout_disable_topics_generation] by /performance_monitor
[rosmaster.master][INFO] 2026-08-30 17:02:14,200: +CACHEDPARAM [/rosout_disable_topics_generation] by /performance_monitor
[rosmaster.master][INFO] 2026-08-30 17:02:19,206: +CACHEDPARAM [/rosout_disable_topics_generation] by /performance_monitor
[rosmaster.master][INFO] 2026-08-30 17:02:20,516: +CACHEDPARAM [/rosout_disable_topics_generation] by /performance_monitor
[rosmaster.master][INFO] 2026-08-30 17:02:21,214: +CACHEDPARAM [/rosout_disable_topics_generation] by /performance_monitor
[rosmaster.master][INFO] 2026-08-30 17:02:22,427: +CACHEDPARAM [/rosout_disable_topics_generation] by /performance_monitor
[rosmaster.master][INFO] 2026-08-30 17:02:22,482: +CACHEDPARAM [/rosout_disable_topics_generation] by /performance_monitor
[rosmaster.master][INFO] 2026-08-30 17:02:22,486: +CACHEDPARAM [/rosout_disable_topics_generation] by /performance_monitor
[rosmaster.master][INFO] 2026-08-30 17:02:27,489: +CACHEDPARAM [/rosout_disable_topics_generation] by /performance_monitor
[rosmaster.master][INFO] 2026-08-30 17:02:28,753: +CACHEDPARAM [/rosout_disable_topics_generation] by /performance_monitor
[rosmaster.master][INFO] 2026-08-30 17:02:29,442: +CACHEDPARAM [/rosout_disable_topics_generation] by /performance_monitor
[rosmaster.master][INFO] 2026-08-30 17:02:30,616: +CACHEDPARAM [/rosout_disable_topics_generation] by /performance_monitor
[rosmaster.master][INFO] 2026-08-30 17:02:30,677: +CACHEDPARAM [/rosout_disable_topics_generation] by /performance_monitor
[rosmaster.master][INFO] 2026-08-30 17:02:30,679: +CACHEDPARAM [/rosout_disable_topics_generation] by /performance_monitor
[rosmaster.master][INFO] 2026-08-30 17:02:35,681: +CACHEDPARAM [/rosout_disable_topics_generation] by /performance_monitor
[rosmaster.master][INFO] 2026-08-30 17:02:36,941: +CACHEDPARAM [/rosout_disable_topics_generation] by /performance_monitor
[rosmaster.master][INFO] 2026-08-30 17:02:37,679: +CACHEDPARAM [/rosout_disable_topics_generation] by /performance_monitor
[rosmaster.master][INFO] 2026-08-30 17:02:38,808: +CACHEDPARAM [/rosout_disable_topics_generation] by /performance_monitor
[rosmaster.master][INFO] 2026-08-30 17:02:38,858: +CACHEDPARAM [/rosout_disable_topics_generation] by /performance_monitor
[rosmaster.master][INFO] 2026-08-30 17:02:38,859: +CACHEDPARAM [/rosout_disable_topics_generation] by /performance_monitor
[rosmaster.master][INFO] 2026-08-30 17:02:43,862: +CACHEDPARAM [/rosout_disable_topics_generation] by /performance_monitor
[rosmaster.master][INFO] 2026-08-30 17:02:45,153: +CACHEDPARAM [/rosout_disable_topics_generation] by /performance_monitor
[rosmaster.master][INFO] 2026-08-30 17:02:45,785: -SUB [/mavros/local_position/odom] /trajectory_planner http://trajectory:36977/
[rosmaster.master][INFO] 2026-08-30 17:02:45,785: -SUB [/tracked_targets] /trajectory_planner http://trajectory:36977/
[rosmaster.master][INFO] 2026-08-30 17:02:45,786: -SUB [/mission_status] /trajectory_planner http://trajectory:36977/
[rosmaster.master][INFO] 2026-08-30 17:02:45,786: -PUB [/rosout] /trajectory_planner http://trajectory:36977/
[rosmaster.master][INFO] 2026-08-30 17:02:45,786: -PUB [/planned_trajectory] /trajectory_planner http://trajectory:36977/
[rosmaster.master][INFO] 2026-08-30 17:02:45,787: -PUB [/waypoints] /trajectory_planner http://trajectory:36977/
[rosmaster.master][INFO] 2026-08-30 17:02:45,787: -PUB [/path] /trajectory_planner http://trajectory:36977/
[rosmaster.master][INFO] 2026-08-30 17:02:45,787: -PUB [/planner_status] /trajectory_planner http://trajectory:36977/
[rosmaster.master][INFO] 2026-08-30 17:02:45,787: -SERVICE [/trajectory_planner/get_loggers] /trajectory_planner rosrpc://trajectory:33989
[rosmaster.master][INFO] 2026-08-30 17:02:45,788: -SERVICE [/trajectory_planner/set_logger_level] /trajectory_planner rosrpc://trajectory:33989
[rosmaster.master][INFO] 2026-08-30 17:02:45,793: -SUB [/performance/command] /performance_monitor http://performance:35789/
[rosmaster.master][INFO] 2026-08-30 17:02:45,793: -SUB [/performance/benchmark] /performance_monitor http://performance:35789/
[rosmaster.master][INFO] 2026-08-30 17:02:45,793: -PUB [/rosout] /performance_monitor http://performance:35789/
[rosmaster.master][INFO] 2026-08-30 17:02:45,793: -PUB [/performance/metrics] /performance_monitor http://performance:35789/
[rosmaster.master][INFO] 2026-08-30 17:02:45,794: -PUB [/performance/benchmark_results] /performance_monitor http://performance:35789/
[rosmaster.master][INFO] 2026-08-30 17:02:45,794: -PUB [/performance/alert] /performance_monitor http://performance:35789/
[rosmaster.master][INFO] 2026-08-30 17:02:45,794: -PUB [/diagnostic_status] /performance_monitor http://performance:35789/
[rosmaster.master][INFO] 2026-08-30 17:02:45,794: -SERVICE [/performance_monitor/get_loggers] /performance_monitor rosrpc://performance:45131
[rosmaster.master][INFO] 2026-08-30 17:02:45,795: -SERVICE [/performance_monitor/set_logger_level] /performance_monitor rosrpc://performance:45131
[rosmaster.master][INFO] 2026-08-30 17:02:45,878: publisherUpdate[/rosout] -> http://kamikaze:40101/ ['http://kamikaze:44885/', 'http://kamikaze:38225/', 'http://kamikaze:39519/', 'http://kamikaze:46565/', 'http://kamikaze:41513/', 'http://kamikaze:45503/', 'http://kamikaze:36139/', 'http://kamikaze:45849/', 'http://kamikaze:37909/', 'http://kamikaze:40647/', 'http://performance:35789/', 'http://kamikaze:34589/']
[rosmaster.master][INFO] 2026-08-30 17:02:45,886: publisherUpdate[/rosout] -> http://kamikaze:40101/ ['http://kamikaze:44885/', 'http://kamikaze:38225/', 'http://kamikaze:39519/', 'http://kamikaze:46565/', 'http://kamikaze:41513/', 'http://kamikaze:45503/', 'http://kamikaze:36139/', 'http://kamikaze:45849/', 'http://kamikaze:37909/', 'http://kamikaze:40647/', 'http://performance:35789/', 'http://kamikaze:34589/']: sec=0.01, result=[1, '', 0]
[rosmaster.master][INFO] 2026-08-30 17:02:45,886: publisherUpdate[/rosout] -> http://kamikaze:40101/ ['http://kamikaze:44885/', 'http://kamikaze:38225/', 'http://kamikaze:39519/', 'http://kamikaze:46565/', 'http://kamikaze:41513/', 'http://kamikaze:45503/', 'http://kamikaze:36139/', 'http://kamikaze:45849/', 'http://kamikaze:37909/', 'http://kamikaze:40647/', 'http://kamikaze:34589/']
[rosmaster.master][INFO] 2026-08-30 17:02:45,887: publisherUpdate[/rosout] -> http://kamikaze:40101/ ['http://kamikaze:44885/', 'http://kamikaze:38225/', 'http://kamikaze:39519/', 'http://kamikaze:46565/', 'http://kamikaze:41513/', 'http://kamikaze:45503/', 'http://kamikaze:36139/', 'http://kamikaze:45849/', 'http://kamikaze:37909/', 'http://kamikaze:40647/', 'http://kamikaze:34589/']: sec=0.00, result=[1, '', 0]
[rosmaster.master][INFO] 2026-08-30 17:02:45,975: +CACHEDPARAM [/rosout_disable_topics_generation] by /performance_monitor
[rosmaster.master][INFO] 2026-08-30 17:02:56,025: -SUB [/yolo_detector/node_health] /health_checker http://kamikaze:37909/
[rosmaster.master][INFO] 2026-08-30 17:02:56,026: -SUB [/target_tracking_controller/node_health] /health_checker http://kamikaze:37909/
[rosmaster.master][INFO] 2026-08-30 17:02:56,027: -SUB [/vehicle_state_monitor/node_health] /health_checker http://kamikaze:37909/
[rosmaster.master][INFO] 2026-08-30 17:02:56,027: -SUB [/mission_manager/node_health] /health_checker http://kamikaze:37909/
[rosmaster.master][INFO] 2026-08-30 17:02:56,028: -SUB [/safety_monitor/node_health] /health_checker http://kamikaze:37909/
[rosmaster.master][INFO] 2026-08-30 17:02:56,028: -SUB [/command_interpreter/node_health] /health_checker http://kamikaze:37909/
[rosmaster.master][INFO] 2026-08-30 17:02:56,028: -PUB [/rosout] /health_checker http://kamikaze:37909/
[rosmaster.master][INFO] 2026-08-30 17:02:56,029: -PUB [/system_health] /health_checker http://kamikaze:37909/
[rosmaster.master][INFO] 2026-08-30 17:02:56,029: -SERVICE [/health_checker/get_loggers] /health_checker rosrpc://kamikaze:37777
[rosmaster.master][INFO] 2026-08-30 17:02:56,029: -SERVICE [/health_checker/set_logger_level] /health_checker rosrpc://kamikaze:37777
[rosmaster.master][INFO] 2026-08-30 17:02:56,029: -SERVICE [/health/check_all] /health_checker rosrpc://kamikaze:37777
[rosmaster.master][INFO] 2026-08-30 17:02:56,029: -SERVICE [/health/restart_node] /health_checker rosrpc://kamikaze:37777
[rosmaster.master][INFO] 2026-08-30 17:02:56,032: -SUB [/mavros/local_position/pose] /safety_monitor http://kamikaze:41513/
[rosmaster.master][INFO] 2026-08-30 17:02:56,032: -SUB [/mavros/local_position/velocity] /safety_monitor http://kamikaze:41513/
[rosmaster.master][INFO] 2026-08-30 17:02:56,033: -SUB [/mavros/state] /safety_monitor http://kamikaze:41513/
[rosmaster.master][INFO] 2026-08-30 17:02:56,033: -PUB [/rosout] /safety_monitor http://kamikaze:41513/
[rosmaster.master][INFO] 2026-08-30 17:02:56,033: -PUB [/safety_status] /safety_monitor http://kamikaze:41513/
[rosmaster.master][INFO] 2026-08-30 17:02:56,033: -PUB [/safety_monitor/node_health] /safety_monitor http://kamikaze:41513/
[rosmaster.master][INFO] 2026-08-30 17:02:56,033: -PUB [/emergency_triggered] /safety_monitor http://kamikaze:41513/
[rosmaster.master][INFO] 2026-08-30 17:02:56,040: publisherUpdate[/rosout] -> http://kamikaze:40101/ ['http://kamikaze:44885/', 'http://kamikaze:38225/', 'http://kamikaze:39519/', 'http://kamikaze:46565/', 'http://kamikaze:41513/', 'http://kamikaze:45503/', 'http://kamikaze:36139/', 'http://kamikaze:45849/', 'http://kamikaze:40647/', 'http://kamikaze:34589/']
[rosmaster.master][INFO] 2026-08-30 17:02:56,040: -SERVICE [/safety_monitor/get_loggers] /safety_monitor rosrpc://kamikaze:45147
[rosmaster.master][INFO] 2026-08-30 17:02:56,046: -SERVICE [/safety_monitor/set_logger_level] /safety_monitor rosrpc://kamikaze:45147
[rosmaster.master][INFO] 2026-08-30 17:02:56,047: -SERVICE [/safety/geofence_enable] /safety_monitor rosrpc://kamikaze:45147
[rosmaster.master][INFO] 2026-08-30 17:02:56,047: -SERVICE [/safety/geofence_disable] /safety_monitor rosrpc://kamikaze:45147
[rosmaster.master][INFO] 2026-08-30 17:02:56,049: publisherUpdate[/rosout] -> http://kamikaze:40101/ ['http://kamikaze:44885/', 'http://kamikaze:38225/', 'http://kamikaze:39519/', 'http://kamikaze:46565/', 'http://kamikaze:41513/', 'http://kamikaze:45503/', 'http://kamikaze:36139/', 'http://kamikaze:45849/', 'http://kamikaze:40647/', 'http://kamikaze:34589/']: sec=0.01, result=[1, '', 0]
[rosmaster.master][INFO] 2026-08-30 17:02:56,051: -SERVICE [/safety/check] /safety_monitor rosrpc://kamikaze:45147
[rosmaster.master][INFO] 2026-08-30 17:02:56,052: publisherUpdate[/rosout] -> http://kamikaze:40101/ ['http://kamikaze:44885/', 'http://kamikaze:38225/', 'http://kamikaze:39519/', 'http://kamikaze:46565/', 'http://kamikaze:45503/', 'http://kamikaze:36139/', 'http://kamikaze:45849/', 'http://kamikaze:40647/', 'http://kamikaze:34589/']
[rosmaster.master][INFO] 2026-08-30 17:02:56,052: -SUB [/drone_control/command] /command_interpreter http://kamikaze:46565/
[rosmaster.master][INFO] 2026-08-30 17:02:56,052: -PUB [/rosout] /command_interpreter http://kamikaze:46565/
[rosmaster.master][INFO] 2026-08-30 17:02:56,053: -SUB [/mavros/imu/data] /sensor_fusion http://kamikaze:44885/
[rosmaster.master][INFO] 2026-08-30 17:02:56,053: -SUB [/mavros/global_position/global] /sensor_fusion http://kamikaze:44885/
[rosmaster.master][INFO] 2026-08-30 17:02:56,053: -SUB [/mavros/local_position/pose] /sensor_fusion http://kamikaze:44885/
[rosmaster.master][INFO] 2026-08-30 17:02:56,053: -PUB [/rosout] /sensor_fusion http://kamikaze:44885/
[rosmaster.master][INFO] 2026-08-30 17:02:56,053: -PUB [/sensor_fusion/node_health] /sensor_fusion http://kamikaze:44885/
[rosmaster.master][INFO] 2026-08-30 17:02:56,053: -SERVICE [/sensor_fusion/get_loggers] /sensor_fusion rosrpc://kamikaze:38255
[rosmaster.master][INFO] 2026-08-30 17:02:56,053: -SERVICE [/sensor_fusion/set_logger_level] /sensor_fusion rosrpc://kamikaze:38255
[rosmaster.master][INFO] 2026-08-30 17:02:56,054: -SUB [/mavros/state] /vehicle_state_monitor http://kamikaze:45503/
[rosmaster.master][INFO] 2026-08-30 17:02:56,054: -SUB [/mavros/battery] /vehicle_state_monitor http://kamikaze:45503/
[rosmaster.master][INFO] 2026-08-30 17:02:56,055: publisherUpdate[/rosout] -> http://kamikaze:40101/ ['http://kamikaze:44885/', 'http://kamikaze:38225/', 'http://kamikaze:39519/', 'http://kamikaze:46565/', 'http://kamikaze:45503/', 'http://kamikaze:36139/', 'http://kamikaze:45849/', 'http://kamikaze:40647/', 'http://kamikaze:34589/']: sec=0.00, result=[1, '', 0]
[rosmaster.master][INFO] 2026-08-30 17:02:56,055: publisherUpdate[/safety_status] -> http://kamikaze:39519/ []
[rosmaster.master][INFO] 2026-08-30 17:02:56,055: -SERVICE [/safety/status] /safety_monitor rosrpc://kamikaze:45147
[rosmaster.master][INFO] 2026-08-30 17:02:56,057: -SUB [/health/check_all] /system_health_monitor http://kamikaze:45849/
[rosmaster.master][INFO] 2026-08-30 17:02:56,057: -SUB [/mavros/local_position/odom] /target_tracking_controller http://kamikaze:40647/
[rosmaster.master][INFO] 2026-08-30 17:02:56,058: -PUB [/rosout] /camera_calibration http://kamikaze:36139/
[rosmaster.master][INFO] 2026-08-30 17:02:56,058: -PUB [/camera/camera_info] /camera_calibration http://kamikaze:36139/
[rosmaster.master][INFO] 2026-08-30 17:02:56,059: publisherUpdate[/safety_status] -> http://kamikaze:39519/ []: sec=0.00, result=[1, '', 0]
[rosmaster.master][INFO] 2026-08-30 17:02:56,062: publisherUpdate[/rosout] -> http://kamikaze:40101/ ['http://kamikaze:44885/', 'http://kamikaze:38225/', 'http://kamikaze:39519/', 'http://kamikaze:45503/', 'http://kamikaze:36139/', 'http://kamikaze:45849/', 'http://kamikaze:40647/', 'http://kamikaze:34589/']
[rosmaster.master][INFO] 2026-08-30 17:02:56,062: -SUB [/drone_control/command] /mission_manager http://kamikaze:39519/
[rosmaster.master][INFO] 2026-08-30 17:02:56,062: -SUB [/safety_status] /mission_manager http://kamikaze:39519/
[rosmaster.master][INFO] 2026-08-30 17:02:56,063: -SUB [/tracked_targets] /mission_manager http://kamikaze:39519/
[rosmaster.master][INFO] 2026-08-30 17:02:56,063: -PUB [/rosout] /system_health_monitor http://kamikaze:45849/
[rosmaster.master][INFO] 2026-08-30 17:02:56,063: -PUB [/system_health] /system_health_monitor http://kamikaze:45849/
[rosmaster.master][INFO] 2026-08-30 17:02:56,064: publisherUpdate[/rosout] -> http://kamikaze:40101/ ['http://kamikaze:44885/', 'http://kamikaze:38225/', 'http://kamikaze:39519/', 'http://kamikaze:45503/', 'http://kamikaze:36139/', 'http://kamikaze:45849/', 'http://kamikaze:40647/', 'http://kamikaze:34589/']: sec=0.00, result=[1, '', 0]
[rosmaster.master][INFO] 2026-08-30 17:02:56,065: publisherUpdate[/rosout] -> http://kamikaze:40101/ ['http://kamikaze:38225/', 'http://kamikaze:39519/', 'http://kamikaze:45503/', 'http://kamikaze:36139/', 'http://kamikaze:45849/', 'http://kamikaze:40647/', 'http://kamikaze:34589/']
[rosmaster.master][INFO] 2026-08-30 17:02:56,064: -PUB [/diagnostic_status] /system_health_monitor http://kamikaze:45849/
[rosmaster.master][INFO] 2026-08-30 17:02:56,066: -PUB [/performance_metrics] /system_health_monitor http://kamikaze:45849/
[rosmaster.master][INFO] 2026-08-30 17:02:56,066: -PUB [/system_alert] /system_health_monitor http://kamikaze:45849/
[rosmaster.master][INFO] 2026-08-30 17:02:56,066: -SERVICE [/system_health_monitor/get_loggers] /system_health_monitor rosrpc://kamikaze:44803
[rosmaster.master][INFO] 2026-08-30 17:02:56,067: -SERVICE [/system_health_monitor/set_logger_level] /system_health_monitor rosrpc://kamikaze:44803
[rosmaster.master][INFO] 2026-08-30 17:02:56,067: -SUB [/detected_objects] /target_tracking_controller http://kamikaze:40647/
[rosmaster.master][INFO] 2026-08-30 17:02:56,069: publisherUpdate[/rosout] -> http://kamikaze:40101/ ['http://kamikaze:38225/', 'http://kamikaze:39519/', 'http://kamikaze:45503/', 'http://kamikaze:36139/', 'http://kamikaze:45849/', 'http://kamikaze:40647/', 'http://kamikaze:34589/']: sec=0.00, result=[1, '', 0]
[rosmaster.master][INFO] 2026-08-30 17:02:56,069: -SUB [/drone_control/command] /yolo_detector http://kamikaze:34589/
[rosmaster.master][INFO] 2026-08-30 17:02:56,070: -PUB [/drone_control/command_response] /command_interpreter http://kamikaze:46565/
[rosmaster.master][INFO] 2026-08-30 17:02:56,070: -PUB [/command_interpreter/node_health] /command_interpreter http://kamikaze:46565/
[rosmaster.master][INFO] 2026-08-30 17:02:56,070: -SERVICE [/command_interpreter/get_loggers] /command_interpreter rosrpc://kamikaze:43835
[rosmaster.master][INFO] 2026-08-30 17:02:56,070: publisherUpdate[/rosout] -> http://kamikaze:40101/ ['http://kamikaze:38225/', 'http://kamikaze:39519/', 'http://kamikaze:45503/', 'http://kamikaze:45849/', 'http://kamikaze:40647/', 'http://kamikaze:34589/']
[rosmaster.master][INFO] 2026-08-30 17:02:56,070: -SERVICE [/command_interpreter/set_logger_level] /command_interpreter rosrpc://kamikaze:43835
[rosmaster.master][INFO] 2026-08-30 17:02:56,072: -SUB [/mavros/state] /target_tracking_controller http://kamikaze:40647/
[rosmaster.master][INFO] 2026-08-30 17:02:56,073: publisherUpdate[/rosout] -> http://kamikaze:40101/ ['http://kamikaze:38225/', 'http://kamikaze:39519/', 'http://kamikaze:45503/', 'http://kamikaze:45849/', 'http://kamikaze:40647/', 'http://kamikaze:34589/']: sec=0.00, result=[1, '', 0]
[rosmaster.master][INFO] 2026-08-30 17:02:56,074: publisherUpdate[/rosout] -> http://kamikaze:40101/ ['http://kamikaze:38225/', 'http://kamikaze:39519/', 'http://kamikaze:45503/', 'http://kamikaze:40647/', 'http://kamikaze:34589/']
[rosmaster.master][INFO] 2026-08-30 17:02:56,074: -PUB [/rosout] /mission_manager http://kamikaze:39519/
[rosmaster.master][INFO] 2026-08-30 17:02:56,075: -SUB [/mavros/local_position/velocity] /vehicle_state_monitor http://kamikaze:45503/
[rosmaster.master][INFO] 2026-08-30 17:02:56,075: -SUB [/mission_status] /yolo_detector http://kamikaze:34589/
[rosmaster.master][INFO] 2026-08-30 17:02:56,076: -SUB [/camera/color/image_raw] /yolo_detector http://kamikaze:34589/
[rosmaster.master][INFO] 2026-08-30 17:02:56,076: -SUB [/mission_status] /target_tracking_controller http://kamikaze:40647/
[rosmaster.master][INFO] 2026-08-30 17:02:56,076: -PUB [/rosout] /target_tracking_controller http://kamikaze:40647/
[rosmaster.master][INFO] 2026-08-30 17:02:56,077: -PUB [/tracked_targets] /target_tracking_controller http://kamikaze:40647/
[rosmaster.master][INFO] 2026-08-30 17:02:56,077: -PUB [/mavros/setpoint_velocity/cmd_vel_unstamped] /target_tracking_controller http://kamikaze:40647/
[rosmaster.master][INFO] 2026-08-30 17:02:56,077: -PUB [/mavros/setpoint_raw/local] /target_tracking_controller http://kamikaze:40647/
[rosmaster.master][INFO] 2026-08-30 17:02:56,077: -PUB [/target_tracking_controller/node_health] /target_tracking_controller http://kamikaze:40647/
[rosmaster.master][INFO] 2026-08-30 17:02:56,076: publisherUpdate[/rosout] -> http://kamikaze:40101/ ['http://kamikaze:38225/', 'http://kamikaze:39519/', 'http://kamikaze:45503/', 'http://kamikaze:40647/', 'http://kamikaze:34589/']: sec=0.00, result=[1, '', 0]
[rosmaster.master][INFO] 2026-08-30 17:02:56,077: -SERVICE [/target_tracking_controller/get_loggers] /target_tracking_controller rosrpc://kamikaze:33849
[rosmaster.master][INFO] 2026-08-30 17:02:56,077: -SERVICE [/target_tracking_controller/set_logger_level] /target_tracking_controller rosrpc://kamikaze:33849
[rosmaster.master][INFO] 2026-08-30 17:02:56,077: publisherUpdate[/rosout] -> http://kamikaze:40101/ ['http://kamikaze:38225/', 'http://kamikaze:45503/', 'http://kamikaze:40647/', 'http://kamikaze:34589/']
[rosmaster.master][INFO] 2026-08-30 17:02:56,078: -PUB [/tf] /camera_calibration http://kamikaze:36139/
[rosmaster.master][INFO] 2026-08-30 17:02:56,079: -SERVICE [/camera_calibration/get_loggers] /camera_calibration rosrpc://kamikaze:36999
[rosmaster.master][INFO] 2026-08-30 17:02:56,079: -PUB [/rosout] /yolo_detector http://kamikaze:34589/
[rosmaster.master][INFO] 2026-08-30 17:02:56,080: -PUB [/yolo_detector/node_health] /yolo_detector http://kamikaze:34589/
[rosmaster.master][INFO] 2026-08-30 17:02:56,080: -PUB [/command_response] /yolo_detector http://kamikaze:34589/
[rosmaster.master][INFO] 2026-08-30 17:02:56,080: publisherUpdate[/rosout] -> http://kamikaze:40101/ ['http://kamikaze:38225/', 'http://kamikaze:45503/', 'http://kamikaze:40647/', 'http://kamikaze:34589/']: sec=0.00, result=[1, '', 0]
[rosmaster.master][INFO] 2026-08-30 17:02:56,081: publisherUpdate[/rosout] -> http://kamikaze:40101/ ['http://kamikaze:38225/', 'http://kamikaze:45503/', 'http://kamikaze:34589/']
[rosmaster.master][INFO] 2026-08-30 17:02:56,081: -PUB [/detected_objects] /yolo_detector http://kamikaze:34589/
[rosmaster.master][INFO] 2026-08-30 17:02:56,081: -SERVICE [/yolo_detector/get_loggers] /yolo_detector rosrpc://kamikaze:45193
[rosmaster.master][INFO] 2026-08-30 17:02:56,081: -SERVICE [/camera_calibration/set_logger_level] /camera_calibration rosrpc://kamikaze:36999
[rosmaster.master][INFO] 2026-08-30 17:02:56,083: -PUB [/mission_status] /mission_manager http://kamikaze:39519/
[rosmaster.master][INFO] 2026-08-30 17:02:56,084: publisherUpdate[/rosout] -> http://kamikaze:40101/ ['http://kamikaze:38225/', 'http://kamikaze:45503/', 'http://kamikaze:34589/']: sec=0.00, result=[1, '', 0]
[rosmaster.master][INFO] 2026-08-30 17:02:56,084: publisherUpdate[/rosout] -> http://kamikaze:40101/ ['http://kamikaze:38225/', 'http://kamikaze:45503/']
[rosmaster.master][INFO] 2026-08-30 17:02:56,084: -PUB [/mission_manager/node_health] /mission_manager http://kamikaze:39519/
[rosmaster.master][INFO] 2026-08-30 17:02:56,085: -PUB [/rosout] /vehicle_state_monitor http://kamikaze:45503/
[rosmaster.master][INFO] 2026-08-30 17:02:56,085: -SERVICE [/yolo_detector/set_logger_level] /yolo_detector rosrpc://kamikaze:45193
[rosmaster.master][INFO] 2026-08-30 17:02:56,086: publisherUpdate[/rosout] -> http://kamikaze:40101/ ['http://kamikaze:38225/', 'http://kamikaze:45503/']: sec=0.00, result=[1, '', 0]
[rosmaster.master][INFO] 2026-08-30 17:02:56,086: -PUB [/drone_status] /vehicle_state_monitor http://kamikaze:45503/
[rosmaster.master][INFO] 2026-08-30 17:02:56,086: -PUB [/diagnostic_status] /vehicle_state_monitor http://kamikaze:45503/
[rosmaster.master][INFO] 2026-08-30 17:02:56,087: -PUB [/vehicle_state_monitor/node_health] /vehicle_state_monitor http://kamikaze:45503/
[rosmaster.master][INFO] 2026-08-30 17:02:56,087: -PUB [/battery_percentage] /vehicle_state_monitor http://kamikaze:45503/
[rosmaster.master][INFO] 2026-08-30 17:02:56,087: -SERVICE [/vehicle_state_monitor/get_loggers] /vehicle_state_monitor rosrpc://kamikaze:43569
[rosmaster.master][INFO] 2026-08-30 17:02:56,087: -SERVICE [/vehicle_state_monitor/set_logger_level] /vehicle_state_monitor rosrpc://kamikaze:43569
[rosmaster.master][INFO] 2026-08-30 17:02:56,087: -SERVICE [/drone_emergency_stop] /vehicle_state_monitor rosrpc://kamikaze:43569
[rosmaster.master][INFO] 2026-08-30 17:02:56,087: -SERVICE [/drone_arm] /vehicle_state_monitor rosrpc://kamikaze:43569
[rosmaster.master][INFO] 2026-08-30 17:02:56,086: publisherUpdate[/rosout] -> http://kamikaze:40101/ ['http://kamikaze:38225/']
[rosmaster.master][INFO] 2026-08-30 17:02:56,088: -SERVICE [/mission_manager/get_loggers] /mission_manager rosrpc://kamikaze:41191
[rosmaster.master][INFO] 2026-08-30 17:02:56,088: -SERVICE [/drone_disarm] /vehicle_state_monitor rosrpc://kamikaze:43569
[rosmaster.master][INFO] 2026-08-30 17:02:56,088: -SERVICE [/drone_get_status] /vehicle_state_monitor rosrpc://kamikaze:43569
[rosmaster.master][INFO] 2026-08-30 17:02:56,089: publisherUpdate[/rosout] -> http://kamikaze:40101/ ['http://kamikaze:38225/']: sec=0.00, result=[1, '', 0]
[rosmaster.master][INFO] 2026-08-30 17:02:56,089: -SERVICE [/mission_manager/set_logger_level] /mission_manager rosrpc://kamikaze:41191
[rosmaster.master][INFO] 2026-08-30 17:02:57,006: -PUB [/rosout] /parameter_validator http://kamikaze:38225/
[rosmaster.master][INFO] 2026-08-30 17:02:57,007: -SERVICE [/parameter_validator/get_loggers] /parameter_validator rosrpc://kamikaze:40281
[rosmaster.master][INFO] 2026-08-30 17:02:57,007: publisherUpdate[/rosout] -> http://kamikaze:40101/ []
[rosmaster.master][INFO] 2026-08-30 17:02:57,008: -SERVICE [/parameter_validator/set_logger_level] /parameter_validator rosrpc://kamikaze:40281
[rosmaster.master][INFO] 2026-08-30 17:02:57,012: publisherUpdate[/rosout] -> http://kamikaze:40101/ []: sec=0.00, result=[1, '', 0]
[rosmaster.master][INFO] 2026-08-30 17:02:59,084: -PUB [/rosout_agg] /rosout http://kamikaze:40101/
[rosmaster.master][INFO] 2026-08-30 17:02:59,085: -SUB [/rosout] /rosout http://kamikaze:40101/
[rosmaster.master][INFO] 2026-08-30 17:02:59,087: -SERVICE [/rosout/get_loggers] /rosout rosrpc://kamikaze:54917
[rosmaster.master][INFO] 2026-08-30 17:02:59,087: -SERVICE [/rosout/set_logger_level] /rosout rosrpc://kamikaze:54917
[rosmaster.master][INFO] 2026-08-30 17:02:59,089: -CACHEDPARAM [/rosout/omit_topics] by /rosout
[rosmaster.main][INFO] 2026-08-30 17:02:59,269: keyboard interrupt, will exit
[rosmaster.main][INFO] 2026-08-30 17:02:59,270: stopping master...
[rospy.core][INFO] 2026-08-30 17:02:59,271: signal_shutdown [atexit]
