

1788087197.312353360  Node Startup
1788087201.318476200 INFO /sensor_fusion [sensor_fusion.py:40(SensorFusion.__init__)] [topics: /mavros/local_position/pose, /rosout, /mavros/global_position/global, /sensor_fusion/node_health, /mavros/imu/data] Sensor Fusion initialized
1788087201.615012645 INFO /parameter_validator [parameter_validator.py:358(ParameterValidator.validate_all_parameters)] [topics: /rosout] All parameters validated successfully
1788087201.624182939 INFO /parameter_validator [parameter_validator.py:65(ParameterValidator.__init__)] [topics: /rosout] Parameter validator initialized successfully
1788087202.535724401 INFO /mission_manager [mission_manager.py:115(MissionManager.__init__)] [topics: /mission_manager/node_health, /tracked_targets, /safety_status, /rosout, /drone_control/command, /mission_status] Mission Manager initialized
1788087202.841044664 INFO /command_interpreter [command_interpreter.py:65(CommandInterpreter.__init__)] [topics: /command_interpreter/node_health, /rosout, /drone_control/command_response, /drone_control/command] Command Interpreter initialized
1788087203.132711172 INFO /safety_monitor [safety_monitor.py:77(SafetyMonitor.__init__)] [topics: /safety_status, /safety_monitor/node_health, /mavros/state, /mavros/local_position/velocity, /mavros/local_position/pose, /rosout, /emergency_triggered] Safety Monitor initialized
1788087203.057844877 INFO /camera_calibration [camera_calibration.py:29(CameraCalibration.__init__)] [topics: /camera/camera_info, /tf, /rosout] Camera calibration node started
1788087203.151152849 INFO /safety_monitor [safety_monitor.py:78(SafetyMonitor.__init__)] [topics: /safety_status, /safety_monitor/node_health, /mavros/state, /mavros/local_position/velocity, /mavros/local_position/pose, /rosout, /emergency_triggered] Health publisher: /safety_monitor/node_health
1788087203.159621715 INFO /vehicle_state_monitor [vehicle_state_monitor.py:83(VehicleStateMonitor.__init__)] [topics: /mavros/local_position/velocity, /battery_percentage, /mavros/state, /diagnostic_status, /drone_status, /vehicle_state_monitor/node_health, /mavros/battery, /rosout] Vehicle State Monitor started
1788087203.448639154 INFO /system_health_monitor [system_health_monitor.py:77(SystemHealthMonitor.__init__)] [topics: /diagnostic_status, /system_health, /performance_metrics, /health/check_all, /rosout, /system_alert] System Health Monitor initialized
1788087203.577874898 INFO /health_checker [health_checker.py:58(HealthChecker.__init__)] [topics: /mission_manager/node_health, /command_interpreter/node_health, /safety_monitor/node_health, /target_tracking_controller/node_health, /yolo_detector/node_health, /rosout, /system_health, /vehicle_state_monitor/node_health] Health Checker initialized
1788087206.470788240 WARN /target_tracking_controller [target_tracking_controller.py:103(TargetTrackingController.__init__)] [topics: /mission_status, /tracked_targets, /mavros/state, /mavros/local_position/odom, /mavros/setpoint_velocity/cmd_vel_unstamped, /mavros/setpoint_raw/local, /target_tracking_controller/node_health, /detected_objects, /rosout] MAVROS set_mode service not available: timeout exceeded while waiting for service /mavros/set_mode
1788087208.579305648 WARN /health_checker [health_checker.py:90(HealthChecker._check_health)] [topics: /mission_manager/node_health, /command_interpreter/node_health, /safety_monitor/node_health, /target_tracking_controller/node_health, /yolo_detector/node_health, /rosout, /system_health, /vehicle_state_monitor/node_health] Unhealthy nodes: 2
1788087208.586086511 WARN /health_checker [health_checker.py:92(HealthChecker._check_health)] [topics: /mission_manager/node_health, /command_interpreter/node_health, /safety_monitor/node_health, /target_tracking_controller/node_health, /yolo_detector/node_health, /rosout, /system_health, /vehicle_state_monitor/node_health]   yolo_detector: No health report
1788087208.592285633 WARN /health_checker [health_checker.py:92(HealthChecker._check_health)] [topics: /mission_manager/node_health, /command_interpreter/node_health, /safety_monitor/node_health, /target_tracking_controller/node_health, /yolo_detector/node_health, /rosout, /system_health, /vehicle_state_monitor/node_health]   target_tracking_controller: No health report
1788087208.610887765 WARN /target_tracking_controller [target_tracking_controller.py:110(TargetTrackingController.__init__)] [topics: /mission_status, /tracked_targets, /mavros/state, /mavros/local_position/odom, /mavros/setpoint_velocity/cmd_vel_unstamped, /mavros/setpoint_raw/local, /target_tracking_controller/node_health, /detected_objects, /rosout] MAVROS arming service not available: timeout exceeded while waiting for service /mavros/cmd/arming
1788087208.619623184 INFO /target_tracking_controller [target_tracking_controller.py:126(TargetTrackingController.__init__)] [topics: /mission_status, /tracked_targets, /mavros/state, /mavros/local_position/odom, /mavros/setpoint_velocity/cmd_vel_unstamped, /mavros/setpoint_raw/local, /target_tracking_controller/node_health, /detected_objects, /rosout] Target Tracking Controller started in SEARCHING mode
1788087208.789963960 INFO /trajectory_planner [trajectory_planner.py:94(TrajectoryPlanner.__init__)] [topics: /tracked_targets, /mavros/local_position/odom, /rosout, /planner_status, /mission_status, /waypoints, /path, /planned_trajectory] Trajectory Planner initialized
1788087208.911763429 INFO /performance_monitor [performance_monitor.py:103(PerformanceMonitor.__init__)] [topics: /performance/command, /performance/benchmark, /performance/alert, /diagnostic_status, /performance/benchmark_results, /rosout, /performance/metrics] Performance Monitor initialized
1788087209.770765304 INFO /yolo_detector [yolo_detector.py:121(YOLODetector._load_model)] [topics: /command_response, /mission_status, /yolo_detector/node_health, /drone_control/command, /rosout] YOLO model loaded successfully!
1788087209.780228137 INFO /yolo_detector [yolo_detector.py:96(YOLODetector.__init__)] [topics: /command_response, /mission_status, /yolo_detector/node_health, /camera/color/image_raw, /drone_control/command, /detected_objects, /rosout] YOLO Detector initialized in production mode
1788087209.782711267 INFO /yolo_detector [yolo_detector.py:97(YOLODetector.__init__)] [topics: /command_response, /mission_status, /yolo_detector/node_health, /camera/color/image_raw, /drone_control/command, /detected_objects, /rosout] Vehicle classes: [2, 3, 5, 6, 7]
1788087210.916564464 INFO /performance_monitor [performance_monitor.py:121(PerformanceMonitor.start_monitoring)] [topics: /performance/command, /performance/benchmark, /performance/alert, /diagnostic_status, /performance/benchmark_results, /rosout, /performance/metrics] Performance monitoring started
1788087215.919962406 INFO /performance_monitor [performance_monitor.py:381(PerformanceMonitor.benchmark_fps)] [topics: /performance/command, /performance/benchmark, /performance/alert, /diagnostic_status, /performance/benchmark_results, /rosout, /performance/metrics] Running FPS benchmark...
1788087220.925312995 INFO /performance_monitor [performance_monitor.py:414(PerformanceMonitor.benchmark_cpu)] [topics: /performance/command, /performance/benchmark, /performance/alert, /diagnostic_status, /performance/benchmark_results, /rosout, /performance/metrics] Running CPU benchmark...
1788087222.167808771 INFO /performance_monitor [performance_monitor.py:438(PerformanceMonitor.benchmark_memory)] [topics: /performance/command, /performance/benchmark, /performance/alert, /diagnostic_status, /performance/benchmark_results, /rosout, /performance/metrics] Running memory benchmark...
1788087223.021190404 INFO /performance_monitor [performance_monitor.py:474(PerformanceMonitor.benchmark_network)] [topics: /performance/command, /performance/benchmark, /performance/alert, /diagnostic_status, /performance/benchmark_results, /rosout, /performance/metrics] Running network benchmark...
1788087224.181796550 INFO /performance_monitor [performance_monitor.py:520(PerformanceMonitor.benchmark_application)] [topics: /performance/command, /performance/benchmark, /performance/alert, /diagnostic_status, /performance/benchmark_results, /rosout, /performance/metrics] Running application benchmark...
1788087224.244788885 INFO /performance_monitor [performance_monitor.py:373(PerformanceMonitor.run_benchmark)] [topics: /performance/command, /performance/benchmark, /performance/alert, /diagnostic_status, /performance/benchmark_results, /rosout, /performance/metrics] Benchmark completed with overall score: 0.63
1788087224.249593496 INFO /performance_monitor [performance_monitor.py:381(PerformanceMonitor.benchmark_fps)] [topics: /performance/command, /performance/benchmark, /performance/alert, /diagnostic_status, /performance/benchmark_results, /rosout, /performance/metrics] Running FPS benchmark...
1788087229.252569675 INFO /performance_monitor [performance_monitor.py:414(PerformanceMonitor.benchmark_cpu)] [topics: /performance/command, /performance/benchmark, /performance/alert, /diagnostic_status, /performance/benchmark_results, /rosout, /performance/metrics] Running CPU benchmark...
1788087230.558985710 INFO /performance_monitor [performance_monitor.py:438(PerformanceMonitor.benchmark_memory)] [topics: /performance/command, /performance/benchmark, /performance/alert, /diagnostic_status, /performance/benchmark_results, /rosout, /performance/metrics] Running memory benchmark...
1788087231.294861316 INFO /performance_monitor [performance_monitor.py:474(PerformanceMonitor.benchmark_network)] [topics: /performance/command, /performance/benchmark, /performance/alert, /diagnostic_status, /performance/benchmark_results, /rosout, /performance/metrics] Running network benchmark...
1788087232.410463571 INFO /performance_monitor [performance_monitor.py:520(PerformanceMonitor.benchmark_application)] [topics: /performance/command, /performance/benchmark, /performance/alert, /diagnostic_status, /performance/benchmark_results, /rosout, /performance/metrics] Running application benchmark...
1788087232.478996038 INFO /performance_monitor [performance_monitor.py:373(PerformanceMonitor.run_benchmark)] [topics: /performance/command, /performance/benchmark, /performance/alert, /diagnostic_status, /performance/benchmark_results, /rosout, /performance/metrics] Benchmark completed with overall score: 0.63
1788087232.484233617 INFO /performance_monitor [performance_monitor.py:381(PerformanceMonitor.benchmark_fps)] [topics: /performance/command, /performance/benchmark, /performance/alert, /diagnostic_status, /performance/benchmark_results, /rosout, /performance/metrics] Running FPS benchmark...
1788087237.489924907 INFO /performance_monitor [performance_monitor.py:414(PerformanceMonitor.benchmark_cpu)] [topics: /performance/command, /performance/benchmark, /performance/alert, /diagnostic_status, /performance/benchmark_results, /rosout, /performance/metrics] Running CPU benchmark...
1788087238.748860120 INFO /performance_monitor [performance_monitor.py:438(PerformanceMonitor.benchmark_memory)] [topics: /performance/command, /performance/benchmark, /performance/alert, /diagnostic_status, /performance/benchmark_results, /rosout, /performance/metrics] Running memory benchmark...
1788087239.435856580 INFO /performance_monitor [performance_monitor.py:474(PerformanceMonitor.benchmark_network)] [topics: /performance/command, /performance/benchmark, /performance/alert, /diagnostic_status, /performance/benchmark_results, /rosout, /performance/metrics] Running network benchmark...
1788087240.611398220 INFO /performance_monitor [performance_monitor.py:520(PerformanceMonitor.benchmark_application)] [topics: /performance/command, /performance/benchmark, /performance/alert, /diagnostic_status, /performance/benchmark_results, /rosout, /performance/metrics] Running application benchmark...
1788087240.666091918 INFO /performance_monitor [performance_monitor.py:373(PerformanceMonitor.run_benchmark)] [topics: /performance/command, /performance/benchmark, /performance/alert, /diagnostic_status, /performance/benchmark_results, /rosout, /performance/metrics] Benchmark completed with overall score: 0.63
1788087240.671530485 INFO /performance_monitor [performance_monitor.py:381(PerformanceMonitor.benchmark_fps)] [topics: /performance/command, /performance/benchmark, /performance/alert, /diagnostic_status, /performance/benchmark_results, /rosout, /performance/metrics] Running FPS benchmark...
1788087245.674136161 INFO /performance_monitor [performance_monitor.py:414(PerformanceMonitor.benchmark_cpu)] [topics: /performance/command, /performance/benchmark, /performance/alert, /diagnostic_status, /performance/benchmark_results, /rosout, /performance/metrics] Running CPU benchmark...
1788087246.908366441 INFO /performance_monitor [performance_monitor.py:438(PerformanceMonitor.benchmark_memory)] [topics: /performance/command, /performance/benchmark, /performance/alert, /diagnostic_status, /performance/benchmark_results, /rosout, /performance/metrics] Running memory benchmark...
1788087247.613053321 INFO /performance_monitor [performance_monitor.py:474(PerformanceMonitor.benchmark_network)] [topics: /performance/command, /performance/benchmark, /performance/alert, /diagnostic_status, /performance/benchmark_results, /rosout, /performance/metrics] Running network benchmark...
1788087248.810608148 INFO /performance_monitor [performance_monitor.py:520(PerformanceMonitor.benchmark_application)] [topics: /performance/command, /performance/benchmark, /performance/alert, /diagnostic_status, /performance/benchmark_results, /rosout, /performance/metrics] Running application benchmark...
1788087248.864681482 INFO /performance_monitor [performance_monitor.py:373(PerformanceMonitor.run_benchmark)] [topics: /performance/command, /performance/benchmark, /performance/alert, /diagnostic_status, /performance/benchmark_results, /rosout, /performance/metrics] Benchmark completed with overall score: 0.63
1788087248.866836071 INFO /performance_monitor [performance_monitor.py:381(PerformanceMonitor.benchmark_fps)] [topics: /performance/command, /performance/benchmark, /performance/alert, /diagnostic_status, /performance/benchmark_results, /rosout, /performance/metrics] Running FPS benchmark...
1788087253.872247695 INFO /performance_monitor [performance_monitor.py:414(PerformanceMonitor.benchmark_cpu)] [topics: /performance/command, /performance/benchmark, /performance/alert, /diagnostic_status, /performance/benchmark_results, /rosout, /performance/metrics] Running CPU benchmark...
1788087255.128044128 INFO /performance_monitor [performance_monitor.py:438(PerformanceMonitor.benchmark_memory)] [topics: /performance/command, /performance/benchmark, /performance/alert, /diagnostic_status, /performance/benchmark_results, /rosout, /performance/metrics] Running memory benchmark...
1788087255.842599630 INFO /performance_monitor [performance_monitor.py:474(PerformanceMonitor.benchmark_network)] [topics: /performance/command, /performance/benchmark, /performance/alert, /diagnostic_status, /performance/benchmark_results, /rosout, /performance/metrics] Running network benchmark...
1788087257.037216424 INFO /performance_monitor [performance_monitor.py:520(PerformanceMonitor.benchmark_application)] [topics: /performance/command, /performance/benchmark, /performance/alert, /diagnostic_status, /performance/benchmark_results, /rosout, /performance/metrics] Running application benchmark...
1788087257.091906547 INFO /performance_monitor [performance_monitor.py:373(PerformanceMonitor.run_benchmark)] [topics: /performance/command, /performance/benchmark, /performance/alert, /diagnostic_status, /performance/benchmark_results, /rosout, /performance/metrics] Benchmark completed with overall score: 0.63
1788087257.093519926 INFO /performance_monitor [performance_monitor.py:381(PerformanceMonitor.benchmark_fps)] [topics: /performance/command, /performance/benchmark, /performance/alert, /diagnostic_status, /performance/benchmark_results, /rosout, /performance/metrics] Running FPS benchmark...
1788087262.097313165 INFO /performance_monitor [performance_monitor.py:414(PerformanceMonitor.benchmark_cpu)] [topics: /performance/command, /performance/benchmark, /performance/alert, /diagnostic_status, /performance/benchmark_results, /rosout, /performance/metrics] Running CPU benchmark...
1788087263.341019392 INFO /performance_monitor [performance_monitor.py:438(PerformanceMonitor.benchmark_memory)] [topics: /performance/command, /performance/benchmark, /performance/alert, /diagnostic_status, /performance/benchmark_results, /rosout, /performance/metrics] Running memory benchmark...
1788087264.057489633 INFO /performance_monitor [performance_monitor.py:474(PerformanceMonitor.benchmark_network)] [topics: /performance/command, /performance/benchmark, /performance/alert, /diagnostic_status, /performance/benchmark_results, /rosout, /performance/metrics] Running network benchmark...
1788087265.259082794 INFO /performance_monitor [performance_monitor.py:520(PerformanceMonitor.benchmark_application)] [topics: /performance/command, /performance/benchmark, /performance/alert, /diagnostic_status, /performance/benchmark_results, /rosout, /performance/metrics] Running application benchmark...
1788087265.316867351 INFO /performance_monitor [performance_monitor.py:373(PerformanceMonitor.run_benchmark)] [topics: /performance/command, /performance/benchmark, /performance/alert, /diagnostic_status, /performance/benchmark_results, /rosout, /performance/metrics] Benchmark completed with overall score: 0.63
1788087265.318929672 INFO /performance_monitor [performance_monitor.py:381(PerformanceMonitor.benchmark_fps)] [topics: /performance/command, /performance/benchmark, /performance/alert, /diagnostic_status, /performance/benchmark_results, /rosout, /performance/metrics] Running FPS benchmark...
1788087270.322678327 INFO /performance_monitor [performance_monitor.py:414(PerformanceMonitor.benchmark_cpu)] [topics: /performance/command, /performance/benchmark, /performance/alert, /diagnostic_status, /performance/benchmark_results, /rosout, /performance/metrics] Running CPU benchmark...
1788087271.575165987 INFO /performance_monitor [performance_monitor.py:438(PerformanceMonitor.benchmark_memory)] [topics: /performance/command, /performance/benchmark, /performance/alert, /diagnostic_status, /performance/benchmark_results, /rosout, /performance/metrics] Running memory benchmark...
1788087272.253059148 INFO /performance_monitor [performance_monitor.py:474(PerformanceMonitor.benchmark_network)] [topics: /performance/command, /performance/benchmark, /performance/alert, /diagnostic_status, /performance/benchmark_results, /rosout, /performance/metrics] Running network benchmark...
1788087273.433561086 INFO /performance_monitor [performance_monitor.py:520(PerformanceMonitor.benchmark_application)] [topics: /performance/command, /performance/benchmark, /performance/alert, /diagnostic_status, /performance/benchmark_results, /rosout, /performance/metrics] Running application benchmark...
1788087273.488387107 INFO /performance_monitor [performance_monitor.py:373(PerformanceMonitor.run_benchmark)] [topics: /performance/command, /performance/benchmark, /performance/alert, /diagnostic_status, /performance/benchmark_results, /rosout, /performance/metrics] Benchmark completed with overall score: 0.63
1788087273.491570472 INFO /performance_monitor [performance_monitor.py:381(PerformanceMonitor.benchmark_fps)] [topics: /performance/command, /performance/benchmark, /performance/alert, /diagnostic_status, /performance/benchmark_results, /rosout, /performance/metrics] Running FPS benchmark...
1788087278.494212388 INFO /performance_monitor [performance_monitor.py:414(PerformanceMonitor.benchmark_cpu)] [topics: /performance/command, /performance/benchmark, /performance/alert, /diagnostic_status, /performance/benchmark_results, /rosout, /performance/metrics] Running CPU benchmark...
1788087280.134913444 INFO /performance_monitor [performance_monitor.py:438(PerformanceMonitor.benchmark_memory)] [topics: /performance/command, /performance/benchmark, /performance/alert, /diagnostic_status, /performance/benchmark_results, /rosout, /performance/metrics] Running memory benchmark...
1788087280.829212427 INFO /performance_monitor [performance_monitor.py:474(PerformanceMonitor.benchmark_network)] [topics: /performance/command, /performance/benchmark, /performance/alert, /diagnostic_status, /performance/benchmark_results, /rosout, /performance/metrics] Running network benchmark...
1788087282.015044450 INFO /performance_monitor [performance_monitor.py:520(PerformanceMonitor.benchmark_application)] [topics: /performance/command, /performance/benchmark, /performance/alert, /diagnostic_status, /performance/benchmark_results, /rosout, /performance/metrics] Running application benchmark...
1788087282.068585872 INFO /performance_monitor [performance_monitor.py:373(PerformanceMonitor.run_benchmark)] [topics: /performance/command, /performance/benchmark, /performance/alert, /diagnostic_status, /performance/benchmark_results, /rosout, /performance/metrics] Benchmark completed with overall score: 0.63
1788087282.071030855 INFO /performance_monitor [performance_monitor.py:381(PerformanceMonitor.benchmark_fps)] [topics: /performance/command, /performance/benchmark, /performance/alert, /diagnostic_status, /performance/benchmark_results, /rosout, /performance/metrics] Running FPS benchmark...
1788087287.073412418 INFO /performance_monitor [performance_monitor.py:414(PerformanceMonitor.benchmark_cpu)] [topics: /performance/command, /performance/benchmark, /performance/alert, /diagnostic_status, /performance/benchmark_results, /rosout, /performance/metrics] Running CPU benchmark...
1788087288.329056501 INFO /performance_monitor [performance_monitor.py:438(PerformanceMonitor.benchmark_memory)] [topics: /performance/command, /performance/benchmark, /performance/alert, /diagnostic_status, /performance/benchmark_results, /rosout, /performance/metrics] Running memory benchmark...
1788087289.017768144 INFO /performance_monitor [performance_monitor.py:474(PerformanceMonitor.benchmark_network)] [topics: /performance/command, /performance/benchmark, /performance/alert, /diagnostic_status, /performance/benchmark_results, /rosout, /performance/metrics] Running network benchmark...
1788087290.203345298 INFO /performance_monitor [performance_monitor.py:520(PerformanceMonitor.benchmark_application)] [topics: /performance/command, /performance/benchmark, /performance/alert, /diagnostic_status, /performance/benchmark_results, /rosout, /performance/metrics] Running application benchmark...
1788087290.258212804 INFO /performance_monitor [performance_monitor.py:373(PerformanceMonitor.run_benchmark)] [topics: /performance/command, /performance/benchmark, /performance/alert, /diagnostic_status, /performance/benchmark_results, /rosout, /performance/metrics] Benchmark completed with overall score: 0.63
1788087290.261209249 INFO /performance_monitor [performance_monitor.py:381(PerformanceMonitor.benchmark_fps)] [topics: /performance/command, /performance/benchmark, /performance/alert, /diagnostic_status, /performance/benchmark_results, /rosout, /performance/metrics] Running FPS benchmark...
1788087295.264175653 INFO /performance_monitor [performance_monitor.py:414(PerformanceMonitor.benchmark_cpu)] [topics: /performance/command, /performance/benchmark, /performance/alert, /diagnostic_status, /performance/benchmark_results, /rosout, /performance/metrics] Running CPU benchmark...
1788087296.561703920 INFO /performance_monitor [performance_monitor.py:438(PerformanceMonitor.benchmark_memory)] [topics: /performance/command, /performance/benchmark, /performance/alert, /diagnostic_status, /performance/benchmark_results, /rosout, /performance/metrics] Running memory benchmark...
1788087297.264148950 INFO /performance_monitor [performance_monitor.py:474(PerformanceMonitor.benchmark_network)] [topics: /performance/command, /performance/benchmark, /performance/alert, /diagnostic_status, /performance/benchmark_results, /rosout, /performance/metrics] Running network benchmark...
1788087298.412930727 INFO /performance_monitor [performance_monitor.py:520(PerformanceMonitor.benchmark_application)] [topics: /performance/command, /performance/benchmark, /performance/alert, /diagnostic_status, /performance/benchmark_results, /rosout, /performance/metrics] Running application benchmark...
1788087298.465270280 INFO /performance_monitor [performance_monitor.py:373(PerformanceMonitor.run_benchmark)] [topics: /performance/command, /performance/benchmark, /performance/alert, /diagnostic_status, /performance/benchmark_results, /rosout, /performance/metrics] Benchmark completed with overall score: 0.63
1788087298.466653347 INFO /performance_monitor [performance_monitor.py:381(PerformanceMonitor.benchmark_fps)] [topics: /performance/command, /performance/benchmark, /performance/alert, /diagnostic_status, /performance/benchmark_results, /rosout, /performance/metrics] Running FPS benchmark...
1788087303.470684528 INFO /performance_monitor [performance_monitor.py:414(PerformanceMonitor.benchmark_cpu)] [topics: /performance/command, /performance/benchmark, /performance/alert, /diagnostic_status, /performance/benchmark_results, /rosout, /performance/metrics] Running CPU benchmark...
1788087304.723893165 INFO /performance_monitor [performance_monitor.py:438(PerformanceMonitor.benchmark_memory)] [topics: /performance/command, /performance/benchmark, /performance/alert, /diagnostic_status, /performance/benchmark_results, /rosout, /performance/metrics] Running memory benchmark...
1788087305.407340288 INFO /performance_monitor [performance_monitor.py:474(PerformanceMonitor.benchmark_network)] [topics: /performance/command, /performance/benchmark, /performance/alert, /diagnostic_status, /performance/benchmark_results, /rosout, /performance/metrics] Running network benchmark...
1788087306.530828952 INFO /performance_monitor [performance_monitor.py:520(PerformanceMonitor.benchmark_application)] [topics: /performance/command, /performance/benchmark, /performance/alert, /diagnostic_status, /performance/benchmark_results, /rosout, /performance/metrics] Running application benchmark...
1788087306.579399585 INFO /performance_monitor [performance_monitor.py:373(PerformanceMonitor.run_benchmark)] [topics: /performance/command, /performance/benchmark, /performance/alert, /diagnostic_status, /performance/benchmark_results, /rosout, /performance/metrics] Benchmark completed with overall score: 0.63
1788087306.581419944 INFO /performance_monitor [performance_monitor.py:381(PerformanceMonitor.benchmark_fps)] [topics: /performance/command, /performance/benchmark, /performance/alert, /diagnostic_status, /performance/benchmark_results, /rosout, /performance/metrics] Running FPS benchmark...
1788087311.585015058 INFO /performance_monitor [performance_monitor.py:414(PerformanceMonitor.benchmark_cpu)] [topics: /performance/command, /performance/benchmark, /performance/alert, /diagnostic_status, /performance/benchmark_results, /rosout, /performance/metrics] Running CPU benchmark...
1788087312.837622642 INFO /performance_monitor [performance_monitor.py:438(PerformanceMonitor.benchmark_memory)] [topics: /performance/command, /performance/benchmark, /performance/alert, /diagnostic_status, /performance/benchmark_results, /rosout, /performance/metrics] Running memory benchmark...
1788087313.536495923 INFO /performance_monitor [performance_monitor.py:474(PerformanceMonitor.benchmark_network)] [topics: /performance/command, /performance/benchmark, /performance/alert, /diagnostic_status, /performance/benchmark_results, /rosout, /performance/metrics] Running network benchmark...
1788087314.737212181 INFO /performance_monitor [performance_monitor.py:520(PerformanceMonitor.benchmark_application)] [topics: /performance/command, /performance/benchmark, /performance/alert, /diagnostic_status, /performance/benchmark_results, /rosout, /performance/metrics] Running application benchmark...
1788087314.789262771 INFO /performance_monitor [performance_monitor.py:373(PerformanceMonitor.run_benchmark)] [topics: /performance/command, /performance/benchmark, /performance/alert, /diagnostic_status, /performance/benchmark_results, /rosout, /performance/metrics] Benchmark completed with overall score: 0.63
1788087314.790519237 INFO /performance_monitor [performance_monitor.py:381(PerformanceMonitor.benchmark_fps)] [topics: /performance/command, /performance/benchmark, /performance/alert, /diagnostic_status, /performance/benchmark_results, /rosout, /performance/metrics] Running FPS benchmark...
1788087319.794012069 INFO /performance_monitor [performance_monitor.py:414(PerformanceMonitor.benchmark_cpu)] [topics: /performance/command, /performance/benchmark, /performance/alert, /diagnostic_status, /performance/benchmark_results, /rosout, /performance/metrics] Running CPU benchmark...
1788087321.056542396 INFO /performance_monitor [performance_monitor.py:438(PerformanceMonitor.benchmark_memory)] [topics: /performance/command, /performance/benchmark, /performance/alert, /diagnostic_status, /performance/benchmark_results, /rosout, /performance/metrics] Running memory benchmark...
1788087321.807308197 INFO /performance_monitor [performance_monitor.py:474(PerformanceMonitor.benchmark_network)] [topics: /performance/command, /performance/benchmark, /performance/alert, /diagnostic_status, /performance/benchmark_results, /rosout, /performance/metrics] Running network benchmark...
1788087323.017002344 INFO /performance_monitor [performance_monitor.py:520(PerformanceMonitor.benchmark_application)] [topics: /performance/command, /performance/benchmark, /performance/alert, /diagnostic_status, /performance/benchmark_results, /rosout, /performance/metrics] Running application benchmark...
1788087323.080991268 INFO /performance_monitor [performance_monitor.py:373(PerformanceMonitor.run_benchmark)] [topics: /performance/command, /performance/benchmark, /performance/alert, /diagnostic_status, /performance/benchmark_results, /rosout, /performance/metrics] Benchmark completed with overall score: 0.63
1788087323.083018541 INFO /performance_monitor [performance_monitor.py:381(PerformanceMonitor.benchmark_fps)] [topics: /performance/command, /performance/benchmark, /performance/alert, /diagnostic_status, /performance/benchmark_results, /rosout, /performance/metrics] Running FPS benchmark...
1788087328.085463762 INFO /performance_monitor [performance_monitor.py:414(PerformanceMonitor.benchmark_cpu)] [topics: /performance/command, /performance/benchmark, /performance/alert, /diagnostic_status, /performance/benchmark_results, /rosout, /performance/metrics] Running CPU benchmark...
1788087329.399522542 INFO /performance_monitor [performance_monitor.py:438(PerformanceMonitor.benchmark_memory)] [topics: /performance/command, /performance/benchmark, /performance/alert, /diagnostic_status, /performance/benchmark_results, /rosout, /performance/metrics] Running memory benchmark...
1788087330.127327442 INFO /performance_monitor [performance_monitor.py:474(PerformanceMonitor.benchmark_network)] [topics: /performance/command, /performance/benchmark, /performance/alert, /diagnostic_status, /performance/benchmark_results, /rosout, /performance/metrics] Running network benchmark...
1788087331.368833541 INFO /performance_monitor [performance_monitor.py:520(PerformanceMonitor.benchmark_application)] [topics: /performance/command, /performance/benchmark, /performance/alert, /diagnostic_status, /performance/benchmark_results, /rosout, /performance/metrics] Running application benchmark...
1788087331.418871879 INFO /performance_monitor [performance_monitor.py:373(PerformanceMonitor.run_benchmark)] [topics: /performance/command, /performance/benchmark, /performance/alert, /diagnostic_status, /performance/benchmark_results, /rosout, /performance/metrics] Benchmark completed with overall score: 0.63
1788087331.420442104 INFO /performance_monitor [performance_monitor.py:381(PerformanceMonitor.benchmark_fps)] [topics: /performance/command, /performance/benchmark, /performance/alert, /diagnostic_status, /performance/benchmark_results, /rosout, /performance/metrics] Running FPS benchmark...
1788087336.423964500 INFO /performance_monitor [performance_monitor.py:414(PerformanceMonitor.benchmark_cpu)] [topics: /performance/command, /performance/benchmark, /performance/alert, /diagnostic_status, /performance/benchmark_results, /rosout, /performance/metrics] Running CPU benchmark...
1788087337.667970657 INFO /performance_monitor [performance_monitor.py:438(PerformanceMonitor.benchmark_memory)] [topics: /performance/command, /performance/benchmark, /performance/alert, /diagnostic_status, /performance/benchmark_results, /rosout, /performance/metrics] Running memory benchmark...
1788087338.368277311 INFO /performance_monitor [performance_monitor.py:474(PerformanceMonitor.benchmark_network)] [topics: /performance/command, /performance/benchmark, /performance/alert, /diagnostic_status, /performance/benchmark_results, /rosout, /performance/metrics] Running network benchmark...
1788087339.652924060 INFO /performance_monitor [performance_monitor.py:520(PerformanceMonitor.benchmark_application)] [topics: /performance/command, /performance/benchmark, /performance/alert, /diagnostic_status, /performance/benchmark_results, /rosout, /performance/metrics] Running application benchmark...
1788087339.701356649 INFO /performance_monitor [performance_monitor.py:373(PerformanceMonitor.run_benchmark)] [topics: /performance/command, /performance/benchmark, /performance/alert, /diagnostic_status, /performance/benchmark_results, /rosout, /performance/metrics] Benchmark completed with overall score: 0.63
1788087339.702680826 INFO /performance_monitor [performance_monitor.py:381(PerformanceMonitor.benchmark_fps)] [topics: /performance/command, /performance/benchmark, /performance/alert, /diagnostic_status, /performance/benchmark_results, /rosout, /performance/metrics] Running FPS benchmark...
1788087344.705266952 INFO /performance_monitor [performance_monitor.py:414(PerformanceMonitor.benchmark_cpu)] [topics: /performance/command, /performance/benchmark, /performance/alert, /diagnostic_status, /performance/benchmark_results, /rosout, /performance/metrics] Running CPU benchmark...
1788087345.944369316 INFO /performance_monitor [performance_monitor.py:438(PerformanceMonitor.benchmark_memory)] [topics: /performance/command, /performance/benchmark, /performance/alert, /diagnostic_status, /performance/benchmark_results, /rosout, /performance/metrics] Running memory benchmark...
1788087346.634551763 INFO /performance_monitor [performance_monitor.py:474(PerformanceMonitor.benchmark_network)] [topics: /performance/command, /performance/benchmark, /performance/alert, /diagnostic_status, /performance/benchmark_results, /rosout, /performance/metrics] Running network benchmark...
1788087347.896844863 INFO /performance_monitor [performance_monitor.py:520(PerformanceMonitor.benchmark_application)] [topics: /performance/command, /performance/benchmark, /performance/alert, /diagnostic_status, /performance/benchmark_results, /rosout, /performance/metrics] Running application benchmark...
1788087347.952987194 INFO /performance_monitor [performance_monitor.py:373(PerformanceMonitor.run_benchmark)] [topics: /performance/command, /performance/benchmark, /performance/alert, /diagnostic_status, /performance/benchmark_results, /rosout, /performance/metrics] Benchmark completed with overall score: 0.63
1788087347.954647064 INFO /performance_monitor [performance_monitor.py:381(PerformanceMonitor.benchmark_fps)] [topics: /performance/command, /performance/benchmark, /performance/alert, /diagnostic_status, /performance/benchmark_results, /rosout, /performance/metrics] Running FPS benchmark...
1788087352.958124637 INFO /performance_monitor [performance_monitor.py:414(PerformanceMonitor.benchmark_cpu)] [topics: /performance/command, /performance/benchmark, /performance/alert, /diagnostic_status, /performance/benchmark_results, /rosout, /performance/metrics] Running CPU benchmark...
1788087354.194843530 INFO /performance_monitor [performance_monitor.py:438(PerformanceMonitor.benchmark_memory)] [topics: /performance/command, /performance/benchmark, /performance/alert, /diagnostic_status, /performance/benchmark_results, /rosout, /performance/metrics] Running memory benchmark...
1788087354.880767583 INFO /performance_monitor [performance_monitor.py:474(PerformanceMonitor.benchmark_network)] [topics: /performance/command, /performance/benchmark, /performance/alert, /diagnostic_status, /performance/benchmark_results, /rosout, /performance/metrics] Running network benchmark...
1788087356.165868520 INFO /performance_monitor [performance_monitor.py:520(PerformanceMonitor.benchmark_application)] [topics: /performance/command, /performance/benchmark, /performance/alert, /diagnostic_status, /performance/benchmark_results, /rosout, /performance/metrics] Running application benchmark...
1788087356.216268777 INFO /performance_monitor [performance_monitor.py:373(PerformanceMonitor.run_benchmark)] [topics: /performance/command, /performance/benchmark, /performance/alert, /diagnostic_status, /performance/benchmark_results, /rosout, /performance/metrics] Benchmark completed with overall score: 0.63
1788087356.217743635 INFO /performance_monitor [performance_monitor.py:381(PerformanceMonitor.benchmark_fps)] [topics: /performance/command, /performance/benchmark, /performance/alert, /diagnostic_status, /performance/benchmark_results, /rosout, /performance/metrics] Running FPS benchmark...
1788087361.221423149 INFO /performance_monitor [performance_monitor.py:414(PerformanceMonitor.benchmark_cpu)] [topics: /performance/command, /performance/benchmark, /performance/alert, /diagnostic_status, /performance/benchmark_results, /rosout, /performance/metrics] Running CPU benchmark...
1788087362.494804143 INFO /performance_monitor [performance_monitor.py:438(PerformanceMonitor.benchmark_memory)] [topics: /performance/command, /performance/benchmark, /performance/alert, /diagnostic_status, /performance/benchmark_results, /rosout, /performance/metrics] Running memory benchmark...
1788087363.187557697 INFO /performance_monitor [performance_monitor.py:474(PerformanceMonitor.benchmark_network)] [topics: /performance/command, /performance/benchmark, /performance/alert, /diagnostic_status, /performance/benchmark_results, /rosout, /performance/metrics] Running network benchmark...
1788087364.538180589 INFO /performance_monitor [performance_monitor.py:520(PerformanceMonitor.benchmark_application)] [topics: /performance/command, /performance/benchmark, /performance/alert, /diagnostic_status, /performance/benchmark_results, /rosout, /performance/metrics] Running application benchmark...
1788087364.594603538 INFO /performance_monitor [performance_monitor.py:373(PerformanceMonitor.run_benchmark)] [topics: /performance/command, /performance/benchmark, /performance/alert, /diagnostic_status, /performance/benchmark_results, /rosout, /performance/metrics] Benchmark completed with overall score: 0.62
1788087364.598676443 INFO /performance_monitor [performance_monitor.py:381(PerformanceMonitor.benchmark_fps)] [topics: /performance/command, /performance/benchmark, /performance/alert, /diagnostic_status, /performance/benchmark_results, /rosout, /performance/metrics] Running FPS benchmark...
1788087369.601866960 INFO /performance_monitor [performance_monitor.py:414(PerformanceMonitor.benchmark_cpu)] [topics: /performance/command, /performance/benchmark, /performance/alert, /diagnostic_status, /performance/benchmark_results, /rosout, /performance/metrics] Running CPU benchmark...
1788087370.825142383 INFO /performance_monitor [performance_monitor.py:438(PerformanceMonitor.benchmark_memory)] [topics: /performance/command, /performance/benchmark, /performance/alert, /diagnostic_status, /performance/benchmark_results, /rosout, /performance/metrics] Running memory benchmark...
1788087371.506708145 INFO /performance_monitor [performance_monitor.py:474(PerformanceMonitor.benchmark_network)] [topics: /performance/command, /performance/benchmark, /performance/alert, /diagnostic_status, /performance/benchmark_results, /rosout, /performance/metrics] Running network benchmark...
1788087372.852495670 INFO /performance_monitor [performance_monitor.py:520(PerformanceMonitor.benchmark_application)] [topics: /performance/command, /performance/benchmark, /performance/alert, /diagnostic_status, /performance/benchmark_results, /rosout, /performance/metrics] Running application benchmark...
1788087372.905650138 INFO /performance_monitor [performance_monitor.py:373(PerformanceMonitor.run_benchmark)] [topics: /performance/command, /performance/benchmark, /performance/alert, /diagnostic_status, /performance/benchmark_results, /rosout, /performance/metrics] Benchmark completed with overall score: 0.62
1788087372.907041549 INFO /performance_monitor [performance_monitor.py:381(PerformanceMonitor.benchmark_fps)] [topics: /performance/command, /performance/benchmark, /performance/alert, /diagnostic_status, /performance/benchmark_results, /rosout, /performance/metrics] Running FPS benchmark...
1788087377.909793376 INFO /performance_monitor [performance_monitor.py:414(PerformanceMonitor.benchmark_cpu)] [topics: /performance/command, /performance/benchmark, /performance/alert, /diagnostic_status, /performance/benchmark_results, /rosout, /performance/metrics] Running CPU benchmark...
1788087379.145555257 INFO /performance_monitor [performance_monitor.py:438(PerformanceMonitor.benchmark_memory)] [topics: /performance/command, /performance/benchmark, /performance/alert, /diagnostic_status, /performance/benchmark_results, /rosout, /performance/metrics] Running memory benchmark...
1788087379.839942693 INFO /performance_monitor [performance_monitor.py:474(PerformanceMonitor.benchmark_network)] [topics: /performance/command, /performance/benchmark, /performance/alert, /diagnostic_status, /performance/benchmark_results, /rosout, /performance/metrics] Running network benchmark...
1788087381.164551496 INFO /performance_monitor [performance_monitor.py:520(PerformanceMonitor.benchmark_application)] [topics: /performance/command, /performance/benchmark, /performance/alert, /diagnostic_status, /performance/benchmark_results, /rosout, /performance/metrics] Running application benchmark...
1788087381.227179765 INFO /performance_monitor [performance_monitor.py:373(PerformanceMonitor.run_benchmark)] [topics: /performance/command, /performance/benchmark, /performance/alert, /diagnostic_status, /performance/benchmark_results, /rosout, /performance/metrics] Benchmark completed with overall score: 0.62
1788087381.228479862 INFO /performance_monitor [performance_monitor.py:381(PerformanceMonitor.benchmark_fps)] [topics: /performance/command, /performance/benchmark, /performance/alert, /diagnostic_status, /performance/benchmark_results, /rosout, /performance/metrics] Running FPS benchmark...
1788087386.230553865 INFO /performance_monitor [performance_monitor.py:414(PerformanceMonitor.benchmark_cpu)] [topics: /performance/command, /performance/benchmark, /performance/alert, /diagnostic_status, /performance/benchmark_results, /rosout, /performance/metrics] Running CPU benchmark...
1788087387.474067687 INFO /performance_monitor [performance_monitor.py:438(PerformanceMonitor.benchmark_memory)] [topics: /performance/command, /performance/benchmark, /performance/alert, /diagnostic_status, /performance/benchmark_results, /rosout, /performance/metrics] Running memory benchmark...
1788087388.166278362 INFO /performance_monitor [performance_monitor.py:474(PerformanceMonitor.benchmark_network)] [topics: /performance/command, /performance/benchmark, /performance/alert, /diagnostic_status, /performance/benchmark_results, /rosout, /performance/metrics] Running network benchmark...
1788087389.490936756 INFO /performance_monitor [performance_monitor.py:520(PerformanceMonitor.benchmark_application)] [topics: /performance/command, /performance/benchmark, /performance/alert, /diagnostic_status, /performance/benchmark_results, /rosout, /performance/metrics] Running application benchmark...
1788087389.551170587 INFO /performance_monitor [performance_monitor.py:373(PerformanceMonitor.run_benchmark)] [topics: /performance/command, /performance/benchmark, /performance/alert, /diagnostic_status, /performance/benchmark_results, /rosout, /performance/metrics] Benchmark completed with overall score: 0.62
1788087389.552524328 INFO /performance_monitor [performance_monitor.py:381(PerformanceMonitor.benchmark_fps)] [topics: /performance/command, /performance/benchmark, /performance/alert, /diagnostic_status, /performance/benchmark_results, /rosout, /performance/metrics] Running FPS benchmark...
1788090751.430087089 INFO /performance_monitor [performance_monitor.py:414(PerformanceMonitor.benchmark_cpu)] [topics: /performance/command, /performance/benchmark, /performance/alert, /diagnostic_status, /performance/benchmark_results, /rosout, /performance/metrics] Running CPU benchmark...
1788090751.678628444 WARN /health_checker [health_checker.py:90(HealthChecker._check_health)] [topics: /mission_manager/node_health, /command_interpreter/node_health, /safety_monitor/node_health, /target_tracking_controller/node_health, /yolo_detector/node_health, /rosout, /system_health, /vehicle_state_monitor/node_health] Unhealthy nodes: 5
1788090751.714163541 WARN /health_checker [health_checker.py:92(HealthChecker._check_health)] [topics: /mission_manager/node_health, /command_interpreter/node_health, /safety_monitor/node_health, /target_tracking_controller/node_health, /yolo_detector/node_health, /rosout, /system_health, /vehicle_state_monitor/node_health]   yolo_detector: Timeout (3359.1s)
1788090751.731286764 WARN /health_checker [health_checker.py:92(HealthChecker._check_health)] [topics: /mission_manager/node_health, /command_interpreter/node_health, /safety_monitor/node_health, /target_tracking_controller/node_health, /yolo_detector/node_health, /rosout, /system_health, /vehicle_state_monitor/node_health]   target_tracking_controller: Timeout (3359.0s)
1788090751.797740459 WARN /health_checker [health_checker.py:92(HealthChecker._check_health)] [topics: /mission_manager/node_health, /command_interpreter/node_health, /safety_monitor/node_health, /target_tracking_controller/node_health, /yolo_detector/node_health, /rosout, /system_health, /vehicle_state_monitor/node_health]   vehicle_state_monitor: Timeout (3358.5s)
1788090751.825736999 WARN /health_checker [health_checker.py:92(HealthChecker._check_health)] [topics: /mission_manager/node_health, /command_interpreter/node_health, /safety_monitor/node_health, /target_tracking_controller/node_health, /yolo_detector/node_health, /rosout, /system_health, /vehicle_state_monitor/node_health]   safety_monitor: Timeout (3358.5s)
1788090751.829881191 WARN /health_checker [health_checker.py:92(HealthChecker._check_health)] [topics: /mission_manager/node_health, /command_interpreter/node_health, /safety_monitor/node_health, /target_tracking_controller/node_health, /yolo_detector/node_health, /rosout, /system_health, /vehicle_state_monitor/node_health]   command_interpreter: Timeout (3358.8s)
1788090751.834927558 WARN /health_checker [health_checker.py:90(HealthChecker._check_health)] [topics: /mission_manager/node_health, /command_interpreter/node_health, /safety_monitor/node_health, /target_tracking_controller/node_health, /yolo_detector/node_health, /rosout, /system_health, /vehicle_state_monitor/node_health] Unhealthy nodes: 3
1788090751.847840309 WARN /health_checker [health_checker.py:92(HealthChecker._check_health)] [topics: /mission_manager/node_health, /command_interpreter/node_health, /safety_monitor/node_health, /target_tracking_controller/node_health, /yolo_detector/node_health, /rosout, /system_health, /vehicle_state_monitor/node_health]   vehicle_state_monitor: Timeout (3358.7s)
1788090751.862965106 WARN /health_checker [health_checker.py:92(HealthChecker._check_health)] [topics: /mission_manager/node_health, /command_interpreter/node_health, /safety_monitor/node_health, /target_tracking_controller/node_health, /yolo_detector/node_health, /rosout, /system_health, /vehicle_state_monitor/node_health]   safety_monitor: Timeout (3358.7s)
1788090751.880395174 WARN /health_checker [health_checker.py:92(HealthChecker._check_health)] [topics: /mission_manager/node_health, /command_interpreter/node_health, /safety_monitor/node_health, /target_tracking_controller/node_health, /yolo_detector/node_health, /rosout, /system_health, /vehicle_state_monitor/node_health]   command_interpreter: Timeout (3359.0s)
1788090754.272354841 INFO /performance_monitor [performance_monitor.py:438(PerformanceMonitor.benchmark_memory)] [topics: /performance/command, /performance/benchmark, /performance/alert, /diagnostic_status, /performance/benchmark_results, /rosout, /performance/metrics] Running memory benchmark...
1788090755.628186225 INFO /performance_monitor [performance_monitor.py:474(PerformanceMonitor.benchmark_network)] [topics: /performance/command, /performance/benchmark, /performance/alert, /diagnostic_status, /performance/benchmark_results, /rosout, /performance/metrics] Running network benchmark...
1788090756.854867935 INFO /performance_monitor [performance_monitor.py:520(PerformanceMonitor.benchmark_application)] [topics: /performance/command, /performance/benchmark, /performance/alert, /diagnostic_status, /performance/benchmark_results, /rosout, /performance/metrics] Running application benchmark...
1788090756.909461498 INFO /performance_monitor [performance_monitor.py:373(PerformanceMonitor.run_benchmark)] [topics: /performance/command, /performance/benchmark, /performance/alert, /diagnostic_status, /performance/benchmark_results, /rosout, /performance/metrics] Benchmark completed with overall score: 0.43
1788090756.912478685 INFO /performance_monitor [performance_monitor.py:381(PerformanceMonitor.benchmark_fps)] [topics: /performance/command, /performance/benchmark, /performance/alert, /diagnostic_status, /performance/benchmark_results, /rosout, /performance/metrics] Running FPS benchmark...
1788090761.915385484 INFO /performance_monitor [performance_monitor.py:414(PerformanceMonitor.benchmark_cpu)] [topics: /performance/command, /performance/benchmark, /performance/alert, /diagnostic_status, /performance/benchmark_results, /rosout, /performance/metrics] Running CPU benchmark...
1788090763.148322820 INFO /performance_monitor [performance_monitor.py:438(PerformanceMonitor.benchmark_memory)] [topics: /performance/command, /performance/benchmark, /performance/alert, /diagnostic_status, /performance/benchmark_results, /rosout, /performance/metrics] Running memory benchmark...
1788090763.836863040 INFO /performance_monitor [performance_monitor.py:474(PerformanceMonitor.benchmark_network)] [topics: /performance/command, /performance/benchmark, /performance/alert, /diagnostic_status, /performance/benchmark_results, /rosout, /performance/metrics] Running network benchmark...
1788090765.095184087 INFO /performance_monitor [performance_monitor.py:520(PerformanceMonitor.benchmark_application)] [topics: /performance/command, /performance/benchmark, /performance/alert, /diagnostic_status, /performance/benchmark_results, /rosout, /performance/metrics] Running application benchmark...
1788090765.152306318 INFO /performance_monitor [performance_monitor.py:373(PerformanceMonitor.run_benchmark)] [topics: /performance/command, /performance/benchmark, /performance/alert, /diagnostic_status, /performance/benchmark_results, /rosout, /performance/metrics] Benchmark completed with overall score: 0.63
1788090765.154650926 INFO /performance_monitor [performance_monitor.py:381(PerformanceMonitor.benchmark_fps)] [topics: /performance/command, /performance/benchmark, /performance/alert, /diagnostic_status, /performance/benchmark_results, /rosout, /performance/metrics] Running FPS benchmark...
1788090770.159862995 INFO /performance_monitor [performance_monitor.py:414(PerformanceMonitor.benchmark_cpu)] [topics: /performance/command, /performance/benchmark, /performance/alert, /diagnostic_status, /performance/benchmark_results, /rosout, /performance/metrics] Running CPU benchmark...
1788090771.398503541 INFO /performance_monitor [performance_monitor.py:438(PerformanceMonitor.benchmark_memory)] [topics: /performance/command, /performance/benchmark, /performance/alert, /diagnostic_status, /performance/benchmark_results, /rosout, /performance/metrics] Running memory benchmark...
1788090772.088215589 INFO /performance_monitor [performance_monitor.py:474(PerformanceMonitor.benchmark_network)] [topics: /performance/command, /performance/benchmark, /performance/alert, /diagnostic_status, /performance/benchmark_results, /rosout, /performance/metrics] Running network benchmark...
1788090773.416267156 INFO /performance_monitor [performance_monitor.py:520(PerformanceMonitor.benchmark_application)] [topics: /performance/command, /performance/benchmark, /performance/alert, /diagnostic_status, /performance/benchmark_results, /rosout, /performance/metrics] Running application benchmark...
1788090773.471099615 INFO /performance_monitor [performance_monitor.py:373(PerformanceMonitor.run_benchmark)] [topics: /performance/command, /performance/benchmark, /performance/alert, /diagnostic_status, /performance/benchmark_results, /rosout, /performance/metrics] Benchmark completed with overall score: 0.62
1788090773.472518205 INFO /performance_monitor [performance_monitor.py:381(PerformanceMonitor.benchmark_fps)] [topics: /performance/command, /performance/benchmark, /performance/alert, /diagnostic_status, /performance/benchmark_results, /rosout, /performance/metrics] Running FPS benchmark...
1788090778.520805835 INFO /performance_monitor [performance_monitor.py:414(PerformanceMonitor.benchmark_cpu)] [topics: /performance/command, /performance/benchmark, /performance/alert, /diagnostic_status, /performance/benchmark_results, /rosout, /performance/metrics] Running CPU benchmark...
1788090779.790981292 INFO /performance_monitor [performance_monitor.py:438(PerformanceMonitor.benchmark_memory)] [topics: /performance/command, /performance/benchmark, /performance/alert, /diagnostic_status, /performance/benchmark_results, /rosout, /performance/metrics] Running memory benchmark...
1788090780.470865726 INFO /performance_monitor [performance_monitor.py:474(PerformanceMonitor.benchmark_network)] [topics: /performance/command, /performance/benchmark, /performance/alert, /diagnostic_status, /performance/benchmark_results, /rosout, /performance/metrics] Running network benchmark...
1788090781.811429738 INFO /performance_monitor [performance_monitor.py:520(PerformanceMonitor.benchmark_application)] [topics: /performance/command, /performance/benchmark, /performance/alert, /diagnostic_status, /performance/benchmark_results, /rosout, /performance/metrics] Running application benchmark...
1788090781.867161035 INFO /performance_monitor [performance_monitor.py:373(PerformanceMonitor.run_benchmark)] [topics: /performance/command, /performance/benchmark, /performance/alert, /diagnostic_status, /performance/benchmark_results, /rosout, /performance/metrics] Benchmark completed with overall score: 0.62
1788090781.868710994 INFO /performance_monitor [performance_monitor.py:381(PerformanceMonitor.benchmark_fps)] [topics: /performance/command, /performance/benchmark, /performance/alert, /diagnostic_status, /performance/benchmark_results, /rosout, /performance/metrics] Running FPS benchmark...
1788090786.870855569 INFO /performance_monitor [performance_monitor.py:414(PerformanceMonitor.benchmark_cpu)] [topics: /performance/command, /performance/benchmark, /performance/alert, /diagnostic_status, /performance/benchmark_results, /rosout, /performance/metrics] Running CPU benchmark...
1788090788.105081796 INFO /performance_monitor [performance_monitor.py:438(PerformanceMonitor.benchmark_memory)] [topics: /performance/command, /performance/benchmark, /performance/alert, /diagnostic_status, /performance/benchmark_results, /rosout, /performance/metrics] Running memory benchmark...
1788090788.797976493 INFO /performance_monitor [performance_monitor.py:474(PerformanceMonitor.benchmark_network)] [topics: /performance/command, /performance/benchmark, /performance/alert, /diagnostic_status, /performance/benchmark_results, /rosout, /performance/metrics] Running network benchmark...
1788090790.120685338 INFO /performance_monitor [performance_monitor.py:520(PerformanceMonitor.benchmark_application)] [topics: /performance/command, /performance/benchmark, /performance/alert, /diagnostic_status, /performance/benchmark_results, /rosout, /performance/metrics] Running application benchmark...
1788090790.177740573 INFO /performance_monitor [performance_monitor.py:373(PerformanceMonitor.run_benchmark)] [topics: /performance/command, /performance/benchmark, /performance/alert, /diagnostic_status, /performance/benchmark_results, /rosout, /performance/metrics] Benchmark completed with overall score: 0.62
1788090790.179054737 INFO /performance_monitor [performance_monitor.py:381(PerformanceMonitor.benchmark_fps)] [topics: /performance/command, /performance/benchmark, /performance/alert, /diagnostic_status, /performance/benchmark_results, /rosout, /performance/metrics] Running FPS benchmark...
1788090795.181656837 INFO /performance_monitor [performance_monitor.py:414(PerformanceMonitor.benchmark_cpu)] [topics: /performance/command, /performance/benchmark, /performance/alert, /diagnostic_status, /performance/benchmark_results, /rosout, /performance/metrics] Running CPU benchmark...
1788090796.440772294 INFO /performance_monitor [performance_monitor.py:438(PerformanceMonitor.benchmark_memory)] [topics: /performance/command, /performance/benchmark, /performance/alert, /diagnostic_status, /performance/benchmark_results, /rosout, /performance/metrics] Running memory benchmark...
1788090797.156378507 INFO /performance_monitor [performance_monitor.py:474(PerformanceMonitor.benchmark_network)] [topics: /performance/command, /performance/benchmark, /performance/alert, /diagnostic_status, /performance/benchmark_results, /rosout, /performance/metrics] Running network benchmark...
1788090798.477330923 INFO /performance_monitor [performance_monitor.py:520(PerformanceMonitor.benchmark_application)] [topics: /performance/command, /performance/benchmark, /performance/alert, /diagnostic_status, /performance/benchmark_results, /rosout, /performance/metrics] Running application benchmark...
1788090798.526444196 INFO /performance_monitor [performance_monitor.py:373(PerformanceMonitor.run_benchmark)] [topics: /performance/command, /performance/benchmark, /performance/alert, /diagnostic_status, /performance/benchmark_results, /rosout, /performance/metrics] Benchmark completed with overall score: 0.62
1788090798.527864694 INFO /performance_monitor [performance_monitor.py:381(PerformanceMonitor.benchmark_fps)] [topics: /performance/command, /performance/benchmark, /performance/alert, /diagnostic_status, /performance/benchmark_results, /rosout, /performance/metrics] Running FPS benchmark...
1788090803.531459093 INFO /performance_monitor [performance_monitor.py:414(PerformanceMonitor.benchmark_cpu)] [topics: /performance/command, /performance/benchmark, /performance/alert, /diagnostic_status, /performance/benchmark_results, /rosout, /performance/metrics] Running CPU benchmark...
1788090804.772585630 INFO /performance_monitor [performance_monitor.py:438(PerformanceMonitor.benchmark_memory)] [topics: /performance/command, /performance/benchmark, /performance/alert, /diagnostic_status, /performance/benchmark_results, /rosout, /performance/metrics] Running memory benchmark...
1788090805.455959558 INFO /performance_monitor [performance_monitor.py:474(PerformanceMonitor.benchmark_network)] [topics: /performance/command, /performance/benchmark, /performance/alert, /diagnostic_status, /performance/benchmark_results, /rosout, /performance/metrics] Running network benchmark...
1788090806.710813522 INFO /performance_monitor [performance_monitor.py:520(PerformanceMonitor.benchmark_application)] [topics: /performance/command, /performance/benchmark, /performance/alert, /diagnostic_status, /performance/benchmark_results, /rosout, /performance/metrics] Running application benchmark...
1788090806.759370565 INFO /performance_monitor [performance_monitor.py:373(PerformanceMonitor.run_benchmark)] [topics: /performance/command, /performance/benchmark, /performance/alert, /diagnostic_status, /performance/benchmark_results, /rosout, /performance/metrics] Benchmark completed with overall score: 0.63
1788090806.760832071 INFO /performance_monitor [performance_monitor.py:381(PerformanceMonitor.benchmark_fps)] [topics: /performance/command, /performance/benchmark, /performance/alert, /diagnostic_status, /performance/benchmark_results, /rosout, /performance/metrics] Running FPS benchmark...
1788090811.763806581 INFO /performance_monitor [performance_monitor.py:414(PerformanceMonitor.benchmark_cpu)] [topics: /performance/command, /performance/benchmark, /performance/alert, /diagnostic_status, /performance/benchmark_results, /rosout, /performance/metrics] Running CPU benchmark...
1788090812.995114088 INFO /performance_monitor [performance_monitor.py:438(PerformanceMonitor.benchmark_memory)] [topics: /performance/command, /performance/benchmark, /performance/alert, /diagnostic_status, /performance/benchmark_results, /rosout, /performance/metrics] Running memory benchmark...
1788090813.686566352 INFO /performance_monitor [performance_monitor.py:474(PerformanceMonitor.benchmark_network)] [topics: /performance/command, /performance/benchmark, /performance/alert, /diagnostic_status, /performance/benchmark_results, /rosout, /performance/metrics] Running network benchmark...
1788090815.001026868 INFO /performance_monitor [performance_monitor.py:520(PerformanceMonitor.benchmark_application)] [topics: /performance/command, /performance/benchmark, /performance/alert, /diagnostic_status, /performance/benchmark_results, /rosout, /performance/metrics] Running application benchmark...
1788090815.055221796 INFO /performance_monitor [performance_monitor.py:373(PerformanceMonitor.run_benchmark)] [topics: /performance/command, /performance/benchmark, /performance/alert, /diagnostic_status, /performance/benchmark_results, /rosout, /performance/metrics] Benchmark completed with overall score: 0.62
1788090815.057670593 INFO /performance_monitor [performance_monitor.py:381(PerformanceMonitor.benchmark_fps)] [topics: /performance/command, /performance/benchmark, /performance/alert, /diagnostic_status, /performance/benchmark_results, /rosout, /performance/metrics] Running FPS benchmark...
1788108637.192845344 INFO /performance_monitor [performance_monitor.py:414(PerformanceMonitor.benchmark_cpu)] [topics: /performance/command, /performance/benchmark, /performance/alert, /diagnostic_status, /performance/benchmark_results, /rosout, /performance/metrics] Running CPU benchmark...
1788108642.740800619 INFO /performance_monitor [performance_monitor.py:438(PerformanceMonitor.benchmark_memory)] [topics: /performance/command, /performance/benchmark, /performance/alert, /diagnostic_status, /performance/benchmark_results, /rosout, /performance/metrics] Running memory benchmark...
1788108644.153902530 INFO /performance_monitor [performance_monitor.py:474(PerformanceMonitor.benchmark_network)] [topics: /performance/command, /performance/benchmark, /performance/alert, /diagnostic_status, /performance/benchmark_results, /rosout, /performance/metrics] Running network benchmark...
1788108645.361616134 INFO /performance_monitor [performance_monitor.py:520(PerformanceMonitor.benchmark_application)] [topics: /performance/command, /performance/benchmark, /performance/alert, /diagnostic_status, /performance/benchmark_results, /rosout, /performance/metrics] Running application benchmark...
1788108645.416603803 INFO /performance_monitor [performance_monitor.py:373(PerformanceMonitor.run_benchmark)] [topics: /performance/command, /performance/benchmark, /performance/alert, /diagnostic_status, /performance/benchmark_results, /rosout, /performance/metrics] Benchmark completed with overall score: 0.43
1788108645.417883157 INFO /performance_monitor [performance_monitor.py:381(PerformanceMonitor.benchmark_fps)] [topics: /performance/command, /performance/benchmark, /performance/alert, /diagnostic_status, /performance/benchmark_results, /rosout, /performance/metrics] Running FPS benchmark...
1788108650.421715259 INFO /performance_monitor [performance_monitor.py:414(PerformanceMonitor.benchmark_cpu)] [topics: /performance/command, /performance/benchmark, /performance/alert, /diagnostic_status, /performance/benchmark_results, /rosout, /performance/metrics] Running CPU benchmark...
1788108651.739824533 INFO /performance_monitor [performance_monitor.py:438(PerformanceMonitor.benchmark_memory)] [topics: /performance/command, /performance/benchmark, /performance/alert, /diagnostic_status, /performance/benchmark_results, /rosout, /performance/metrics] Running memory benchmark...
1788108652.591933965 INFO /performance_monitor [performance_monitor.py:474(PerformanceMonitor.benchmark_network)] [topics: /performance/command, /performance/benchmark, /performance/alert, /diagnostic_status, /performance/benchmark_results, /rosout, /performance/metrics] Running network benchmark...
1788108653.797918319 INFO /performance_monitor [performance_monitor.py:520(PerformanceMonitor.benchmark_application)] [topics: /performance/command, /performance/benchmark, /performance/alert, /diagnostic_status, /performance/benchmark_results, /rosout, /performance/metrics] Running application benchmark...
1788108653.853189945 INFO /performance_monitor [performance_monitor.py:373(PerformanceMonitor.run_benchmark)] [topics: /performance/command, /performance/benchmark, /performance/alert, /diagnostic_status, /performance/benchmark_results, /rosout, /performance/metrics] Benchmark completed with overall score: 0.63
1788108653.855057954 INFO /performance_monitor [performance_monitor.py:381(PerformanceMonitor.benchmark_fps)] [topics: /performance/command, /performance/benchmark, /performance/alert, /diagnostic_status, /performance/benchmark_results, /rosout, /performance/metrics] Running FPS benchmark...
1788108658.858621835 INFO /performance_monitor [performance_monitor.py:414(PerformanceMonitor.benchmark_cpu)] [topics: /performance/command, /performance/benchmark, /performance/alert, /diagnostic_status, /performance/benchmark_results, /rosout, /performance/metrics] Running CPU benchmark...
1788108660.135025739 INFO /performance_monitor [performance_monitor.py:438(PerformanceMonitor.benchmark_memory)] [topics: /performance/command, /performance/benchmark, /performance/alert, /diagnostic_status, /performance/benchmark_results, /rosout, /performance/metrics] Running memory benchmark...
1788108660.853715181 INFO /performance_monitor [performance_monitor.py:474(PerformanceMonitor.benchmark_network)] [topics: /performance/command, /performance/benchmark, /performance/alert, /diagnostic_status, /performance/benchmark_results, /rosout, /performance/metrics] Running network benchmark...
1788108662.052787542 INFO /performance_monitor [performance_monitor.py:520(PerformanceMonitor.benchmark_application)] [topics: /performance/command, /performance/benchmark, /performance/alert, /diagnostic_status, /performance/benchmark_results, /rosout, /performance/metrics] Running application benchmark...
1788108662.102644443 INFO /performance_monitor [performance_monitor.py:373(PerformanceMonitor.run_benchmark)] [topics: /performance/command, /performance/benchmark, /performance/alert, /diagnostic_status, /performance/benchmark_results, /rosout, /performance/metrics] Benchmark completed with overall score: 0.63
1788108662.105224370 INFO /performance_monitor [performance_monitor.py:381(PerformanceMonitor.benchmark_fps)] [topics: /performance/command, /performance/benchmark, /performance/alert, /diagnostic_status, /performance/benchmark_results, /rosout, /performance/metrics] Running FPS benchmark...
1788108667.109178781 INFO /performance_monitor [performance_monitor.py:414(PerformanceMonitor.benchmark_cpu)] [topics: /performance/command, /performance/benchmark, /performance/alert, /diagnostic_status, /performance/benchmark_results, /rosout, /performance/metrics] Running CPU benchmark...
1788108668.356689929 INFO /performance_monitor [performance_monitor.py:438(PerformanceMonitor.benchmark_memory)] [topics: /performance/command, /performance/benchmark, /performance/alert, /diagnostic_status, /performance/benchmark_results, /rosout, /performance/metrics] Running memory benchmark...
1788108669.047879695 INFO /performance_monitor [performance_monitor.py:474(PerformanceMonitor.benchmark_network)] [topics: /performance/command, /performance/benchmark, /performance/alert, /diagnostic_status, /performance/benchmark_results, /rosout, /performance/metrics] Running network benchmark...
1788108670.242600440 INFO /performance_monitor [performance_monitor.py:520(PerformanceMonitor.benchmark_application)] [topics: /performance/command, /performance/benchmark, /performance/alert, /diagnostic_status, /performance/benchmark_results, /rosout, /performance/metrics] Running application benchmark...
1788108670.290230512 INFO /performance_monitor [performance_monitor.py:373(PerformanceMonitor.run_benchmark)] [topics: /performance/command, /performance/benchmark, /performance/alert, /diagnostic_status, /performance/benchmark_results, /rosout, /performance/metrics] Benchmark completed with overall score: 0.63
1788108670.291611433 INFO /performance_monitor [performance_monitor.py:381(PerformanceMonitor.benchmark_fps)] [topics: /performance/command, /performance/benchmark, /performance/alert, /diagnostic_status, /performance/benchmark_results, /rosout, /performance/metrics] Running FPS benchmark...
1788108675.294851064 INFO /performance_monitor [performance_monitor.py:414(PerformanceMonitor.benchmark_cpu)] [topics: /performance/command, /performance/benchmark, /performance/alert, /diagnostic_status, /performance/benchmark_results, /rosout, /performance/metrics] Running CPU benchmark...
1788108676.576638460 INFO /performance_monitor [performance_monitor.py:438(PerformanceMonitor.benchmark_memory)] [topics: /performance/command, /performance/benchmark, /performance/alert, /diagnostic_status, /performance/benchmark_results, /rosout, /performance/metrics] Running memory benchmark...
1788108677.278479814 INFO /performance_monitor [performance_monitor.py:474(PerformanceMonitor.benchmark_network)] [topics: /performance/command, /performance/benchmark, /performance/alert, /diagnostic_status, /performance/benchmark_results, /rosout, /performance/metrics] Running network benchmark...
1788108678.435467243 INFO /performance_monitor [performance_monitor.py:520(PerformanceMonitor.benchmark_application)] [topics: /performance/command, /performance/benchmark, /performance/alert, /diagnostic_status, /performance/benchmark_results, /rosout, /performance/metrics] Running application benchmark...
1788108678.498283147 INFO /performance_monitor [performance_monitor.py:373(PerformanceMonitor.run_benchmark)] [topics: /performance/command, /performance/benchmark, /performance/alert, /diagnostic_status, /performance/benchmark_results, /rosout, /performance/metrics] Benchmark completed with overall score: 0.63
1788108678.520738363 INFO /performance_monitor [performance_monitor.py:381(PerformanceMonitor.benchmark_fps)] [topics: /performance/command, /performance/benchmark, /performance/alert, /diagnostic_status, /performance/benchmark_results, /rosout, /performance/metrics] Running FPS benchmark...
1788108683.523630380 INFO /performance_monitor [performance_monitor.py:414(PerformanceMonitor.benchmark_cpu)] [topics: /performance/command, /performance/benchmark, /performance/alert, /diagnostic_status, /performance/benchmark_results, /rosout, /performance/metrics] Running CPU benchmark...
1788108684.776481389 INFO /performance_monitor [performance_monitor.py:438(PerformanceMonitor.benchmark_memory)] [topics: /performance/command, /performance/benchmark, /performance/alert, /diagnostic_status, /performance/benchmark_results, /rosout, /performance/metrics] Running memory benchmark...
1788108685.462447643 INFO /performance_monitor [performance_monitor.py:474(PerformanceMonitor.benchmark_network)] [topics: /performance/command, /performance/benchmark, /performance/alert, /diagnostic_status, /performance/benchmark_results, /rosout, /performance/metrics] Running network benchmark...
1788108686.653688430 INFO /performance_monitor [performance_monitor.py:520(PerformanceMonitor.benchmark_application)] [topics: /performance/command, /performance/benchmark, /performance/alert, /diagnostic_status, /performance/benchmark_results, /rosout, /performance/metrics] Running application benchmark...
1788108686.706602096 INFO /performance_monitor [performance_monitor.py:373(PerformanceMonitor.run_benchmark)] [topics: /performance/command, /performance/benchmark, /performance/alert, /diagnostic_status, /performance/benchmark_results, /rosout, /performance/metrics] Benchmark completed with overall score: 0.63
1788108686.708163499 INFO /performance_monitor [performance_monitor.py:381(PerformanceMonitor.benchmark_fps)] [topics: /performance/command, /performance/benchmark, /performance/alert, /diagnostic_status, /performance/benchmark_results, /rosout, /performance/metrics] Running FPS benchmark...
1788108691.711680173 INFO /performance_monitor [performance_monitor.py:414(PerformanceMonitor.benchmark_cpu)] [topics: /performance/command, /performance/benchmark, /performance/alert, /diagnostic_status, /performance/benchmark_results, /rosout, /performance/metrics] Running CPU benchmark...
1788108692.980362892 INFO /performance_monitor [performance_monitor.py:438(PerformanceMonitor.benchmark_memory)] [topics: /performance/command, /performance/benchmark, /performance/alert, /diagnostic_status, /performance/benchmark_results, /rosout, /performance/metrics] Running memory benchmark...
1788108693.669811010 INFO /performance_monitor [performance_monitor.py:474(PerformanceMonitor.benchmark_network)] [topics: /performance/command, /performance/benchmark, /performance/alert, /diagnostic_status, /performance/benchmark_results, /rosout, /performance/metrics] Running network benchmark...
1788108694.872584104 INFO /performance_monitor [performance_monitor.py:520(PerformanceMonitor.benchmark_application)] [topics: /performance/command, /performance/benchmark, /performance/alert, /diagnostic_status, /performance/benchmark_results, /rosout, /performance/metrics] Running application benchmark...
1788108694.927071571 INFO /performance_monitor [performance_monitor.py:373(PerformanceMonitor.run_benchmark)] [topics: /performance/command, /performance/benchmark, /performance/alert, /diagnostic_status, /performance/benchmark_results, /rosout, /performance/metrics] Benchmark completed with overall score: 0.63
1788108694.928633451 INFO /performance_monitor [performance_monitor.py:381(PerformanceMonitor.benchmark_fps)] [topics: /performance/command, /performance/benchmark, /performance/alert, /diagnostic_status, /performance/benchmark_results, /rosout, /performance/metrics] Running FPS benchmark...
1788108699.931412220 INFO /performance_monitor [performance_monitor.py:414(PerformanceMonitor.benchmark_cpu)] [topics: /performance/command, /performance/benchmark, /performance/alert, /diagnostic_status, /performance/benchmark_results, /rosout, /performance/metrics] Running CPU benchmark...
1788108701.198273420 INFO /performance_monitor [performance_monitor.py:438(PerformanceMonitor.benchmark_memory)] [topics: /performance/command, /performance/benchmark, /performance/alert, /diagnostic_status, /performance/benchmark_results, /rosout, /performance/metrics] Running memory benchmark...
1788108701.897859096 INFO /performance_monitor [performance_monitor.py:474(PerformanceMonitor.benchmark_network)] [topics: /performance/command, /performance/benchmark, /performance/alert, /diagnostic_status, /performance/benchmark_results, /rosout, /performance/metrics] Running network benchmark...
1788108703.047604084 INFO /performance_monitor [performance_monitor.py:520(PerformanceMonitor.benchmark_application)] [topics: /performance/command, /performance/benchmark, /performance/alert, /diagnostic_status, /performance/benchmark_results, /rosout, /performance/metrics] Running application benchmark...
1788108703.106813669 INFO /performance_monitor [performance_monitor.py:373(PerformanceMonitor.run_benchmark)] [topics: /performance/command, /performance/benchmark, /performance/alert, /diagnostic_status, /performance/benchmark_results, /rosout, /performance/metrics] Benchmark completed with overall score: 0.63
1788108703.108747720 INFO /performance_monitor [performance_monitor.py:381(PerformanceMonitor.benchmark_fps)] [topics: /performance/command, /performance/benchmark, /performance/alert, /diagnostic_status, /performance/benchmark_results, /rosout, /performance/metrics] Running FPS benchmark...
1788108708.112301588 INFO /performance_monitor [performance_monitor.py:414(PerformanceMonitor.benchmark_cpu)] [topics: /performance/command, /performance/benchmark, /performance/alert, /diagnostic_status, /performance/benchmark_results, /rosout, /performance/metrics] Running CPU benchmark...
1788108709.360586166 INFO /performance_monitor [performance_monitor.py:438(PerformanceMonitor.benchmark_memory)] [topics: /performance/command, /performance/benchmark, /performance/alert, /diagnostic_status, /performance/benchmark_results, /rosout, /performance/metrics] Running memory benchmark...
1788108710.045106649 INFO /performance_monitor [performance_monitor.py:474(PerformanceMonitor.benchmark_network)] [topics: /performance/command, /performance/benchmark, /performance/alert, /diagnostic_status, /performance/benchmark_results, /rosout, /performance/metrics] Running network benchmark...
1788108711.246823310 INFO /performance_monitor [performance_monitor.py:520(PerformanceMonitor.benchmark_application)] [topics: /performance/command, /performance/benchmark, /performance/alert, /diagnostic_status, /performance/benchmark_results, /rosout, /performance/metrics] Running application benchmark...
1788108711.303664207 INFO /performance_monitor [performance_monitor.py:373(PerformanceMonitor.run_benchmark)] [topics: /performance/command, /performance/benchmark, /performance/alert, /diagnostic_status, /performance/benchmark_results, /rosout, /performance/metrics] Benchmark completed with overall score: 0.63
1788108711.305655956 INFO /performance_monitor [performance_monitor.py:381(PerformanceMonitor.benchmark_fps)] [topics: /performance/command, /performance/benchmark, /performance/alert, /diagnostic_status, /performance/benchmark_results, /rosout, /performance/metrics] Running FPS benchmark...
1788108716.308410167 INFO /performance_monitor [performance_monitor.py:414(PerformanceMonitor.benchmark_cpu)] [topics: /performance/command, /performance/benchmark, /performance/alert, /diagnostic_status, /performance/benchmark_results, /rosout, /performance/metrics] Running CPU benchmark...
1788108717.568150758 INFO /performance_monitor [performance_monitor.py:438(PerformanceMonitor.benchmark_memory)] [topics: /performance/command, /performance/benchmark, /performance/alert, /diagnostic_status, /performance/benchmark_results, /rosout, /performance/metrics] Running memory benchmark...
1788108718.257739305 INFO /performance_monitor [performance_monitor.py:474(PerformanceMonitor.benchmark_network)] [topics: /performance/command, /performance/benchmark, /performance/alert, /diagnostic_status, /performance/benchmark_results, /rosout, /performance/metrics] Running network benchmark...
1788108719.464481830 INFO /performance_monitor [performance_monitor.py:520(PerformanceMonitor.benchmark_application)] [topics: /performance/command, /performance/benchmark, /performance/alert, /diagnostic_status, /performance/benchmark_results, /rosout, /performance/metrics] Running application benchmark...
1788108719.512527942 INFO /performance_monitor [performance_monitor.py:373(PerformanceMonitor.run_benchmark)] [topics: /performance/command, /performance/benchmark, /performance/alert, /diagnostic_status, /performance/benchmark_results, /rosout, /performance/metrics] Benchmark completed with overall score: 0.63
1788108719.513726949 INFO /performance_monitor [performance_monitor.py:381(PerformanceMonitor.benchmark_fps)] [topics: /performance/command, /performance/benchmark, /performance/alert, /diagnostic_status, /performance/benchmark_results, /rosout, /performance/metrics] Running FPS benchmark...
1788108724.517865180 INFO /performance_monitor [performance_monitor.py:414(PerformanceMonitor.benchmark_cpu)] [topics: /performance/command, /performance/benchmark, /performance/alert, /diagnostic_status, /performance/benchmark_results, /rosout, /performance/metrics] Running CPU benchmark...
1788108725.890062808 INFO /performance_monitor [performance_monitor.py:438(PerformanceMonitor.benchmark_memory)] [topics: /performance/command, /performance/benchmark, /performance/alert, /diagnostic_status, /performance/benchmark_results, /rosout, /performance/metrics] Running memory benchmark...
1788108726.583467721 INFO /performance_monitor [performance_monitor.py:474(PerformanceMonitor.benchmark_network)] [topics: /performance/command, /performance/benchmark, /performance/alert, /diagnostic_status, /performance/benchmark_results, /rosout, /performance/metrics] Running network benchmark...
1788108727.766706705 INFO /performance_monitor [performance_monitor.py:520(PerformanceMonitor.benchmark_application)] [topics: /performance/command, /performance/benchmark, /performance/alert, /diagnostic_status, /performance/benchmark_results, /rosout, /performance/metrics] Running application benchmark...
1788108727.824100255 INFO /performance_monitor [performance_monitor.py:373(PerformanceMonitor.run_benchmark)] [topics: /performance/command, /performance/benchmark, /performance/alert, /diagnostic_status, /performance/benchmark_results, /rosout, /performance/metrics] Benchmark completed with overall score: 0.63
1788108727.827055215 INFO /performance_monitor [performance_monitor.py:381(PerformanceMonitor.benchmark_fps)] [topics: /performance/command, /performance/benchmark, /performance/alert, /diagnostic_status, /performance/benchmark_results, /rosout, /performance/metrics] Running FPS benchmark...
1788108732.831395626 INFO /performance_monitor [performance_monitor.py:414(PerformanceMonitor.benchmark_cpu)] [topics: /performance/command, /performance/benchmark, /performance/alert, /diagnostic_status, /performance/benchmark_results, /rosout, /performance/metrics] Running CPU benchmark...
1788108734.199912309 INFO /performance_monitor [performance_monitor.py:438(PerformanceMonitor.benchmark_memory)] [topics: /performance/command, /performance/benchmark, /performance/alert, /diagnostic_status, /performance/benchmark_results, /rosout, /performance/metrics] Running memory benchmark...
1788108734.918809890 INFO /performance_monitor [performance_monitor.py:474(PerformanceMonitor.benchmark_network)] [topics: /performance/command, /performance/benchmark, /performance/alert, /diagnostic_status, /performance/benchmark_results, /rosout, /performance/metrics] Running network benchmark...
1788108736.056533813 INFO /performance_monitor [performance_monitor.py:520(PerformanceMonitor.benchmark_application)] [topics: /performance/command, /performance/benchmark, /performance/alert, /diagnostic_status, /performance/benchmark_results, /rosout, /performance/metrics] Running application benchmark...
1788108736.104749202 INFO /performance_monitor [performance_monitor.py:373(PerformanceMonitor.run_benchmark)] [topics: /performance/command, /performance/benchmark, /performance/alert, /diagnostic_status, /performance/benchmark_results, /rosout, /performance/metrics] Benchmark completed with overall score: 0.63
1788108736.106022357 INFO /performance_monitor [performance_monitor.py:381(PerformanceMonitor.benchmark_fps)] [topics: /performance/command, /performance/benchmark, /performance/alert, /diagnostic_status, /performance/benchmark_results, /rosout, /performance/metrics] Running FPS benchmark...
1788108741.109882831 INFO /performance_monitor [performance_monitor.py:414(PerformanceMonitor.benchmark_cpu)] [topics: /performance/command, /performance/benchmark, /performance/alert, /diagnostic_status, /performance/benchmark_results, /rosout, /performance/metrics] Running CPU benchmark...
1788108742.364365339 INFO /performance_monitor [performance_monitor.py:438(PerformanceMonitor.benchmark_memory)] [topics: /performance/command, /performance/benchmark, /performance/alert, /diagnostic_status, /performance/benchmark_results, /rosout, /performance/metrics] Running memory benchmark...
1788108743.058485984 INFO /performance_monitor [performance_monitor.py:474(PerformanceMonitor.benchmark_network)] [topics: /performance/command, /performance/benchmark, /performance/alert, /diagnostic_status, /performance/benchmark_results, /rosout, /performance/metrics] Running network benchmark...
1788108744.255516529 INFO /performance_monitor [performance_monitor.py:520(PerformanceMonitor.benchmark_application)] [topics: /performance/command, /performance/benchmark, /performance/alert, /diagnostic_status, /performance/benchmark_results, /rosout, /performance/metrics] Running application benchmark...
1788108744.312531709 INFO /performance_monitor [performance_monitor.py:373(PerformanceMonitor.run_benchmark)] [topics: /performance/command, /performance/benchmark, /performance/alert, /diagnostic_status, /performance/benchmark_results, /rosout, /performance/metrics] Benchmark completed with overall score: 0.63
1788108744.315043210 INFO /performance_monitor [performance_monitor.py:381(PerformanceMonitor.benchmark_fps)] [topics: /performance/command, /performance/benchmark, /performance/alert, /diagnostic_status, /performance/benchmark_results, /rosout, /performance/metrics] Running FPS benchmark...
1788108749.320396184 INFO /performance_monitor [performance_monitor.py:414(PerformanceMonitor.benchmark_cpu)] [topics: /performance/command, /performance/benchmark, /performance/alert, /diagnostic_status, /performance/benchmark_results, /rosout, /performance/metrics] Running CPU benchmark...
1788108750.618301391 INFO /performance_monitor [performance_monitor.py:438(PerformanceMonitor.benchmark_memory)] [topics: /performance/command, /performance/benchmark, /performance/alert, /diagnostic_status, /performance/benchmark_results, /rosout, /performance/metrics] Running memory benchmark...
1788108751.308166027 INFO /performance_monitor [performance_monitor.py:474(PerformanceMonitor.benchmark_network)] [topics: /performance/command, /performance/benchmark, /performance/alert, /diagnostic_status, /performance/benchmark_results, /rosout, /performance/metrics] Running network benchmark...
1788108752.479992151 INFO /performance_monitor [performance_monitor.py:520(PerformanceMonitor.benchmark_application)] [topics: /performance/command, /performance/benchmark, /performance/alert, /diagnostic_status, /performance/benchmark_results, /rosout, /performance/metrics] Running application benchmark...
1788108752.528712987 INFO /performance_monitor [performance_monitor.py:373(PerformanceMonitor.run_benchmark)] [topics: /performance/command, /performance/benchmark, /performance/alert, /diagnostic_status, /performance/benchmark_results, /rosout, /performance/metrics] Benchmark completed with overall score: 0.63
1788108752.530027866 INFO /performance_monitor [performance_monitor.py:381(PerformanceMonitor.benchmark_fps)] [topics: /performance/command, /performance/benchmark, /performance/alert, /diagnostic_status, /performance/benchmark_results, /rosout, /performance/metrics] Running FPS benchmark...
1788108757.533829450 INFO /performance_monitor [performance_monitor.py:414(PerformanceMonitor.benchmark_cpu)] [topics: /performance/command, /performance/benchmark, /performance/alert, /diagnostic_status, /performance/benchmark_results, /rosout, /performance/metrics] Running CPU benchmark...
1788108758.861325502 INFO /performance_monitor [performance_monitor.py:438(PerformanceMonitor.benchmark_memory)] [topics: /performance/command, /performance/benchmark, /performance/alert, /diagnostic_status, /performance/benchmark_results, /rosout, /performance/metrics] Running memory benchmark...
1788108759.547621965 INFO /performance_monitor [performance_monitor.py:474(PerformanceMonitor.benchmark_network)] [topics: /performance/command, /performance/benchmark, /performance/alert, /diagnostic_status, /performance/benchmark_results, /rosout, /performance/metrics] Running network benchmark...
1788108760.700774908 INFO /performance_monitor [performance_monitor.py:520(PerformanceMonitor.benchmark_application)] [topics: /performance/command, /performance/benchmark, /performance/alert, /diagnostic_status, /performance/benchmark_results, /rosout, /performance/metrics] Running application benchmark...
1788108760.755445480 INFO /performance_monitor [performance_monitor.py:373(PerformanceMonitor.run_benchmark)] [topics: /performance/command, /performance/benchmark, /performance/alert, /diagnostic_status, /performance/benchmark_results, /rosout, /performance/metrics] Benchmark completed with overall score: 0.63
1788108760.756734609 INFO /performance_monitor [performance_monitor.py:381(PerformanceMonitor.benchmark_fps)] [topics: /performance/command, /performance/benchmark, /performance/alert, /diagnostic_status, /performance/benchmark_results, /rosout, /performance/metrics] Running FPS benchmark...
1788108765.759516000 INFO /performance_monitor [performance_monitor.py:414(PerformanceMonitor.benchmark_cpu)] [topics: /performance/command, /performance/benchmark, /performance/alert, /diagnostic_status, /performance/benchmark_results, /rosout, /performance/metrics] Running CPU benchmark...
1788108767.010272502 INFO /performance_monitor [performance_monitor.py:438(PerformanceMonitor.benchmark_memory)] [topics: /performance/command, /performance/benchmark, /performance/alert, /diagnostic_status, /performance/benchmark_results, /rosout, /performance/metrics] Running memory benchmark...
1788108767.703837394 INFO /performance_monitor [performance_monitor.py:474(PerformanceMonitor.benchmark_network)] [topics: /performance/command, /performance/benchmark, /performance/alert, /diagnostic_status, /performance/benchmark_results, /rosout, /performance/metrics] Running network benchmark...
1788108768.879538774 INFO /performance_monitor [performance_monitor.py:520(PerformanceMonitor.benchmark_application)] [topics: /performance/command, /performance/benchmark, /performance/alert, /diagnostic_status, /performance/benchmark_results, /rosout, /performance/metrics] Running application benchmark...
1788108768.927558898 INFO /performance_monitor [performance_monitor.py:373(PerformanceMonitor.run_benchmark)] [topics: /performance/command, /performance/benchmark, /performance/alert, /diagnostic_status, /performance/benchmark_results, /rosout, /performance/metrics] Benchmark completed with overall score: 0.63
1788108768.928828477 INFO /performance_monitor [performance_monitor.py:381(PerformanceMonitor.benchmark_fps)] [topics: /performance/command, /performance/benchmark, /performance/alert, /diagnostic_status, /performance/benchmark_results, /rosout, /performance/metrics] Running FPS benchmark...
1788108773.933466434 INFO /performance_monitor [performance_monitor.py:414(PerformanceMonitor.benchmark_cpu)] [topics: /performance/command, /performance/benchmark, /performance/alert, /diagnostic_status, /performance/benchmark_results, /rosout, /performance/metrics] Running CPU benchmark...
1788108775.372593164 INFO /performance_monitor [performance_monitor.py:438(PerformanceMonitor.benchmark_memory)] [topics: /performance/command, /performance/benchmark, /performance/alert, /diagnostic_status, /performance/benchmark_results, /rosout, /performance/metrics] Running memory benchmark...
1788108776.052999496 INFO /performance_monitor [performance_monitor.py:474(PerformanceMonitor.benchmark_network)] [topics: /performance/command, /performance/benchmark, /performance/alert, /diagnostic_status, /performance/benchmark_results, /rosout, /performance/metrics] Running network benchmark...
1788108777.257735252 INFO /performance_monitor [performance_monitor.py:520(PerformanceMonitor.benchmark_application)] [topics: /performance/command, /performance/benchmark, /performance/alert, /diagnostic_status, /performance/benchmark_results, /rosout, /performance/metrics] Running application benchmark...
1788108777.306416273 INFO /performance_monitor [performance_monitor.py:373(PerformanceMonitor.run_benchmark)] [topics: /performance/command, /performance/benchmark, /performance/alert, /diagnostic_status, /performance/benchmark_results, /rosout, /performance/metrics] Benchmark completed with overall score: 0.63
1788108777.308115959 INFO /performance_monitor [performance_monitor.py:381(PerformanceMonitor.benchmark_fps)] [topics: /performance/command, /performance/benchmark, /performance/alert, /diagnostic_status, /performance/benchmark_results, /rosout, /performance/metrics] Running FPS benchmark...
1788108782.312585115 INFO /performance_monitor [performance_monitor.py:414(PerformanceMonitor.benchmark_cpu)] [topics: /performance/command, /performance/benchmark, /performance/alert, /diagnostic_status, /performance/benchmark_results, /rosout, /performance/metrics] Running CPU benchmark...
1788108783.571340799 INFO /performance_monitor [performance_monitor.py:438(PerformanceMonitor.benchmark_memory)] [topics: /performance/command, /performance/benchmark, /performance/alert, /diagnostic_status, /performance/benchmark_results, /rosout, /performance/metrics] Running memory benchmark...
1788108784.262423753 INFO /performance_monitor [performance_monitor.py:474(PerformanceMonitor.benchmark_network)] [topics: /performance/command, /performance/benchmark, /performance/alert, /diagnostic_status, /performance/benchmark_results, /rosout, /performance/metrics] Running network benchmark...
1788108785.452824354 INFO /performance_monitor [performance_monitor.py:520(PerformanceMonitor.benchmark_application)] [topics: /performance/command, /performance/benchmark, /performance/alert, /diagnostic_status, /performance/benchmark_results, /rosout, /performance/metrics] Running application benchmark...
1788108785.507831573 INFO /performance_monitor [performance_monitor.py:373(PerformanceMonitor.run_benchmark)] [topics: /performance/command, /performance/benchmark, /performance/alert, /diagnostic_status, /performance/benchmark_results, /rosout, /performance/metrics] Benchmark completed with overall score: 0.63
1788108785.509671449 INFO /performance_monitor [performance_monitor.py:381(PerformanceMonitor.benchmark_fps)] [topics: /performance/command, /performance/benchmark, /performance/alert, /diagnostic_status, /performance/benchmark_results, /rosout, /performance/metrics] Running FPS benchmark...
1788108790.512488842 INFO /performance_monitor [performance_monitor.py:414(PerformanceMonitor.benchmark_cpu)] [topics: /performance/command, /performance/benchmark, /performance/alert, /diagnostic_status, /performance/benchmark_results, /rosout, /performance/metrics] Running CPU benchmark...
1788108791.816306114 INFO /performance_monitor [performance_monitor.py:438(PerformanceMonitor.benchmark_memory)] [topics: /performance/command, /performance/benchmark, /performance/alert, /diagnostic_status, /performance/benchmark_results, /rosout, /performance/metrics] Running memory benchmark...
1788108792.497147798 INFO /performance_monitor [performance_monitor.py:474(PerformanceMonitor.benchmark_network)] [topics: /performance/command, /performance/benchmark, /performance/alert, /diagnostic_status, /performance/benchmark_results, /rosout, /performance/metrics] Running network benchmark...
1788108793.634716510 INFO /performance_monitor [performance_monitor.py:520(PerformanceMonitor.benchmark_application)] [topics: /performance/command, /performance/benchmark, /performance/alert, /diagnostic_status, /performance/benchmark_results, /rosout, /performance/metrics] Running application benchmark...
1788108793.685327053 INFO /performance_monitor [performance_monitor.py:373(PerformanceMonitor.run_benchmark)] [topics: /performance/command, /performance/benchmark, /performance/alert, /diagnostic_status, /performance/benchmark_results, /rosout, /performance/metrics] Benchmark completed with overall score: 0.63
1788108793.688381910 INFO /performance_monitor [performance_monitor.py:381(PerformanceMonitor.benchmark_fps)] [topics: /performance/command, /performance/benchmark, /performance/alert, /diagnostic_status, /performance/benchmark_results, /rosout, /performance/metrics] Running FPS benchmark...
1788108798.692087650 INFO /performance_monitor [performance_monitor.py:414(PerformanceMonitor.benchmark_cpu)] [topics: /performance/command, /performance/benchmark, /performance/alert, /diagnostic_status, /performance/benchmark_results, /rosout, /performance/metrics] Running CPU benchmark...
1788108799.938422441 INFO /performance_monitor [performance_monitor.py:438(PerformanceMonitor.benchmark_memory)] [topics: /performance/command, /performance/benchmark, /performance/alert, /diagnostic_status, /performance/benchmark_results, /rosout, /performance/metrics] Running memory benchmark...
1788108800.672709465 INFO /performance_monitor [performance_monitor.py:474(PerformanceMonitor.benchmark_network)] [topics: /performance/command, /performance/benchmark, /performance/alert, /diagnostic_status, /performance/benchmark_results, /rosout, /performance/metrics] Running network benchmark...
1788108801.829146623 INFO /performance_monitor [performance_monitor.py:520(PerformanceMonitor.benchmark_application)] [topics: /performance/command, /performance/benchmark, /performance/alert, /diagnostic_status, /performance/benchmark_results, /rosout, /performance/metrics] Running application benchmark...
1788108801.883989334 INFO /performance_monitor [performance_monitor.py:373(PerformanceMonitor.run_benchmark)] [topics: /performance/command, /performance/benchmark, /performance/alert, /diagnostic_status, /performance/benchmark_results, /rosout, /performance/metrics] Benchmark completed with overall score: 0.63
1788108801.885305643 INFO /performance_monitor [performance_monitor.py:381(PerformanceMonitor.benchmark_fps)] [topics: /performance/command, /performance/benchmark, /performance/alert, /diagnostic_status, /performance/benchmark_results, /rosout, /performance/metrics] Running FPS benchmark...
1788108806.887466430 INFO /performance_monitor [performance_monitor.py:414(PerformanceMonitor.benchmark_cpu)] [topics: /performance/command, /performance/benchmark, /performance/alert, /diagnostic_status, /performance/benchmark_results, /rosout, /performance/metrics] Running CPU benchmark...
1788108808.161561250 INFO /performance_monitor [performance_monitor.py:438(PerformanceMonitor.benchmark_memory)] [topics: /performance/command, /performance/benchmark, /performance/alert, /diagnostic_status, /performance/benchmark_results, /rosout, /performance/metrics] Running memory benchmark...
1788108808.848284244 INFO /performance_monitor [performance_monitor.py:474(PerformanceMonitor.benchmark_network)] [topics: /performance/command, /performance/benchmark, /performance/alert, /diagnostic_status, /performance/benchmark_results, /rosout, /performance/metrics] Running network benchmark...
1788108810.043167591 INFO /performance_monitor [performance_monitor.py:520(PerformanceMonitor.benchmark_application)] [topics: /performance/command, /performance/benchmark, /performance/alert, /diagnostic_status, /performance/benchmark_results, /rosout, /performance/metrics] Running application benchmark...
1788108810.096479415 INFO /performance_monitor [performance_monitor.py:373(PerformanceMonitor.run_benchmark)] [topics: /performance/command, /performance/benchmark, /performance/alert, /diagnostic_status, /performance/benchmark_results, /rosout, /performance/metrics] Benchmark completed with overall score: 0.63
1788108810.097894906 INFO /performance_monitor [performance_monitor.py:381(PerformanceMonitor.benchmark_fps)] [topics: /performance/command, /performance/benchmark, /performance/alert, /diagnostic_status, /performance/benchmark_results, /rosout, /performance/metrics] Running FPS benchmark...
1788108815.101653814 INFO /performance_monitor [performance_monitor.py:414(PerformanceMonitor.benchmark_cpu)] [topics: /performance/command, /performance/benchmark, /performance/alert, /diagnostic_status, /performance/benchmark_results, /rosout, /performance/metrics] Running CPU benchmark...
1788108816.378523111 INFO /performance_monitor [performance_monitor.py:438(PerformanceMonitor.benchmark_memory)] [topics: /performance/command, /performance/benchmark, /performance/alert, /diagnostic_status, /performance/benchmark_results, /rosout, /performance/metrics] Running memory benchmark...
1788108817.104525804 INFO /performance_monitor [performance_monitor.py:474(PerformanceMonitor.benchmark_network)] [topics: /performance/command, /performance/benchmark, /performance/alert, /diagnostic_status, /performance/benchmark_results, /rosout, /performance/metrics] Running network benchmark...
1788108818.295119047 INFO /performance_monitor [performance_monitor.py:520(PerformanceMonitor.benchmark_application)] [topics: /performance/command, /performance/benchmark, /performance/alert, /diagnostic_status, /performance/benchmark_results, /rosout, /performance/metrics] Running application benchmark...
1788108818.346361160 INFO /performance_monitor [performance_monitor.py:373(PerformanceMonitor.run_benchmark)] [topics: /performance/command, /performance/benchmark, /performance/alert, /diagnostic_status, /performance/benchmark_results, /rosout, /performance/metrics] Benchmark completed with overall score: 0.63
1788108818.347920656 INFO /performance_monitor [performance_monitor.py:381(PerformanceMonitor.benchmark_fps)] [topics: /performance/command, /performance/benchmark, /performance/alert, /diagnostic_status, /performance/benchmark_results, /rosout, /performance/metrics] Running FPS benchmark...
1788108823.352928161 INFO /performance_monitor [performance_monitor.py:414(PerformanceMonitor.benchmark_cpu)] [topics: /performance/command, /performance/benchmark, /performance/alert, /diagnostic_status, /performance/benchmark_results, /rosout, /performance/metrics] Running CPU benchmark...
1788108824.688152790 INFO /performance_monitor [performance_monitor.py:438(PerformanceMonitor.benchmark_memory)] [topics: /performance/command, /performance/benchmark, /performance/alert, /diagnostic_status, /performance/benchmark_results, /rosout, /performance/metrics] Running memory benchmark...
1788108825.373000860 INFO /performance_monitor [performance_monitor.py:474(PerformanceMonitor.benchmark_network)] [topics: /performance/command, /performance/benchmark, /performance/alert, /diagnostic_status, /performance/benchmark_results, /rosout, /performance/metrics] Running network benchmark...
1788108826.714675188 INFO /performance_monitor [performance_monitor.py:520(PerformanceMonitor.benchmark_application)] [topics: /performance/command, /performance/benchmark, /performance/alert, /diagnostic_status, /performance/benchmark_results, /rosout, /performance/metrics] Running application benchmark...
1788108826.790599346 INFO /performance_monitor [performance_monitor.py:373(PerformanceMonitor.run_benchmark)] [topics: /performance/command, /performance/benchmark, /performance/alert, /diagnostic_status, /performance/benchmark_results, /rosout, /performance/metrics] Benchmark completed with overall score: 0.62
1788108826.793469429 INFO /performance_monitor [performance_monitor.py:381(PerformanceMonitor.benchmark_fps)] [topics: /performance/command, /performance/benchmark, /performance/alert, /diagnostic_status, /performance/benchmark_results, /rosout, /performance/metrics] Running FPS benchmark...
1788108831.796456336 INFO /performance_monitor [performance_monitor.py:414(PerformanceMonitor.benchmark_cpu)] [topics: /performance/command, /performance/benchmark, /performance/alert, /diagnostic_status, /performance/benchmark_results, /rosout, /performance/metrics] Running CPU benchmark...
1788108833.258843660 INFO /performance_monitor [performance_monitor.py:438(PerformanceMonitor.benchmark_memory)] [topics: /performance/command, /performance/benchmark, /performance/alert, /diagnostic_status, /performance/benchmark_results, /rosout, /performance/metrics] Running memory benchmark...
1788108833.959229469 INFO /performance_monitor [performance_monitor.py:474(PerformanceMonitor.benchmark_network)] [topics: /performance/command, /performance/benchmark, /performance/alert, /diagnostic_status, /performance/benchmark_results, /rosout, /performance/metrics] Running network benchmark...
1788108835.097824811 INFO /performance_monitor [performance_monitor.py:520(PerformanceMonitor.benchmark_application)] [topics: /performance/command, /performance/benchmark, /performance/alert, /diagnostic_status, /performance/benchmark_results, /rosout, /performance/metrics] Running application benchmark...
1788108835.152197837 INFO /performance_monitor [performance_monitor.py:373(PerformanceMonitor.run_benchmark)] [topics: /performance/command, /performance/benchmark, /performance/alert, /diagnostic_status, /performance/benchmark_results, /rosout, /performance/metrics] Benchmark completed with overall score: 0.63
1788108835.155763864 INFO /performance_monitor [performance_monitor.py:381(PerformanceMonitor.benchmark_fps)] [topics: /performance/command, /performance/benchmark, /performance/alert, /diagnostic_status, /performance/benchmark_results, /rosout, /performance/metrics] Running FPS benchmark...
1788108840.159684658 INFO /performance_monitor [performance_monitor.py:414(PerformanceMonitor.benchmark_cpu)] [topics: /performance/command, /performance/benchmark, /performance/alert, /diagnostic_status, /performance/benchmark_results, /rosout, /performance/metrics] Running CPU benchmark...
1788108841.436446666 INFO /performance_monitor [performance_monitor.py:438(PerformanceMonitor.benchmark_memory)] [topics: /performance/command, /performance/benchmark, /performance/alert, /diagnostic_status, /performance/benchmark_results, /rosout, /performance/metrics] Running memory benchmark...
1788108842.130193471 INFO /performance_monitor [performance_monitor.py:474(PerformanceMonitor.benchmark_network)] [topics: /performance/command, /performance/benchmark, /performance/alert, /diagnostic_status, /performance/benchmark_results, /rosout, /performance/metrics] Running network benchmark...
1788108843.312358856 INFO /performance_monitor [performance_monitor.py:520(PerformanceMonitor.benchmark_application)] [topics: /performance/command, /performance/benchmark, /performance/alert, /diagnostic_status, /performance/benchmark_results, /rosout, /performance/metrics] Running application benchmark...
1788108843.374273777 INFO /performance_monitor [performance_monitor.py:373(PerformanceMonitor.run_benchmark)] [topics: /performance/command, /performance/benchmark, /performance/alert, /diagnostic_status, /performance/benchmark_results, /rosout, /performance/metrics] Benchmark completed with overall score: 0.63
1788108843.380609750 INFO /performance_monitor [performance_monitor.py:381(PerformanceMonitor.benchmark_fps)] [topics: /performance/command, /performance/benchmark, /performance/alert, /diagnostic_status, /performance/benchmark_results, /rosout, /performance/metrics] Running FPS benchmark...
1788108848.383945941 INFO /performance_monitor [performance_monitor.py:414(PerformanceMonitor.benchmark_cpu)] [topics: /performance/command, /performance/benchmark, /performance/alert, /diagnostic_status, /performance/benchmark_results, /rosout, /performance/metrics] Running CPU benchmark...
1788108849.631895303 INFO /performance_monitor [performance_monitor.py:438(PerformanceMonitor.benchmark_memory)] [topics: /performance/command, /performance/benchmark, /performance/alert, /diagnostic_status, /performance/benchmark_results, /rosout, /performance/metrics] Running memory benchmark...
1788108850.323167085 INFO /performance_monitor [performance_monitor.py:474(PerformanceMonitor.benchmark_network)] [topics: /performance/command, /performance/benchmark, /performance/alert, /diagnostic_status, /performance/benchmark_results, /rosout, /performance/metrics] Running network benchmark...
1788108851.530913829 INFO /performance_monitor [performance_monitor.py:520(PerformanceMonitor.benchmark_application)] [topics: /performance/command, /performance/benchmark, /performance/alert, /diagnostic_status, /performance/benchmark_results, /rosout, /performance/metrics] Running application benchmark...
1788108851.586616039 INFO /performance_monitor [performance_monitor.py:373(PerformanceMonitor.run_benchmark)] [topics: /performance/command, /performance/benchmark, /performance/alert, /diagnostic_status, /performance/benchmark_results, /rosout, /performance/metrics] Benchmark completed with overall score: 0.63
1788108851.587927103 INFO /performance_monitor [performance_monitor.py:381(PerformanceMonitor.benchmark_fps)] [topics: /performance/command, /performance/benchmark, /performance/alert, /diagnostic_status, /performance/benchmark_results, /rosout, /performance/metrics] Running FPS benchmark...
1788108856.590610742 INFO /performance_monitor [performance_monitor.py:414(PerformanceMonitor.benchmark_cpu)] [topics: /performance/command, /performance/benchmark, /performance/alert, /diagnostic_status, /performance/benchmark_results, /rosout, /performance/metrics] Running CPU benchmark...
1788108857.863319158 INFO /performance_monitor [performance_monitor.py:438(PerformanceMonitor.benchmark_memory)] [topics: /performance/command, /performance/benchmark, /performance/alert, /diagnostic_status, /performance/benchmark_results, /rosout, /performance/metrics] Running memory benchmark...
1788108858.559073686 INFO /performance_monitor [performance_monitor.py:474(PerformanceMonitor.benchmark_network)] [topics: /performance/command, /performance/benchmark, /performance/alert, /diagnostic_status, /performance/benchmark_results, /rosout, /performance/metrics] Running network benchmark...
1788108859.751148939 INFO /performance_monitor [performance_monitor.py:520(PerformanceMonitor.benchmark_application)] [topics: /performance/command, /performance/benchmark, /performance/alert, /diagnostic_status, /performance/benchmark_results, /rosout, /performance/metrics] Running application benchmark...
1788108859.800773143 INFO /performance_monitor [performance_monitor.py:373(PerformanceMonitor.run_benchmark)] [topics: /performance/command, /performance/benchmark, /performance/alert, /diagnostic_status, /performance/benchmark_results, /rosout, /performance/metrics] Benchmark completed with overall score: 0.63
1788108859.802192687 INFO /performance_monitor [performance_monitor.py:381(PerformanceMonitor.benchmark_fps)] [topics: /performance/command, /performance/benchmark, /performance/alert, /diagnostic_status, /performance/benchmark_results, /rosout, /performance/metrics] Running FPS benchmark...
1788108864.805727720 INFO /performance_monitor [performance_monitor.py:414(PerformanceMonitor.benchmark_cpu)] [topics: /performance/command, /performance/benchmark, /performance/alert, /diagnostic_status, /performance/benchmark_results, /rosout, /performance/metrics] Running CPU benchmark...
1788108866.051294565 INFO /performance_monitor [performance_monitor.py:438(PerformanceMonitor.benchmark_memory)] [topics: /performance/command, /performance/benchmark, /performance/alert, /diagnostic_status, /performance/benchmark_results, /rosout, /performance/metrics] Running memory benchmark...
1788108866.744472265 INFO /performance_monitor [performance_monitor.py:474(PerformanceMonitor.benchmark_network)] [topics: /performance/command, /performance/benchmark, /performance/alert, /diagnostic_status, /performance/benchmark_results, /rosout, /performance/metrics] Running network benchmark...
1788108867.897261142 INFO /performance_monitor [performance_monitor.py:520(PerformanceMonitor.benchmark_application)] [topics: /performance/command, /performance/benchmark, /performance/alert, /diagnostic_status, /performance/benchmark_results, /rosout, /performance/metrics] Running application benchmark...
1788108867.952698469 INFO /performance_monitor [performance_monitor.py:373(PerformanceMonitor.run_benchmark)] [topics: /performance/command, /performance/benchmark, /performance/alert, /diagnostic_status, /performance/benchmark_results, /rosout, /performance/metrics] Benchmark completed with overall score: 0.63
1788108867.955591201 INFO /performance_monitor [performance_monitor.py:381(PerformanceMonitor.benchmark_fps)] [topics: /performance/command, /performance/benchmark, /performance/alert, /diagnostic_status, /performance/benchmark_results, /rosout, /performance/metrics] Running FPS benchmark...
1788108872.961239099 INFO /performance_monitor [performance_monitor.py:414(PerformanceMonitor.benchmark_cpu)] [topics: /performance/command, /performance/benchmark, /performance/alert, /diagnostic_status, /performance/benchmark_results, /rosout, /performance/metrics] Running CPU benchmark...
1788108874.210299730 INFO /performance_monitor [performance_monitor.py:438(PerformanceMonitor.benchmark_memory)] [topics: /performance/command, /performance/benchmark, /performance/alert, /diagnostic_status, /performance/benchmark_results, /rosout, /performance/metrics] Running memory benchmark...
1788108874.941378116 INFO /performance_monitor [performance_monitor.py:474(PerformanceMonitor.benchmark_network)] [topics: /performance/command, /performance/benchmark, /performance/alert, /diagnostic_status, /performance/benchmark_results, /rosout, /performance/metrics] Running network benchmark...
1788108876.105805158 INFO /performance_monitor [performance_monitor.py:520(PerformanceMonitor.benchmark_application)] [topics: /performance/command, /performance/benchmark, /performance/alert, /diagnostic_status, /performance/benchmark_results, /rosout, /performance/metrics] Running application benchmark...
1788108876.161726951 INFO /performance_monitor [performance_monitor.py:373(PerformanceMonitor.run_benchmark)] [topics: /performance/command, /performance/benchmark, /performance/alert, /diagnostic_status, /performance/benchmark_results, /rosout, /performance/metrics] Benchmark completed with overall score: 0.63
1788108876.164172172 INFO /performance_monitor [performance_monitor.py:381(PerformanceMonitor.benchmark_fps)] [topics: /performance/command, /performance/benchmark, /performance/alert, /diagnostic_status, /performance/benchmark_results, /rosout, /performance/metrics] Running FPS benchmark...
1788108881.168622732 INFO /performance_monitor [performance_monitor.py:414(PerformanceMonitor.benchmark_cpu)] [topics: /performance/command, /performance/benchmark, /performance/alert, /diagnostic_status, /performance/benchmark_results, /rosout, /performance/metrics] Running CPU benchmark...
1788108882.428452491 INFO /performance_monitor [performance_monitor.py:438(PerformanceMonitor.benchmark_memory)] [topics: /performance/command, /performance/benchmark, /performance/alert, /diagnostic_status, /performance/benchmark_results, /rosout, /performance/metrics] Running memory benchmark...
1788108883.117480278 INFO /performance_monitor [performance_monitor.py:474(PerformanceMonitor.benchmark_network)] [topics: /performance/command, /performance/benchmark, /performance/alert, /diagnostic_status, /performance/benchmark_results, /rosout, /performance/metrics] Running network benchmark...
1788108884.279619216 INFO /performance_monitor [performance_monitor.py:520(PerformanceMonitor.benchmark_application)] [topics: /performance/command, /performance/benchmark, /performance/alert, /diagnostic_status, /performance/benchmark_results, /rosout, /performance/metrics] Running application benchmark...
1788108884.341469764 INFO /performance_monitor [performance_monitor.py:373(PerformanceMonitor.run_benchmark)] [topics: /performance/command, /performance/benchmark, /performance/alert, /diagnostic_status, /performance/benchmark_results, /rosout, /performance/metrics] Benchmark completed with overall score: 0.63
1788108884.344516754 INFO /performance_monitor [performance_monitor.py:381(PerformanceMonitor.benchmark_fps)] [topics: /performance/command, /performance/benchmark, /performance/alert, /diagnostic_status, /performance/benchmark_results, /rosout, /performance/metrics] Running FPS benchmark...
1788108889.347199678 INFO /performance_monitor [performance_monitor.py:414(PerformanceMonitor.benchmark_cpu)] [topics: /performance/command, /performance/benchmark, /performance/alert, /diagnostic_status, /performance/benchmark_results, /rosout, /performance/metrics] Running CPU benchmark...
1788108890.602974891 INFO /performance_monitor [performance_monitor.py:438(PerformanceMonitor.benchmark_memory)] [topics: /performance/command, /performance/benchmark, /performance/alert, /diagnostic_status, /performance/benchmark_results, /rosout, /performance/metrics] Running memory benchmark...
1788108891.284640550 INFO /performance_monitor [performance_monitor.py:474(PerformanceMonitor.benchmark_network)] [topics: /performance/command, /performance/benchmark, /performance/alert, /diagnostic_status, /performance/benchmark_results, /rosout, /performance/metrics] Running network benchmark...
1788108892.476742982 INFO /performance_monitor [performance_monitor.py:520(PerformanceMonitor.benchmark_application)] [topics: /performance/command, /performance/benchmark, /performance/alert, /diagnostic_status, /performance/benchmark_results, /rosout, /performance/metrics] Running application benchmark...
1788108892.550527572 INFO /performance_monitor [performance_monitor.py:373(PerformanceMonitor.run_benchmark)] [topics: /performance/command, /performance/benchmark, /performance/alert, /diagnostic_status, /performance/benchmark_results, /rosout, /performance/metrics] Benchmark completed with overall score: 0.63
1788108892.554987668 INFO /performance_monitor [performance_monitor.py:381(PerformanceMonitor.benchmark_fps)] [topics: /performance/command, /performance/benchmark, /performance/alert, /diagnostic_status, /performance/benchmark_results, /rosout, /performance/metrics] Running FPS benchmark...
1788108897.558861255 INFO /performance_monitor [performance_monitor.py:414(PerformanceMonitor.benchmark_cpu)] [topics: /performance/command, /performance/benchmark, /performance/alert, /diagnostic_status, /performance/benchmark_results, /rosout, /performance/metrics] Running CPU benchmark...
1788108898.855022907 INFO /performance_monitor [performance_monitor.py:438(PerformanceMonitor.benchmark_memory)] [topics: /performance/command, /performance/benchmark, /performance/alert, /diagnostic_status, /performance/benchmark_results, /rosout, /performance/metrics] Running memory benchmark...
1788108899.549240112 INFO /performance_monitor [performance_monitor.py:474(PerformanceMonitor.benchmark_network)] [topics: /performance/command, /performance/benchmark, /performance/alert, /diagnostic_status, /performance/benchmark_results, /rosout, /performance/metrics] Running network benchmark...
1788108900.758350849 INFO /performance_monitor [performance_monitor.py:520(PerformanceMonitor.benchmark_application)] [topics: /performance/command, /performance/benchmark, /performance/alert, /diagnostic_status, /performance/benchmark_results, /rosout, /performance/metrics] Running application benchmark...
1788108900.815603971 INFO /performance_monitor [performance_monitor.py:373(PerformanceMonitor.run_benchmark)] [topics: /performance/command, /performance/benchmark, /performance/alert, /diagnostic_status, /performance/benchmark_results, /rosout, /performance/metrics] Benchmark completed with overall score: 0.63
1788108900.817323446 INFO /performance_monitor [performance_monitor.py:381(PerformanceMonitor.benchmark_fps)] [topics: /performance/command, /performance/benchmark, /performance/alert, /diagnostic_status, /performance/benchmark_results, /rosout, /performance/metrics] Running FPS benchmark...
1788108905.821594715 INFO /performance_monitor [performance_monitor.py:414(PerformanceMonitor.benchmark_cpu)] [topics: /performance/command, /performance/benchmark, /performance/alert, /diagnostic_status, /performance/benchmark_results, /rosout, /performance/metrics] Running CPU benchmark...
1788108907.208058357 INFO /performance_monitor [performance_monitor.py:438(PerformanceMonitor.benchmark_memory)] [topics: /performance/command, /performance/benchmark, /performance/alert, /diagnostic_status, /performance/benchmark_results, /rosout, /performance/metrics] Running memory benchmark...
1788108907.896821260 INFO /performance_monitor [performance_monitor.py:474(PerformanceMonitor.benchmark_network)] [topics: /performance/command, /performance/benchmark, /performance/alert, /diagnostic_status, /performance/benchmark_results, /rosout, /performance/metrics] Running network benchmark...
1788108909.048111915 INFO /performance_monitor [performance_monitor.py:520(PerformanceMonitor.benchmark_application)] [topics: /performance/command, /performance/benchmark, /performance/alert, /diagnostic_status, /performance/benchmark_results, /rosout, /performance/metrics] Running application benchmark...
1788108909.099416732 INFO /performance_monitor [performance_monitor.py:373(PerformanceMonitor.run_benchmark)] [topics: /performance/command, /performance/benchmark, /performance/alert, /diagnostic_status, /performance/benchmark_results, /rosout, /performance/metrics] Benchmark completed with overall score: 0.63
1788108909.100746870 INFO /performance_monitor [performance_monitor.py:381(PerformanceMonitor.benchmark_fps)] [topics: /performance/command, /performance/benchmark, /performance/alert, /diagnostic_status, /performance/benchmark_results, /rosout, /performance/metrics] Running FPS benchmark...
1788108914.103330850 INFO /performance_monitor [performance_monitor.py:414(PerformanceMonitor.benchmark_cpu)] [topics: /performance/command, /performance/benchmark, /performance/alert, /diagnostic_status, /performance/benchmark_results, /rosout, /performance/metrics] Running CPU benchmark...
1788108915.530550003 INFO /performance_monitor [performance_monitor.py:438(PerformanceMonitor.benchmark_memory)] [topics: /performance/command, /performance/benchmark, /performance/alert, /diagnostic_status, /performance/benchmark_results, /rosout, /performance/metrics] Running memory benchmark...
1788108916.279647350 INFO /performance_monitor [performance_monitor.py:474(PerformanceMonitor.benchmark_network)] [topics: /performance/command, /performance/benchmark, /performance/alert, /diagnostic_status, /performance/benchmark_results, /rosout, /performance/metrics] Running network benchmark...
1788108917.467472553 INFO /performance_monitor [performance_monitor.py:520(PerformanceMonitor.benchmark_application)] [topics: /performance/command, /performance/benchmark, /performance/alert, /diagnostic_status, /performance/benchmark_results, /rosout, /performance/metrics] Running application benchmark...
1788108917.516680955 INFO /performance_monitor [performance_monitor.py:373(PerformanceMonitor.run_benchmark)] [topics: /performance/command, /performance/benchmark, /performance/alert, /diagnostic_status, /performance/benchmark_results, /rosout, /performance/metrics] Benchmark completed with overall score: 0.63
1788108917.518589019 INFO /performance_monitor [performance_monitor.py:381(PerformanceMonitor.benchmark_fps)] [topics: /performance/command, /performance/benchmark, /performance/alert, /diagnostic_status, /performance/benchmark_results, /rosout, /performance/metrics] Running FPS benchmark...
1788108922.522845506 INFO /performance_monitor [performance_monitor.py:414(PerformanceMonitor.benchmark_cpu)] [topics: /performance/command, /performance/benchmark, /performance/alert, /diagnostic_status, /performance/benchmark_results, /rosout, /performance/metrics] Running CPU benchmark...
1788108923.781571149 INFO /performance_monitor [performance_monitor.py:438(PerformanceMonitor.benchmark_memory)] [topics: /performance/command, /performance/benchmark, /performance/alert, /diagnostic_status, /performance/benchmark_results, /rosout, /performance/metrics] Running memory benchmark...
1788108924.475746393 INFO /performance_monitor [performance_monitor.py:474(PerformanceMonitor.benchmark_network)] [topics: /performance/command, /performance/benchmark, /performance/alert, /diagnostic_status, /performance/benchmark_results, /rosout, /performance/metrics] Running network benchmark...
1788108925.652123212 INFO /performance_monitor [performance_monitor.py:520(PerformanceMonitor.benchmark_application)] [topics: /performance/command, /performance/benchmark, /performance/alert, /diagnostic_status, /performance/benchmark_results, /rosout, /performance/metrics] Running application benchmark...
1788108925.704896688 INFO /performance_monitor [performance_monitor.py:373(PerformanceMonitor.run_benchmark)] [topics: /performance/command, /performance/benchmark, /performance/alert, /diagnostic_status, /performance/benchmark_results, /rosout, /performance/metrics] Benchmark completed with overall score: 0.63
1788108925.707177162 INFO /performance_monitor [performance_monitor.py:381(PerformanceMonitor.benchmark_fps)] [topics: /performance/command, /performance/benchmark, /performance/alert, /diagnostic_status, /performance/benchmark_results, /rosout, /performance/metrics] Running FPS benchmark...
1788108930.715058088 INFO /performance_monitor [performance_monitor.py:414(PerformanceMonitor.benchmark_cpu)] [topics: /performance/command, /performance/benchmark, /performance/alert, /diagnostic_status, /performance/benchmark_results, /rosout, /performance/metrics] Running CPU benchmark...
1788108932.075539112 INFO /performance_monitor [performance_monitor.py:438(PerformanceMonitor.benchmark_memory)] [topics: /performance/command, /performance/benchmark, /performance/alert, /diagnostic_status, /performance/benchmark_results, /rosout, /performance/metrics] Running memory benchmark...
1788108932.782235622 INFO /performance_monitor [performance_monitor.py:474(PerformanceMonitor.benchmark_network)] [topics: /performance/command, /performance/benchmark, /performance/alert, /diagnostic_status, /performance/benchmark_results, /rosout, /performance/metrics] Running network benchmark...
1788108933.932881355 INFO /performance_monitor [performance_monitor.py:520(PerformanceMonitor.benchmark_application)] [topics: /performance/command, /performance/benchmark, /performance/alert, /diagnostic_status, /performance/benchmark_results, /rosout, /performance/metrics] Running application benchmark...
1788108933.994907855 INFO /performance_monitor [performance_monitor.py:373(PerformanceMonitor.run_benchmark)] [topics: /performance/command, /performance/benchmark, /performance/alert, /diagnostic_status, /performance/benchmark_results, /rosout, /performance/metrics] Benchmark completed with overall score: 0.63
1788108933.998846292 INFO /performance_monitor [performance_monitor.py:381(PerformanceMonitor.benchmark_fps)] [topics: /performance/command, /performance/benchmark, /performance/alert, /diagnostic_status, /performance/benchmark_results, /rosout, /performance/metrics] Running FPS benchmark...
1788108939.002225637 INFO /performance_monitor [performance_monitor.py:414(PerformanceMonitor.benchmark_cpu)] [topics: /performance/command, /performance/benchmark, /performance/alert, /diagnostic_status, /performance/benchmark_results, /rosout, /performance/metrics] Running CPU benchmark...
1788108940.264485120 INFO /performance_monitor [performance_monitor.py:438(PerformanceMonitor.benchmark_memory)] [topics: /performance/command, /performance/benchmark, /performance/alert, /diagnostic_status, /performance/benchmark_results, /rosout, /performance/metrics] Running memory benchmark...
1788108941.098568677 INFO /performance_monitor [performance_monitor.py:474(PerformanceMonitor.benchmark_network)] [topics: /performance/command, /performance/benchmark, /performance/alert, /diagnostic_status, /performance/benchmark_results, /rosout, /performance/metrics] Running network benchmark...
1788108942.267810821 INFO /performance_monitor [performance_monitor.py:520(PerformanceMonitor.benchmark_application)] [topics: /performance/command, /performance/benchmark, /performance/alert, /diagnostic_status, /performance/benchmark_results, /rosout, /performance/metrics] Running application benchmark...
1788108942.316040992 INFO /performance_monitor [performance_monitor.py:373(PerformanceMonitor.run_benchmark)] [topics: /performance/command, /performance/benchmark, /performance/alert, /diagnostic_status, /performance/benchmark_results, /rosout, /performance/metrics] Benchmark completed with overall score: 0.63
1788108942.317436933 INFO /performance_monitor [performance_monitor.py:381(PerformanceMonitor.benchmark_fps)] [topics: /performance/command, /performance/benchmark, /performance/alert, /diagnostic_status, /performance/benchmark_results, /rosout, /performance/metrics] Running FPS benchmark...
1788108947.319520473 INFO /performance_monitor [performance_monitor.py:414(PerformanceMonitor.benchmark_cpu)] [topics: /performance/command, /performance/benchmark, /performance/alert, /diagnostic_status, /performance/benchmark_results, /rosout, /performance/metrics] Running CPU benchmark...
1788108948.655122995 INFO /performance_monitor [performance_monitor.py:438(PerformanceMonitor.benchmark_memory)] [topics: /performance/command, /performance/benchmark, /performance/alert, /diagnostic_status, /performance/benchmark_results, /rosout, /performance/metrics] Running memory benchmark...
1788108949.347751140 INFO /performance_monitor [performance_monitor.py:474(PerformanceMonitor.benchmark_network)] [topics: /performance/command, /performance/benchmark, /performance/alert, /diagnostic_status, /performance/benchmark_results, /rosout, /performance/metrics] Running network benchmark...
1788108950.526958942 INFO /performance_monitor [performance_monitor.py:520(PerformanceMonitor.benchmark_application)] [topics: /performance/command, /performance/benchmark, /performance/alert, /diagnostic_status, /performance/benchmark_results, /rosout, /performance/metrics] Running application benchmark...
1788108950.584293365 INFO /performance_monitor [performance_monitor.py:373(PerformanceMonitor.run_benchmark)] [topics: /performance/command, /performance/benchmark, /performance/alert, /diagnostic_status, /performance/benchmark_results, /rosout, /performance/metrics] Benchmark completed with overall score: 0.63
1788108950.585920810 INFO /performance_monitor [performance_monitor.py:381(PerformanceMonitor.benchmark_fps)] [topics: /performance/command, /performance/benchmark, /performance/alert, /diagnostic_status, /performance/benchmark_results, /rosout, /performance/metrics] Running FPS benchmark...
1788108955.589427947 INFO /performance_monitor [performance_monitor.py:414(PerformanceMonitor.benchmark_cpu)] [topics: /performance/command, /performance/benchmark, /performance/alert, /diagnostic_status, /performance/benchmark_results, /rosout, /performance/metrics] Running CPU benchmark...
1788108956.890599250 INFO /performance_monitor [performance_monitor.py:438(PerformanceMonitor.benchmark_memory)] [topics: /performance/command, /performance/benchmark, /performance/alert, /diagnostic_status, /performance/benchmark_results, /rosout, /performance/metrics] Running memory benchmark...
1788108957.588225841 INFO /performance_monitor [performance_monitor.py:474(PerformanceMonitor.benchmark_network)] [topics: /performance/command, /performance/benchmark, /performance/alert, /diagnostic_status, /performance/benchmark_results, /rosout, /performance/metrics] Running network benchmark...
1788108958.790957450 INFO /performance_monitor [performance_monitor.py:520(PerformanceMonitor.benchmark_application)] [topics: /performance/command, /performance/benchmark, /performance/alert, /diagnostic_status, /performance/benchmark_results, /rosout, /performance/metrics] Running application benchmark...
1788108958.844921827 INFO /performance_monitor [performance_monitor.py:373(PerformanceMonitor.run_benchmark)] [topics: /performance/command, /performance/benchmark, /performance/alert, /diagnostic_status, /performance/benchmark_results, /rosout, /performance/metrics] Benchmark completed with overall score: 0.63
1788108958.846325397 INFO /performance_monitor [performance_monitor.py:381(PerformanceMonitor.benchmark_fps)] [topics: /performance/command, /performance/benchmark, /performance/alert, /diagnostic_status, /performance/benchmark_results, /rosout, /performance/metrics] Running FPS benchmark...
1788108963.849635839 INFO /performance_monitor [performance_monitor.py:414(PerformanceMonitor.benchmark_cpu)] [topics: /performance/command, /performance/benchmark, /performance/alert, /diagnostic_status, /performance/benchmark_results, /rosout, /performance/metrics] Running CPU benchmark...
1788108965.245869398 INFO /performance_monitor [performance_monitor.py:438(PerformanceMonitor.benchmark_memory)] [topics: /performance/command, /performance/benchmark, /performance/alert, /diagnostic_status, /performance/benchmark_results, /rosout, /performance/metrics] Running memory benchmark...
1788108965.961694717 INFO /performance_monitor [performance_monitor.py:474(PerformanceMonitor.benchmark_network)] [topics: /performance/command, /performance/benchmark, /performance/alert, /diagnostic_status, /performance/benchmark_results, /rosout, /performance/metrics] Running network benchmark...
1788108967.173120260 INFO /performance_monitor [performance_monitor.py:520(PerformanceMonitor.benchmark_application)] [topics: /performance/command, /performance/benchmark, /performance/alert, /diagnostic_status, /performance/benchmark_results, /rosout, /performance/metrics] Running application benchmark...
1788108967.222620010 INFO /performance_monitor [performance_monitor.py:373(PerformanceMonitor.run_benchmark)] [topics: /performance/command, /performance/benchmark, /performance/alert, /diagnostic_status, /performance/benchmark_results, /rosout, /performance/metrics] Benchmark completed with overall score: 0.63
1788108967.224059581 INFO /performance_monitor [performance_monitor.py:381(PerformanceMonitor.benchmark_fps)] [topics: /performance/command, /performance/benchmark, /performance/alert, /diagnostic_status, /performance/benchmark_results, /rosout, /performance/metrics] Running FPS benchmark...
1788108972.227159023 INFO /performance_monitor [performance_monitor.py:414(PerformanceMonitor.benchmark_cpu)] [topics: /performance/command, /performance/benchmark, /performance/alert, /diagnostic_status, /performance/benchmark_results, /rosout, /performance/metrics] Running CPU benchmark...
1788108973.492929935 INFO /performance_monitor [performance_monitor.py:438(PerformanceMonitor.benchmark_memory)] [topics: /performance/command, /performance/benchmark, /performance/alert, /diagnostic_status, /performance/benchmark_results, /rosout, /performance/metrics] Running memory benchmark...
1788108974.176298856 INFO /performance_monitor [performance_monitor.py:474(PerformanceMonitor.benchmark_network)] [topics: /performance/command, /performance/benchmark, /performance/alert, /diagnostic_status, /performance/benchmark_results, /rosout, /performance/metrics] Running network benchmark...
1788108975.301908969 INFO /performance_monitor [performance_monitor.py:520(PerformanceMonitor.benchmark_application)] [topics: /performance/command, /performance/benchmark, /performance/alert, /diagnostic_status, /performance/benchmark_results, /rosout, /performance/metrics] Running application benchmark...
1788108975.354591369 INFO /performance_monitor [performance_monitor.py:373(PerformanceMonitor.run_benchmark)] [topics: /performance/command, /performance/benchmark, /performance/alert, /diagnostic_status, /performance/benchmark_results, /rosout, /performance/metrics] Benchmark completed with overall score: 0.63
1788108975.356909513 INFO /performance_monitor [performance_monitor.py:381(PerformanceMonitor.benchmark_fps)] [topics: /performance/command, /performance/benchmark, /performance/alert, /diagnostic_status, /performance/benchmark_results, /rosout, /performance/metrics] Running FPS benchmark...
1788108980.362135410 INFO /performance_monitor [performance_monitor.py:414(PerformanceMonitor.benchmark_cpu)] [topics: /performance/command, /performance/benchmark, /performance/alert, /diagnostic_status, /performance/benchmark_results, /rosout, /performance/metrics] Running CPU benchmark...
1788108981.622129440 INFO /performance_monitor [performance_monitor.py:438(PerformanceMonitor.benchmark_memory)] [topics: /performance/command, /performance/benchmark, /performance/alert, /diagnostic_status, /performance/benchmark_results, /rosout, /performance/metrics] Running memory benchmark...
1788108982.311129808 INFO /performance_monitor [performance_monitor.py:474(PerformanceMonitor.benchmark_network)] [topics: /performance/command, /performance/benchmark, /performance/alert, /diagnostic_status, /performance/benchmark_results, /rosout, /performance/metrics] Running network benchmark...
1788108983.506859779 INFO /performance_monitor [performance_monitor.py:520(PerformanceMonitor.benchmark_application)] [topics: /performance/command, /performance/benchmark, /performance/alert, /diagnostic_status, /performance/benchmark_results, /rosout, /performance/metrics] Running application benchmark...
1788108983.559648752 INFO /performance_monitor [performance_monitor.py:373(PerformanceMonitor.run_benchmark)] [topics: /performance/command, /performance/benchmark, /performance/alert, /diagnostic_status, /performance/benchmark_results, /rosout, /performance/metrics] Benchmark completed with overall score: 0.63
1788108983.562149286 INFO /performance_monitor [performance_monitor.py:381(PerformanceMonitor.benchmark_fps)] [topics: /performance/command, /performance/benchmark, /performance/alert, /diagnostic_status, /performance/benchmark_results, /rosout, /performance/metrics] Running FPS benchmark...
1788108988.564775228 INFO /performance_monitor [performance_monitor.py:414(PerformanceMonitor.benchmark_cpu)] [topics: /performance/command, /performance/benchmark, /performance/alert, /diagnostic_status, /performance/benchmark_results, /rosout, /performance/metrics] Running CPU benchmark...
1788108989.866831779 INFO /performance_monitor [performance_monitor.py:438(PerformanceMonitor.benchmark_memory)] [topics: /performance/command, /performance/benchmark, /performance/alert, /diagnostic_status, /performance/benchmark_results, /rosout, /performance/metrics] Running memory benchmark...
1788108990.553813457 INFO /performance_monitor [performance_monitor.py:474(PerformanceMonitor.benchmark_network)] [topics: /performance/command, /performance/benchmark, /performance/alert, /diagnostic_status, /performance/benchmark_results, /rosout, /performance/metrics] Running network benchmark...
1788108991.748347759 INFO /performance_monitor [performance_monitor.py:520(PerformanceMonitor.benchmark_application)] [topics: /performance/command, /performance/benchmark, /performance/alert, /diagnostic_status, /performance/benchmark_results, /rosout, /performance/metrics] Running application benchmark...
1788108991.809842109 INFO /performance_monitor [performance_monitor.py:373(PerformanceMonitor.run_benchmark)] [topics: /performance/command, /performance/benchmark, /performance/alert, /diagnostic_status, /performance/benchmark_results, /rosout, /performance/metrics] Benchmark completed with overall score: 0.63
1788108991.811365604 INFO /performance_monitor [performance_monitor.py:381(PerformanceMonitor.benchmark_fps)] [topics: /performance/command, /performance/benchmark, /performance/alert, /diagnostic_status, /performance/benchmark_results, /rosout, /performance/metrics] Running FPS benchmark...
1788108996.814442157 INFO /performance_monitor [performance_monitor.py:414(PerformanceMonitor.benchmark_cpu)] [topics: /performance/command, /performance/benchmark, /performance/alert, /diagnostic_status, /performance/benchmark_results, /rosout, /performance/metrics] Running CPU benchmark...
1788108998.099670171 INFO /performance_monitor [performance_monitor.py:438(PerformanceMonitor.benchmark_memory)] [topics: /performance/command, /performance/benchmark, /performance/alert, /diagnostic_status, /performance/benchmark_results, /rosout, /performance/metrics] Running memory benchmark...
1788108998.788967609 INFO /performance_monitor [performance_monitor.py:474(PerformanceMonitor.benchmark_network)] [topics: /performance/command, /performance/benchmark, /performance/alert, /diagnostic_status, /performance/benchmark_results, /rosout, /performance/metrics] Running network benchmark...
1788108999.974112033 INFO /performance_monitor [performance_monitor.py:520(PerformanceMonitor.benchmark_application)] [topics: /performance/command, /performance/benchmark, /performance/alert, /diagnostic_status, /performance/benchmark_results, /rosout, /performance/metrics] Running application benchmark...
1788109000.025929689 INFO /performance_monitor [performance_monitor.py:373(PerformanceMonitor.run_benchmark)] [topics: /performance/command, /performance/benchmark, /performance/alert, /diagnostic_status, /performance/benchmark_results, /rosout, /performance/metrics] Benchmark completed with overall score: 0.63
1788109000.028319597 INFO /performance_monitor [performance_monitor.py:381(PerformanceMonitor.benchmark_fps)] [topics: /performance/command, /performance/benchmark, /performance/alert, /diagnostic_status, /performance/benchmark_results, /rosout, /performance/metrics] Running FPS benchmark...
1788109005.040949344 INFO /performance_monitor [performance_monitor.py:414(PerformanceMonitor.benchmark_cpu)] [topics: /performance/command, /performance/benchmark, /performance/alert, /diagnostic_status, /performance/benchmark_results, /rosout, /performance/metrics] Running CPU benchmark...
1788109006.454768180 INFO /performance_monitor [performance_monitor.py:438(PerformanceMonitor.benchmark_memory)] [topics: /performance/command, /performance/benchmark, /performance/alert, /diagnostic_status, /performance/benchmark_results, /rosout, /performance/metrics] Running memory benchmark...
1788109007.206623792 INFO /performance_monitor [performance_monitor.py:474(PerformanceMonitor.benchmark_network)] [topics: /performance/command, /performance/benchmark, /performance/alert, /diagnostic_status, /performance/benchmark_results, /rosout, /performance/metrics] Running network benchmark...
1788109008.404246091 INFO /performance_monitor [performance_monitor.py:520(PerformanceMonitor.benchmark_application)] [topics: /performance/command, /performance/benchmark, /performance/alert, /diagnostic_status, /performance/benchmark_results, /rosout, /performance/metrics] Running application benchmark...
1788109008.464393138 INFO /performance_monitor [performance_monitor.py:373(PerformanceMonitor.run_benchmark)] [topics: /performance/command, /performance/benchmark, /performance/alert, /diagnostic_status, /performance/benchmark_results, /rosout, /performance/metrics] Benchmark completed with overall score: 0.63
1788109008.465906381 INFO /performance_monitor [performance_monitor.py:381(PerformanceMonitor.benchmark_fps)] [topics: /performance/command, /performance/benchmark, /performance/alert, /diagnostic_status, /performance/benchmark_results, /rosout, /performance/metrics] Running FPS benchmark...
1788109013.469146966 INFO /performance_monitor [performance_monitor.py:414(PerformanceMonitor.benchmark_cpu)] [topics: /performance/command, /performance/benchmark, /performance/alert, /diagnostic_status, /performance/benchmark_results, /rosout, /performance/metrics] Running CPU benchmark...
1788109014.778146505 INFO /performance_monitor [performance_monitor.py:438(PerformanceMonitor.benchmark_memory)] [topics: /performance/command, /performance/benchmark, /performance/alert, /diagnostic_status, /performance/benchmark_results, /rosout, /performance/metrics] Running memory benchmark...
1788109015.469756603 INFO /performance_monitor [performance_monitor.py:474(PerformanceMonitor.benchmark_network)] [topics: /performance/command, /performance/benchmark, /performance/alert, /diagnostic_status, /performance/benchmark_results, /rosout, /performance/metrics] Running network benchmark...
1788109016.662241220 INFO /performance_monitor [performance_monitor.py:520(PerformanceMonitor.benchmark_application)] [topics: /performance/command, /performance/benchmark, /performance/alert, /diagnostic_status, /performance/benchmark_results, /rosout, /performance/metrics] Running application benchmark...
1788109016.728921651 INFO /performance_monitor [performance_monitor.py:373(PerformanceMonitor.run_benchmark)] [topics: /performance/command, /performance/benchmark, /performance/alert, /diagnostic_status, /performance/benchmark_results, /rosout, /performance/metrics] Benchmark completed with overall score: 0.63
1788109016.732114315 INFO /performance_monitor [performance_monitor.py:381(PerformanceMonitor.benchmark_fps)] [topics: /performance/command, /performance/benchmark, /performance/alert, /diagnostic_status, /performance/benchmark_results, /rosout, /performance/metrics] Running FPS benchmark...
1788109021.734930515 INFO /performance_monitor [performance_monitor.py:414(PerformanceMonitor.benchmark_cpu)] [topics: /performance/command, /performance/benchmark, /performance/alert, /diagnostic_status, /performance/benchmark_results, /rosout, /performance/metrics] Running CPU benchmark...
1788109023.064138650 INFO /performance_monitor [performance_monitor.py:438(PerformanceMonitor.benchmark_memory)] [topics: /performance/command, /performance/benchmark, /performance/alert, /diagnostic_status, /performance/benchmark_results, /rosout, /performance/metrics] Running memory benchmark...
1788109024.050352811 INFO /performance_monitor [performance_monitor.py:474(PerformanceMonitor.benchmark_network)] [topics: /performance/command, /performance/benchmark, /performance/alert, /diagnostic_status, /performance/benchmark_results, /rosout, /performance/metrics] Running network benchmark...
1788109025.212575912 INFO /performance_monitor [performance_monitor.py:520(PerformanceMonitor.benchmark_application)] [topics: /performance/command, /performance/benchmark, /performance/alert, /diagnostic_status, /performance/benchmark_results, /rosout, /performance/metrics] Running application benchmark...
1788109025.267341852 INFO /performance_monitor [performance_monitor.py:373(PerformanceMonitor.run_benchmark)] [topics: /performance/command, /performance/benchmark, /performance/alert, /diagnostic_status, /performance/benchmark_results, /rosout, /performance/metrics] Benchmark completed with overall score: 0.63
1788109025.269240140 INFO /performance_monitor [performance_monitor.py:381(PerformanceMonitor.benchmark_fps)] [topics: /performance/command, /performance/benchmark, /performance/alert, /diagnostic_status, /performance/benchmark_results, /rosout, /performance/metrics] Running FPS benchmark...
1788109030.271989107 INFO /performance_monitor [performance_monitor.py:414(PerformanceMonitor.benchmark_cpu)] [topics: /performance/command, /performance/benchmark, /performance/alert, /diagnostic_status, /performance/benchmark_results, /rosout, /performance/metrics] Running CPU benchmark...
1788109031.587061643 INFO /performance_monitor [performance_monitor.py:438(PerformanceMonitor.benchmark_memory)] [topics: /performance/command, /performance/benchmark, /performance/alert, /diagnostic_status, /performance/benchmark_results, /rosout, /performance/metrics] Running memory benchmark...
1788109032.270787954 INFO /performance_monitor [performance_monitor.py:474(PerformanceMonitor.benchmark_network)] [topics: /performance/command, /performance/benchmark, /performance/alert, /diagnostic_status, /performance/benchmark_results, /rosout, /performance/metrics] Running network benchmark...
1788109033.434538125 INFO /performance_monitor [performance_monitor.py:520(PerformanceMonitor.benchmark_application)] [topics: /performance/command, /performance/benchmark, /performance/alert, /diagnostic_status, /performance/benchmark_results, /rosout, /performance/metrics] Running application benchmark...
1788109033.489266633 INFO /performance_monitor [performance_monitor.py:373(PerformanceMonitor.run_benchmark)] [topics: /performance/command, /performance/benchmark, /performance/alert, /diagnostic_status, /performance/benchmark_results, /rosout, /performance/metrics] Benchmark completed with overall score: 0.63
1788109033.490885257 INFO /performance_monitor [performance_monitor.py:381(PerformanceMonitor.benchmark_fps)] [topics: /performance/command, /performance/benchmark, /performance/alert, /diagnostic_status, /performance/benchmark_results, /rosout, /performance/metrics] Running FPS benchmark...
1788109038.496151447 INFO /performance_monitor [performance_monitor.py:414(PerformanceMonitor.benchmark_cpu)] [topics: /performance/command, /performance/benchmark, /performance/alert, /diagnostic_status, /performance/benchmark_results, /rosout, /performance/metrics] Running CPU benchmark...
1788109039.850358724 INFO /performance_monitor [performance_monitor.py:438(PerformanceMonitor.benchmark_memory)] [topics: /performance/command, /performance/benchmark, /performance/alert, /diagnostic_status, /performance/benchmark_results, /rosout, /performance/metrics] Running memory benchmark...
1788109040.531394481 INFO /performance_monitor [performance_monitor.py:474(PerformanceMonitor.benchmark_network)] [topics: /performance/command, /performance/benchmark, /performance/alert, /diagnostic_status, /performance/benchmark_results, /rosout, /performance/metrics] Running network benchmark...
1788109041.753479242 INFO /performance_monitor [performance_monitor.py:520(PerformanceMonitor.benchmark_application)] [topics: /performance/command, /performance/benchmark, /performance/alert, /diagnostic_status, /performance/benchmark_results, /rosout, /performance/metrics] Running application benchmark...
1788109041.802668809 INFO /performance_monitor [performance_monitor.py:373(PerformanceMonitor.run_benchmark)] [topics: /performance/command, /performance/benchmark, /performance/alert, /diagnostic_status, /performance/benchmark_results, /rosout, /performance/metrics] Benchmark completed with overall score: 0.63
1788109041.804249048 INFO /performance_monitor [performance_monitor.py:381(PerformanceMonitor.benchmark_fps)] [topics: /performance/command, /performance/benchmark, /performance/alert, /diagnostic_status, /performance/benchmark_results, /rosout, /performance/metrics] Running FPS benchmark...
1788109046.811868429 INFO /performance_monitor [performance_monitor.py:414(PerformanceMonitor.benchmark_cpu)] [topics: /performance/command, /performance/benchmark, /performance/alert, /diagnostic_status, /performance/benchmark_results, /rosout, /performance/metrics] Running CPU benchmark...
1788109048.090141534 INFO /performance_monitor [performance_monitor.py:438(PerformanceMonitor.benchmark_memory)] [topics: /performance/command, /performance/benchmark, /performance/alert, /diagnostic_status, /performance/benchmark_results, /rosout, /performance/metrics] Running memory benchmark...
1788109048.803301572 INFO /performance_monitor [performance_monitor.py:474(PerformanceMonitor.benchmark_network)] [topics: /performance/command, /performance/benchmark, /performance/alert, /diagnostic_status, /performance/benchmark_results, /rosout, /performance/metrics] Running network benchmark...
1788109050.004191160 INFO /performance_monitor [performance_monitor.py:520(PerformanceMonitor.benchmark_application)] [topics: /performance/command, /performance/benchmark, /performance/alert, /diagnostic_status, /performance/benchmark_results, /rosout, /performance/metrics] Running application benchmark...
1788109050.055749416 INFO /performance_monitor [performance_monitor.py:373(PerformanceMonitor.run_benchmark)] [topics: /performance/command, /performance/benchmark, /performance/alert, /diagnostic_status, /performance/benchmark_results, /rosout, /performance/metrics] Benchmark completed with overall score: 0.63
1788109050.061017513 INFO /performance_monitor [performance_monitor.py:381(PerformanceMonitor.benchmark_fps)] [topics: /performance/command, /performance/benchmark, /performance/alert, /diagnostic_status, /performance/benchmark_results, /rosout, /performance/metrics] Running FPS benchmark...
1788109055.063256740 INFO /performance_monitor [performance_monitor.py:414(PerformanceMonitor.benchmark_cpu)] [topics: /performance/command, /performance/benchmark, /performance/alert, /diagnostic_status, /performance/benchmark_results, /rosout, /performance/metrics] Running CPU benchmark...
1788109056.730805873 INFO /performance_monitor [performance_monitor.py:438(PerformanceMonitor.benchmark_memory)] [topics: /performance/command, /performance/benchmark, /performance/alert, /diagnostic_status, /performance/benchmark_results, /rosout, /performance/metrics] Running memory benchmark...
1788109057.517316579 INFO /performance_monitor [performance_monitor.py:474(PerformanceMonitor.benchmark_network)] [topics: /performance/command, /performance/benchmark, /performance/alert, /diagnostic_status, /performance/benchmark_results, /rosout, /performance/metrics] Running network benchmark...
1788109058.713769912 INFO /performance_monitor [performance_monitor.py:520(PerformanceMonitor.benchmark_application)] [topics: /performance/command, /performance/benchmark, /performance/alert, /diagnostic_status, /performance/benchmark_results, /rosout, /performance/metrics] Running application benchmark...
1788109058.768764734 INFO /performance_monitor [performance_monitor.py:373(PerformanceMonitor.run_benchmark)] [topics: /performance/command, /performance/benchmark, /performance/alert, /diagnostic_status, /performance/benchmark_results, /rosout, /performance/metrics] Benchmark completed with overall score: 0.63
1788109058.771374940 INFO /performance_monitor [performance_monitor.py:381(PerformanceMonitor.benchmark_fps)] [topics: /performance/command, /performance/benchmark, /performance/alert, /diagnostic_status, /performance/benchmark_results, /rosout, /performance/metrics] Running FPS benchmark...
1788109063.773653507 INFO /performance_monitor [performance_monitor.py:414(PerformanceMonitor.benchmark_cpu)] [topics: /performance/command, /performance/benchmark, /performance/alert, /diagnostic_status, /performance/benchmark_results, /rosout, /performance/metrics] Running CPU benchmark...
1788109065.085470914 INFO /performance_monitor [performance_monitor.py:438(PerformanceMonitor.benchmark_memory)] [topics: /performance/command, /performance/benchmark, /performance/alert, /diagnostic_status, /performance/benchmark_results, /rosout, /performance/metrics] Running memory benchmark...
1788109065.794505357 INFO /performance_monitor [performance_monitor.py:474(PerformanceMonitor.benchmark_network)] [topics: /performance/command, /performance/benchmark, /performance/alert, /diagnostic_status, /performance/benchmark_results, /rosout, /performance/metrics] Running network benchmark...
1788109067.013199806 INFO /performance_monitor [performance_monitor.py:520(PerformanceMonitor.benchmark_application)] [topics: /performance/command, /performance/benchmark, /performance/alert, /diagnostic_status, /performance/benchmark_results, /rosout, /performance/metrics] Running application benchmark...
1788109067.066906213 INFO /performance_monitor [performance_monitor.py:373(PerformanceMonitor.run_benchmark)] [topics: /performance/command, /performance/benchmark, /performance/alert, /diagnostic_status, /performance/benchmark_results, /rosout, /performance/metrics] Benchmark completed with overall score: 0.63
1788109067.069649696 INFO /performance_monitor [performance_monitor.py:381(PerformanceMonitor.benchmark_fps)] [topics: /performance/command, /performance/benchmark, /performance/alert, /diagnostic_status, /performance/benchmark_results, /rosout, /performance/metrics] Running FPS benchmark...
1788109072.075641632 INFO /performance_monitor [performance_monitor.py:414(PerformanceMonitor.benchmark_cpu)] [topics: /performance/command, /performance/benchmark, /performance/alert, /diagnostic_status, /performance/benchmark_results, /rosout, /performance/metrics] Running CPU benchmark...
1788109073.331946849 INFO /performance_monitor [performance_monitor.py:438(PerformanceMonitor.benchmark_memory)] [topics: /performance/command, /performance/benchmark, /performance/alert, /diagnostic_status, /performance/benchmark_results, /rosout, /performance/metrics] Running memory benchmark...
1788109074.018040418 INFO /performance_monitor [performance_monitor.py:474(PerformanceMonitor.benchmark_network)] [topics: /performance/command, /performance/benchmark, /performance/alert, /diagnostic_status, /performance/benchmark_results, /rosout, /performance/metrics] Running network benchmark...
1788109075.181175470 INFO /performance_monitor [performance_monitor.py:520(PerformanceMonitor.benchmark_application)] [topics: /performance/command, /performance/benchmark, /performance/alert, /diagnostic_status, /performance/benchmark_results, /rosout, /performance/metrics] Running application benchmark...
1788109075.229101896 INFO /performance_monitor [performance_monitor.py:373(PerformanceMonitor.run_benchmark)] [topics: /performance/command, /performance/benchmark, /performance/alert, /diagnostic_status, /performance/benchmark_results, /rosout, /performance/metrics] Benchmark completed with overall score: 0.63
1788109075.231140851 INFO /performance_monitor [performance_monitor.py:381(PerformanceMonitor.benchmark_fps)] [topics: /performance/command, /performance/benchmark, /performance/alert, /diagnostic_status, /performance/benchmark_results, /rosout, /performance/metrics] Running FPS benchmark...
1788109080.233766794 INFO /performance_monitor [performance_monitor.py:414(PerformanceMonitor.benchmark_cpu)] [topics: /performance/command, /performance/benchmark, /performance/alert, /diagnostic_status, /performance/benchmark_results, /rosout, /performance/metrics] Running CPU benchmark...
1788109081.636012077 INFO /performance_monitor [performance_monitor.py:438(PerformanceMonitor.benchmark_memory)] [topics: /performance/command, /performance/benchmark, /performance/alert, /diagnostic_status, /performance/benchmark_results, /rosout, /performance/metrics] Running memory benchmark...
1788109082.335168361 INFO /performance_monitor [performance_monitor.py:474(PerformanceMonitor.benchmark_network)] [topics: /performance/command, /performance/benchmark, /performance/alert, /diagnostic_status, /performance/benchmark_results, /rosout, /performance/metrics] Running network benchmark...
1788109083.529606342 INFO /performance_monitor [performance_monitor.py:520(PerformanceMonitor.benchmark_application)] [topics: /performance/command, /performance/benchmark, /performance/alert, /diagnostic_status, /performance/benchmark_results, /rosout, /performance/metrics] Running application benchmark...
1788109083.583040714 INFO /performance_monitor [performance_monitor.py:373(PerformanceMonitor.run_benchmark)] [topics: /performance/command, /performance/benchmark, /performance/alert, /diagnostic_status, /performance/benchmark_results, /rosout, /performance/metrics] Benchmark completed with overall score: 0.63
1788109083.585439920 INFO /performance_monitor [performance_monitor.py:381(PerformanceMonitor.benchmark_fps)] [topics: /performance/command, /performance/benchmark, /performance/alert, /diagnostic_status, /performance/benchmark_results, /rosout, /performance/metrics] Running FPS benchmark...
1788109088.590577840 INFO /performance_monitor [performance_monitor.py:414(PerformanceMonitor.benchmark_cpu)] [topics: /performance/command, /performance/benchmark, /performance/alert, /diagnostic_status, /performance/benchmark_results, /rosout, /performance/metrics] Running CPU benchmark...
1788109089.834914445 INFO /performance_monitor [performance_monitor.py:438(PerformanceMonitor.benchmark_memory)] [topics: /performance/command, /performance/benchmark, /performance/alert, /diagnostic_status, /performance/benchmark_results, /rosout, /performance/metrics] Running memory benchmark...
1788109090.516975879 INFO /performance_monitor [performance_monitor.py:474(PerformanceMonitor.benchmark_network)] [topics: /performance/command, /performance/benchmark, /performance/alert, /diagnostic_status, /performance/benchmark_results, /rosout, /performance/metrics] Running network benchmark...
1788109091.682796239 INFO /performance_monitor [performance_monitor.py:520(PerformanceMonitor.benchmark_application)] [topics: /performance/command, /performance/benchmark, /performance/alert, /diagnostic_status, /performance/benchmark_results, /rosout, /performance/metrics] Running application benchmark...
1788109091.739444255 INFO /performance_monitor [performance_monitor.py:373(PerformanceMonitor.run_benchmark)] [topics: /performance/command, /performance/benchmark, /performance/alert, /diagnostic_status, /performance/benchmark_results, /rosout, /performance/metrics] Benchmark completed with overall score: 0.63
1788109091.741843223 INFO /performance_monitor [performance_monitor.py:381(PerformanceMonitor.benchmark_fps)] [topics: /performance/command, /performance/benchmark, /performance/alert, /diagnostic_status, /performance/benchmark_results, /rosout, /performance/metrics] Running FPS benchmark...
1788109096.745697975 INFO /performance_monitor [performance_monitor.py:414(PerformanceMonitor.benchmark_cpu)] [topics: /performance/command, /performance/benchmark, /performance/alert, /diagnostic_status, /performance/benchmark_results, /rosout, /performance/metrics] Running CPU benchmark...
1788109098.040403366 INFO /performance_monitor [performance_monitor.py:438(PerformanceMonitor.benchmark_memory)] [topics: /performance/command, /performance/benchmark, /performance/alert, /diagnostic_status, /performance/benchmark_results, /rosout, /performance/metrics] Running memory benchmark...
1788109098.739320039 INFO /performance_monitor [performance_monitor.py:474(PerformanceMonitor.benchmark_network)] [topics: /performance/command, /performance/benchmark, /performance/alert, /diagnostic_status, /performance/benchmark_results, /rosout, /performance/metrics] Running network benchmark...
1788109099.943901300 INFO /performance_monitor [performance_monitor.py:520(PerformanceMonitor.benchmark_application)] [topics: /performance/command, /performance/benchmark, /performance/alert, /diagnostic_status, /performance/benchmark_results, /rosout, /performance/metrics] Running application benchmark...
1788109099.992841243 INFO /performance_monitor [performance_monitor.py:373(PerformanceMonitor.run_benchmark)] [topics: /performance/command, /performance/benchmark, /performance/alert, /diagnostic_status, /performance/benchmark_results, /rosout, /performance/metrics] Benchmark completed with overall score: 0.63
1788109099.994076490 INFO /performance_monitor [performance_monitor.py:381(PerformanceMonitor.benchmark_fps)] [topics: /performance/command, /performance/benchmark, /performance/alert, /diagnostic_status, /performance/benchmark_results, /rosout, /performance/metrics] Running FPS benchmark...
1788109105.011927127 INFO /performance_monitor [performance_monitor.py:414(PerformanceMonitor.benchmark_cpu)] [topics: /performance/command, /performance/benchmark, /performance/alert, /diagnostic_status, /performance/benchmark_results, /rosout, /performance/metrics] Running CPU benchmark...
1788109106.273042678 INFO /performance_monitor [performance_monitor.py:438(PerformanceMonitor.benchmark_memory)] [topics: /performance/command, /performance/benchmark, /performance/alert, /diagnostic_status, /performance/benchmark_results, /rosout, /performance/metrics] Running memory benchmark...
1788109106.969057798 INFO /performance_monitor [performance_monitor.py:474(PerformanceMonitor.benchmark_network)] [topics: /performance/command, /performance/benchmark, /performance/alert, /diagnostic_status, /performance/benchmark_results, /rosout, /performance/metrics] Running network benchmark...
1788109108.141937971 INFO /performance_monitor [performance_monitor.py:520(PerformanceMonitor.benchmark_application)] [topics: /performance/command, /performance/benchmark, /performance/alert, /diagnostic_status, /performance/benchmark_results, /rosout, /performance/metrics] Running application benchmark...
1788109108.195867538 INFO /performance_monitor [performance_monitor.py:373(PerformanceMonitor.run_benchmark)] [topics: /performance/command, /performance/benchmark, /performance/alert, /diagnostic_status, /performance/benchmark_results, /rosout, /performance/metrics] Benchmark completed with overall score: 0.63
1788109108.199131488 INFO /performance_monitor [performance_monitor.py:381(PerformanceMonitor.benchmark_fps)] [topics: /performance/command, /performance/benchmark, /performance/alert, /diagnostic_status, /performance/benchmark_results, /rosout, /performance/metrics] Running FPS benchmark...
1788109113.202683925 INFO /performance_monitor [performance_monitor.py:414(PerformanceMonitor.benchmark_cpu)] [topics: /performance/command, /performance/benchmark, /performance/alert, /diagnostic_status, /performance/benchmark_results, /rosout, /performance/metrics] Running CPU benchmark...
1788109114.527381420 INFO /performance_monitor [performance_monitor.py:438(PerformanceMonitor.benchmark_memory)] [topics: /performance/command, /performance/benchmark, /performance/alert, /diagnostic_status, /performance/benchmark_results, /rosout, /performance/metrics] Running memory benchmark...
1788109115.240805864 INFO /performance_monitor [performance_monitor.py:474(PerformanceMonitor.benchmark_network)] [topics: /performance/command, /performance/benchmark, /performance/alert, /diagnostic_status, /performance/benchmark_results, /rosout, /performance/metrics] Running network benchmark...
1788109116.444343328 INFO /performance_monitor [performance_monitor.py:520(PerformanceMonitor.benchmark_application)] [topics: /performance/command, /performance/benchmark, /performance/alert, /diagnostic_status, /performance/benchmark_results, /rosout, /performance/metrics] Running application benchmark...
1788109116.506816625 INFO /performance_monitor [performance_monitor.py:373(PerformanceMonitor.run_benchmark)] [topics: /performance/command, /performance/benchmark, /performance/alert, /diagnostic_status, /performance/benchmark_results, /rosout, /performance/metrics] Benchmark completed with overall score: 0.63
1788109116.509341955 INFO /performance_monitor [performance_monitor.py:381(PerformanceMonitor.benchmark_fps)] [topics: /performance/command, /performance/benchmark, /performance/alert, /diagnostic_status, /performance/benchmark_results, /rosout, /performance/metrics] Running FPS benchmark...
1788109121.512534618 INFO /performance_monitor [performance_monitor.py:414(PerformanceMonitor.benchmark_cpu)] [topics: /performance/command, /performance/benchmark, /performance/alert, /diagnostic_status, /performance/benchmark_results, /rosout, /performance/metrics] Running CPU benchmark...
1788109122.781634330 INFO /performance_monitor [performance_monitor.py:438(PerformanceMonitor.benchmark_memory)] [topics: /performance/command, /performance/benchmark, /performance/alert, /diagnostic_status, /performance/benchmark_results, /rosout, /performance/metrics] Running memory benchmark...
1788109123.500541687 INFO /performance_monitor [performance_monitor.py:474(PerformanceMonitor.benchmark_network)] [topics: /performance/command, /performance/benchmark, /performance/alert, /diagnostic_status, /performance/benchmark_results, /rosout, /performance/metrics] Running network benchmark...
1788109124.633127689 INFO /performance_monitor [performance_monitor.py:520(PerformanceMonitor.benchmark_application)] [topics: /performance/command, /performance/benchmark, /performance/alert, /diagnostic_status, /performance/benchmark_results, /rosout, /performance/metrics] Running application benchmark...
1788109124.682805776 INFO /performance_monitor [performance_monitor.py:373(PerformanceMonitor.run_benchmark)] [topics: /performance/command, /performance/benchmark, /performance/alert, /diagnostic_status, /performance/benchmark_results, /rosout, /performance/metrics] Benchmark completed with overall score: 0.63
1788109124.684110164 INFO /performance_monitor [performance_monitor.py:381(PerformanceMonitor.benchmark_fps)] [topics: /performance/command, /performance/benchmark, /performance/alert, /diagnostic_status, /performance/benchmark_results, /rosout, /performance/metrics] Running FPS benchmark...
1788109129.686423778 INFO /performance_monitor [performance_monitor.py:414(PerformanceMonitor.benchmark_cpu)] [topics: /performance/command, /performance/benchmark, /performance/alert, /diagnostic_status, /performance/benchmark_results, /rosout, /performance/metrics] Running CPU benchmark...
1788109130.958552598 INFO /performance_monitor [performance_monitor.py:438(PerformanceMonitor.benchmark_memory)] [topics: /performance/command, /performance/benchmark, /performance/alert, /diagnostic_status, /performance/benchmark_results, /rosout, /performance/metrics] Running memory benchmark...
1788109131.656195640 INFO /performance_monitor [performance_monitor.py:474(PerformanceMonitor.benchmark_network)] [topics: /performance/command, /performance/benchmark, /performance/alert, /diagnostic_status, /performance/benchmark_results, /rosout, /performance/metrics] Running network benchmark...
1788109132.830931663 INFO /performance_monitor [performance_monitor.py:520(PerformanceMonitor.benchmark_application)] [topics: /performance/command, /performance/benchmark, /performance/alert, /diagnostic_status, /performance/benchmark_results, /rosout, /performance/metrics] Running application benchmark...
1788109132.886257648 INFO /performance_monitor [performance_monitor.py:373(PerformanceMonitor.run_benchmark)] [topics: /performance/command, /performance/benchmark, /performance/alert, /diagnostic_status, /performance/benchmark_results, /rosout, /performance/metrics] Benchmark completed with overall score: 0.63
1788109132.889285087 INFO /performance_monitor [performance_monitor.py:381(PerformanceMonitor.benchmark_fps)] [topics: /performance/command, /performance/benchmark, /performance/alert, /diagnostic_status, /performance/benchmark_results, /rosout, /performance/metrics] Running FPS benchmark...
1788109137.895504474 INFO /performance_monitor [performance_monitor.py:414(PerformanceMonitor.benchmark_cpu)] [topics: /performance/command, /performance/benchmark, /performance/alert, /diagnostic_status, /performance/benchmark_results, /rosout, /performance/metrics] Running CPU benchmark...
1788109139.138828039 INFO /performance_monitor [performance_monitor.py:438(PerformanceMonitor.benchmark_memory)] [topics: /performance/command, /performance/benchmark, /performance/alert, /diagnostic_status, /performance/benchmark_results, /rosout, /performance/metrics] Running memory benchmark...
1788109139.837187528 INFO /performance_monitor [performance_monitor.py:474(PerformanceMonitor.benchmark_network)] [topics: /performance/command, /performance/benchmark, /performance/alert, /diagnostic_status, /performance/benchmark_results, /rosout, /performance/metrics] Running network benchmark...
1788109141.018023729 INFO /performance_monitor [performance_monitor.py:520(PerformanceMonitor.benchmark_application)] [topics: /performance/command, /performance/benchmark, /performance/alert, /diagnostic_status, /performance/benchmark_results, /rosout, /performance/metrics] Running application benchmark...
1788109141.067948102 INFO /performance_monitor [performance_monitor.py:373(PerformanceMonitor.run_benchmark)] [topics: /performance/command, /performance/benchmark, /performance/alert, /diagnostic_status, /performance/benchmark_results, /rosout, /performance/metrics] Benchmark completed with overall score: 0.63
1788109141.069342374 INFO /performance_monitor [performance_monitor.py:381(PerformanceMonitor.benchmark_fps)] [topics: /performance/command, /performance/benchmark, /performance/alert, /diagnostic_status, /performance/benchmark_results, /rosout, /performance/metrics] Running FPS benchmark...
1788109146.071739912 INFO /performance_monitor [performance_monitor.py:414(PerformanceMonitor.benchmark_cpu)] [topics: /performance/command, /performance/benchmark, /performance/alert, /diagnostic_status, /performance/benchmark_results, /rosout, /performance/metrics] Running CPU benchmark...
1788109147.353929281 INFO /performance_monitor [performance_monitor.py:438(PerformanceMonitor.benchmark_memory)] [topics: /performance/command, /performance/benchmark, /performance/alert, /diagnostic_status, /performance/benchmark_results, /rosout, /performance/metrics] Running memory benchmark...
1788109148.040190458 INFO /performance_monitor [performance_monitor.py:474(PerformanceMonitor.benchmark_network)] [topics: /performance/command, /performance/benchmark, /performance/alert, /diagnostic_status, /performance/benchmark_results, /rosout, /performance/metrics] Running network benchmark...
1788109149.239479064 INFO /performance_monitor [performance_monitor.py:520(PerformanceMonitor.benchmark_application)] [topics: /performance/command, /performance/benchmark, /performance/alert, /diagnostic_status, /performance/benchmark_results, /rosout, /performance/metrics] Running application benchmark...
1788109149.290063381 INFO /performance_monitor [performance_monitor.py:373(PerformanceMonitor.run_benchmark)] [topics: /performance/command, /performance/benchmark, /performance/alert, /diagnostic_status, /performance/benchmark_results, /rosout, /performance/metrics] Benchmark completed with overall score: 0.63
1788109149.292273044 INFO /performance_monitor [performance_monitor.py:381(PerformanceMonitor.benchmark_fps)] [topics: /performance/command, /performance/benchmark, /performance/alert, /diagnostic_status, /performance/benchmark_results, /rosout, /performance/metrics] Running FPS benchmark...
1788109154.294803380 INFO /performance_monitor [performance_monitor.py:414(PerformanceMonitor.benchmark_cpu)] [topics: /performance/command, /performance/benchmark, /performance/alert, /diagnostic_status, /performance/benchmark_results, /rosout, /performance/metrics] Running CPU benchmark...
1788109155.811344385 INFO /performance_monitor [performance_monitor.py:438(PerformanceMonitor.benchmark_memory)] [topics: /performance/command, /performance/benchmark, /performance/alert, /diagnostic_status, /performance/benchmark_results, /rosout, /performance/metrics] Running memory benchmark...
1788109156.885956048 INFO /performance_monitor [performance_monitor.py:474(PerformanceMonitor.benchmark_network)] [topics: /performance/command, /performance/benchmark, /performance/alert, /diagnostic_status, /performance/benchmark_results, /rosout, /performance/metrics] Running network benchmark...
1788109158.107025861 INFO /performance_monitor [performance_monitor.py:520(PerformanceMonitor.benchmark_application)] [topics: /performance/command, /performance/benchmark, /performance/alert, /diagnostic_status, /performance/benchmark_results, /rosout, /performance/metrics] Running application benchmark...
1788109158.165361166 INFO /performance_monitor [performance_monitor.py:373(PerformanceMonitor.run_benchmark)] [topics: /performance/command, /performance/benchmark, /performance/alert, /diagnostic_status, /performance/benchmark_results, /rosout, /performance/metrics] Benchmark completed with overall score: 0.63
1788109158.168058633 INFO /performance_monitor [performance_monitor.py:381(PerformanceMonitor.benchmark_fps)] [topics: /performance/command, /performance/benchmark, /performance/alert, /diagnostic_status, /performance/benchmark_results, /rosout, /performance/metrics] Running FPS benchmark...
1788109163.171273469 INFO /performance_monitor [performance_monitor.py:414(PerformanceMonitor.benchmark_cpu)] [topics: /performance/command, /performance/benchmark, /performance/alert, /diagnostic_status, /performance/benchmark_results, /rosout, /performance/metrics] Running CPU benchmark...
1788109164.440775156 INFO /performance_monitor [performance_monitor.py:438(PerformanceMonitor.benchmark_memory)] [topics: /performance/command, /performance/benchmark, /performance/alert, /diagnostic_status, /performance/benchmark_results, /rosout, /performance/metrics] Running memory benchmark...
1788109165.153856992 INFO /performance_monitor [performance_monitor.py:474(PerformanceMonitor.benchmark_network)] [topics: /performance/command, /performance/benchmark, /performance/alert, /diagnostic_status, /performance/benchmark_results, /rosout, /performance/metrics] Running network benchmark...
1788109166.336902141 INFO /performance_monitor [performance_monitor.py:520(PerformanceMonitor.benchmark_application)] [topics: /performance/command, /performance/benchmark, /performance/alert, /diagnostic_status, /performance/benchmark_results, /rosout, /performance/metrics] Running application benchmark...
1788109166.389105081 INFO /performance_monitor [performance_monitor.py:373(PerformanceMonitor.run_benchmark)] [topics: /performance/command, /performance/benchmark, /performance/alert, /diagnostic_status, /performance/benchmark_results, /rosout, /performance/metrics] Benchmark completed with overall score: 0.63
1788109166.390525341 INFO /performance_monitor [performance_monitor.py:381(PerformanceMonitor.benchmark_fps)] [topics: /performance/command, /performance/benchmark, /performance/alert, /diagnostic_status, /performance/benchmark_results, /rosout, /performance/metrics] Running FPS benchmark...
1788109171.394198894 INFO /performance_monitor [performance_monitor.py:414(PerformanceMonitor.benchmark_cpu)] [topics: /performance/command, /performance/benchmark, /performance/alert, /diagnostic_status, /performance/benchmark_results, /rosout, /performance/metrics] Running CPU benchmark...
1788109172.640508174 INFO /performance_monitor [performance_monitor.py:438(PerformanceMonitor.benchmark_memory)] [topics: /performance/command, /performance/benchmark, /performance/alert, /diagnostic_status, /performance/benchmark_results, /rosout, /performance/metrics] Running memory benchmark...
1788109173.330849647 INFO /performance_monitor [performance_monitor.py:474(PerformanceMonitor.benchmark_network)] [topics: /performance/command, /performance/benchmark, /performance/alert, /diagnostic_status, /performance/benchmark_results, /rosout, /performance/metrics] Running network benchmark...
1788109174.503122806 INFO /performance_monitor [performance_monitor.py:520(PerformanceMonitor.benchmark_application)] [topics: /performance/command, /performance/benchmark, /performance/alert, /diagnostic_status, /performance/benchmark_results, /rosout, /performance/metrics] Running application benchmark...
1788109174.556923389 INFO /performance_monitor [performance_monitor.py:373(PerformanceMonitor.run_benchmark)] [topics: /performance/command, /performance/benchmark, /performance/alert, /diagnostic_status, /performance/benchmark_results, /rosout, /performance/metrics] Benchmark completed with overall score: 0.63
1788109174.559190988 INFO /performance_monitor [performance_monitor.py:381(PerformanceMonitor.benchmark_fps)] [topics: /performance/command, /performance/benchmark, /performance/alert, /diagnostic_status, /performance/benchmark_results, /rosout, /performance/metrics] Running FPS benchmark...
1788109179.562484979 INFO /performance_monitor [performance_monitor.py:414(PerformanceMonitor.benchmark_cpu)] [topics: /performance/command, /performance/benchmark, /performance/alert, /diagnostic_status, /performance/benchmark_results, /rosout, /performance/metrics] Running CPU benchmark...
1788109181.045836210 INFO /performance_monitor [performance_monitor.py:438(PerformanceMonitor.benchmark_memory)] [topics: /performance/command, /performance/benchmark, /performance/alert, /diagnostic_status, /performance/benchmark_results, /rosout, /performance/metrics] Running memory benchmark...
1788109181.813600778 INFO /performance_monitor [performance_monitor.py:474(PerformanceMonitor.benchmark_network)] [topics: /performance/command, /performance/benchmark, /performance/alert, /diagnostic_status, /performance/benchmark_results, /rosout, /performance/metrics] Running network benchmark...
1788109182.951477289 INFO /performance_monitor [performance_monitor.py:520(PerformanceMonitor.benchmark_application)] [topics: /performance/command, /performance/benchmark, /performance/alert, /diagnostic_status, /performance/benchmark_results, /rosout, /performance/metrics] Running application benchmark...
1788109182.999326467 INFO /performance_monitor [performance_monitor.py:373(PerformanceMonitor.run_benchmark)] [topics: /performance/command, /performance/benchmark, /performance/alert, /diagnostic_status, /performance/benchmark_results, /rosout, /performance/metrics] Benchmark completed with overall score: 0.63
1788109183.000718593 INFO /performance_monitor [performance_monitor.py:381(PerformanceMonitor.benchmark_fps)] [topics: /performance/command, /performance/benchmark, /performance/alert, /diagnostic_status, /performance/benchmark_results, /rosout, /performance/metrics] Running FPS benchmark...
1788109188.004692792 INFO /performance_monitor [performance_monitor.py:414(PerformanceMonitor.benchmark_cpu)] [topics: /performance/command, /performance/benchmark, /performance/alert, /diagnostic_status, /performance/benchmark_results, /rosout, /performance/metrics] Running CPU benchmark...
1788109189.445180654 INFO /performance_monitor [performance_monitor.py:438(PerformanceMonitor.benchmark_memory)] [topics: /performance/command, /performance/benchmark, /performance/alert, /diagnostic_status, /performance/benchmark_results, /rosout, /performance/metrics] Running memory benchmark...
1788109190.140978336 INFO /performance_monitor [performance_monitor.py:474(PerformanceMonitor.benchmark_network)] [topics: /performance/command, /performance/benchmark, /performance/alert, /diagnostic_status, /performance/benchmark_results, /rosout, /performance/metrics] Running network benchmark...
1788109191.361040830 INFO /performance_monitor [performance_monitor.py:520(PerformanceMonitor.benchmark_application)] [topics: /performance/command, /performance/benchmark, /performance/alert, /diagnostic_status, /performance/benchmark_results, /rosout, /performance/metrics] Running application benchmark...
1788109191.414084672 INFO /performance_monitor [performance_monitor.py:373(PerformanceMonitor.run_benchmark)] [topics: /performance/command, /performance/benchmark, /performance/alert, /diagnostic_status, /performance/benchmark_results, /rosout, /performance/metrics] Benchmark completed with overall score: 0.63
1788109191.416398048 INFO /performance_monitor [performance_monitor.py:381(PerformanceMonitor.benchmark_fps)] [topics: /performance/command, /performance/benchmark, /performance/alert, /diagnostic_status, /performance/benchmark_results, /rosout, /performance/metrics] Running FPS benchmark...
1788109196.419095993 INFO /performance_monitor [performance_monitor.py:414(PerformanceMonitor.benchmark_cpu)] [topics: /performance/command, /performance/benchmark, /performance/alert, /diagnostic_status, /performance/benchmark_results, /rosout, /performance/metrics] Running CPU benchmark...
1788109197.832325935 INFO /performance_monitor [performance_monitor.py:438(PerformanceMonitor.benchmark_memory)] [topics: /performance/command, /performance/benchmark, /performance/alert, /diagnostic_status, /performance/benchmark_results, /rosout, /performance/metrics] Running memory benchmark...
1788109198.522068500 INFO /performance_monitor [performance_monitor.py:474(PerformanceMonitor.benchmark_network)] [topics: /performance/command, /performance/benchmark, /performance/alert, /diagnostic_status, /performance/benchmark_results, /rosout, /performance/metrics] Running network benchmark...
1788109199.653454303 INFO /performance_monitor [performance_monitor.py:520(PerformanceMonitor.benchmark_application)] [topics: /performance/command, /performance/benchmark, /performance/alert, /diagnostic_status, /performance/benchmark_results, /rosout, /performance/metrics] Running application benchmark...
1788109199.702757835 INFO /performance_monitor [performance_monitor.py:373(PerformanceMonitor.run_benchmark)] [topics: /performance/command, /performance/benchmark, /performance/alert, /diagnostic_status, /performance/benchmark_results, /rosout, /performance/metrics] Benchmark completed with overall score: 0.63
1788109199.704209566 INFO /performance_monitor [performance_monitor.py:381(PerformanceMonitor.benchmark_fps)] [topics: /performance/command, /performance/benchmark, /performance/alert, /diagnostic_status, /performance/benchmark_results, /rosout, /performance/metrics] Running FPS benchmark...
1788109204.707791328 INFO /performance_monitor [performance_monitor.py:414(PerformanceMonitor.benchmark_cpu)] [topics: /performance/command, /performance/benchmark, /performance/alert, /diagnostic_status, /performance/benchmark_results, /rosout, /performance/metrics] Running CPU benchmark...
1788109205.962979078 INFO /performance_monitor [performance_monitor.py:438(PerformanceMonitor.benchmark_memory)] [topics: /performance/command, /performance/benchmark, /performance/alert, /diagnostic_status, /performance/benchmark_results, /rosout, /performance/metrics] Running memory benchmark...
1788109206.686293601 INFO /performance_monitor [performance_monitor.py:474(PerformanceMonitor.benchmark_network)] [topics: /performance/command, /performance/benchmark, /performance/alert, /diagnostic_status, /performance/benchmark_results, /rosout, /performance/metrics] Running network benchmark...
1788109207.852608680 INFO /performance_monitor [performance_monitor.py:520(PerformanceMonitor.benchmark_application)] [topics: /performance/command, /performance/benchmark, /performance/alert, /diagnostic_status, /performance/benchmark_results, /rosout, /performance/metrics] Running application benchmark...
1788109207.907812118 INFO /performance_monitor [performance_monitor.py:373(PerformanceMonitor.run_benchmark)] [topics: /performance/command, /performance/benchmark, /performance/alert, /diagnostic_status, /performance/benchmark_results, /rosout, /performance/metrics] Benchmark completed with overall score: 0.63
1788109207.909075021 INFO /performance_monitor [performance_monitor.py:381(PerformanceMonitor.benchmark_fps)] [topics: /performance/command, /performance/benchmark, /performance/alert, /diagnostic_status, /performance/benchmark_results, /rosout, /performance/metrics] Running FPS benchmark...
1788109212.911512374 INFO /performance_monitor [performance_monitor.py:414(PerformanceMonitor.benchmark_cpu)] [topics: /performance/command, /performance/benchmark, /performance/alert, /diagnostic_status, /performance/benchmark_results, /rosout, /performance/metrics] Running CPU benchmark...
1788109214.203432559 INFO /performance_monitor [performance_monitor.py:438(PerformanceMonitor.benchmark_memory)] [topics: /performance/command, /performance/benchmark, /performance/alert, /diagnostic_status, /performance/benchmark_results, /rosout, /performance/metrics] Running memory benchmark...
1788109215.077856302 INFO /performance_monitor [performance_monitor.py:474(PerformanceMonitor.benchmark_network)] [topics: /performance/command, /performance/benchmark, /performance/alert, /diagnostic_status, /performance/benchmark_results, /rosout, /performance/metrics] Running network benchmark...
1788109216.280121326 INFO /performance_monitor [performance_monitor.py:520(PerformanceMonitor.benchmark_application)] [topics: /performance/command, /performance/benchmark, /performance/alert, /diagnostic_status, /performance/benchmark_results, /rosout, /performance/metrics] Running application benchmark...
1788109216.329527854 INFO /performance_monitor [performance_monitor.py:373(PerformanceMonitor.run_benchmark)] [topics: /performance/command, /performance/benchmark, /performance/alert, /diagnostic_status, /performance/benchmark_results, /rosout, /performance/metrics] Benchmark completed with overall score: 0.63
1788109216.331587791 INFO /performance_monitor [performance_monitor.py:381(PerformanceMonitor.benchmark_fps)] [topics: /performance/command, /performance/benchmark, /performance/alert, /diagnostic_status, /performance/benchmark_results, /rosout, /performance/metrics] Running FPS benchmark...
1788109221.334977626 INFO /performance_monitor [performance_monitor.py:414(PerformanceMonitor.benchmark_cpu)] [topics: /performance/command, /performance/benchmark, /performance/alert, /diagnostic_status, /performance/benchmark_results, /rosout, /performance/metrics] Running CPU benchmark...
1788109222.583860158 INFO /performance_monitor [performance_monitor.py:438(PerformanceMonitor.benchmark_memory)] [topics: /performance/command, /performance/benchmark, /performance/alert, /diagnostic_status, /performance/benchmark_results, /rosout, /performance/metrics] Running memory benchmark...
1788109223.275729656 INFO /performance_monitor [performance_monitor.py:474(PerformanceMonitor.benchmark_network)] [topics: /performance/command, /performance/benchmark, /performance/alert, /diagnostic_status, /performance/benchmark_results, /rosout, /performance/metrics] Running network benchmark...
1788109224.472421884 INFO /performance_monitor [performance_monitor.py:520(PerformanceMonitor.benchmark_application)] [topics: /performance/command, /performance/benchmark, /performance/alert, /diagnostic_status, /performance/benchmark_results, /rosout, /performance/metrics] Running application benchmark...
1788109224.556267499 INFO /performance_monitor [performance_monitor.py:373(PerformanceMonitor.run_benchmark)] [topics: /performance/command, /performance/benchmark, /performance/alert, /diagnostic_status, /performance/benchmark_results, /rosout, /performance/metrics] Benchmark completed with overall score: 0.63
1788109224.569267034 INFO /performance_monitor [performance_monitor.py:381(PerformanceMonitor.benchmark_fps)] [topics: /performance/command, /performance/benchmark, /performance/alert, /diagnostic_status, /performance/benchmark_results, /rosout, /performance/metrics] Running FPS benchmark...
1788109229.574207067 INFO /performance_monitor [performance_monitor.py:414(PerformanceMonitor.benchmark_cpu)] [topics: /performance/command, /performance/benchmark, /performance/alert, /diagnostic_status, /performance/benchmark_results, /rosout, /performance/metrics] Running CPU benchmark...
1788109231.032240629 INFO /performance_monitor [performance_monitor.py:438(PerformanceMonitor.benchmark_memory)] [topics: /performance/command, /performance/benchmark, /performance/alert, /diagnostic_status, /performance/benchmark_results, /rosout, /performance/metrics] Running memory benchmark...
1788109231.732992649 INFO /performance_monitor [performance_monitor.py:474(PerformanceMonitor.benchmark_network)] [topics: /performance/command, /performance/benchmark, /performance/alert, /diagnostic_status, /performance/benchmark_results, /rosout, /performance/metrics] Running network benchmark...
1788109232.935779333 INFO /performance_monitor [performance_monitor.py:520(PerformanceMonitor.benchmark_application)] [topics: /performance/command, /performance/benchmark, /performance/alert, /diagnostic_status, /performance/benchmark_results, /rosout, /performance/metrics] Running application benchmark...
1788109232.989806652 INFO /performance_monitor [performance_monitor.py:373(PerformanceMonitor.run_benchmark)] [topics: /performance/command, /performance/benchmark, /performance/alert, /diagnostic_status, /performance/benchmark_results, /rosout, /performance/metrics] Benchmark completed with overall score: 0.63
1788109232.992294073 INFO /performance_monitor [performance_monitor.py:381(PerformanceMonitor.benchmark_fps)] [topics: /performance/command, /performance/benchmark, /performance/alert, /diagnostic_status, /performance/benchmark_results, /rosout, /performance/metrics] Running FPS benchmark...
1788109237.995978355 INFO /performance_monitor [performance_monitor.py:414(PerformanceMonitor.benchmark_cpu)] [topics: /performance/command, /performance/benchmark, /performance/alert, /diagnostic_status, /performance/benchmark_results, /rosout, /performance/metrics] Running CPU benchmark...
1788109239.749363183 INFO /performance_monitor [performance_monitor.py:438(PerformanceMonitor.benchmark_memory)] [topics: /performance/command, /performance/benchmark, /performance/alert, /diagnostic_status, /performance/benchmark_results, /rosout, /performance/metrics] Running memory benchmark...
1788109240.531230926 INFO /performance_monitor [performance_monitor.py:474(PerformanceMonitor.benchmark_network)] [topics: /performance/command, /performance/benchmark, /performance/alert, /diagnostic_status, /performance/benchmark_results, /rosout, /performance/metrics] Running network benchmark...
1788109241.809741258 INFO /performance_monitor [performance_monitor.py:520(PerformanceMonitor.benchmark_application)] [topics: /performance/command, /performance/benchmark, /performance/alert, /diagnostic_status, /performance/benchmark_results, /rosout, /performance/metrics] Running application benchmark...
1788109241.874540567 INFO /performance_monitor [performance_monitor.py:373(PerformanceMonitor.run_benchmark)] [topics: /performance/command, /performance/benchmark, /performance/alert, /diagnostic_status, /performance/benchmark_results, /rosout, /performance/metrics] Benchmark completed with overall score: 0.63
1788109241.876296997 INFO /performance_monitor [performance_monitor.py:381(PerformanceMonitor.benchmark_fps)] [topics: /performance/command, /performance/benchmark, /performance/alert, /diagnostic_status, /performance/benchmark_results, /rosout, /performance/metrics] Running FPS benchmark...
1788109246.881025791 INFO /performance_monitor [performance_monitor.py:414(PerformanceMonitor.benchmark_cpu)] [topics: /performance/command, /performance/benchmark, /performance/alert, /diagnostic_status, /performance/benchmark_results, /rosout, /performance/metrics] Running CPU benchmark...
1788109248.676834344 INFO /performance_monitor [performance_monitor.py:438(PerformanceMonitor.benchmark_memory)] [topics: /performance/command, /performance/benchmark, /performance/alert, /diagnostic_status, /performance/benchmark_results, /rosout, /performance/metrics] Running memory benchmark...
1788109249.512145519 INFO /performance_monitor [performance_monitor.py:474(PerformanceMonitor.benchmark_network)] [topics: /performance/command, /performance/benchmark, /performance/alert, /diagnostic_status, /performance/benchmark_results, /rosout, /performance/metrics] Running network benchmark...
1788109250.708288431 INFO /performance_monitor [performance_monitor.py:520(PerformanceMonitor.benchmark_application)] [topics: /performance/command, /performance/benchmark, /performance/alert, /diagnostic_status, /performance/benchmark_results, /rosout, /performance/metrics] Running application benchmark...
1788109250.765397310 INFO /performance_monitor [performance_monitor.py:373(PerformanceMonitor.run_benchmark)] [topics: /performance/command, /performance/benchmark, /performance/alert, /diagnostic_status, /performance/benchmark_results, /rosout, /performance/metrics] Benchmark completed with overall score: 0.63
1788109250.766942024 INFO /performance_monitor [performance_monitor.py:381(PerformanceMonitor.benchmark_fps)] [topics: /performance/command, /performance/benchmark, /performance/alert, /diagnostic_status, /performance/benchmark_results, /rosout, /performance/metrics] Running FPS benchmark...
1788109255.769624471 INFO /performance_monitor [performance_monitor.py:414(PerformanceMonitor.benchmark_cpu)] [topics: /performance/command, /performance/benchmark, /performance/alert, /diagnostic_status, /performance/benchmark_results, /rosout, /performance/metrics] Running CPU benchmark...
1788109257.047166109 INFO /performance_monitor [performance_monitor.py:438(PerformanceMonitor.benchmark_memory)] [topics: /performance/command, /performance/benchmark, /performance/alert, /diagnostic_status, /performance/benchmark_results, /rosout, /performance/metrics] Running memory benchmark...
1788109257.734060049 INFO /performance_monitor [performance_monitor.py:474(PerformanceMonitor.benchmark_network)] [topics: /performance/command, /performance/benchmark, /performance/alert, /diagnostic_status, /performance/benchmark_results, /rosout, /performance/metrics] Running network benchmark...
1788109258.918660879 INFO /performance_monitor [performance_monitor.py:520(PerformanceMonitor.benchmark_application)] [topics: /performance/command, /performance/benchmark, /performance/alert, /diagnostic_status, /performance/benchmark_results, /rosout, /performance/metrics] Running application benchmark...
1788109258.976670980 INFO /performance_monitor [performance_monitor.py:373(PerformanceMonitor.run_benchmark)] [topics: /performance/command, /performance/benchmark, /performance/alert, /diagnostic_status, /performance/benchmark_results, /rosout, /performance/metrics] Benchmark completed with overall score: 0.63
1788109258.978759527 INFO /performance_monitor [performance_monitor.py:381(PerformanceMonitor.benchmark_fps)] [topics: /performance/command, /performance/benchmark, /performance/alert, /diagnostic_status, /performance/benchmark_results, /rosout, /performance/metrics] Running FPS benchmark...
1788109263.983709335 INFO /performance_monitor [performance_monitor.py:414(PerformanceMonitor.benchmark_cpu)] [topics: /performance/command, /performance/benchmark, /performance/alert, /diagnostic_status, /performance/benchmark_results, /rosout, /performance/metrics] Running CPU benchmark...
1788109265.276324510 INFO /performance_monitor [performance_monitor.py:438(PerformanceMonitor.benchmark_memory)] [topics: /performance/command, /performance/benchmark, /performance/alert, /diagnostic_status, /performance/benchmark_results, /rosout, /performance/metrics] Running memory benchmark...
1788109265.969592332 INFO /performance_monitor [performance_monitor.py:474(PerformanceMonitor.benchmark_network)] [topics: /performance/command, /performance/benchmark, /performance/alert, /diagnostic_status, /performance/benchmark_results, /rosout, /performance/metrics] Running network benchmark...
1788109267.206137180 INFO /performance_monitor [performance_monitor.py:520(PerformanceMonitor.benchmark_application)] [topics: /performance/command, /performance/benchmark, /performance/alert, /diagnostic_status, /performance/benchmark_results, /rosout, /performance/metrics] Running application benchmark...
1788109267.260410547 INFO /performance_monitor [performance_monitor.py:373(PerformanceMonitor.run_benchmark)] [topics: /performance/command, /performance/benchmark, /performance/alert, /diagnostic_status, /performance/benchmark_results, /rosout, /performance/metrics] Benchmark completed with overall score: 0.63
1788109267.261835336 INFO /performance_monitor [performance_monitor.py:381(PerformanceMonitor.benchmark_fps)] [topics: /performance/command, /performance/benchmark, /performance/alert, /diagnostic_status, /performance/benchmark_results, /rosout, /performance/metrics] Running FPS benchmark...
1788109272.264867305 INFO /performance_monitor [performance_monitor.py:414(PerformanceMonitor.benchmark_cpu)] [topics: /performance/command, /performance/benchmark, /performance/alert, /diagnostic_status, /performance/benchmark_results, /rosout, /performance/metrics] Running CPU benchmark...
1788109274.140182495 INFO /performance_monitor [performance_monitor.py:438(PerformanceMonitor.benchmark_memory)] [topics: /performance/command, /performance/benchmark, /performance/alert, /diagnostic_status, /performance/benchmark_results, /rosout, /performance/metrics] Running memory benchmark...
1788109274.876827478 INFO /performance_monitor [performance_monitor.py:474(PerformanceMonitor.benchmark_network)] [topics: /performance/command, /performance/benchmark, /performance/alert, /diagnostic_status, /performance/benchmark_results, /rosout, /performance/metrics] Running network benchmark...
1788109276.061904430 INFO /performance_monitor [performance_monitor.py:520(PerformanceMonitor.benchmark_application)] [topics: /performance/command, /performance/benchmark, /performance/alert, /diagnostic_status, /performance/benchmark_results, /rosout, /performance/metrics] Running application benchmark...
1788109276.112685203 INFO /performance_monitor [performance_monitor.py:373(PerformanceMonitor.run_benchmark)] [topics: /performance/command, /performance/benchmark, /performance/alert, /diagnostic_status, /performance/benchmark_results, /rosout, /performance/metrics] Benchmark completed with overall score: 0.63
1788109276.115817546 INFO /performance_monitor [performance_monitor.py:381(PerformanceMonitor.benchmark_fps)] [topics: /performance/command, /performance/benchmark, /performance/alert, /diagnostic_status, /performance/benchmark_results, /rosout, /performance/metrics] Running FPS benchmark...
1788109281.122403860 INFO /performance_monitor [performance_monitor.py:414(PerformanceMonitor.benchmark_cpu)] [topics: /performance/command, /performance/benchmark, /performance/alert, /diagnostic_status, /performance/benchmark_results, /rosout, /performance/metrics] Running CPU benchmark...
1788109282.406217098 INFO /performance_monitor [performance_monitor.py:438(PerformanceMonitor.benchmark_memory)] [topics: /performance/command, /performance/benchmark, /performance/alert, /diagnostic_status, /performance/benchmark_results, /rosout, /performance/metrics] Running memory benchmark...
1788109283.096484422 INFO /performance_monitor [performance_monitor.py:474(PerformanceMonitor.benchmark_network)] [topics: /performance/command, /performance/benchmark, /performance/alert, /diagnostic_status, /performance/benchmark_results, /rosout, /performance/metrics] Running network benchmark...
1788109284.306641340 INFO /performance_monitor [performance_monitor.py:520(PerformanceMonitor.benchmark_application)] [topics: /performance/command, /performance/benchmark, /performance/alert, /diagnostic_status, /performance/benchmark_results, /rosout, /performance/metrics] Running application benchmark...
1788109284.358445882 INFO /performance_monitor [performance_monitor.py:373(PerformanceMonitor.run_benchmark)] [topics: /performance/command, /performance/benchmark, /performance/alert, /diagnostic_status, /performance/benchmark_results, /rosout, /performance/metrics] Benchmark completed with overall score: 0.63
1788109284.359974145 INFO /performance_monitor [performance_monitor.py:381(PerformanceMonitor.benchmark_fps)] [topics: /performance/command, /performance/benchmark, /performance/alert, /diagnostic_status, /performance/benchmark_results, /rosout, /performance/metrics] Running FPS benchmark...
1788109289.362677097 INFO /performance_monitor [performance_monitor.py:414(PerformanceMonitor.benchmark_cpu)] [topics: /performance/command, /performance/benchmark, /performance/alert, /diagnostic_status, /performance/benchmark_results, /rosout, /performance/metrics] Running CPU benchmark...
1788109290.679726600 INFO /performance_monitor [performance_monitor.py:438(PerformanceMonitor.benchmark_memory)] [topics: /performance/command, /performance/benchmark, /performance/alert, /diagnostic_status, /performance/benchmark_results, /rosout, /performance/metrics] Running memory benchmark...
1788109291.372226715 INFO /performance_monitor [performance_monitor.py:474(PerformanceMonitor.benchmark_network)] [topics: /performance/command, /performance/benchmark, /performance/alert, /diagnostic_status, /performance/benchmark_results, /rosout, /performance/metrics] Running network benchmark...
1788109292.540373086 INFO /performance_monitor [performance_monitor.py:520(PerformanceMonitor.benchmark_application)] [topics: /performance/command, /performance/benchmark, /performance/alert, /diagnostic_status, /performance/benchmark_results, /rosout, /performance/metrics] Running application benchmark...
1788109292.594246387 INFO /performance_monitor [performance_monitor.py:373(PerformanceMonitor.run_benchmark)] [topics: /performance/command, /performance/benchmark, /performance/alert, /diagnostic_status, /performance/benchmark_results, /rosout, /performance/metrics] Benchmark completed with overall score: 0.63
1788109292.595943927 INFO /performance_monitor [performance_monitor.py:381(PerformanceMonitor.benchmark_fps)] [topics: /performance/command, /performance/benchmark, /performance/alert, /diagnostic_status, /performance/benchmark_results, /rosout, /performance/metrics] Running FPS benchmark...
1788109297.598339557 INFO /performance_monitor [performance_monitor.py:414(PerformanceMonitor.benchmark_cpu)] [topics: /performance/command, /performance/benchmark, /performance/alert, /diagnostic_status, /performance/benchmark_results, /rosout, /performance/metrics] Running CPU benchmark...
1788109298.900601625 INFO /performance_monitor [performance_monitor.py:438(PerformanceMonitor.benchmark_memory)] [topics: /performance/command, /performance/benchmark, /performance/alert, /diagnostic_status, /performance/benchmark_results, /rosout, /performance/metrics] Running memory benchmark...
1788109299.584985256 INFO /performance_monitor [performance_monitor.py:474(PerformanceMonitor.benchmark_network)] [topics: /performance/command, /performance/benchmark, /performance/alert, /diagnostic_status, /performance/benchmark_results, /rosout, /performance/metrics] Running network benchmark...
1788109300.776430130 INFO /performance_monitor [performance_monitor.py:520(PerformanceMonitor.benchmark_application)] [topics: /performance/command, /performance/benchmark, /performance/alert, /diagnostic_status, /performance/benchmark_results, /rosout, /performance/metrics] Running application benchmark...
1788109300.833108663 INFO /performance_monitor [performance_monitor.py:373(PerformanceMonitor.run_benchmark)] [topics: /performance/command, /performance/benchmark, /performance/alert, /diagnostic_status, /performance/benchmark_results, /rosout, /performance/metrics] Benchmark completed with overall score: 0.63
1788109300.834490776 INFO /performance_monitor [performance_monitor.py:381(PerformanceMonitor.benchmark_fps)] [topics: /performance/command, /performance/benchmark, /performance/alert, /diagnostic_status, /performance/benchmark_results, /rosout, /performance/metrics] Running FPS benchmark...
1788109305.839296102 INFO /performance_monitor [performance_monitor.py:414(PerformanceMonitor.benchmark_cpu)] [topics: /performance/command, /performance/benchmark, /performance/alert, /diagnostic_status, /performance/benchmark_results, /rosout, /performance/metrics] Running CPU benchmark...
1788109307.426753520 INFO /performance_monitor [performance_monitor.py:438(PerformanceMonitor.benchmark_memory)] [topics: /performance/command, /performance/benchmark, /performance/alert, /diagnostic_status, /performance/benchmark_results, /rosout, /performance/metrics] Running memory benchmark...
1788109308.239475965 INFO /performance_monitor [performance_monitor.py:474(PerformanceMonitor.benchmark_network)] [topics: /performance/command, /performance/benchmark, /performance/alert, /diagnostic_status, /performance/benchmark_results, /rosout, /performance/metrics] Running network benchmark...
1788109309.446260690 INFO /performance_monitor [performance_monitor.py:520(PerformanceMonitor.benchmark_application)] [topics: /performance/command, /performance/benchmark, /performance/alert, /diagnostic_status, /performance/benchmark_results, /rosout, /performance/metrics] Running application benchmark...
1788109309.511446952 INFO /performance_monitor [performance_monitor.py:373(PerformanceMonitor.run_benchmark)] [topics: /performance/command, /performance/benchmark, /performance/alert, /diagnostic_status, /performance/benchmark_results, /rosout, /performance/metrics] Benchmark completed with overall score: 0.63
1788109309.513805150 INFO /performance_monitor [performance_monitor.py:381(PerformanceMonitor.benchmark_fps)] [topics: /performance/command, /performance/benchmark, /performance/alert, /diagnostic_status, /performance/benchmark_results, /rosout, /performance/metrics] Running FPS benchmark...
1788109314.518334388 INFO /performance_monitor [performance_monitor.py:414(PerformanceMonitor.benchmark_cpu)] [topics: /performance/command, /performance/benchmark, /performance/alert, /diagnostic_status, /performance/benchmark_results, /rosout, /performance/metrics] Running CPU benchmark...
1788109315.805972576 INFO /performance_monitor [performance_monitor.py:438(PerformanceMonitor.benchmark_memory)] [topics: /performance/command, /performance/benchmark, /performance/alert, /diagnostic_status, /performance/benchmark_results, /rosout, /performance/metrics] Running memory benchmark...
1788109316.509649515 INFO /performance_monitor [performance_monitor.py:474(PerformanceMonitor.benchmark_network)] [topics: /performance/command, /performance/benchmark, /performance/alert, /diagnostic_status, /performance/benchmark_results, /rosout, /performance/metrics] Running network benchmark...
1788109317.621579408 INFO /performance_monitor [performance_monitor.py:520(PerformanceMonitor.benchmark_application)] [topics: /performance/command, /performance/benchmark, /performance/alert, /diagnostic_status, /performance/benchmark_results, /rosout, /performance/metrics] Running application benchmark...
1788109317.672758817 INFO /performance_monitor [performance_monitor.py:373(PerformanceMonitor.run_benchmark)] [topics: /performance/command, /performance/benchmark, /performance/alert, /diagnostic_status, /performance/benchmark_results, /rosout, /performance/metrics] Benchmark completed with overall score: 0.63
1788109317.674164533 INFO /performance_monitor [performance_monitor.py:381(PerformanceMonitor.benchmark_fps)] [topics: /performance/command, /performance/benchmark, /performance/alert, /diagnostic_status, /performance/benchmark_results, /rosout, /performance/metrics] Running FPS benchmark...
1788109322.676575422 INFO /performance_monitor [performance_monitor.py:414(PerformanceMonitor.benchmark_cpu)] [topics: /performance/command, /performance/benchmark, /performance/alert, /diagnostic_status, /performance/benchmark_results, /rosout, /performance/metrics] Running CPU benchmark...
1788109323.964271068 INFO /performance_monitor [performance_monitor.py:438(PerformanceMonitor.benchmark_memory)] [topics: /performance/command, /performance/benchmark, /performance/alert, /diagnostic_status, /performance/benchmark_results, /rosout, /performance/metrics] Running memory benchmark...
1788109324.703455686 INFO /performance_monitor [performance_monitor.py:474(PerformanceMonitor.benchmark_network)] [topics: /performance/command, /performance/benchmark, /performance/alert, /diagnostic_status, /performance/benchmark_results, /rosout, /performance/metrics] Running network benchmark...
1788109325.889274835 INFO /performance_monitor [performance_monitor.py:520(PerformanceMonitor.benchmark_application)] [topics: /performance/command, /performance/benchmark, /performance/alert, /diagnostic_status, /performance/benchmark_results, /rosout, /performance/metrics] Running application benchmark...
1788109325.941951036 INFO /performance_monitor [performance_monitor.py:373(PerformanceMonitor.run_benchmark)] [topics: /performance/command, /performance/benchmark, /performance/alert, /diagnostic_status, /performance/benchmark_results, /rosout, /performance/metrics] Benchmark completed with overall score: 0.63
1788109325.943793296 INFO /performance_monitor [performance_monitor.py:381(PerformanceMonitor.benchmark_fps)] [topics: /performance/command, /performance/benchmark, /performance/alert, /diagnostic_status, /performance/benchmark_results, /rosout, /performance/metrics] Running FPS benchmark...
1788109330.946519851 INFO /performance_monitor [performance_monitor.py:414(PerformanceMonitor.benchmark_cpu)] [topics: /performance/command, /performance/benchmark, /performance/alert, /diagnostic_status, /performance/benchmark_results, /rosout, /performance/metrics] Running CPU benchmark...
1788109332.231714963 INFO /performance_monitor [performance_monitor.py:438(PerformanceMonitor.benchmark_memory)] [topics: /performance/command, /performance/benchmark, /performance/alert, /diagnostic_status, /performance/benchmark_results, /rosout, /performance/metrics] Running memory benchmark...
1788109332.926945686 INFO /performance_monitor [performance_monitor.py:474(PerformanceMonitor.benchmark_network)] [topics: /performance/command, /performance/benchmark, /performance/alert, /diagnostic_status, /performance/benchmark_results, /rosout, /performance/metrics] Running network benchmark...
1788109334.147748947 INFO /performance_monitor [performance_monitor.py:520(PerformanceMonitor.benchmark_application)] [topics: /performance/command, /performance/benchmark, /performance/alert, /diagnostic_status, /performance/benchmark_results, /rosout, /performance/metrics] Running application benchmark...
1788109334.199329137 INFO /performance_monitor [performance_monitor.py:373(PerformanceMonitor.run_benchmark)] [topics: /performance/command, /performance/benchmark, /performance/alert, /diagnostic_status, /performance/benchmark_results, /rosout, /performance/metrics] Benchmark completed with overall score: 0.63
1788109334.201238870 INFO /performance_monitor [performance_monitor.py:381(PerformanceMonitor.benchmark_fps)] [topics: /performance/command, /performance/benchmark, /performance/alert, /diagnostic_status, /performance/benchmark_results, /rosout, /performance/metrics] Running FPS benchmark...
1788109339.206752061 INFO /performance_monitor [performance_monitor.py:414(PerformanceMonitor.benchmark_cpu)] [topics: /performance/command, /performance/benchmark, /performance/alert, /diagnostic_status, /performance/benchmark_results, /rosout, /performance/metrics] Running CPU benchmark...
1788109340.516737937 INFO /performance_monitor [performance_monitor.py:438(PerformanceMonitor.benchmark_memory)] [topics: /performance/command, /performance/benchmark, /performance/alert, /diagnostic_status, /performance/benchmark_results, /rosout, /performance/metrics] Running memory benchmark...
1788109341.215711832 INFO /performance_monitor [performance_monitor.py:474(PerformanceMonitor.benchmark_network)] [topics: /performance/command, /performance/benchmark, /performance/alert, /diagnostic_status, /performance/benchmark_results, /rosout, /performance/metrics] Running network benchmark...
1788109342.428755760 INFO /performance_monitor [performance_monitor.py:520(PerformanceMonitor.benchmark_application)] [topics: /performance/command, /performance/benchmark, /performance/alert, /diagnostic_status, /performance/benchmark_results, /rosout, /performance/metrics] Running application benchmark...
1788109342.483383893 INFO /performance_monitor [performance_monitor.py:373(PerformanceMonitor.run_benchmark)] [topics: /performance/command, /performance/benchmark, /performance/alert, /diagnostic_status, /performance/benchmark_results, /rosout, /performance/metrics] Benchmark completed with overall score: 0.63
1788109342.488015651 INFO /performance_monitor [performance_monitor.py:381(PerformanceMonitor.benchmark_fps)] [topics: /performance/command, /performance/benchmark, /performance/alert, /diagnostic_status, /performance/benchmark_results, /rosout, /performance/metrics] Running FPS benchmark...
1788109347.490152597 INFO /performance_monitor [performance_monitor.py:414(PerformanceMonitor.benchmark_cpu)] [topics: /performance/command, /performance/benchmark, /performance/alert, /diagnostic_status, /performance/benchmark_results, /rosout, /performance/metrics] Running CPU benchmark...
1788109348.754462003 INFO /performance_monitor [performance_monitor.py:438(PerformanceMonitor.benchmark_memory)] [topics: /performance/command, /performance/benchmark, /performance/alert, /diagnostic_status, /performance/benchmark_results, /rosout, /performance/metrics] Running memory benchmark...
1788109349.443306207 INFO /performance_monitor [performance_monitor.py:474(PerformanceMonitor.benchmark_network)] [topics: /performance/command, /performance/benchmark, /performance/alert, /diagnostic_status, /performance/benchmark_results, /rosout, /performance/metrics] Running network benchmark...
1788109350.620647907 INFO /performance_monitor [performance_monitor.py:520(PerformanceMonitor.benchmark_application)] [topics: /performance/command, /performance/benchmark, /performance/alert, /diagnostic_status, /performance/benchmark_results, /rosout, /performance/metrics] Running application benchmark...
1788109350.678190231 INFO /performance_monitor [performance_monitor.py:373(PerformanceMonitor.run_benchmark)] [topics: /performance/command, /performance/benchmark, /performance/alert, /diagnostic_status, /performance/benchmark_results, /rosout, /performance/metrics] Benchmark completed with overall score: 0.63
1788109350.679749488 INFO /performance_monitor [performance_monitor.py:381(PerformanceMonitor.benchmark_fps)] [topics: /performance/command, /performance/benchmark, /performance/alert, /diagnostic_status, /performance/benchmark_results, /rosout, /performance/metrics] Running FPS benchmark...
1788109355.682629585 INFO /performance_monitor [performance_monitor.py:414(PerformanceMonitor.benchmark_cpu)] [topics: /performance/command, /performance/benchmark, /performance/alert, /diagnostic_status, /performance/benchmark_results, /rosout, /performance/metrics] Running CPU benchmark...
1788109356.942852020 INFO /performance_monitor [performance_monitor.py:438(PerformanceMonitor.benchmark_memory)] [topics: /performance/command, /performance/benchmark, /performance/alert, /diagnostic_status, /performance/benchmark_results, /rosout, /performance/metrics] Running memory benchmark...
1788109357.680670738 INFO /performance_monitor [performance_monitor.py:474(PerformanceMonitor.benchmark_network)] [topics: /performance/command, /performance/benchmark, /performance/alert, /diagnostic_status, /performance/benchmark_results, /rosout, /performance/metrics] Running network benchmark...
1788109358.809019565 INFO /performance_monitor [performance_monitor.py:520(PerformanceMonitor.benchmark_application)] [topics: /performance/command, /performance/benchmark, /performance/alert, /diagnostic_status, /performance/benchmark_results, /rosout, /performance/metrics] Running application benchmark...
1788109358.858741521 INFO /performance_monitor [performance_monitor.py:373(PerformanceMonitor.run_benchmark)] [topics: /performance/command, /performance/benchmark, /performance/alert, /diagnostic_status, /performance/benchmark_results, /rosout, /performance/metrics] Benchmark completed with overall score: 0.63
1788109358.860084056 INFO /performance_monitor [performance_monitor.py:381(PerformanceMonitor.benchmark_fps)] [topics: /performance/command, /performance/benchmark, /performance/alert, /diagnostic_status, /performance/benchmark_results, /rosout, /performance/metrics] Running FPS benchmark...
1788109363.864655017 INFO /performance_monitor [performance_monitor.py:414(PerformanceMonitor.benchmark_cpu)] [topics: /performance/command, /performance/benchmark, /performance/alert, /diagnostic_status, /performance/benchmark_results, /rosout, /performance/metrics] Running CPU benchmark...
1788109365.154246568 INFO /performance_monitor [performance_monitor.py:438(PerformanceMonitor.benchmark_memory)] [topics: /performance/command, /performance/benchmark, /performance/alert, /diagnostic_status, /performance/benchmark_results, /rosout, /performance/metrics] Running memory benchmark...
